{"itemId":"B0019EHU8G","ProductIndex":3}
{"itemId":"B0001F347K","ProductIndex":12822}
{"itemId":"B001JTS83M","ProductIndex":37112}
{"itemId":"B000GDEZLQ","ProductIndex":9240}
{"itemId":"B0054QNL38","ProductIndex":12442}
{"itemId":"B005LJQM3Y","ProductIndex":1428}
{"itemId":"B0099SMFP2","ProductIndex":2061}
{"itemId":"B001W8Y9RE","ProductIndex":79405}
{"itemId":"B004URTJ6U","ProductIndex":3857}
{"itemId":"B008UY5WL0","ProductIndex":6399}
{"itemId":"B003MVZ60S","ProductIndex":813}
{"itemId":"B008CXTX7S","ProductIndex":303}
{"itemId":"B004FM3TE8","ProductIndex":149473}
{"itemId":"B00483DTMQ","ProductIndex":3662}
{"itemId":"B00744RS6E","ProductIndex":42902}
{"itemId":"B0080792P4","ProductIndex":121628}
{"itemId":"B003MTTJOY","ProductIndex":166}
{"itemId":"B009654JW0","ProductIndex":5550}
{"itemId":"B0039RNGNY","ProductIndex":4462}
{"itemId":"B00004SZ9F","ProductIndex":80644}
{"itemId":"B002JGZ9PY","ProductIndex":144931}
{"itemId":"B000J4I2MA","ProductIndex":24881}
{"itemId":"B005E0N6RA","ProductIndex":97222}
{"itemId":"B0002BEX8W","ProductIndex":2576}
{"itemId":"B00007FH7O","ProductIndex":38134}
{"itemId":"B00008Y1AC","ProductIndex":85898}
{"itemId":"B002HQWLM0","ProductIndex":3488}
{"itemId":"B0077E8S4W","ProductIndex":11327}
{"itemId":"B000JPCAL8","ProductIndex":18632}
{"itemId":"B00D611RWK","ProductIndex":73353}
{"itemId":"B0007XFGAE","ProductIndex":22064}
{"itemId":"B00E8AMB8W","ProductIndex":27025}
{"itemId":"B005RXH6H0","ProductIndex":120632}
{"itemId":"B002K3Y2MM","ProductIndex":6579}
{"itemId":"B009W8EWOG","ProductIndex":3710}
{"itemId":"B0081BFL9U","ProductIndex":106926}
{"itemId":"B000I23TTE","ProductIndex":508}
{"itemId":"B0051QXM3K","ProductIndex":30191}
{"itemId":"B001CWHDC8","ProductIndex":56390}
{"itemId":"B009O7Z7SA","ProductIndex":25585}
{"itemId":"B00000JDKT","ProductIndex":58628}
{"itemId":"B00B8E9WJM","ProductIndex":67332}
{"itemId":"B000MISEI0","ProductIndex":3779}
{"itemId":"B0011FQUQG","ProductIndex":2457}
{"itemId":"B0012GE5DE","ProductIndex":4726}
{"itemId":"B0009GUDVQ","ProductIndex":22490}
{"itemId":"B002BW6DBU","ProductIndex":1342}
{"itemId":"B004G8QO8E","ProductIndex":3049}
{"itemId":"B00494X5VO","ProductIndex":21927}
{"itemId":"B005EV38AE","ProductIndex":17840}
{"itemId":"B00C53CY04","ProductIndex":67193}
{"itemId":"B0096WD0KU","ProductIndex":9194}
{"itemId":"B009E3VGYS","ProductIndex":80850}
{"itemId":"B00006B9WC","ProductIndex":147298}
{"itemId":"B003EA21AA","ProductIndex":37631}
{"itemId":"B0011ZH0BK","ProductIndex":8693}
{"itemId":"B007Z1RYAG","ProductIndex":128524}
{"itemId":"B007HF8ZHG","ProductIndex":39552}
{"itemId":"B002ROIJGY","ProductIndex":21259}
{"itemId":"B00IT1WJZQ","ProductIndex":4437}
{"itemId":"B006JO22G6","ProductIndex":8489}
{"itemId":"B005TDWX2Q","ProductIndex":29273}
{"itemId":"B004YWAJ4W","ProductIndex":56359}
{"itemId":"B003N198TM","ProductIndex":90365}
{"itemId":"B004LY1LJA","ProductIndex":18348}
{"itemId":"B0001PBJMW","ProductIndex":49082}
{"itemId":"B0082PRK58","ProductIndex":105716}
{"itemId":"B007BDJ4QU","ProductIndex":43583}
{"itemId":"B00589LQ10","ProductIndex":34329}
{"itemId":"B001FA1NEG","ProductIndex":14755}
{"itemId":"B003B22U8Y","ProductIndex":4605}
{"itemId":"B00A85ANCW","ProductIndex":7712}
{"itemId":"B002BZE36E","ProductIndex":15895}
{"itemId":"B0012ZASQS","ProductIndex":48455}
{"itemId":"B001NXDQAE","ProductIndex":86876}
{"itemId":"B006JO1XTS","ProductIndex":179310}
{"itemId":"B0043KG6N8","ProductIndex":169286}
{"itemId":"B00181BHRK","ProductIndex":26818}
{"itemId":"B000L9S16U","ProductIndex":151516}
{"itemId":"B00003CWEI","ProductIndex":50194}
{"itemId":"B00BJPEB0A","ProductIndex":21124}
{"itemId":"B001QTW2BE","ProductIndex":8623}
{"itemId":"B000P9CEVO","ProductIndex":22229}
{"itemId":"B003GRW1KQ","ProductIndex":7809}
{"itemId":"B0057H28DS","ProductIndex":109568}
{"itemId":"B000TMI07O","ProductIndex":20712}
{"itemId":"B000OLY5V0","ProductIndex":75488}
{"itemId":"B005VDRD4C","ProductIndex":18965}
{"itemId":"B003VSOQ1W","ProductIndex":37650}
{"itemId":"B000FL5OIW","ProductIndex":22280}
{"itemId":"B0013D210U","ProductIndex":15351}
{"itemId":"B005GKYHJY","ProductIndex":137659}
{"itemId":"B00G8FFLJ6","ProductIndex":140706}
{"itemId":"B00066FHHO","ProductIndex":14740}
{"itemId":"B0055PCVDO","ProductIndex":9874}
{"itemId":"B002P5QRVO","ProductIndex":90160}
{"itemId":"B004G8Q5Z6","ProductIndex":171891}
{"itemId":"B003YTATCS","ProductIndex":138584}
{"itemId":"B00006HMGE","ProductIndex":184348}
{"itemId":"B005UUSIRW","ProductIndex":78351}
{"itemId":"B004S3EY9S","ProductIndex":42908}
{"itemId":"B0029QI7KI","ProductIndex":22250}
{"itemId":"B004JZ0N7M","ProductIndex":178049}
{"itemId":"B004AJ3Z04","ProductIndex":38876}
{"itemId":"B000OGA82A","ProductIndex":104464}
{"itemId":"B00AG0D30S","ProductIndex":29367}
{"itemId":"B004Y0ZC8M","ProductIndex":86572}
{"itemId":"B00ED2PNYY","ProductIndex":66118}
{"itemId":"B007B5POBM","ProductIndex":110183}
{"itemId":"B00170HCOO","ProductIndex":17715}
{"itemId":"B000O3LUKC","ProductIndex":11800}
{"itemId":"B008RAR1Y8","ProductIndex":25833}
{"itemId":"B000HDMUSU","ProductIndex":71507}
{"itemId":"B005HM0SNA","ProductIndex":3106}
{"itemId":"B002ROGD4E","ProductIndex":27756}
{"itemId":"B003THJQVU","ProductIndex":16059}
{"itemId":"B002AQSVDA","ProductIndex":24854}
{"itemId":"B000BFO4OC","ProductIndex":8108}
{"itemId":"B007DBJ2VM","ProductIndex":7532}
{"itemId":"B003G2ZKMC","ProductIndex":31200}
{"itemId":"B003YO1Z4E","ProductIndex":179941}
{"itemId":"B0055AZZ9G","ProductIndex":46052}
{"itemId":"B00A60O0E6","ProductIndex":159865}
{"itemId":"B004BOPZ8S","ProductIndex":48147}
{"itemId":"B003EGNUH2","ProductIndex":26077}
{"itemId":"B0053TG9WQ","ProductIndex":105823}
{"itemId":"B007HBRGMK","ProductIndex":6749}
{"itemId":"B003CYKCG8","ProductIndex":13980}
{"itemId":"B00BKRMMUS","ProductIndex":12123}
{"itemId":"B0015TFVRC","ProductIndex":25291}
{"itemId":"B000067RM3","ProductIndex":37376}
{"itemId":"B00DH5FS3Y","ProductIndex":85792}
{"itemId":"B004ZT7MSK","ProductIndex":133350}
{"itemId":"B00DE7SHII","ProductIndex":16446}
{"itemId":"B004I6L6DW","ProductIndex":44252}
{"itemId":"B00H0B98XC","ProductIndex":46010}
{"itemId":"B00J8RM35Q","ProductIndex":77356}
{"itemId":"B001GXRWAQ","ProductIndex":33424}
{"itemId":"B001U33MWE","ProductIndex":188991}
{"itemId":"B001NLAK82","ProductIndex":67280}
{"itemId":"B003E0WLB4","ProductIndex":180362}
{"itemId":"B001QZYX4C","ProductIndex":25707}
{"itemId":"B001PCL3QM","ProductIndex":108342}
{"itemId":"B005AZCGOI","ProductIndex":49959}
{"itemId":"B00006HPFH","ProductIndex":41361}
{"itemId":"B007FUDKB4","ProductIndex":6142}
{"itemId":"B001S0RUFY","ProductIndex":5977}
{"itemId":"B000O5TDJU","ProductIndex":73305}
{"itemId":"B00CTA2Q2E","ProductIndex":12648}
{"itemId":"B0045TKC7S","ProductIndex":12296}
{"itemId":"B005HMUSOO","ProductIndex":6033}
{"itemId":"B0074ANHJ0","ProductIndex":53157}
{"itemId":"B007KZQM9G","ProductIndex":7189}
{"itemId":"B00ALN54KM","ProductIndex":5621}
{"itemId":"B000IMYIA8","ProductIndex":23980}
{"itemId":"B00GYOY3I6","ProductIndex":27257}
{"itemId":"B0046UHIIW","ProductIndex":45547}
{"itemId":"B003JU9CAC","ProductIndex":185984}
{"itemId":"B002IPH9ZY","ProductIndex":17745}
{"itemId":"B004XFZU0I","ProductIndex":171765}
{"itemId":"B004EX0JO6","ProductIndex":144896}
{"itemId":"B004T1YA5M","ProductIndex":17511}
{"itemId":"B0000ESZV0","ProductIndex":86614}
{"itemId":"B002WLOSSA","ProductIndex":12281}
{"itemId":"B0013UUEOS","ProductIndex":75133}
{"itemId":"B00007AKCT","ProductIndex":86787}
{"itemId":"B004AM6TKY","ProductIndex":12286}
{"itemId":"B000BI655U","ProductIndex":36473}
{"itemId":"B001VKY7XE","ProductIndex":14406}
{"itemId":"B000LJOT6Q","ProductIndex":155766}
{"itemId":"B008052KK0","ProductIndex":72341}
{"itemId":"B000JE5CQO","ProductIndex":32706}
{"itemId":"B006MO0J6I","ProductIndex":31724}
{"itemId":"B005AKCNBY","ProductIndex":20131}
{"itemId":"B001MVN0BM","ProductIndex":29718}
{"itemId":"B00005RKSO","ProductIndex":22234}
{"itemId":"B000JXXDUW","ProductIndex":50377}
{"itemId":"B000I3C6BU","ProductIndex":53198}
{"itemId":"B000RPVGJ2","ProductIndex":8570}
{"itemId":"B000G23YB4","ProductIndex":91007}
{"itemId":"B000I96BVK","ProductIndex":15213}
{"itemId":"B00DEWU3NA","ProductIndex":47069}
{"itemId":"B000BM2Q7W","ProductIndex":8845}
{"itemId":"B00B3YFDBS","ProductIndex":10161}
{"itemId":"B00882OHL0","ProductIndex":8639}
{"itemId":"B005HBN3CE","ProductIndex":10156}
{"itemId":"B004RKVXXM","ProductIndex":13630}
{"itemId":"B000E18BTM","ProductIndex":28750}
{"itemId":"B0041O97UK","ProductIndex":136711}
{"itemId":"B004YIZXEC","ProductIndex":27219}
{"itemId":"B009I9N1V4","ProductIndex":34039}
{"itemId":"B000WXAX6G","ProductIndex":6571}
{"itemId":"B004S561V0","ProductIndex":31825}
{"itemId":"B0007KK2DS","ProductIndex":13661}
{"itemId":"B00004U8LN","ProductIndex":71134}
{"itemId":"B000E0IBCU","ProductIndex":49096}
{"itemId":"B007KAIFNM","ProductIndex":162363}
{"itemId":"B000SSUHO8","ProductIndex":6177}
{"itemId":"B0037BHZLQ","ProductIndex":29583}
{"itemId":"B003UU88O2","ProductIndex":9797}
{"itemId":"B009CQNPYQ","ProductIndex":8111}
{"itemId":"B002P5DD70","ProductIndex":93101}
{"itemId":"B004U1Y2AY","ProductIndex":49071}
{"itemId":"B00001RMCY","ProductIndex":32576}
{"itemId":"B00301EAP2","ProductIndex":31029}
{"itemId":"B005Z1E3IY","ProductIndex":38821}
{"itemId":"B005IHAIHA","ProductIndex":12389}
{"itemId":"B0007YFQD0","ProductIndex":41298}
{"itemId":"B001TKUYAG","ProductIndex":55913}
{"itemId":"B00CTKBTH2","ProductIndex":67756}
{"itemId":"B003HGHR82","ProductIndex":11551}
{"itemId":"B00CKVQRUE","ProductIndex":78547}
{"itemId":"B006LMOQ3S","ProductIndex":69134}
{"itemId":"B0002KR9PW","ProductIndex":26528}
{"itemId":"B005KGFCLQ","ProductIndex":76375}
{"itemId":"B003BV4VW8","ProductIndex":66197}
{"itemId":"B005026O3U","ProductIndex":162670}
{"itemId":"B001NXSFF0","ProductIndex":125006}
{"itemId":"B00CXKSQOW","ProductIndex":42682}
{"itemId":"B004YCWBIY","ProductIndex":161808}
{"itemId":"B00603RTBY","ProductIndex":17641}
{"itemId":"B0051BS28A","ProductIndex":47829}
{"itemId":"B003O8J11Y","ProductIndex":6678}
{"itemId":"B00006B0QC","ProductIndex":33623}
{"itemId":"B0015RRI2U","ProductIndex":42534}
{"itemId":"B00DMAUR8U","ProductIndex":51945}
{"itemId":"B0055Q9NH0","ProductIndex":14826}
{"itemId":"B0066XMPIK","ProductIndex":66859}
{"itemId":"B004TGJZCA","ProductIndex":35029}
{"itemId":"B00CXJWE28","ProductIndex":50000}
{"itemId":"B009ZNFEEU","ProductIndex":33818}
{"itemId":"B00604YVDW","ProductIndex":56036}
{"itemId":"B008BPK3MG","ProductIndex":100407}
{"itemId":"B008J7H2UC","ProductIndex":89327}
{"itemId":"B0016BQEC0","ProductIndex":72730}
{"itemId":"B001D7XVOQ","ProductIndex":154842}
{"itemId":"B005DMX1OM","ProductIndex":26632}
{"itemId":"B007L5K14W","ProductIndex":41525}
{"itemId":"B000NZPVV0","ProductIndex":75360}
{"itemId":"B005LAIDOY","ProductIndex":33082}
{"itemId":"B00000J579","ProductIndex":53605}
{"itemId":"B003JL1PR4","ProductIndex":134780}
{"itemId":"B001912020","ProductIndex":33792}
{"itemId":"B000BICOSC","ProductIndex":119272}
{"itemId":"B005CQQLNM","ProductIndex":55979}
{"itemId":"B001RD703E","ProductIndex":137147}
{"itemId":"B000OG6I8S","ProductIndex":18945}
{"itemId":"B0047O2ALM","ProductIndex":114187}
{"itemId":"B0054ENBNK","ProductIndex":15229}
{"itemId":"B00D4BT0PS","ProductIndex":63437}
{"itemId":"B006ZMSNPQ","ProductIndex":94591}
{"itemId":"B00AAPG1SK","ProductIndex":52716}
{"itemId":"B009AIRF5G","ProductIndex":38702}
{"itemId":"B005KMPSQ4","ProductIndex":87609}
{"itemId":"B004GJ2PD6","ProductIndex":43188}
{"itemId":"B000W3UOWY","ProductIndex":134140}
{"itemId":"B000W8SSDG","ProductIndex":26079}
{"itemId":"B0031008KI","ProductIndex":135838}
{"itemId":"B000X7R83C","ProductIndex":26822}
{"itemId":"B0040GJIRG","ProductIndex":64201}
{"itemId":"B009D5X0NW","ProductIndex":99491}
{"itemId":"B00653B5WI","ProductIndex":62556}
{"itemId":"B0085P53PO","ProductIndex":51851}
{"itemId":"B0013HHDH2","ProductIndex":37356}
{"itemId":"B000VKBLCA","ProductIndex":174184}
{"itemId":"B001QXDLO2","ProductIndex":66738}
{"itemId":"B00CBPIRSY","ProductIndex":59685}
{"itemId":"B008X11OQM","ProductIndex":95307}
{"itemId":"B003Z6HBR6","ProductIndex":65997}
{"itemId":"B00006B780","ProductIndex":22865}
{"itemId":"B00F87A7W6","ProductIndex":52199}
{"itemId":"B00548A89G","ProductIndex":32252}
{"itemId":"B00836ODGU","ProductIndex":150163}
{"itemId":"B005NKKGXI","ProductIndex":35720}
{"itemId":"B009W4B0W2","ProductIndex":48074}
{"itemId":"B002KQ5KE8","ProductIndex":26141}
{"itemId":"B000QSMCCU","ProductIndex":93473}
{"itemId":"B002LH1U0E","ProductIndex":86743}
{"itemId":"B00FTV114Y","ProductIndex":21385}
{"itemId":"B00BGM81UM","ProductIndex":162281}
{"itemId":"B00B2ZZFHU","ProductIndex":86561}
{"itemId":"B002G0PYEE","ProductIndex":38978}
{"itemId":"B004SJNWN6","ProductIndex":73307}
{"itemId":"B00JDW3WSI","ProductIndex":64689}
{"itemId":"B0085OJCOI","ProductIndex":72942}
{"itemId":"B0084C37OM","ProductIndex":145925}
{"itemId":"B005H4Y6Q8","ProductIndex":91900}
{"itemId":"B0054DY1TE","ProductIndex":166086}
{"itemId":"B000H05WDS","ProductIndex":88438}
{"itemId":"B003RCNEHY","ProductIndex":100738}
{"itemId":"B004VHR5LU","ProductIndex":105025}
{"itemId":"B001TJT1T2","ProductIndex":22279}
{"itemId":"B006JG2IYA","ProductIndex":57909}
{"itemId":"B00279UK7U","ProductIndex":65666}
{"itemId":"B001121Y6K","ProductIndex":84797}
{"itemId":"B00COUW1BU","ProductIndex":26096}
{"itemId":"B0076E0CHY","ProductIndex":100395}
{"itemId":"B0023RRNJE","ProductIndex":110495}
{"itemId":"B00IENKC80","ProductIndex":76376}
{"itemId":"B005EGKLC2","ProductIndex":161864}
{"itemId":"B005EYYFP8","ProductIndex":142813}
{"itemId":"B005GZRVJM","ProductIndex":41716}
{"itemId":"B008AL7RM0","ProductIndex":140737}
{"itemId":"B00B595GK4","ProductIndex":63197}
{"itemId":"B007AISY3K","ProductIndex":169703}
{"itemId":"B007W1157C","ProductIndex":65820}
{"itemId":"B008CMTL1C","ProductIndex":153990}
{"itemId":"B0001MBJHK","ProductIndex":92839}
{"itemId":"B004FLJ37Q","ProductIndex":66597}
{"itemId":"B007HE7P5U","ProductIndex":63410}
{"itemId":"B004SK71CS","ProductIndex":128419}
{"itemId":"B00009R86M","ProductIndex":60461}
{"itemId":"B0000AZJZT","ProductIndex":27010}
{"itemId":"B003JLA0TI","ProductIndex":28952}
{"itemId":"B000KL2RWS","ProductIndex":138124}
{"itemId":"B000ZRXJY2","ProductIndex":30412}
{"itemId":"B002RL88FY","ProductIndex":60785}
{"itemId":"B005D69QD8","ProductIndex":33364}
{"itemId":"B0084YWMXM","ProductIndex":26424}
{"itemId":"B003L11H48","ProductIndex":48588}
{"itemId":"B002QVMYQE","ProductIndex":56247}
{"itemId":"B0037W6BP6","ProductIndex":29592}
{"itemId":"B00DDINGGG","ProductIndex":118304}
{"itemId":"B000FHEM5M","ProductIndex":30590}
{"itemId":"B00866SCTG","ProductIndex":82520}
{"itemId":"B001BXS0V6","ProductIndex":74638}
{"itemId":"B0046RZUEE","ProductIndex":43984}
{"itemId":"B004WXJN5E","ProductIndex":50781}
{"itemId":"B005ZMWSGW","ProductIndex":151072}
{"itemId":"B000VSWCRK","ProductIndex":34452}
{"itemId":"B004QMZMTW","ProductIndex":20709}
{"itemId":"B005BV0FHG","ProductIndex":13041}
{"itemId":"B003EYV9I6","ProductIndex":58415}
{"itemId":"B0065V3VZE","ProductIndex":62450}
{"itemId":"B0006MVJUW","ProductIndex":17995}
{"itemId":"B002SOBPH8","ProductIndex":12561}
{"itemId":"B00JKM0ACW","ProductIndex":69944}
{"itemId":"B000VY4R7M","ProductIndex":37752}
{"itemId":"B000GZ09YQ","ProductIndex":24156}
{"itemId":"B00AQHXQLC","ProductIndex":50590}
{"itemId":"B004EFA5AC","ProductIndex":187734}
{"itemId":"B000051SFR","ProductIndex":131314}
{"itemId":"B00C0YV2G0","ProductIndex":114220}
{"itemId":"B00EOYIC08","ProductIndex":146868}
{"itemId":"B006OW0M8I","ProductIndex":27831}
{"itemId":"B00009UTRR","ProductIndex":25806}
{"itemId":"B0046ZIDCW","ProductIndex":87531}
{"itemId":"B000067O7U","ProductIndex":50877}
{"itemId":"B0072LEDYE","ProductIndex":149244}
{"itemId":"B003962DSO","ProductIndex":89398}
{"itemId":"B00021O4T0","ProductIndex":129789}
{"itemId":"B003PYMKQA","ProductIndex":129588}
{"itemId":"B001BX4NSA","ProductIndex":26031}
{"itemId":"B003CRBIYA","ProductIndex":61294}
{"itemId":"B005JHRRFK","ProductIndex":27668}
{"itemId":"B00G4TX9WC","ProductIndex":172950}
{"itemId":"B0036S3GPO","ProductIndex":55182}
{"itemId":"B005K48HY2","ProductIndex":113020}
{"itemId":"B00513MZN6","ProductIndex":91576}
{"itemId":"B0030HQ39M","ProductIndex":31913}
{"itemId":"B00363WOUW","ProductIndex":118308}
{"itemId":"B009PHWI2W","ProductIndex":50943}
{"itemId":"B009SJQG16","ProductIndex":72012}
{"itemId":"B000AJNZJO","ProductIndex":114650}
{"itemId":"B001J25XO6","ProductIndex":167821}
{"itemId":"B000VSBN34","ProductIndex":97990}
{"itemId":"B002921IDU","ProductIndex":59958}
{"itemId":"B00B4M6UNE","ProductIndex":155790}
{"itemId":"B008UVYNZO","ProductIndex":102584}
{"itemId":"B000EUFJX4","ProductIndex":20057}
{"itemId":"B000MP7V32","ProductIndex":172129}
{"itemId":"B003UATLOS","ProductIndex":68868}
{"itemId":"B00005RD8S","ProductIndex":200326}
{"itemId":"B007AJVQ02","ProductIndex":161138}
{"itemId":"B0015E4CFY","ProductIndex":22907}
{"itemId":"B009SPWCFY","ProductIndex":32155}
{"itemId":"B001NA46HO","ProductIndex":154282}
{"itemId":"B00E10L6XK","ProductIndex":62563}
{"itemId":"B00FEQVENM","ProductIndex":80503}
{"itemId":"B009L14FBE","ProductIndex":51257}
{"itemId":"B001046ES2","ProductIndex":23236}
{"itemId":"B0030M23RS","ProductIndex":39392}
{"itemId":"B000BYRDUA","ProductIndex":69571}
{"itemId":"B00009W3UE","ProductIndex":115556}
{"itemId":"B004WILXZW","ProductIndex":82657}
{"itemId":"B000063TMJ","ProductIndex":133867}
{"itemId":"B00215X3EM","ProductIndex":86432}
{"itemId":"B00JO6UGFU","ProductIndex":38662}
{"itemId":"B000PDEPAI","ProductIndex":138021}
{"itemId":"B00B0FD358","ProductIndex":113726}
{"itemId":"B0032UXYBW","ProductIndex":36991}
{"itemId":"B00DMRZ4A4","ProductIndex":158690}
{"itemId":"B008CQ81MS","ProductIndex":90963}
{"itemId":"B00895EX7Y","ProductIndex":62705}
{"itemId":"B0062QRGR6","ProductIndex":110521}
{"itemId":"B009AF5736","ProductIndex":36570}
{"itemId":"B005M2PDK8","ProductIndex":32398}
{"itemId":"B004BDOKY4","ProductIndex":112804}
{"itemId":"B002MGPDGQ","ProductIndex":59144}
{"itemId":"B005FDJ1FM","ProductIndex":63046}
{"itemId":"B002VUCCV2","ProductIndex":49994}
{"itemId":"B005FIXVBW","ProductIndex":156651}
{"itemId":"B0076RQV08","ProductIndex":133152}
{"itemId":"B005AME3Q0","ProductIndex":61556}
{"itemId":"B009AEMBJ0","ProductIndex":33398}
{"itemId":"B005EN83A2","ProductIndex":14309}
{"itemId":"B003CQEXWA","ProductIndex":44967}
{"itemId":"B000JQQSLA","ProductIndex":83708}
{"itemId":"B001QWZ402","ProductIndex":94606}
{"itemId":"B00577ADIU","ProductIndex":131221}
{"itemId":"B002CSKI6O","ProductIndex":99924}
{"itemId":"B00G1P4MNY","ProductIndex":48808}
{"itemId":"B0031ZKX5S","ProductIndex":60039}
{"itemId":"B000067SO7","ProductIndex":31281}
{"itemId":"B002URW45U","ProductIndex":169294}
{"itemId":"B003YLZ8J0","ProductIndex":49823}
{"itemId":"B00DDFF04U","ProductIndex":82350}
{"itemId":"B003MAR2Z6","ProductIndex":133167}
{"itemId":"B0085J60AC","ProductIndex":100026}
{"itemId":"B004W7DSBA","ProductIndex":54811}
{"itemId":"B0054KWE50","ProductIndex":164808}
{"itemId":"B0011YRUKM","ProductIndex":165278}
{"itemId":"B001HL0G6Y","ProductIndex":102996}
{"itemId":"B000FSTL7A","ProductIndex":72922}
{"itemId":"B000FZ2VXY","ProductIndex":58626}
{"itemId":"B00150IYRU","ProductIndex":77811}
{"itemId":"B008YDTRLS","ProductIndex":74951}
{"itemId":"B00007L9Z6","ProductIndex":122309}
{"itemId":"B008MODSV4","ProductIndex":103719}
{"itemId":"B0039Z9D60","ProductIndex":116758}
{"itemId":"B001FD502O","ProductIndex":74165}
{"itemId":"B002UC4WZU","ProductIndex":92836}
{"itemId":"B006OUALH2","ProductIndex":129893}
{"itemId":"B008NIMCS4","ProductIndex":36261}
{"itemId":"B002MZRJOQ","ProductIndex":57894}
{"itemId":"B003679UF0","ProductIndex":68687}
{"itemId":"B001RBAHEK","ProductIndex":74802}
{"itemId":"B005EWTKRI","ProductIndex":69413}
{"itemId":"B001LPE31U","ProductIndex":43192}
{"itemId":"B009LIPFFM","ProductIndex":133162}
{"itemId":"B00CAMQSWU","ProductIndex":159618}
{"itemId":"B001TOD5BM","ProductIndex":58489}
{"itemId":"B002V1CXPQ","ProductIndex":174134}
{"itemId":"B00B2HTMMW","ProductIndex":65304}
{"itemId":"B007KFEOJ6","ProductIndex":102785}
{"itemId":"B00ES5YZBS","ProductIndex":31579}
{"itemId":"B003VKVXF2","ProductIndex":51582}
{"itemId":"B000GKVW10","ProductIndex":140799}
{"itemId":"B000063EJV","ProductIndex":131030}
{"itemId":"B00007DWC4","ProductIndex":123661}
{"itemId":"B000NMLFPO","ProductIndex":136773}
{"itemId":"B00465OY3Y","ProductIndex":70224}
{"itemId":"B004L2LCI2","ProductIndex":165815}
{"itemId":"B0018COZDC","ProductIndex":40410}
{"itemId":"B004NF3Z82","ProductIndex":60768}
{"itemId":"B002ROILEE","ProductIndex":111390}
{"itemId":"B008JHOI4U","ProductIndex":137916}
{"itemId":"B00005I9S2","ProductIndex":152519}
{"itemId":"B00744QV3U","ProductIndex":156704}
{"itemId":"B002NPCDKA","ProductIndex":65927}
{"itemId":"B0050MW4KM","ProductIndex":87674}
{"itemId":"B00195TS4Y","ProductIndex":48437}
{"itemId":"B000BYGP3G","ProductIndex":101149}
{"itemId":"B007GFQUBU","ProductIndex":83103}
{"itemId":"B0085MGTEQ","ProductIndex":77992}
{"itemId":"B00BPFMDY0","ProductIndex":50732}
{"itemId":"B00AO3G9NK","ProductIndex":84341}
{"itemId":"B00A755IC8","ProductIndex":74783}
{"itemId":"B00BC3M78W","ProductIndex":141521}
{"itemId":"B0019GOQJA","ProductIndex":117826}
{"itemId":"B00BUJXUCK","ProductIndex":85977}
{"itemId":"B00FBPQJM2","ProductIndex":152467}
{"itemId":"B000T2UDRO","ProductIndex":116520}
{"itemId":"B004O77NLE","ProductIndex":23695}
{"itemId":"B000F4COP0","ProductIndex":187201}
{"itemId":"B009LELIJI","ProductIndex":75825}
{"itemId":"B0036NQN86","ProductIndex":117763}
{"itemId":"B002CFU6A0","ProductIndex":74605}
{"itemId":"B00C8UM4C2","ProductIndex":128937}
{"itemId":"B0010S7U8G","ProductIndex":72858}
{"itemId":"B001QX0L40","ProductIndex":166528}
{"itemId":"B002NU5UOQ","ProductIndex":111420}
{"itemId":"B009160M48","ProductIndex":201044}
{"itemId":"B00008I9JK","ProductIndex":110123}
{"itemId":"B0007V755K","ProductIndex":100044}
{"itemId":"B003LUSB6Q","ProductIndex":195510}
{"itemId":"B000FGXYV6","ProductIndex":123841}
{"itemId":"B007NMNK0K","ProductIndex":164356}
{"itemId":"B007WN4RL6","ProductIndex":26364}
{"itemId":"B003CQ9Y7E","ProductIndex":151779}
{"itemId":"B0010W8INI","ProductIndex":66279}
{"itemId":"B008MM5G84","ProductIndex":44627}
{"itemId":"B003M5MWD8","ProductIndex":70684}
{"itemId":"B00CELPKPI","ProductIndex":144245}
{"itemId":"B00CYBN2M6","ProductIndex":168129}
{"itemId":"B002RJNIVA","ProductIndex":125863}
{"itemId":"B004612XO0","ProductIndex":150487}
{"itemId":"B001NZJYJE","ProductIndex":75829}
{"itemId":"B001GKT7P2","ProductIndex":95389}
{"itemId":"B00E2URTP8","ProductIndex":156523}
{"itemId":"B00EP5F6P0","ProductIndex":79499}
{"itemId":"B0089AXVGS","ProductIndex":27395}
{"itemId":"B00006HXOG","ProductIndex":61418}
{"itemId":"B008A6701S","ProductIndex":145557}
{"itemId":"B002QS180K","ProductIndex":120964}
{"itemId":"B005BM0FEI","ProductIndex":137830}
{"itemId":"B008MHAMT2","ProductIndex":152588}
{"itemId":"B0001MZ88Q","ProductIndex":72140}
{"itemId":"B00C3K7DQ4","ProductIndex":104408}
{"itemId":"B0007M60UA","ProductIndex":124633}
{"itemId":"B00HJOKARI","ProductIndex":65459}
{"itemId":"B007ZK4WWK","ProductIndex":207014}
{"itemId":"B004V3WAWI","ProductIndex":129577}
{"itemId":"B0002UCUM4","ProductIndex":93331}
{"itemId":"B000SB8LIY","ProductIndex":144542}
{"itemId":"B0023RRNEE","ProductIndex":63528}
{"itemId":"B005Q7EYWC","ProductIndex":82457}
{"itemId":"B001BWPYIY","ProductIndex":94619}
{"itemId":"B006LWUP7O","ProductIndex":70762}
{"itemId":"B002HWRQXS","ProductIndex":198767}
{"itemId":"B00744TS3U","ProductIndex":137232}
{"itemId":"B005GNO41C","ProductIndex":195754}
{"itemId":"B0050O1MSK","ProductIndex":131486}
{"itemId":"B008JFTK22","ProductIndex":82061}
{"itemId":"B003KN2TN0","ProductIndex":110660}
{"itemId":"B0007Y6AQ2","ProductIndex":71707}
{"itemId":"B0014DQ5OM","ProductIndex":123971}
{"itemId":"B000WMEJZS","ProductIndex":133815}
{"itemId":"B003Q4YNM8","ProductIndex":161517}
{"itemId":"B00AZMYSYM","ProductIndex":22426}
{"itemId":"B006B2YF7U","ProductIndex":119780}
{"itemId":"B009WVVFRA","ProductIndex":43442}
{"itemId":"B0063OK836","ProductIndex":141006}
{"itemId":"B004C7VEZ2","ProductIndex":76886}
{"itemId":"B004GWRRK4","ProductIndex":130953}
{"itemId":"B0082XM8F2","ProductIndex":52151}
{"itemId":"B0013PVRMG","ProductIndex":34199}
{"itemId":"B001MM797M","ProductIndex":71795}
{"itemId":"B004RDU8UI","ProductIndex":147134}
{"itemId":"B009HWKEA8","ProductIndex":122330}
{"itemId":"B000L3YZZC","ProductIndex":125235}
{"itemId":"B0080E1DXG","ProductIndex":166380}
{"itemId":"B0002BAN4A","ProductIndex":142083}
{"itemId":"B003H278K8","ProductIndex":136524}
{"itemId":"B007RZGIM0","ProductIndex":106450}
{"itemId":"B001SZ2NX8","ProductIndex":123047}
{"itemId":"B000UW3DUW","ProductIndex":83763}
{"itemId":"B0043ETI0W","ProductIndex":75621}
{"itemId":"B00BNPPM0O","ProductIndex":200482}
{"itemId":"B00020E4KK","ProductIndex":80900}
{"itemId":"B001ICUITW","ProductIndex":158487}
{"itemId":"B000CMKDW6","ProductIndex":199658}
{"itemId":"B001UFAAJ0","ProductIndex":120601}
{"itemId":"B0014A50GE","ProductIndex":75891}
{"itemId":"B0006FTKXC","ProductIndex":149486}
{"itemId":"B00009R8J6","ProductIndex":129499}
{"itemId":"B007W4EWWO","ProductIndex":67779}
{"itemId":"B00000JFDW","ProductIndex":142362}
{"itemId":"B009A17BBQ","ProductIndex":56649}
{"itemId":"B00ALGFCJ2","ProductIndex":155109}
{"itemId":"B000NMMNZ0","ProductIndex":168625}
{"itemId":"B0000DJYEO","ProductIndex":116570}
{"itemId":"B008G2UX1U","ProductIndex":164114}
{"itemId":"B000SM3U1Q","ProductIndex":93824}
{"itemId":"B00BOAZ4TM","ProductIndex":173030}
{"itemId":"B00E34RG6U","ProductIndex":133560}
{"itemId":"B000BSKO84","ProductIndex":56899}
{"itemId":"B001MQ6DY8","ProductIndex":183355}
{"itemId":"B00DSKKIOW","ProductIndex":193732}
{"itemId":"B00DE48ZB0","ProductIndex":114171}
{"itemId":"B002MGT19Q","ProductIndex":184233}
{"itemId":"B0087WA8UA","ProductIndex":168474}
{"itemId":"B000VR1TNE","ProductIndex":85627}
{"itemId":"B007C4LJK2","ProductIndex":201138}
{"itemId":"B00008IP5L","ProductIndex":84067}
{"itemId":"B00B00ESDE","ProductIndex":130770}
{"itemId":"B00JUSX9M4","ProductIndex":202700}
{"itemId":"B00G492AHW","ProductIndex":196506}
{"itemId":"B00CPDSJEY","ProductIndex":63834}
{"itemId":"B003HHK1ZW","ProductIndex":95348}
{"itemId":"B00006BAPY","ProductIndex":142331}
{"itemId":"B00I2T7OHI","ProductIndex":158773}
{"itemId":"B004MX8KFS","ProductIndex":118875}
{"itemId":"B00B5JKN4I","ProductIndex":193238}
{"itemId":"B00HDCC8LM","ProductIndex":68502}
{"itemId":"B003T8F9RE","ProductIndex":164920}
{"itemId":"B0048IATUQ","ProductIndex":161105}
{"itemId":"B004HGIAQ4","ProductIndex":74191}
{"itemId":"B00006RU4L","ProductIndex":48133}
{"itemId":"B00A057WE2","ProductIndex":130084}
{"itemId":"B009MPB38M","ProductIndex":148599}
{"itemId":"B000WG6QDW","ProductIndex":74343}
{"itemId":"B00286Q508","ProductIndex":61255}
{"itemId":"B00006BBIL","ProductIndex":195139}
{"itemId":"B0001YYNMQ","ProductIndex":81714}
{"itemId":"B0010YYNDA","ProductIndex":76374}
{"itemId":"B000B7C38E","ProductIndex":103172}
{"itemId":"B00I6EY1HK","ProductIndex":91919}
{"itemId":"B0035FZJF8","ProductIndex":90205}
{"itemId":"B00AAPG1QC","ProductIndex":93307}
{"itemId":"B003TYFVNA","ProductIndex":64324}
{"itemId":"B00IGQ4UX8","ProductIndex":108202}
{"itemId":"B00GWYVC1O","ProductIndex":54758}
{"itemId":"B004SBG0FQ","ProductIndex":169200}
{"itemId":"B005V3KVU0","ProductIndex":87397}
{"itemId":"B00812HJLM","ProductIndex":128180}
{"itemId":"B000050B7R","ProductIndex":173595}
{"itemId":"B00KGQMJ9I","ProductIndex":177269}
{"itemId":"B004MBYQLM","ProductIndex":112429}
{"itemId":"B0077E72OO","ProductIndex":126091}
{"itemId":"B0009G0DL6","ProductIndex":193751}
{"itemId":"B009TEX00K","ProductIndex":178134}
{"itemId":"B0047MV8EY","ProductIndex":155543}
{"itemId":"B0006281RG","ProductIndex":93107}
{"itemId":"B003LPUWRC","ProductIndex":101857}
{"itemId":"B008Y2O0NO","ProductIndex":54721}
{"itemId":"B0036ZKCAY","ProductIndex":196669}
{"itemId":"B003VSPIVE","ProductIndex":193320}
{"itemId":"B002WW5PBI","ProductIndex":44456}
{"itemId":"B009L9O3JA","ProductIndex":140980}
{"itemId":"B00005T3ZP","ProductIndex":66130}
{"itemId":"B003DKV8B4","ProductIndex":118814}
{"itemId":"B008BSU288","ProductIndex":187011}
{"itemId":"B0067I540K","ProductIndex":95097}
{"itemId":"B0013MYXB6","ProductIndex":71469}
{"itemId":"B0041PO21I","ProductIndex":117838}
{"itemId":"B00113NZ4I","ProductIndex":118392}
{"itemId":"B002C9EGHU","ProductIndex":58873}
{"itemId":"B0051BUJB8","ProductIndex":137562}
{"itemId":"B0064EN954","ProductIndex":78759}
{"itemId":"B008SPTVAY","ProductIndex":139173}
{"itemId":"B0035Z88R4","ProductIndex":136411}
{"itemId":"B0010STIRW","ProductIndex":117714}
{"itemId":"B000XFRTI8","ProductIndex":104416}
{"itemId":"B00H04NHRM","ProductIndex":147086}
{"itemId":"B000KL35QA","ProductIndex":116406}
{"itemId":"B003PCRIKA","ProductIndex":52245}
{"itemId":"B000BYBD6U","ProductIndex":123378}
{"itemId":"B000KKXOZ8","ProductIndex":117575}
{"itemId":"B00ATANWKQ","ProductIndex":74484}
{"itemId":"B005WTP2D4","ProductIndex":70700}
{"itemId":"B00009MKJ2","ProductIndex":108111}
{"itemId":"B001GXVR0M","ProductIndex":131509}
{"itemId":"B006H3CJAS","ProductIndex":55617}
{"itemId":"B005A0B6KS","ProductIndex":81762}
{"itemId":"B002UD53K2","ProductIndex":159154}
{"itemId":"B00E7MSN9M","ProductIndex":129001}
{"itemId":"B000NPIBC6","ProductIndex":77872}
{"itemId":"B0013PST9K","ProductIndex":121474}
{"itemId":"B0036RBEWW","ProductIndex":206730}
{"itemId":"B0079T9VGE","ProductIndex":102056}
{"itemId":"B007VU0A66","ProductIndex":202287}
{"itemId":"B00GWBZXEE","ProductIndex":85389}
{"itemId":"B002IXORWO","ProductIndex":122181}
{"itemId":"B002QWYHS6","ProductIndex":117671}
{"itemId":"B0037NY9LS","ProductIndex":150219}
{"itemId":"B00008Y1A4","ProductIndex":164468}
{"itemId":"B007QWMJKO","ProductIndex":161747}
{"itemId":"B004YCSA66","ProductIndex":133239}
{"itemId":"B005CAHOCK","ProductIndex":64913}
{"itemId":"B003UWQJMI","ProductIndex":89311}
{"itemId":"B008JCVIAW","ProductIndex":92363}
{"itemId":"B0058M0R80","ProductIndex":132539}
{"itemId":"B000G7WZ7I","ProductIndex":164364}
{"itemId":"B0093HMAJA","ProductIndex":131271}
{"itemId":"B001IMN6Y6","ProductIndex":129555}
{"itemId":"B008MUHIGO","ProductIndex":40720}
{"itemId":"B00963F22I","ProductIndex":98094}
{"itemId":"B00G619KN0","ProductIndex":135864}
{"itemId":"B0044UF0L6","ProductIndex":43298}
{"itemId":"B00BY9O390","ProductIndex":86184}
{"itemId":"B0009NZNA0","ProductIndex":105004}
{"itemId":"B000XT8JTM","ProductIndex":52138}
{"itemId":"B0088L197G","ProductIndex":75271}
{"itemId":"B001DEYVSE","ProductIndex":160765}
{"itemId":"B0049R0B18","ProductIndex":127323}
{"itemId":"B000VQ9H1Q","ProductIndex":204861}
{"itemId":"B00008NUZ0","ProductIndex":174287}
{"itemId":"B006HAB8T4","ProductIndex":96040}
{"itemId":"B0014KKN5W","ProductIndex":138263}
{"itemId":"B000087LG3","ProductIndex":118913}
{"itemId":"B00J3YE24O","ProductIndex":101138}
{"itemId":"B004EASG58","ProductIndex":166105}
{"itemId":"B004AFZFF6","ProductIndex":84829}
{"itemId":"B003SP78MM","ProductIndex":166318}
{"itemId":"B003E2TM0K","ProductIndex":172473}
{"itemId":"B0073WN6BS","ProductIndex":135485}
{"itemId":"B002YRNX2E","ProductIndex":111144}
{"itemId":"B000GU4E1U","ProductIndex":177565}
{"itemId":"B0037731WW","ProductIndex":137806}
{"itemId":"B0041GCXIG","ProductIndex":145887}
{"itemId":"B0040NPGLG","ProductIndex":147474}
{"itemId":"B00HV06MNQ","ProductIndex":138985}
{"itemId":"B003BR0QPS","ProductIndex":109046}
{"itemId":"B003H8VQ1Y","ProductIndex":198281}
{"itemId":"B000N53T82","ProductIndex":37825}
{"itemId":"B0036R9WNK","ProductIndex":73772}
{"itemId":"B00CRXZMX8","ProductIndex":132344}
{"itemId":"B00GCMZCVW","ProductIndex":143397}
{"itemId":"B002NEGUN2","ProductIndex":159043}
{"itemId":"B0009ANLF2","ProductIndex":64961}
{"itemId":"B0089F24PW","ProductIndex":158392}
{"itemId":"B00FRRCZ18","ProductIndex":197668}
{"itemId":"B000V0AK9A","ProductIndex":131110}
{"itemId":"B000246X32","ProductIndex":184759}
{"itemId":"B004HI2K40","ProductIndex":207888}
{"itemId":"B0049RNCTQ","ProductIndex":157734}
{"itemId":"B005553GVK","ProductIndex":161341}
{"itemId":"B009ZVN9IA","ProductIndex":86936}
{"itemId":"B009GUR878","ProductIndex":131659}
{"itemId":"B005H4GO0E","ProductIndex":67423}
{"itemId":"B00CUKSBXQ","ProductIndex":194228}
{"itemId":"B001QWVSZC","ProductIndex":170711}
{"itemId":"B00DY9UFB8","ProductIndex":78860}
{"itemId":"B005TIGY08","ProductIndex":96872}
{"itemId":"B006RAOHWO","ProductIndex":184608}
{"itemId":"B005HMHNI8","ProductIndex":189410}
{"itemId":"B00CEFE0C8","ProductIndex":69937}
{"itemId":"B006QOWGBK","ProductIndex":135854}
{"itemId":"B0001B7VMI","ProductIndex":122015}
{"itemId":"B005OGX34K","ProductIndex":90219}
{"itemId":"B000F4VL9K","ProductIndex":111650}
{"itemId":"B004H1RU9M","ProductIndex":142964}
{"itemId":"B00C1L3CEC","ProductIndex":151022}
{"itemId":"B00BHZT4CW","ProductIndex":143538}
{"itemId":"B0030NW4G2","ProductIndex":119833}
{"itemId":"B003O4W6XS","ProductIndex":130991}
{"itemId":"B00F27LO74","ProductIndex":192852}
{"itemId":"B002880XKO","ProductIndex":90366}
{"itemId":"B002G9R4LG","ProductIndex":97813}
{"itemId":"B006FBBBQU","ProductIndex":181746}
{"itemId":"B00HZYV094","ProductIndex":162521}
{"itemId":"B00C0HELOW","ProductIndex":198387}
{"itemId":"B003PMCKQM","ProductIndex":129111}
{"itemId":"B00DL499LI","ProductIndex":66396}
{"itemId":"B00165Q3HM","ProductIndex":143630}
{"itemId":"B0011Z6OTY","ProductIndex":68069}
{"itemId":"B00004TEUG","ProductIndex":148227}
{"itemId":"B0001659B8","ProductIndex":197376}
{"itemId":"B00JX8P686","ProductIndex":131342}
{"itemId":"B008ZSD484","ProductIndex":62095}
{"itemId":"B0000XMV7C","ProductIndex":99495}
{"itemId":"B00008Y0UR","ProductIndex":135899}
{"itemId":"B00FN7IPAW","ProductIndex":146890}
{"itemId":"B009LRJ1GM","ProductIndex":198605}
{"itemId":"B00JE0Q95M","ProductIndex":81209}
{"itemId":"B00312M05C","ProductIndex":188783}
{"itemId":"B0078XXRYI","ProductIndex":185515}
{"itemId":"B00EXW1EGU","ProductIndex":154982}
{"itemId":"B007Q5F7QO","ProductIndex":174081}
{"itemId":"B00ECG0YHW","ProductIndex":100000}
{"itemId":"B008BR4LFE","ProductIndex":147475}
{"itemId":"B000X93OOW","ProductIndex":117031}
{"itemId":"B00085ESDC","ProductIndex":107923}
{"itemId":"B001CTIPTG","ProductIndex":120955}
{"itemId":"B0015UMZ9I","ProductIndex":164394}
{"itemId":"B000138VGG","ProductIndex":81201}
{"itemId":"B007RYJNJ6","ProductIndex":48462}
{"itemId":"B001C1DN2S","ProductIndex":96908}
{"itemId":"B00CES7YTQ","ProductIndex":59302}
{"itemId":"B00475TXA2","ProductIndex":178338}
{"itemId":"B00BQYEC5S","ProductIndex":110446}
{"itemId":"B000Q84LMO","ProductIndex":116182}
{"itemId":"B00000JI3H","ProductIndex":103577}
{"itemId":"B004H95MBM","ProductIndex":67358}
{"itemId":"B00439G47C","ProductIndex":74202}
{"itemId":"B000CO90OQ","ProductIndex":95023}
{"itemId":"B004J22PN0","ProductIndex":108018}
{"itemId":"B00CZDWMS8","ProductIndex":170970}
{"itemId":"B000PKFNDE","ProductIndex":114175}
{"itemId":"B00005UKAE","ProductIndex":150359}
{"itemId":"B001BC364S","ProductIndex":169870}
{"itemId":"B002P3KMNK","ProductIndex":206791}
{"itemId":"B009QZM13E","ProductIndex":64460}
{"itemId":"B00739VGAE","ProductIndex":104689}
{"itemId":"B00076QA60","ProductIndex":186134}
{"itemId":"B00APTXKSK","ProductIndex":122675}
{"itemId":"B007MJGBY6","ProductIndex":45032}
{"itemId":"B004AQV7O8","ProductIndex":95685}
{"itemId":"B000068IG5","ProductIndex":193589}
{"itemId":"B00CJ3QY3S","ProductIndex":181681}
{"itemId":"B00JJFQ19Q","ProductIndex":123229}
{"itemId":"B006G5TOGY","ProductIndex":117216}
{"itemId":"B004FLL56I","ProductIndex":142819}
{"itemId":"B008VD4JBE","ProductIndex":79814}
{"itemId":"9981730432","ProductIndex":171742}
{"itemId":"B003XT74VS","ProductIndex":140406}
{"itemId":"B00A82NX4U","ProductIndex":187595}
{"itemId":"B009VXYJLI","ProductIndex":146468}
{"itemId":"B00AZ75JL8","ProductIndex":172844}
{"itemId":"B00F76YA1M","ProductIndex":144775}
{"itemId":"B002WMSHVS","ProductIndex":174774}
{"itemId":"B000GT9VMS","ProductIndex":142473}
{"itemId":"B002HYWT4C","ProductIndex":125250}
{"itemId":"B003HQCV9C","ProductIndex":135268}
{"itemId":"B009NNEURY","ProductIndex":145293}
{"itemId":"B00B1YV3RI","ProductIndex":117399}
{"itemId":"B008N1LGJW","ProductIndex":155144}
{"itemId":"B0002GY7QA","ProductIndex":202296}
{"itemId":"B000GE6JAK","ProductIndex":174784}
{"itemId":"B0080E8KDW","ProductIndex":146849}
{"itemId":"B001KN4566","ProductIndex":203244}
{"itemId":"B008F50VQ0","ProductIndex":158480}
{"itemId":"B003U8ESP2","ProductIndex":158205}
{"itemId":"B00134VP88","ProductIndex":135789}
{"itemId":"B008CG49UG","ProductIndex":149934}
{"itemId":"B005DCBYOG","ProductIndex":86918}
{"itemId":"B0091CSM1C","ProductIndex":150889}
{"itemId":"B008FW4556","ProductIndex":146922}
{"itemId":"B00094F69C","ProductIndex":205593}
{"itemId":"B00AKN68GW","ProductIndex":96912}
{"itemId":"B007MAIL5M","ProductIndex":116378}
{"itemId":"B00ARBPS2W","ProductIndex":133685}
{"itemId":"B0000514AW","ProductIndex":204838}
{"itemId":"B0023W6L1U","ProductIndex":165407}
{"itemId":"B0000799RM","ProductIndex":166129}
{"itemId":"B00ET0H9R4","ProductIndex":124172}
{"itemId":"B003EAY5S6","ProductIndex":171603}
{"itemId":"B00162QECO","ProductIndex":135478}
{"itemId":"B000CP313G","ProductIndex":104427}
{"itemId":"B004NYB67K","ProductIndex":124600}
{"itemId":"B005CXIR82","ProductIndex":140481}
{"itemId":"B0055BJAV4","ProductIndex":176469}
{"itemId":"B00BGYQ0CQ","ProductIndex":203227}
{"itemId":"B009XJQLUW","ProductIndex":113358}
{"itemId":"B006NQ9TGQ","ProductIndex":116962}
{"itemId":"B0046LC372","ProductIndex":174233}
{"itemId":"B0007YZTUA","ProductIndex":88118}
{"itemId":"B007A1FYNA","ProductIndex":133016}
{"itemId":"B000NIXZTC","ProductIndex":152564}
{"itemId":"B004Q74RE8","ProductIndex":131461}
{"itemId":"B00CWIT270","ProductIndex":201172}
{"itemId":"B00008ZPNS","ProductIndex":154079}
{"itemId":"B001AHC5X2","ProductIndex":194548}
{"itemId":"B002AQBHRC","ProductIndex":88111}
{"itemId":"B0014F1Q7G","ProductIndex":177274}
{"itemId":"B000YF6A0A","ProductIndex":133324}
{"itemId":"B004PLOPDS","ProductIndex":109538}
{"itemId":"B007F0BGII","ProductIndex":119975}
{"itemId":"B00005O03A","ProductIndex":106126}
{"itemId":"B008L2DMZY","ProductIndex":119511}
{"itemId":"B005ODKK26","ProductIndex":151774}
{"itemId":"B002KCS7ZQ","ProductIndex":178295}
{"itemId":"B0060AMIPO","ProductIndex":156917}
{"itemId":"B002DWFS7I","ProductIndex":115363}
{"itemId":"B000V1FXUU","ProductIndex":120391}
{"itemId":"B00F37ZF8M","ProductIndex":178225}
{"itemId":"B0002FHEWK","ProductIndex":181729}
{"itemId":"B002AMTXIG","ProductIndex":191232}
{"itemId":"B001QXDNDG","ProductIndex":200581}
{"itemId":"B0082I67XG","ProductIndex":193115}
{"itemId":"B0072LF6OA","ProductIndex":153320}
{"itemId":"B001U66JN0","ProductIndex":139785}
{"itemId":"B000CCFFL0","ProductIndex":203372}
{"itemId":"B001CDE22G","ProductIndex":168711}
{"itemId":"B00A47AFMM","ProductIndex":88676}
{"itemId":"B0029VXJT2","ProductIndex":104511}
{"itemId":"B0016IY448","ProductIndex":123408}
{"itemId":"B008UQ7VLM","ProductIndex":190213}
{"itemId":"B0040BNW9Q","ProductIndex":186423}
{"itemId":"B00E0GLLLW","ProductIndex":181583}
{"itemId":"B0014KY8EE","ProductIndex":201952}
{"itemId":"B00D66HVBQ","ProductIndex":140942}
{"itemId":"B002ROCII4","ProductIndex":133658}
{"itemId":"B007EHOZP8","ProductIndex":188702}
{"itemId":"B0054H98CK","ProductIndex":114342}
{"itemId":"B001EV4RL2","ProductIndex":152250}
{"itemId":"B0047V63R2","ProductIndex":114706}
{"itemId":"B0057WEK8E","ProductIndex":197551}
{"itemId":"B003NYIGUQ","ProductIndex":200989}
{"itemId":"B005MYF2Q6","ProductIndex":141292}
{"itemId":"B000227NB0","ProductIndex":189250}
{"itemId":"B002EY89Y4","ProductIndex":206232}
{"itemId":"B00EB4IKRG","ProductIndex":200118}
{"itemId":"B00AXFYVY8","ProductIndex":147917}
{"itemId":"B000165DSW","ProductIndex":161859}
{"itemId":"B00G1DLT50","ProductIndex":181282}
{"itemId":"B00749RMVA","ProductIndex":95610}
{"itemId":"B009KN1ITU","ProductIndex":151137}
{"itemId":"B009AO63QC","ProductIndex":148272}
{"itemId":"B004TA739S","ProductIndex":173288}
{"itemId":"B00H9ME0SK","ProductIndex":144299}
{"itemId":"B004L3KU1Q","ProductIndex":200727}
{"itemId":"B00FIAWS4S","ProductIndex":203563}
{"itemId":"B002S8T3QE","ProductIndex":180226}
{"itemId":"B0054N80CS","ProductIndex":206751}
{"itemId":"B0009AGFPA","ProductIndex":205992}
{"itemId":"B003VWU1XU","ProductIndex":137037}
{"itemId":"B000MMSSG4","ProductIndex":175447}
{"itemId":"B003ODHJCW","ProductIndex":96024}
{"itemId":"B0006V5L8E","ProductIndex":175400}
{"itemId":"B003EYVHIS","ProductIndex":205141}
{"itemId":"B007NN04KI","ProductIndex":124946}
{"itemId":"B001FV2ZNI","ProductIndex":125176}
{"itemId":"B0001IXUFI","ProductIndex":176201}
{"itemId":"B004VXRMH6","ProductIndex":145052}
{"itemId":"B004E7MJDQ","ProductIndex":126388}
{"itemId":"B00IJ444ME","ProductIndex":203565}
{"itemId":"B0093H9BHY","ProductIndex":155692}
{"itemId":"B0007876DE","ProductIndex":100833}
{"itemId":"B00I9E54IM","ProductIndex":138401}
{"itemId":"B00CHHCBW4","ProductIndex":157307}
{"itemId":"B008MZK3XE","ProductIndex":171262}
{"itemId":"B0055N604M","ProductIndex":150132}
{"itemId":"B002IVU0CC","ProductIndex":202679}
{"itemId":"B000FS2JA6","ProductIndex":175613}
{"itemId":"B00021UJ30","ProductIndex":157267}
{"itemId":"B000BMQWSG","ProductIndex":171529}
{"itemId":"B004ENAX5Q","ProductIndex":194672}
{"itemId":"B001TNOM2O","ProductIndex":194862}
{"itemId":"B00GPKLWKQ","ProductIndex":105474}
{"itemId":"B003922S42","ProductIndex":179770}
{"itemId":"B000WILL26","ProductIndex":187770}
{"itemId":"B003M6DYUC","ProductIndex":186932}
{"itemId":"B00356FFO2","ProductIndex":148198}
{"itemId":"B003A8IFLU","ProductIndex":186506}
{"itemId":"B0049CB92I","ProductIndex":187613}
{"itemId":"B000EIW1P0","ProductIndex":130877}
{"itemId":"B00EV89238","ProductIndex":167072}
{"itemId":"B001EYALAK","ProductIndex":169298}
{"itemId":"B001AYXLUG","ProductIndex":206107}
{"itemId":"B004U2FUV8","ProductIndex":187028}
{"itemId":"B006WQ9X22","ProductIndex":155696}
{"itemId":"B00IEJB0PS","ProductIndex":177973}
{"itemId":"B009JC7XV4","ProductIndex":190870}
{"itemId":"B0016JBSMS","ProductIndex":200523}
{"itemId":"B000NIGZDU","ProductIndex":164382}
{"itemId":"B000GH0H6O","ProductIndex":114373}
{"itemId":"B008YC9T4Y","ProductIndex":191894}
{"itemId":"B00005LE0L","ProductIndex":197998}
{"itemId":"B0016P9H7U","ProductIndex":177649}
{"itemId":"B00699IKWQ","ProductIndex":161803}
{"itemId":"B000PXNR1G","ProductIndex":146558}
{"itemId":"B000YB48QC","ProductIndex":183542}
{"itemId":"B000G15WOW","ProductIndex":179470}
{"itemId":"B00A945DC2","ProductIndex":142905}
{"itemId":"B002S96MRQ","ProductIndex":99727}
{"itemId":"B0076LR2DO","ProductIndex":206993}
{"itemId":"B0002JADV0","ProductIndex":178711}
{"itemId":"B0092TLBA8","ProductIndex":161445}
{"itemId":"B004XYBV48","ProductIndex":146679}
{"itemId":"B00EPFSZCQ","ProductIndex":181302}
{"itemId":"B00FN0A2Q4","ProductIndex":165265}
{"itemId":"B007UTO3O8","ProductIndex":202144}
{"itemId":"B0013MV792","ProductIndex":124945}
{"itemId":"B0011DQXTW","ProductIndex":193635}
{"itemId":"B00113BDTW","ProductIndex":150490}
{"itemId":"B00G4TF1O6","ProductIndex":187901}
{"itemId":"B009ID5IY8","ProductIndex":168403}
{"itemId":"B00AM5XB5O","ProductIndex":205100}
{"itemId":"B009D1UXL8","ProductIndex":184586}
{"itemId":"B001FVKP7G","ProductIndex":183925}
{"itemId":"B000MRH5IQ","ProductIndex":153486}
{"itemId":"B005O6WQTS","ProductIndex":182542}
{"itemId":"B0000631YA","ProductIndex":169817}
{"itemId":"B00IXG588M","ProductIndex":165022}
{"itemId":"B005CRGMYO","ProductIndex":176319}
{"itemId":"B0057P3N0W","ProductIndex":162147}
{"itemId":"B0002BEVPC","ProductIndex":199637}
{"itemId":"B000A24QF8","ProductIndex":206947}
{"itemId":"B004YEGYS0","ProductIndex":190881}
{"itemId":"B0010PTLKO","ProductIndex":198161}
{"itemId":"B00BZAT53C","ProductIndex":206714}
{"itemId":"B00FH4BBIE","ProductIndex":179385}
{"itemId":"B0042LMGBE","ProductIndex":169655}
{"itemId":"B008MAUBYA","ProductIndex":194742}
{"itemId":"B004XFWUKG","ProductIndex":139961}
{"itemId":"B00EE1HUHM","ProductIndex":190857}
{"itemId":"B001O7VZMK","ProductIndex":204479}
{"itemId":"B001R29Q96","ProductIndex":202319}
{"itemId":"B006JTUJ48","ProductIndex":184794}
{"itemId":"B004QQ16JI","ProductIndex":192325}
{"itemId":"B006FER0EY","ProductIndex":158060}
{"itemId":"B008R366Z0","ProductIndex":176967}
{"itemId":"B00JD4TDDE","ProductIndex":185781}
{"itemId":"B0009PMVKS","ProductIndex":184312}
{"itemId":"B00AR0Z9PY","ProductIndex":193931}
{"itemId":"B008OJOFUA","ProductIndex":200971}
{"itemId":"B004XW88E6","ProductIndex":197255}
{"itemId":"B0019D6E66","ProductIndex":207408}
{"itemId":"B003ZLTIHM","ProductIndex":176780}
{"itemId":"B00EZT6114","ProductIndex":189389}
{"itemId":"B00DJL5KB6","ProductIndex":204550}
{"itemId":"B00D2M6HHS","ProductIndex":193569}
{"itemId":"B005GHH1RW","ProductIndex":185471}
{"itemId":"B00DVGGGIA","ProductIndex":202401}
{"itemId":"B00DFP3996","ProductIndex":198504}
