{"itemId":"B00212NO6W","ProductIndex":2536}
{"itemId":"B004N625AK","ProductIndex":2248}
{"itemId":"B004M5H660","ProductIndex":178}
{"itemId":"B007TN28VA","ProductIndex":86692}
{"itemId":"B003CJTQKQ","ProductIndex":122431}
{"itemId":"B003L77Y5I","ProductIndex":10118}
{"itemId":"B0041E00TW","ProductIndex":52381}
{"itemId":"B00CSFCYFY","ProductIndex":7801}
{"itemId":"B00007EDM8","ProductIndex":368}
{"itemId":"B003Y302CG","ProductIndex":19805}
{"itemId":"B006ZIKHU4","ProductIndex":117296}
{"itemId":"B0099XGZXA","ProductIndex":1548}
{"itemId":"B004HGHYI4","ProductIndex":24807}
{"itemId":"B007EV9F2W","ProductIndex":88872}
{"itemId":"B003VAHYNC","ProductIndex":274}
{"itemId":"B0026SUMNY","ProductIndex":27312}
{"itemId":"B006X2HD2M","ProductIndex":9095}
{"itemId":"B00008N6X4","ProductIndex":20925}
{"itemId":"B0016CMCBG","ProductIndex":11280}
{"itemId":"B003UI62AG","ProductIndex":1179}
{"itemId":"B0016LFN2C","ProductIndex":1473}
{"itemId":"B001FB6S4K","ProductIndex":17482}
{"itemId":"B0015AQLJI","ProductIndex":12156}
{"itemId":"B002DP1FTU","ProductIndex":3597}
{"itemId":"B001P804SO","ProductIndex":13975}
{"itemId":"B009KPNP6C","ProductIndex":148251}
{"itemId":"B001DYARHS","ProductIndex":81468}
{"itemId":"B0052RM8T2","ProductIndex":1362}
{"itemId":"B0000DCK7I","ProductIndex":60291}
{"itemId":"B007SQB896","ProductIndex":29586}
{"itemId":"B0002V85MC","ProductIndex":66458}
{"itemId":"B005ESSL8G","ProductIndex":24751}
{"itemId":"B005SSMPOS","ProductIndex":6819}
{"itemId":"B005G3066Y","ProductIndex":1541}
{"itemId":"B00G8Y7QGI","ProductIndex":7641}
{"itemId":"B00007LTBI","ProductIndex":17791}
{"itemId":"B004X8B2C0","ProductIndex":23235}
{"itemId":"B004EKAJ1M","ProductIndex":22887}
{"itemId":"B001DI98PQ","ProductIndex":50796}
{"itemId":"B00DQG9DDU","ProductIndex":26158}
{"itemId":"B005FFVTC8","ProductIndex":17708}
{"itemId":"B00000JII6","ProductIndex":18457}
{"itemId":"B004X6K6BU","ProductIndex":109644}
{"itemId":"B0016120M8","ProductIndex":9233}
{"itemId":"B000TQ4D8K","ProductIndex":4034}
{"itemId":"B0036RH93K","ProductIndex":3568}
{"itemId":"B005LJQMCK","ProductIndex":1324}
{"itemId":"B004J6GMLM","ProductIndex":8895}
{"itemId":"B005F778JO","ProductIndex":12924}
{"itemId":"B000EIXWPI","ProductIndex":8088}
{"itemId":"B004XXMUCQ","ProductIndex":1602}
{"itemId":"B00C1LMGVM","ProductIndex":75515}
{"itemId":"B002T4QDRO","ProductIndex":151489}
{"itemId":"B000OA6OVK","ProductIndex":170158}
{"itemId":"B00HFQT2YM","ProductIndex":100851}
{"itemId":"B001OC7ITY","ProductIndex":15447}
{"itemId":"B00AN8Z7B6","ProductIndex":82920}
{"itemId":"B00FDXLSL4","ProductIndex":6728}
{"itemId":"B000XQRAI6","ProductIndex":8166}
{"itemId":"B002VFWY9M","ProductIndex":5085}
{"itemId":"B0096JZR9K","ProductIndex":38999}
{"itemId":"B004OOTRPC","ProductIndex":1705}
{"itemId":"B00GIDXG86","ProductIndex":13848}
{"itemId":"B000BCDFMC","ProductIndex":68509}
{"itemId":"B008GAMNBK","ProductIndex":4199}
{"itemId":"B000HA8XR0","ProductIndex":78088}
{"itemId":"B001RQ2YF0","ProductIndex":299}
{"itemId":"B000XSEB5E","ProductIndex":31141}
{"itemId":"B007PESCCC","ProductIndex":15952}
{"itemId":"B00A4LAZMS","ProductIndex":2814}
{"itemId":"B000NGUY6G","ProductIndex":131909}
{"itemId":"B001TK3BBK","ProductIndex":80051}
{"itemId":"B00A1ZRL88","ProductIndex":4419}
{"itemId":"B000CHVLSQ","ProductIndex":43129}
{"itemId":"B00E3FRNB2","ProductIndex":186453}
{"itemId":"B00G1YKHHA","ProductIndex":13258}
{"itemId":"B001IEYY40","ProductIndex":142350}
{"itemId":"B005SVXQS4","ProductIndex":24193}
{"itemId":"B0000665PG","ProductIndex":88448}
{"itemId":"B008GVNP2K","ProductIndex":28119}
{"itemId":"B008JQOD2I","ProductIndex":51703}
{"itemId":"B001W9Y4PK","ProductIndex":4414}
{"itemId":"B000NBOA66","ProductIndex":74640}
{"itemId":"B0022TOK2Q","ProductIndex":27890}
{"itemId":"B007IJPVP0","ProductIndex":32006}
{"itemId":"B004JSP8JM","ProductIndex":45481}
{"itemId":"B003E2Z060","ProductIndex":18804}
{"itemId":"B00CXTF9HU","ProductIndex":18679}
{"itemId":"B00004Z5MG","ProductIndex":36065}
{"itemId":"B0000CE3CY","ProductIndex":51039}
{"itemId":"B000KKROA4","ProductIndex":78278}
{"itemId":"B0043M9ATI","ProductIndex":9149}
{"itemId":"B0056M697A","ProductIndex":180245}
{"itemId":"B00AY6MEFO","ProductIndex":54817}
{"itemId":"B007IVW15Q","ProductIndex":1746}
{"itemId":"B003PFKIEK","ProductIndex":11959}
{"itemId":"B00CBJMKRO","ProductIndex":139695}
{"itemId":"B001HBIT7C","ProductIndex":106717}
{"itemId":"B0081GZDQQ","ProductIndex":9266}
{"itemId":"B00J3HQM4O","ProductIndex":55772}
{"itemId":"B001EURHOW","ProductIndex":154761}
{"itemId":"B006JS17X6","ProductIndex":17161}
{"itemId":"B001IF252C","ProductIndex":13581}
{"itemId":"B000093UDQ","ProductIndex":1716}
{"itemId":"B004UDZ8O6","ProductIndex":21250}
{"itemId":"B000XWJMGS","ProductIndex":24637}
{"itemId":"B005LJW15C","ProductIndex":11408}
{"itemId":"B0084J6XZ0","ProductIndex":42845}
{"itemId":"B0001MHYKG","ProductIndex":133777}
{"itemId":"B00D1CMWM8","ProductIndex":21947}
{"itemId":"B00425S1H8","ProductIndex":1439}
{"itemId":"B001MWIWN2","ProductIndex":82997}
{"itemId":"B0052IJDFS","ProductIndex":123458}
{"itemId":"B004GVYCC6","ProductIndex":14555}
{"itemId":"B006K2ZSF4","ProductIndex":88736}
{"itemId":"B00ESJPSWY","ProductIndex":10049}
{"itemId":"B000VW6KXS","ProductIndex":7035}
{"itemId":"B007WSVTXA","ProductIndex":31522}
{"itemId":"B009A4ZHS2","ProductIndex":88227}
{"itemId":"B000F1MSJK","ProductIndex":17346}
{"itemId":"B0015IOUG6","ProductIndex":135415}
{"itemId":"B001NJ27QM","ProductIndex":10581}
{"itemId":"B00CP0I474","ProductIndex":2884}
{"itemId":"B009ZHHSXG","ProductIndex":45447}
{"itemId":"B002VCOR7C","ProductIndex":105744}
{"itemId":"B002GWMLE8","ProductIndex":34905}
{"itemId":"B009H0XQPA","ProductIndex":4260}
{"itemId":"B00ALP5XGA","ProductIndex":66984}
{"itemId":"B0019TZFAQ","ProductIndex":58546}
{"itemId":"B0051BG48U","ProductIndex":3380}
{"itemId":"B005ES8LCW","ProductIndex":74155}
{"itemId":"B000SJ5ZX0","ProductIndex":8770}
{"itemId":"B000ECUB8U","ProductIndex":69951}
{"itemId":"B00IGUUYTI","ProductIndex":11534}
{"itemId":"B000LZDGLE","ProductIndex":148579}
{"itemId":"B002N19KAK","ProductIndex":52481}
{"itemId":"B005LD275M","ProductIndex":9468}
{"itemId":"B00A9HDXOY","ProductIndex":44373}
{"itemId":"B001EYU3I0","ProductIndex":19512}
{"itemId":"B00GHY5F3K","ProductIndex":9786}
{"itemId":"B003QP3M92","ProductIndex":18761}
{"itemId":"B00009YFTI","ProductIndex":6537}
{"itemId":"B000PQFZ40","ProductIndex":86371}
{"itemId":"B003RVXDWQ","ProductIndex":49321}
{"itemId":"B008BLRP0I","ProductIndex":57811}
{"itemId":"B004PYD9I2","ProductIndex":2726}
{"itemId":"B004JXVOEU","ProductIndex":14679}
{"itemId":"B001L5U1G6","ProductIndex":82104}
{"itemId":"B001OV789U","ProductIndex":6081}
{"itemId":"B0002E51CQ","ProductIndex":13571}
{"itemId":"B007O2FNA4","ProductIndex":85073}
{"itemId":"B000E65DG6","ProductIndex":8412}
{"itemId":"B001IMHGR4","ProductIndex":75190}
{"itemId":"B000AB286S","ProductIndex":14480}
{"itemId":"B002VX0GJY","ProductIndex":2315}
{"itemId":"B00EPLZ67C","ProductIndex":52291}
{"itemId":"B000N5220I","ProductIndex":17108}
{"itemId":"B005FE7URM","ProductIndex":13871}
{"itemId":"B0036GK3DO","ProductIndex":36620}
{"itemId":"B007FF4BNA","ProductIndex":62715}
{"itemId":"B004SK62XW","ProductIndex":22558}
{"itemId":"B000DZKNM2","ProductIndex":15767}
{"itemId":"B00D5Z16FU","ProductIndex":205167}
{"itemId":"B0085V7CHA","ProductIndex":13232}
{"itemId":"B008D2IHES","ProductIndex":12111}
{"itemId":"B003PJ6NPO","ProductIndex":72645}
{"itemId":"B003BDMK3S","ProductIndex":9394}
{"itemId":"B004EWEZO2","ProductIndex":64362}
{"itemId":"B001DFX2OC","ProductIndex":6091}
{"itemId":"B00C461CAA","ProductIndex":77712}
{"itemId":"B000ZOINIW","ProductIndex":17611}
{"itemId":"B001JKIHAU","ProductIndex":4497}
{"itemId":"B000OEV88K","ProductIndex":2552}
{"itemId":"B000066IX4","ProductIndex":148793}
{"itemId":"B002AT94HE","ProductIndex":92154}
{"itemId":"B006GYPQ44","ProductIndex":28811}
{"itemId":"B005455PWO","ProductIndex":59744}
{"itemId":"B001EUE6AK","ProductIndex":23103}
{"itemId":"B003L170C6","ProductIndex":56543}
{"itemId":"B00099I19O","ProductIndex":64496}
{"itemId":"B001GN1IQU","ProductIndex":29669}
{"itemId":"B00DHPCVQG","ProductIndex":12818}
{"itemId":"B002G1CLS0","ProductIndex":5544}
{"itemId":"B001PI09SE","ProductIndex":6435}
{"itemId":"B00AB8M798","ProductIndex":48598}
{"itemId":"B0000BVUYQ","ProductIndex":50666}
{"itemId":"B006BT9JO2","ProductIndex":56579}
{"itemId":"B00I51BWAS","ProductIndex":55957}
{"itemId":"B000F6KPXQ","ProductIndex":152574}
{"itemId":"B001IYCIG6","ProductIndex":35881}
{"itemId":"B0002HMSGK","ProductIndex":50150}
{"itemId":"B0080MJLQY","ProductIndex":133128}
{"itemId":"B0042TW3J6","ProductIndex":8836}
{"itemId":"B0051UWEH6","ProductIndex":133744}
{"itemId":"B0038YWJVS","ProductIndex":90468}
{"itemId":"B005J31O6M","ProductIndex":30445}
{"itemId":"B00A0HZMEM","ProductIndex":27126}
{"itemId":"B005KJHFEK","ProductIndex":183511}
{"itemId":"B0023RRPE2","ProductIndex":23530}
{"itemId":"B0001DZ8EE","ProductIndex":133342}
{"itemId":"B00ESUXXZM","ProductIndex":55882}
{"itemId":"B0032FOK2E","ProductIndex":76629}
{"itemId":"B00081EQ2O","ProductIndex":40021}
{"itemId":"B00ED53MTY","ProductIndex":25822}
{"itemId":"B00382DZQI","ProductIndex":80509}
{"itemId":"B00BMBCJP0","ProductIndex":102055}
{"itemId":"B004VQRYYO","ProductIndex":23944}
{"itemId":"B0048D7AD0","ProductIndex":62750}
{"itemId":"B006HZ91XY","ProductIndex":41181}
{"itemId":"B003GSL6UQ","ProductIndex":11166}
{"itemId":"B00D3F7H0K","ProductIndex":16441}
{"itemId":"B0031U1AT6","ProductIndex":13798}
{"itemId":"B00B8PL1UO","ProductIndex":64220}
{"itemId":"B0009RORGM","ProductIndex":145492}
{"itemId":"B003H3G9AW","ProductIndex":20922}
{"itemId":"B008R79GT4","ProductIndex":69059}
{"itemId":"B00904X9TQ","ProductIndex":162471}
{"itemId":"B002ECF3HW","ProductIndex":17673}
{"itemId":"B00C4M44OU","ProductIndex":34133}
{"itemId":"B005PZR65C","ProductIndex":36579}
{"itemId":"B000ES5ND2","ProductIndex":74959}
{"itemId":"B004VU17E8","ProductIndex":56052}
{"itemId":"B0007A1IRC","ProductIndex":3793}
{"itemId":"B00BYHCVLE","ProductIndex":133416}
{"itemId":"B000ZN2KEQ","ProductIndex":40086}
{"itemId":"B001W1SRHE","ProductIndex":15254}
{"itemId":"B0015AQKBC","ProductIndex":77580}
{"itemId":"B005XX6Q0C","ProductIndex":32808}
{"itemId":"B00A1QALS4","ProductIndex":54077}
{"itemId":"B007YDU3LC","ProductIndex":82436}
{"itemId":"B0035FZ12O","ProductIndex":48376}
{"itemId":"B002P3KO8I","ProductIndex":20216}
{"itemId":"B003UYRZO2","ProductIndex":31940}
{"itemId":"B003SG44JQ","ProductIndex":172859}
{"itemId":"B001G5A4JA","ProductIndex":18732}
{"itemId":"B007ZT2K9I","ProductIndex":16122}
{"itemId":"B000092YPL","ProductIndex":27511}
{"itemId":"B004I16OZM","ProductIndex":76181}
{"itemId":"B002EL4RIE","ProductIndex":24642}
{"itemId":"B001MQ4PCA","ProductIndex":35205}
{"itemId":"B00FZYCA9K","ProductIndex":43303}
{"itemId":"B0007WLI0W","ProductIndex":39829}
{"itemId":"B000B74TR2","ProductIndex":47047}
{"itemId":"B003EEPSQ0","ProductIndex":61673}
{"itemId":"B004X237O2","ProductIndex":20499}
{"itemId":"B000RZR31M","ProductIndex":32725}
{"itemId":"B004H1U3XC","ProductIndex":89727}
{"itemId":"B004TA6Y8O","ProductIndex":32298}
{"itemId":"B008IEP4GA","ProductIndex":205129}
{"itemId":"B0052VRLPY","ProductIndex":72150}
{"itemId":"B009S024E8","ProductIndex":207917}
{"itemId":"B0069LSG5U","ProductIndex":162396}
{"itemId":"B0009E3UL8","ProductIndex":179630}
{"itemId":"B004E64TV2","ProductIndex":30576}
{"itemId":"B007AA8Z78","ProductIndex":23704}
{"itemId":"B000EEVUVU","ProductIndex":153745}
{"itemId":"B000IZ78WK","ProductIndex":19834}
{"itemId":"B002BNLYFY","ProductIndex":18775}
{"itemId":"B002HREGRM","ProductIndex":18184}
{"itemId":"B0001KHESU","ProductIndex":132461}
{"itemId":"B00IFXCM5A","ProductIndex":49212}
{"itemId":"B000VV4Q26","ProductIndex":106660}
{"itemId":"B006GLKA5M","ProductIndex":99653}
{"itemId":"B0001H2AJQ","ProductIndex":73798}
{"itemId":"B002TIU34Y","ProductIndex":11701}
{"itemId":"B00C13ON7K","ProductIndex":22194}
{"itemId":"B0007KX4VU","ProductIndex":27740}
{"itemId":"B002BFNZAO","ProductIndex":42161}
{"itemId":"B006K55716","ProductIndex":30062}
{"itemId":"B002EQFXQE","ProductIndex":50401}
{"itemId":"B000FONSEQ","ProductIndex":19251}
{"itemId":"B004N85YCY","ProductIndex":38225}
{"itemId":"B00A0AOVRS","ProductIndex":20692}
{"itemId":"B0014L8AYC","ProductIndex":33708}
{"itemId":"B001E8WQG8","ProductIndex":26679}
{"itemId":"B003XDU2X6","ProductIndex":46411}
{"itemId":"B00004T0RC","ProductIndex":26393}
{"itemId":"B00026SZBI","ProductIndex":113359}
{"itemId":"B003960EQM","ProductIndex":14877}
{"itemId":"B00A1ZTZNW","ProductIndex":23053}
{"itemId":"B00GOKYEAW","ProductIndex":95638}
{"itemId":"B009PSNMMQ","ProductIndex":22748}
{"itemId":"B0047LWREA","ProductIndex":59264}
{"itemId":"B00885GICI","ProductIndex":23797}
{"itemId":"B0014FQ1DK","ProductIndex":25641}
{"itemId":"B0002325XK","ProductIndex":46156}
{"itemId":"B0051OLV4E","ProductIndex":35828}
{"itemId":"B002IG5GYE","ProductIndex":120476}
{"itemId":"B0096PD2SC","ProductIndex":11163}
{"itemId":"B0030BHLLM","ProductIndex":28863}
{"itemId":"B004A3TPEA","ProductIndex":60248}
{"itemId":"B004KA3CKQ","ProductIndex":194327}
{"itemId":"B002RL8U1G","ProductIndex":32842}
{"itemId":"B004UOG8ZS","ProductIndex":77850}
{"itemId":"B000F4SNOQ","ProductIndex":68646}
{"itemId":"B0037ZZ73K","ProductIndex":150256}
{"itemId":"B0002376FW","ProductIndex":188622}
{"itemId":"B007WZH07C","ProductIndex":98038}
{"itemId":"B00273QXLS","ProductIndex":51676}
{"itemId":"B005VR1Q7S","ProductIndex":83834}
{"itemId":"B000B68I2K","ProductIndex":18471}
{"itemId":"B000GHI7U2","ProductIndex":35969}
{"itemId":"B007KTY4A6","ProductIndex":4658}
{"itemId":"B0000C0COH","ProductIndex":32760}
{"itemId":"B005G0MNHW","ProductIndex":199810}
{"itemId":"B002DW8ZSC","ProductIndex":102445}
{"itemId":"B002TD4GME","ProductIndex":65372}
{"itemId":"B0000ARC3S","ProductIndex":127201}
{"itemId":"B0095YAC64","ProductIndex":48545}
{"itemId":"B001CJ645I","ProductIndex":78489}
{"itemId":"B000BZOOEW","ProductIndex":66217}
{"itemId":"B004MR0WWS","ProductIndex":200188}
{"itemId":"B005XRSFNY","ProductIndex":18684}
{"itemId":"B002GYVZ2A","ProductIndex":38939}
{"itemId":"B003OSPOO2","ProductIndex":158622}
{"itemId":"B004A85SWI","ProductIndex":31435}
{"itemId":"B00FJBHFX0","ProductIndex":75631}
{"itemId":"B001RRU726","ProductIndex":119020}
{"itemId":"B003OGED4G","ProductIndex":178299}
{"itemId":"B00CRXZPA8","ProductIndex":11542}
{"itemId":"B000U4SHZQ","ProductIndex":35368}
{"itemId":"B00G43NI4C","ProductIndex":125447}
{"itemId":"B0015MQT5W","ProductIndex":22604}
{"itemId":"B0078Y6KTQ","ProductIndex":90109}
{"itemId":"B008DOQFZY","ProductIndex":86123}
{"itemId":"B00DBROLNQ","ProductIndex":50964}
{"itemId":"B008AE4ZE0","ProductIndex":35886}
{"itemId":"B002XQ4TTM","ProductIndex":40558}
{"itemId":"B0006HF9CQ","ProductIndex":110778}
{"itemId":"B00J6RVQJM","ProductIndex":39755}
{"itemId":"B00009XW3O","ProductIndex":49196}
{"itemId":"B0009IIE4W","ProductIndex":19996}
{"itemId":"B0003QER5K","ProductIndex":79482}
{"itemId":"B0023V1EBS","ProductIndex":138211}
{"itemId":"B00DTPQEAI","ProductIndex":107820}
{"itemId":"B000E9BXDU","ProductIndex":48638}
{"itemId":"B0046BUZNQ","ProductIndex":25956}
{"itemId":"B007RNAVOS","ProductIndex":194966}
{"itemId":"B00ATGQE8C","ProductIndex":56060}
{"itemId":"B0076POB84","ProductIndex":51814}
{"itemId":"B00BXWXVCI","ProductIndex":39158}
{"itemId":"B00654W5U8","ProductIndex":132021}
{"itemId":"B000Q8E0GQ","ProductIndex":83460}
{"itemId":"B0007UQ6LK","ProductIndex":12995}
{"itemId":"B0039ZLMK0","ProductIndex":27038}
{"itemId":"B009GU9DSK","ProductIndex":68091}
{"itemId":"B000OGZ1WM","ProductIndex":102167}
{"itemId":"B003HLGEAY","ProductIndex":39765}
{"itemId":"B000W7AXVC","ProductIndex":79217}
{"itemId":"B00BF9MZ7Q","ProductIndex":15777}
{"itemId":"B0055OPXZ8","ProductIndex":14044}
{"itemId":"B00004RC2G","ProductIndex":42860}
{"itemId":"B0030MSXB8","ProductIndex":117414}
{"itemId":"B0008D5FPE","ProductIndex":67789}
{"itemId":"B000BZU2ZW","ProductIndex":125517}
{"itemId":"B009SGOEX6","ProductIndex":46367}
{"itemId":"B001411BZ2","ProductIndex":11234}
{"itemId":"B0001AOGAE","ProductIndex":25255}
{"itemId":"B006JTUJJS","ProductIndex":18601}
{"itemId":"B007Z1CWZ8","ProductIndex":188085}
{"itemId":"B002IYDGV6","ProductIndex":101755}
{"itemId":"B000E6G9RS","ProductIndex":144908}
{"itemId":"B003L78OE8","ProductIndex":76272}
{"itemId":"B00011CS0S","ProductIndex":24406}
{"itemId":"B003OQ2KIM","ProductIndex":86536}
{"itemId":"B0083R9QQG","ProductIndex":13539}
{"itemId":"B001CO9YK0","ProductIndex":47353}
{"itemId":"B0047AQI4Q","ProductIndex":59781}
{"itemId":"B001T9M5NG","ProductIndex":121420}
{"itemId":"B0000AE67G","ProductIndex":76977}
{"itemId":"B000WMFECK","ProductIndex":26103}
{"itemId":"B001QWTRJQ","ProductIndex":184687}
{"itemId":"B0039ZWQQY","ProductIndex":132089}
{"itemId":"B00006HSS0","ProductIndex":87675}
{"itemId":"B003ZE0OZ4","ProductIndex":58068}
{"itemId":"B003BMCVMO","ProductIndex":180169}
{"itemId":"B00FYMCSYA","ProductIndex":53235}
{"itemId":"B000M5AIQ4","ProductIndex":139512}
{"itemId":"B00AYTVOFM","ProductIndex":103705}
{"itemId":"B004Y4ZHRY","ProductIndex":72871}
{"itemId":"B0097FFUI6","ProductIndex":99181}
{"itemId":"B000UXBOVG","ProductIndex":143930}
{"itemId":"B004NEUKIQ","ProductIndex":154464}
{"itemId":"B008IHNK40","ProductIndex":163380}
{"itemId":"B0029MJ2Q0","ProductIndex":97044}
{"itemId":"B00318CG9G","ProductIndex":35783}
{"itemId":"B0085TKJ5E","ProductIndex":68485}
{"itemId":"B0030L1BPO","ProductIndex":23735}
{"itemId":"B003SNJC1Y","ProductIndex":74683}
{"itemId":"B00HNV7WI2","ProductIndex":160862}
{"itemId":"B004MCD96E","ProductIndex":55394}
{"itemId":"B00KBV1FMU","ProductIndex":143736}
{"itemId":"B003QSTTNC","ProductIndex":139278}
{"itemId":"B003BNY88S","ProductIndex":176493}
{"itemId":"B000LRCTWO","ProductIndex":44884}
{"itemId":"B00D8ZEE0Q","ProductIndex":92994}
{"itemId":"B004JZSXLU","ProductIndex":127915}
{"itemId":"B0000AFPVJ","ProductIndex":42736}
{"itemId":"B009YGCPT0","ProductIndex":86456}
{"itemId":"B002NUHLOS","ProductIndex":68302}
{"itemId":"B00005ML59","ProductIndex":55590}
{"itemId":"B006G7Q14K","ProductIndex":122910}
{"itemId":"B00AWQ21BS","ProductIndex":124778}
{"itemId":"B0013N3T7O","ProductIndex":11673}
{"itemId":"B000I37XTA","ProductIndex":79038}
{"itemId":"B0096S50LQ","ProductIndex":106527}
{"itemId":"B0073X8TIM","ProductIndex":98241}
{"itemId":"B00COAGRFG","ProductIndex":27666}
{"itemId":"B0028A1PY0","ProductIndex":16972}
{"itemId":"B000I94FQI","ProductIndex":58596}
{"itemId":"B000V5MBOM","ProductIndex":20585}
{"itemId":"B002YZ61PM","ProductIndex":99361}
{"itemId":"B003HB6BIE","ProductIndex":28728}
{"itemId":"B00005K4PH","ProductIndex":65410}
{"itemId":"B001HBIYEU","ProductIndex":77013}
{"itemId":"B0046XW27G","ProductIndex":51101}
{"itemId":"B004VC38N4","ProductIndex":53480}
{"itemId":"B0029SJJXA","ProductIndex":43154}
{"itemId":"B0053YKPCG","ProductIndex":100291}
{"itemId":"B002PK13B8","ProductIndex":30001}
{"itemId":"B001DI65AM","ProductIndex":60436}
{"itemId":"B000BMAL10","ProductIndex":24162}
{"itemId":"B005LOMWI8","ProductIndex":17530}
{"itemId":"B004OSZUO0","ProductIndex":132473}
{"itemId":"B0021WLRF2","ProductIndex":97092}
{"itemId":"B006PK7HX2","ProductIndex":160356}
{"itemId":"B00006B726","ProductIndex":111453}
{"itemId":"B00776W34Q","ProductIndex":179061}
{"itemId":"B000VD5PEM","ProductIndex":20120}
{"itemId":"B00DKVZI0I","ProductIndex":80842}
{"itemId":"B002FTUVUS","ProductIndex":191400}
{"itemId":"B00BHNO1Y0","ProductIndex":139869}
{"itemId":"B00BCA41RA","ProductIndex":182245}
{"itemId":"B000I3NVL4","ProductIndex":121572}
{"itemId":"B003BIFJR2","ProductIndex":57900}
{"itemId":"B00FVRURAK","ProductIndex":60930}
{"itemId":"B00BGT2AP2","ProductIndex":61122}
{"itemId":"B003EI02U8","ProductIndex":67717}
{"itemId":"B003GQWTJ0","ProductIndex":189878}
{"itemId":"B000BNJWQE","ProductIndex":17960}
{"itemId":"B006NTK35O","ProductIndex":111179}
{"itemId":"B0001D56TG","ProductIndex":151814}
{"itemId":"B0051QGSZE","ProductIndex":65097}
{"itemId":"B000MCKA60","ProductIndex":158253}
{"itemId":"B000TO1SGW","ProductIndex":135307}
{"itemId":"B00K2O4TI8","ProductIndex":35744}
{"itemId":"B003WM6PVQ","ProductIndex":203550}
{"itemId":"B004C4ZRIK","ProductIndex":21760}
{"itemId":"B002V1CX8I","ProductIndex":97482}
{"itemId":"B00EPWT9LU","ProductIndex":177783}
{"itemId":"B00EDX69CI","ProductIndex":107735}
{"itemId":"B004EHSWLY","ProductIndex":51204}
{"itemId":"B001GOHD5O","ProductIndex":182697}
{"itemId":"B000063EMD","ProductIndex":53740}
{"itemId":"B000PQIG2S","ProductIndex":39384}
{"itemId":"B001CSCCNM","ProductIndex":86779}
{"itemId":"B000AGH3J0","ProductIndex":41075}
{"itemId":"B000P76KXY","ProductIndex":9815}
{"itemId":"B005JHDJES","ProductIndex":55508}
{"itemId":"B00009Q989","ProductIndex":35651}
{"itemId":"B004IMB3H0","ProductIndex":49548}
{"itemId":"B0007SXHO6","ProductIndex":58592}
{"itemId":"B0055EYKAC","ProductIndex":78722}
{"itemId":"B000087LII","ProductIndex":81696}
{"itemId":"B007BJC7YU","ProductIndex":102720}
{"itemId":"B000RO7H1O","ProductIndex":72665}
{"itemId":"B000OPYUCU","ProductIndex":111711}
{"itemId":"B007ZDCGVG","ProductIndex":38078}
{"itemId":"B00009X3FZ","ProductIndex":146078}
{"itemId":"B008YUSAYG","ProductIndex":118607}
{"itemId":"B00006HY5O","ProductIndex":118148}
{"itemId":"B00C74NDKG","ProductIndex":191169}
{"itemId":"B00838XV6G","ProductIndex":45795}
{"itemId":"B000165CYW","ProductIndex":165023}
{"itemId":"B0000645ED","ProductIndex":91332}
{"itemId":"B000PCI8XE","ProductIndex":75002}
{"itemId":"B007UCAPGA","ProductIndex":181384}
{"itemId":"B007TBBNBS","ProductIndex":199112}
{"itemId":"B003NQ26EQ","ProductIndex":80990}
{"itemId":"B00AZWPSL4","ProductIndex":160530}
{"itemId":"B003FM8NUE","ProductIndex":99828}
{"itemId":"B00004SPXJ","ProductIndex":100842}
{"itemId":"B008AWF6XG","ProductIndex":124754}
{"itemId":"B001KUQV2U","ProductIndex":113831}
{"itemId":"B00HWP6CMG","ProductIndex":89830}
{"itemId":"B003G5JU2K","ProductIndex":106691}
{"itemId":"B004VQDKOM","ProductIndex":105625}
{"itemId":"B008B0MVMQ","ProductIndex":172132}
{"itemId":"B00006HYWR","ProductIndex":14797}
{"itemId":"B0030OYKMC","ProductIndex":78237}
{"itemId":"B00BLB4L7K","ProductIndex":31212}
{"itemId":"B005FDOGD4","ProductIndex":47813}
{"itemId":"B00CHCGRH4","ProductIndex":44238}
{"itemId":"B002HST4L4","ProductIndex":63147}
{"itemId":"B0012GWL7Q","ProductIndex":105078}
{"itemId":"B006T4NQNO","ProductIndex":80054}
{"itemId":"B001C3S9MA","ProductIndex":114691}
{"itemId":"B0092D3E8Q","ProductIndex":126227}
{"itemId":"B000TD6RDC","ProductIndex":57783}
{"itemId":"B00104WGI4","ProductIndex":72180}
{"itemId":"B00BTIBGB4","ProductIndex":84558}
{"itemId":"B008ZZ0AMU","ProductIndex":67693}
{"itemId":"B0016BCIXE","ProductIndex":32597}
{"itemId":"B0026YDQOA","ProductIndex":187351}
{"itemId":"B002U3XZX4","ProductIndex":79484}
{"itemId":"B000BFWJM6","ProductIndex":41158}
{"itemId":"B008XYEAOW","ProductIndex":37618}
{"itemId":"B007TG93VA","ProductIndex":175376}
{"itemId":"B000UU5WM6","ProductIndex":165869}
{"itemId":"B0000AFPUW","ProductIndex":88840}
{"itemId":"B0007N5LS6","ProductIndex":71391}
{"itemId":"B004NBZ976","ProductIndex":72642}
{"itemId":"B001B8G4R8","ProductIndex":23313}
{"itemId":"B00F96NF02","ProductIndex":170483}
{"itemId":"B004DCOQTM","ProductIndex":154322}
{"itemId":"B004SC8AZS","ProductIndex":67503}
{"itemId":"B004SY0O8C","ProductIndex":63828}
{"itemId":"B003V4TVAW","ProductIndex":37346}
{"itemId":"B0008JFCVU","ProductIndex":66204}
{"itemId":"B00AZFASNE","ProductIndex":60250}
{"itemId":"B002YWEGL6","ProductIndex":95315}
{"itemId":"B008N5FBX0","ProductIndex":75224}
{"itemId":"B00452UXEW","ProductIndex":16779}
{"itemId":"B0058DN0C4","ProductIndex":87282}
{"itemId":"B000MS8SFO","ProductIndex":111310}
{"itemId":"B0039C9GCY","ProductIndex":29938}
{"itemId":"B003U8GD46","ProductIndex":70353}
{"itemId":"B0001PFO2I","ProductIndex":112006}
{"itemId":"B00009XVVG","ProductIndex":61779}
{"itemId":"B009Z8ONLA","ProductIndex":147035}
{"itemId":"B0066DNGPG","ProductIndex":171782}
{"itemId":"B000KJDNNW","ProductIndex":74960}
{"itemId":"B000Y9RCIA","ProductIndex":193247}
{"itemId":"B00CSMDJ8S","ProductIndex":149457}
{"itemId":"B000MPQ7PU","ProductIndex":82648}
{"itemId":"B004PYEO1S","ProductIndex":136176}
{"itemId":"B000EFH1NA","ProductIndex":107080}
{"itemId":"B00EO9JNWY","ProductIndex":178690}
{"itemId":"B000M101ZQ","ProductIndex":145528}
{"itemId":"B005BXQ7SK","ProductIndex":54089}
{"itemId":"B0036RFEM8","ProductIndex":38935}
{"itemId":"B000WDX6FG","ProductIndex":103552}
{"itemId":"B000KMH79U","ProductIndex":89602}
{"itemId":"B0013A8PN0","ProductIndex":82782}
{"itemId":"B000XRRDWS","ProductIndex":38239}
{"itemId":"B001B48BOQ","ProductIndex":109570}
{"itemId":"B003DZ0ECI","ProductIndex":163409}
{"itemId":"B0080EKE4K","ProductIndex":162351}
{"itemId":"B003BNYD1A","ProductIndex":63623}
{"itemId":"B0006ZSWB8","ProductIndex":64390}
{"itemId":"B005HWEYN0","ProductIndex":79019}
{"itemId":"B00F3PXFL8","ProductIndex":158314}
{"itemId":"B005I42PX8","ProductIndex":98645}
{"itemId":"B007HRB15C","ProductIndex":134850}
{"itemId":"B0007ZFYE0","ProductIndex":73222}
{"itemId":"B002LAS19E","ProductIndex":89096}
{"itemId":"B0031ESKRM","ProductIndex":38059}
{"itemId":"B003DLX6J0","ProductIndex":158323}
{"itemId":"B000PKPRJY","ProductIndex":65727}
{"itemId":"B00938S9XA","ProductIndex":112416}
{"itemId":"B003HN10M4","ProductIndex":198285}
{"itemId":"B000ZDXOQO","ProductIndex":126737}
{"itemId":"B003YJIJJI","ProductIndex":78932}
{"itemId":"B0002KRA9M","ProductIndex":99725}
{"itemId":"B00D2OMKE0","ProductIndex":203788}
{"itemId":"B00419SI1E","ProductIndex":72465}
{"itemId":"B0024FB486","ProductIndex":88143}
{"itemId":"B005PGFA9A","ProductIndex":176854}
{"itemId":"B007BWC2TW","ProductIndex":160631}
{"itemId":"B00GWUAJ1M","ProductIndex":180698}
{"itemId":"B000A0S98A","ProductIndex":74110}
{"itemId":"B0016600G6","ProductIndex":46001}
{"itemId":"B0064YRMIE","ProductIndex":42126}
{"itemId":"B00FF9FFVA","ProductIndex":89902}
{"itemId":"B00EZIGSVI","ProductIndex":115414}
{"itemId":"B00770TFLG","ProductIndex":188237}
{"itemId":"B000MUF6O8","ProductIndex":59429}
{"itemId":"B0067N3FA6","ProductIndex":165749}
{"itemId":"B00295RBUQ","ProductIndex":86053}
{"itemId":"B008LDOO6O","ProductIndex":41212}
{"itemId":"B0087FMZBM","ProductIndex":92504}
{"itemId":"B0098OC53E","ProductIndex":126637}
{"itemId":"B0052QTBB6","ProductIndex":102853}
{"itemId":"B0018YXP9A","ProductIndex":70064}
{"itemId":"B000GL5YV8","ProductIndex":114867}
{"itemId":"B002X78712","ProductIndex":130677}
{"itemId":"B008WAMV2K","ProductIndex":71028}
{"itemId":"B00BBHP25O","ProductIndex":81275}
{"itemId":"B0072618NI","ProductIndex":57697}
{"itemId":"B004J6LYGA","ProductIndex":199961}
{"itemId":"B000OTKZFM","ProductIndex":91783}
{"itemId":"B0034ZR452","ProductIndex":77113}
{"itemId":"B008M47QGC","ProductIndex":44767}
{"itemId":"B00006B6WH","ProductIndex":129418}
{"itemId":"B005VSY0KM","ProductIndex":97738}
{"itemId":"B004Y4ZG66","ProductIndex":54322}
{"itemId":"B00407XXLW","ProductIndex":203722}
{"itemId":"B00A9I6P7U","ProductIndex":84443}
{"itemId":"B001QVAL56","ProductIndex":60209}
{"itemId":"B002P3FQT0","ProductIndex":48365}
{"itemId":"B005DZKRRI","ProductIndex":52556}
{"itemId":"B000HTVHTC","ProductIndex":66047}
{"itemId":"B002VR9Z9M","ProductIndex":140085}
{"itemId":"B002HK6T0Q","ProductIndex":106085}
{"itemId":"B0052U9M8O","ProductIndex":77719}
{"itemId":"B0032FPYHY","ProductIndex":56710}
{"itemId":"B000UI74C4","ProductIndex":57336}
{"itemId":"B001JI735W","ProductIndex":55732}
{"itemId":"B000TFPL8C","ProductIndex":151154}
{"itemId":"B000TFJO4E","ProductIndex":201043}
{"itemId":"B002OUDW40","ProductIndex":121454}
{"itemId":"B000MHXIFK","ProductIndex":98386}
{"itemId":"B0002HHJ64","ProductIndex":168146}
{"itemId":"B00026CL9A","ProductIndex":155412}
{"itemId":"B008EPGWCI","ProductIndex":49411}
{"itemId":"B00CKNOVA0","ProductIndex":56547}
{"itemId":"B008P8FDHE","ProductIndex":175258}
{"itemId":"B000062TT8","ProductIndex":170657}
{"itemId":"B005AZ1AL8","ProductIndex":105868}
{"itemId":"B00407GJVS","ProductIndex":133256}
{"itemId":"B0098SNF2K","ProductIndex":61595}
{"itemId":"B0084C370Q","ProductIndex":82994}
{"itemId":"B00E0GO9FW","ProductIndex":127325}
{"itemId":"B008YE0HAW","ProductIndex":58832}
{"itemId":"B001OBPEDC","ProductIndex":130053}
{"itemId":"B000OYFY2Q","ProductIndex":138707}
{"itemId":"B000KUMOQ8","ProductIndex":99820}
{"itemId":"B008JAI2MG","ProductIndex":103086}
{"itemId":"B004IIS098","ProductIndex":170639}
{"itemId":"B00D62UYRS","ProductIndex":82464}
{"itemId":"B0002ZPUN0","ProductIndex":70418}
{"itemId":"B000F99F0W","ProductIndex":122172}
{"itemId":"B000W1OMQK","ProductIndex":113344}
{"itemId":"B00A1DUWKO","ProductIndex":85265}
{"itemId":"B0019U8D86","ProductIndex":92110}
{"itemId":"B007SRLEZ8","ProductIndex":170820}
{"itemId":"B00261PCX6","ProductIndex":106667}
{"itemId":"B0089Y5SBA","ProductIndex":116018}
{"itemId":"B000UIJTUY","ProductIndex":131390}
{"itemId":"B003EYVEYU","ProductIndex":150186}
{"itemId":"B005QKFP5E","ProductIndex":71727}
{"itemId":"B00KAV3USS","ProductIndex":188274}
{"itemId":"B000NO5OYA","ProductIndex":65520}
{"itemId":"B002JUZZR2","ProductIndex":49455}
{"itemId":"B0000AY3GY","ProductIndex":191483}
{"itemId":"B0064A2CJC","ProductIndex":93284}
{"itemId":"B005528H62","ProductIndex":146965}
{"itemId":"B00178LCTM","ProductIndex":113715}
{"itemId":"B000N29LAU","ProductIndex":45371}
{"itemId":"B001VFD0V4","ProductIndex":164600}
{"itemId":"B0030LMEXM","ProductIndex":149078}
{"itemId":"B00DW246LC","ProductIndex":87394}
{"itemId":"B00A8AEXT6","ProductIndex":74847}
{"itemId":"B003GDDMVM","ProductIndex":43019}
{"itemId":"B0011EHRDM","ProductIndex":77913}
{"itemId":"B005PIQQ1E","ProductIndex":106505}
{"itemId":"B002WQNQ38","ProductIndex":138485}
{"itemId":"B0081IOSOW","ProductIndex":55859}
{"itemId":"B008MOKY70","ProductIndex":162454}
{"itemId":"B001OPMTIG","ProductIndex":150940}
{"itemId":"B000L1R7HC","ProductIndex":112372}
{"itemId":"B002HK8116","ProductIndex":190384}
{"itemId":"B0000AUR20","ProductIndex":116814}
{"itemId":"B005ZAPEZG","ProductIndex":52991}
{"itemId":"B000N4PBBG","ProductIndex":128268}
{"itemId":"B001L5U152","ProductIndex":161450}
{"itemId":"B00HMTXYVY","ProductIndex":86590}
{"itemId":"B004XMX9EA","ProductIndex":152477}
{"itemId":"B00296004O","ProductIndex":205960}
{"itemId":"B003YMJR50","ProductIndex":144024}
{"itemId":"B009UOI9SM","ProductIndex":75386}
{"itemId":"B004LQ1YNG","ProductIndex":69162}
{"itemId":"B004E580PO","ProductIndex":103860}
{"itemId":"B000YYKAX4","ProductIndex":108514}
{"itemId":"B006GIIGZ6","ProductIndex":133230}
{"itemId":"B00D8MJG20","ProductIndex":200308}
{"itemId":"B001F7BFL0","ProductIndex":152781}
{"itemId":"B006LR7RES","ProductIndex":158315}
{"itemId":"B001RNFO3M","ProductIndex":160093}
{"itemId":"B008VO67FE","ProductIndex":184973}
{"itemId":"B00007ATWK","ProductIndex":170843}
{"itemId":"B0090V2LZ2","ProductIndex":166540}
{"itemId":"B0085RUZAA","ProductIndex":92105}
{"itemId":"B003CYKC7W","ProductIndex":58261}
{"itemId":"B004XZMARO","ProductIndex":117622}
{"itemId":"B000I4QGJC","ProductIndex":81507}
{"itemId":"B008PWUU3W","ProductIndex":97880}
{"itemId":"B003EQP1QA","ProductIndex":86157}
{"itemId":"B004Y3V7IS","ProductIndex":166286}
{"itemId":"B00GNVDTB2","ProductIndex":112822}
{"itemId":"B002ZDAEJ2","ProductIndex":93437}
{"itemId":"B003UYVSZY","ProductIndex":167569}
{"itemId":"B006G40IDS","ProductIndex":139657}
{"itemId":"B003W20FNA","ProductIndex":142253}
{"itemId":"B0002NRJCM","ProductIndex":106816}
{"itemId":"B0045OWI0C","ProductIndex":22228}
{"itemId":"B007S75WBU","ProductIndex":142546}
{"itemId":"B009D8ZDDE","ProductIndex":181570}
{"itemId":"B006WX9H7Q","ProductIndex":63632}
{"itemId":"B001S8KFVC","ProductIndex":143418}
{"itemId":"B0016CY0WU","ProductIndex":90795}
{"itemId":"B00C0K7SV2","ProductIndex":111926}
{"itemId":"B00080CWD0","ProductIndex":127579}
{"itemId":"B004XGE0E4","ProductIndex":194254}
{"itemId":"B00G4GICY0","ProductIndex":166278}
{"itemId":"B0032GVB2K","ProductIndex":69034}
{"itemId":"B00169R1H4","ProductIndex":163215}
{"itemId":"B009O40UJO","ProductIndex":81130}
{"itemId":"B005X3LYHM","ProductIndex":166486}
{"itemId":"B009PIAR4C","ProductIndex":89816}
{"itemId":"B0007IFVH2","ProductIndex":58601}
{"itemId":"B004FLP1HC","ProductIndex":126416}
{"itemId":"B006SSIMS0","ProductIndex":153136}
{"itemId":"B00127QKNQ","ProductIndex":118713}
{"itemId":"B004CF77NW","ProductIndex":65404}
{"itemId":"B002CZQ51Y","ProductIndex":98563}
{"itemId":"B00HSYS3C8","ProductIndex":38064}
{"itemId":"B00005U21D","ProductIndex":106040}
{"itemId":"B0091BKRMU","ProductIndex":176640}
{"itemId":"B000VRQZRO","ProductIndex":135290}
{"itemId":"B001ES8YY6","ProductIndex":180010}
{"itemId":"B007RNAPBW","ProductIndex":137221}
{"itemId":"B007M2LBTS","ProductIndex":146909}
{"itemId":"B0066CP998","ProductIndex":57361}
{"itemId":"B0036WT3HA","ProductIndex":46836}
{"itemId":"B000MT4L1S","ProductIndex":59258}
{"itemId":"B0045DGIWM","ProductIndex":87247}
{"itemId":"B002BSH9SU","ProductIndex":64452}
{"itemId":"B001AK7IQI","ProductIndex":61415}
{"itemId":"B0099FLLFK","ProductIndex":62236}
{"itemId":"B0011BFRPU","ProductIndex":156810}
{"itemId":"B003AKC5RS","ProductIndex":197789}
{"itemId":"B000V1U364","ProductIndex":205588}
{"itemId":"B006IMBODG","ProductIndex":141155}
{"itemId":"B0044LUJNE","ProductIndex":79385}
{"itemId":"B0068AEZBG","ProductIndex":68137}
{"itemId":"B008MNLU7Y","ProductIndex":93728}
{"itemId":"B007BGF8AI","ProductIndex":138940}
{"itemId":"B004E2QYAK","ProductIndex":111221}
{"itemId":"B00GUTY3DK","ProductIndex":166389}
{"itemId":"B00DNP2AA2","ProductIndex":147942}
{"itemId":"B005MZTZZO","ProductIndex":67778}
{"itemId":"B00AW6C1VI","ProductIndex":71994}
{"itemId":"B000NDMK2A","ProductIndex":158039}
{"itemId":"B00C2WFGQW","ProductIndex":203233}
{"itemId":"B00A01FXPG","ProductIndex":102501}
{"itemId":"B005FLMZU2","ProductIndex":102721}
{"itemId":"B003TPC4HA","ProductIndex":119697}
{"itemId":"B000HPWOK2","ProductIndex":176260}
{"itemId":"B000LPZ4SC","ProductIndex":154279}
{"itemId":"B009ACBAV2","ProductIndex":133503}
{"itemId":"B00BTMEJ8C","ProductIndex":189975}
{"itemId":"B008KYA0GM","ProductIndex":86555}
{"itemId":"B000R2B8ZC","ProductIndex":151633}
{"itemId":"B007IFRE0E","ProductIndex":161588}
{"itemId":"B004D9PCDO","ProductIndex":194555}
{"itemId":"B0000509JG","ProductIndex":185454}
{"itemId":"B00HTKDFGU","ProductIndex":162617}
{"itemId":"B000VZ50J0","ProductIndex":74368}
{"itemId":"B00123XZLA","ProductIndex":170674}
{"itemId":"B002TD8PPI","ProductIndex":101616}
{"itemId":"B007PEJK78","ProductIndex":160114}
{"itemId":"B005IXUCEI","ProductIndex":81906}
{"itemId":"B004W7EYIQ","ProductIndex":123815}
{"itemId":"B003O5KCJW","ProductIndex":155641}
{"itemId":"B003WH7FK6","ProductIndex":103996}
{"itemId":"B00C2JHXJ8","ProductIndex":103503}
{"itemId":"B003V8ATWW","ProductIndex":136920}
{"itemId":"B004GCIYXS","ProductIndex":44622}
{"itemId":"B00H4MWXNE","ProductIndex":65179}
{"itemId":"B0009OAFIO","ProductIndex":195176}
{"itemId":"B000067NL9","ProductIndex":118828}
{"itemId":"B009NIBFHM","ProductIndex":57074}
{"itemId":"B0037WIREO","ProductIndex":192391}
{"itemId":"B0043PKYVI","ProductIndex":114247}
{"itemId":"B004A7Z1L2","ProductIndex":189494}
{"itemId":"B004QL27QY","ProductIndex":86905}
{"itemId":"B003M4GUSW","ProductIndex":90004}
{"itemId":"B004LC28G2","ProductIndex":69446}
{"itemId":"B007XJ7AXQ","ProductIndex":134105}
{"itemId":"B0007LQ28Q","ProductIndex":79993}
{"itemId":"B009LKNHL4","ProductIndex":130413}
{"itemId":"B008HOPP42","ProductIndex":134110}
{"itemId":"B006VCP0BU","ProductIndex":140045}
{"itemId":"B002IXG7FO","ProductIndex":82087}
{"itemId":"B00163F2CG","ProductIndex":145256}
{"itemId":"B000653HHW","ProductIndex":132540}
{"itemId":"B00AYQIX6S","ProductIndex":84420}
{"itemId":"B009KT9TMW","ProductIndex":158274}
{"itemId":"B00064OO8Y","ProductIndex":74545}
{"itemId":"B000BY66HG","ProductIndex":131035}
{"itemId":"B005ZFFG5O","ProductIndex":104391}
{"itemId":"B00009R6VR","ProductIndex":91601}
{"itemId":"B004IQDRX4","ProductIndex":112424}
{"itemId":"B005FRD39I","ProductIndex":113983}
{"itemId":"B0043XGZ72","ProductIndex":120289}
{"itemId":"B0013SJF1S","ProductIndex":166721}
{"itemId":"B000AZFTHY","ProductIndex":167766}
{"itemId":"B0000A279E","ProductIndex":152553}
{"itemId":"B0041KOFQA","ProductIndex":166416}
{"itemId":"B0087Y7C7U","ProductIndex":175517}
{"itemId":"B003O4WUWU","ProductIndex":206638}
{"itemId":"B006MPW9CY","ProductIndex":195384}
{"itemId":"B002RJUL24","ProductIndex":155833}
{"itemId":"B00DQI21FA","ProductIndex":126288}
{"itemId":"B00460PHQ2","ProductIndex":175333}
{"itemId":"B0042UGIHS","ProductIndex":71387}
{"itemId":"B00001W0DM","ProductIndex":84802}
{"itemId":"B001PM4LJS","ProductIndex":63092}
{"itemId":"B0070APVU2","ProductIndex":102231}
{"itemId":"B00009V4H4","ProductIndex":117550}
{"itemId":"B002W6IQ9C","ProductIndex":128443}
{"itemId":"B0015AB3H8","ProductIndex":126384}
{"itemId":"B00BLFUJ54","ProductIndex":149781}
{"itemId":"B0007LFUA2","ProductIndex":145970}
{"itemId":"B002KID7PA","ProductIndex":105395}
{"itemId":"B0002PS51Y","ProductIndex":152723}
{"itemId":"B00HD61CK6","ProductIndex":113195}
{"itemId":"B00CIGY73A","ProductIndex":195044}
{"itemId":"B00DFNJDUW","ProductIndex":159208}
{"itemId":"B0045UEXAO","ProductIndex":101051}
{"itemId":"B000ME8EAW","ProductIndex":149273}
{"itemId":"B007736UO8","ProductIndex":173688}
{"itemId":"B004AH6HM4","ProductIndex":206484}
{"itemId":"B00081NX4G","ProductIndex":152058}
{"itemId":"B002H3ZHCO","ProductIndex":117617}
{"itemId":"B00651CFU6","ProductIndex":105670}
{"itemId":"B001D9U0FW","ProductIndex":161375}
{"itemId":"B005V19QQC","ProductIndex":127030}
{"itemId":"B00009U19M","ProductIndex":175490}
{"itemId":"B00CBAPO76","ProductIndex":160150}
{"itemId":"B00517MIUM","ProductIndex":165791}
{"itemId":"B000G1KS2S","ProductIndex":79466}
{"itemId":"B004GNXVSA","ProductIndex":109638}
{"itemId":"B004EBFCOA","ProductIndex":115226}
{"itemId":"B000S8CICM","ProductIndex":173148}
{"itemId":"B0073JZ0EC","ProductIndex":141397}
{"itemId":"B00AK2MHTA","ProductIndex":151083}
{"itemId":"B005IZFUW0","ProductIndex":122062}
{"itemId":"B004GZZ4Q0","ProductIndex":86879}
{"itemId":"B005DPP8H2","ProductIndex":188418}
{"itemId":"B00DFSO9QA","ProductIndex":110237}
{"itemId":"B00D4MA8B2","ProductIndex":164327}
{"itemId":"B001DNZ0TY","ProductIndex":166480}
{"itemId":"B005GNWG9Y","ProductIndex":194554}
{"itemId":"B004QY53BW","ProductIndex":196814}
{"itemId":"B00F7MAERA","ProductIndex":99154}
{"itemId":"B003RBI894","ProductIndex":108912}
{"itemId":"B00005NJ8T","ProductIndex":146755}
{"itemId":"B004Q7IADC","ProductIndex":122455}
{"itemId":"B00IFYTNQ0","ProductIndex":178447}
{"itemId":"B001F09ECE","ProductIndex":151805}
{"itemId":"B009C7WHRQ","ProductIndex":76818}
{"itemId":"B0034Q3PZE","ProductIndex":156646}
{"itemId":"B00GCZ7MK8","ProductIndex":121507}
{"itemId":"B002A6ER2O","ProductIndex":86375}
{"itemId":"B007R9CRJE","ProductIndex":145123}
{"itemId":"B0010CY24C","ProductIndex":182513}
{"itemId":"B00I4EUERS","ProductIndex":116951}
{"itemId":"B00IL1EISK","ProductIndex":167722}
{"itemId":"B00004VVUQ","ProductIndex":207684}
{"itemId":"B007BFV4XY","ProductIndex":165745}
{"itemId":"B000FVQX6E","ProductIndex":100586}
{"itemId":"B001QZATZY","ProductIndex":186720}
{"itemId":"B008VBVN5G","ProductIndex":168731}
{"itemId":"B004H3DHK6","ProductIndex":105311}
{"itemId":"B004JYG5VG","ProductIndex":174581}
{"itemId":"B0000C20UL","ProductIndex":94116}
{"itemId":"B007O7UJ94","ProductIndex":130744}
{"itemId":"B007PPHNIA","ProductIndex":128331}
{"itemId":"B005089454","ProductIndex":113507}
{"itemId":"B000OP9DJ0","ProductIndex":150470}
{"itemId":"B009AO54CQ","ProductIndex":150526}
{"itemId":"B008VD4J8W","ProductIndex":130703}
{"itemId":"B00008Y19B","ProductIndex":191209}
{"itemId":"B00A1EQ950","ProductIndex":126185}
{"itemId":"B0014CQ0F2","ProductIndex":145020}
{"itemId":"B00G57BYYI","ProductIndex":184020}
{"itemId":"B000KAGQFS","ProductIndex":169571}
{"itemId":"B0028B7138","ProductIndex":92163}
{"itemId":"B004SQNLVW","ProductIndex":152459}
{"itemId":"B001DFBRK8","ProductIndex":125536}
{"itemId":"B00GNSD7AI","ProductIndex":174884}
{"itemId":"B005WPUE86","ProductIndex":173117}
{"itemId":"B004KPLNK2","ProductIndex":175675}
{"itemId":"B008IXLA8M","ProductIndex":189288}
{"itemId":"B00GIQYDAI","ProductIndex":92488}
{"itemId":"B005A3SXXI","ProductIndex":200282}
{"itemId":"B00JMNUGSM","ProductIndex":169321}
{"itemId":"B000KOHQ1W","ProductIndex":107880}
{"itemId":"B003LD7IO4","ProductIndex":114848}
{"itemId":"B001TE3R42","ProductIndex":168712}
{"itemId":"B004WJMMMY","ProductIndex":131823}
{"itemId":"B006VOFF8Q","ProductIndex":196806}
{"itemId":"B004AM9BT0","ProductIndex":207200}
{"itemId":"B005S0MSU2","ProductIndex":184112}
{"itemId":"B001KSNMOC","ProductIndex":88965}
{"itemId":"B007VOGRDC","ProductIndex":143004}
{"itemId":"B000P6H8Z4","ProductIndex":164462}
{"itemId":"B000I996VW","ProductIndex":95900}
{"itemId":"B009CD15JG","ProductIndex":204957}
{"itemId":"B0012C6RNY","ProductIndex":203040}
{"itemId":"B004XDSQIS","ProductIndex":140425}
{"itemId":"B0038NA2Q8","ProductIndex":133886}
{"itemId":"B0036TH1IQ","ProductIndex":199943}
{"itemId":"B00HED5NG2","ProductIndex":144904}
{"itemId":"B005LMB1X2","ProductIndex":183446}
{"itemId":"B005HT0MY8","ProductIndex":191469}
{"itemId":"B004NOZMSY","ProductIndex":178862}
{"itemId":"B00F4JRKSW","ProductIndex":107239}
{"itemId":"B001GBT67U","ProductIndex":182724}
{"itemId":"B002IT24V4","ProductIndex":127082}
{"itemId":"B007NPT98Y","ProductIndex":181151}
{"itemId":"B00486TH7E","ProductIndex":82096}
{"itemId":"B005BYVZ6S","ProductIndex":140265}
{"itemId":"B002MX6RZK","ProductIndex":190435}
{"itemId":"B004QC1EJE","ProductIndex":119358}
{"itemId":"B001TJC7S4","ProductIndex":147051}
{"itemId":"B00927EXLE","ProductIndex":207187}
{"itemId":"B0002XN3WM","ProductIndex":164456}
{"itemId":"B00IEDV1RQ","ProductIndex":139033}
{"itemId":"B001AOK96A","ProductIndex":132450}
{"itemId":"B00178P8SS","ProductIndex":103919}
{"itemId":"B000S01SAS","ProductIndex":171350}
{"itemId":"B007PMJVS8","ProductIndex":110868}
{"itemId":"B009PODN9W","ProductIndex":191338}
{"itemId":"B0098WKCQI","ProductIndex":173758}
{"itemId":"B005QUGE8Q","ProductIndex":199129}
{"itemId":"B00BLCLVGI","ProductIndex":120872}
{"itemId":"B000BT27EC","ProductIndex":192963}
{"itemId":"B004W7ONV4","ProductIndex":165276}
{"itemId":"B000TFPJ8O","ProductIndex":206044}
{"itemId":"B00CUBT06W","ProductIndex":104492}
{"itemId":"B00CZVG91Q","ProductIndex":189216}
{"itemId":"B006073N2Y","ProductIndex":191346}
{"itemId":"B003OBZQNS","ProductIndex":85524}
{"itemId":"B005G2JF7G","ProductIndex":142932}
{"itemId":"B00471DW4O","ProductIndex":124616}
{"itemId":"B009VDPNXQ","ProductIndex":156539}
{"itemId":"B00005LCTZ","ProductIndex":143880}
{"itemId":"B000NNJ5CS","ProductIndex":133379}
{"itemId":"B00004Z7W8","ProductIndex":198919}
{"itemId":"B001C1WMTS","ProductIndex":152393}
{"itemId":"B004Z1VP6S","ProductIndex":113993}
{"itemId":"B007FNJ88K","ProductIndex":165281}
{"itemId":"B001EJXCA6","ProductIndex":157994}
{"itemId":"B000MG4BV6","ProductIndex":156129}
{"itemId":"B00A9Z593Y","ProductIndex":149192}
{"itemId":"B000063VY2","ProductIndex":173096}
{"itemId":"B005DPT2O2","ProductIndex":207979}
{"itemId":"B007O31RMQ","ProductIndex":183406}
{"itemId":"B00BMX57X4","ProductIndex":184706}
{"itemId":"B00B5HL36W","ProductIndex":207619}
{"itemId":"B00DUSW5WA","ProductIndex":178199}
{"itemId":"B003ZHUD70","ProductIndex":185918}
{"itemId":"B0002J1ME2","ProductIndex":171890}
{"itemId":"B003VANQZ2","ProductIndex":190684}
{"itemId":"B008FYBE6C","ProductIndex":192193}
{"itemId":"B0043CGJO2","ProductIndex":125323}
{"itemId":"B000F3MG1I","ProductIndex":176140}
{"itemId":"B0091IFGDI","ProductIndex":198535}
{"itemId":"B000KMEHHA","ProductIndex":134298}
{"itemId":"B003WM87RG","ProductIndex":175581}
{"itemId":"B0048ID2XC","ProductIndex":167953}
{"itemId":"B003BXW81C","ProductIndex":152469}
{"itemId":"B008PJZY5Y","ProductIndex":163094}
{"itemId":"B00H9N2DDS","ProductIndex":163835}
{"itemId":"B0075TDWEU","ProductIndex":183225}
{"itemId":"B006GC41AG","ProductIndex":181901}
{"itemId":"B003FES27Q","ProductIndex":123701}
{"itemId":"B000PQRDR2","ProductIndex":192153}
{"itemId":"B006IKHKXQ","ProductIndex":194709}
{"itemId":"B002DW8YFQ","ProductIndex":185591}
{"itemId":"B0032K9R90","ProductIndex":159222}
{"itemId":"B0096678K4","ProductIndex":145425}
{"itemId":"B001AO2RM4","ProductIndex":115766}
{"itemId":"B0042BXJU6","ProductIndex":149410}
{"itemId":"B00AHGZQSS","ProductIndex":179041}
{"itemId":"B002KJT992","ProductIndex":131368}
{"itemId":"B000YSSXOI","ProductIndex":118247}
{"itemId":"B004K1EQLO","ProductIndex":133386}
{"itemId":"B000Q7D8YC","ProductIndex":66261}
{"itemId":"B001HKVSRQ","ProductIndex":167008}
{"itemId":"B0085LZ394","ProductIndex":182659}
{"itemId":"B009G4P2B8","ProductIndex":180949}
{"itemId":"B0083SGKEQ","ProductIndex":205778}
{"itemId":"B004I7II7I","ProductIndex":157361}
{"itemId":"B006ZGCYT8","ProductIndex":185397}
{"itemId":"B004AUUWHC","ProductIndex":186324}
{"itemId":"B001UUCZDE","ProductIndex":168188}
{"itemId":"B001FXQJN8","ProductIndex":191394}
{"itemId":"B0000A9DVA","ProductIndex":197734}
{"itemId":"B00DBRLHK6","ProductIndex":152104}
{"itemId":"B0036R8D1M","ProductIndex":145041}
{"itemId":"B00115T9Q4","ProductIndex":172210}
{"itemId":"B00ID2GPUG","ProductIndex":203152}
{"itemId":"B00CXGS8MQ","ProductIndex":141084}
{"itemId":"B002D5TTY8","ProductIndex":192072}
{"itemId":"B00773UGZW","ProductIndex":151674}
{"itemId":"B00AV87W2U","ProductIndex":189987}
{"itemId":"B001BPZBGG","ProductIndex":181269}
{"itemId":"B001TPP8JS","ProductIndex":147683}
{"itemId":"B004IOLKQM","ProductIndex":185720}
{"itemId":"B002O0KCR0","ProductIndex":128047}
{"itemId":"B00239K5P6","ProductIndex":183987}
{"itemId":"B000H3ANV6","ProductIndex":116851}
{"itemId":"B00004TWLX","ProductIndex":159421}
{"itemId":"B00BQ8ZIIO","ProductIndex":198670}
{"itemId":"B00698QN30","ProductIndex":193217}
{"itemId":"B005H3D5J8","ProductIndex":185107}
{"itemId":"B001LJXZQ0","ProductIndex":207249}
{"itemId":"B00009UT8T","ProductIndex":190137}
{"itemId":"B001UHJI0A","ProductIndex":161064}
{"itemId":"B0036S06I4","ProductIndex":182716}
{"itemId":"B0056CE526","ProductIndex":161942}
{"itemId":"B0086OSGSK","ProductIndex":195223}
{"itemId":"B00070HKVA","ProductIndex":116741}
{"itemId":"B002OKZCX4","ProductIndex":175532}
{"itemId":"B002S0OAEM","ProductIndex":189162}
{"itemId":"B009AL8KW0","ProductIndex":162870}
{"itemId":"B000204SVA","ProductIndex":199521}
{"itemId":"B00005T3X9","ProductIndex":193269}
{"itemId":"B003VKZRQI","ProductIndex":182558}
{"itemId":"B00AZFASMK","ProductIndex":193764}
{"itemId":"B00005AKUF","ProductIndex":203028}
{"itemId":"B006OCNH5I","ProductIndex":148222}
{"itemId":"B000050ZQ7","ProductIndex":196114}
{"itemId":"B007BU6IOO","ProductIndex":194683}
{"itemId":"B000OZSDN2","ProductIndex":197717}
{"itemId":"B001MQ35F8","ProductIndex":131184}
{"itemId":"B0095S0N5U","ProductIndex":148966}
{"itemId":"B009X6H8ZW","ProductIndex":119167}
{"itemId":"B0046EOJU8","ProductIndex":204915}
{"itemId":"B0017XHLJM","ProductIndex":187912}
{"itemId":"B002TKWV42","ProductIndex":147207}
{"itemId":"B0052GA8VS","ProductIndex":197071}
{"itemId":"B00DS6JJ3C","ProductIndex":201340}
{"itemId":"B00B3QYBFK","ProductIndex":185504}
{"itemId":"B006F9NG60","ProductIndex":197699}
{"itemId":"B007H9NZYA","ProductIndex":201672}
{"itemId":"B004XESUQA","ProductIndex":204810}
{"itemId":"B00AZM8FE6","ProductIndex":174079}
{"itemId":"B0038ARX9U","ProductIndex":189350}
{"itemId":"B0018D5Q34","ProductIndex":144671}
{"itemId":"B003KI0JF0","ProductIndex":147216}
{"itemId":"B000Y7LXK0","ProductIndex":186764}
{"itemId":"B008RN4GC0","ProductIndex":160782}
{"itemId":"B008LYJXFA","ProductIndex":181210}
{"itemId":"B000KKXKRA","ProductIndex":152696}
{"itemId":"B00FB2XMJI","ProductIndex":205560}
{"itemId":"B00AGAQ8VE","ProductIndex":192816}
{"itemId":"B00144FV1Y","ProductIndex":159697}
{"itemId":"B00314EAOE","ProductIndex":202228}
{"itemId":"B001BQ1ZAQ","ProductIndex":178790}
{"itemId":"B00448RKSY","ProductIndex":176312}
{"itemId":"B007M8SGJU","ProductIndex":202649}
{"itemId":"B000I5L6G4","ProductIndex":178801}
{"itemId":"B000BN2ZVI","ProductIndex":194019}
{"itemId":"B00FZYL67M","ProductIndex":192295}
{"itemId":"B00AZ4UOC0","ProductIndex":197185}
{"itemId":"B00APQJ8G6","ProductIndex":189736}
