{"itemId":"B0002Y5WXE","ProductIndex":2101}
{"itemId":"B0055OMCJ8","ProductIndex":23639}
{"itemId":"B000652M6Y","ProductIndex":151}
{"itemId":"B006ILUAU0","ProductIndex":76023}
{"itemId":"B0084JXKLA","ProductIndex":18944}
{"itemId":"B00E055H5O","ProductIndex":81}
{"itemId":"B004XZHY34","ProductIndex":877}
{"itemId":"B004I1GHY0","ProductIndex":1815}
{"itemId":"B004QJ9JLW","ProductIndex":2615}
{"itemId":"B008EWNVI4","ProductIndex":1289}
{"itemId":"B008NMCPTQ","ProductIndex":98}
{"itemId":"B0011WZ2TU","ProductIndex":12811}
{"itemId":"B0038W0N8G","ProductIndex":2090}
{"itemId":"B0071BIQZC","ProductIndex":7421}
{"itemId":"B00006RVPW","ProductIndex":257}
{"itemId":"B000SMVQK8","ProductIndex":413}
{"itemId":"B00EJVVKPA","ProductIndex":14822}
{"itemId":"B005HUCUME","ProductIndex":150722}
{"itemId":"B000W6O08A","ProductIndex":11558}
{"itemId":"B009YE8L72","ProductIndex":31845}
{"itemId":"B00CVQP7CW","ProductIndex":49131}
{"itemId":"B004TLH7C0","ProductIndex":1031}
{"itemId":"B001FB56WK","ProductIndex":27579}
{"itemId":"B004OF9XGO","ProductIndex":627}
{"itemId":"B000CHRK6S","ProductIndex":7307}
{"itemId":"B004LWT6Q2","ProductIndex":12383}
{"itemId":"B004UE1W9K","ProductIndex":6290}
{"itemId":"B00B77P2IU","ProductIndex":73259}
{"itemId":"B0047BNRJ4","ProductIndex":17378}
{"itemId":"B000L9OIQC","ProductIndex":2906}
{"itemId":"B0001DZ38U","ProductIndex":5821}
{"itemId":"B005ZXO44A","ProductIndex":109417}
{"itemId":"B00126PHV8","ProductIndex":4816}
{"itemId":"B0031GGQC6","ProductIndex":1231}
{"itemId":"B001F51GYI","ProductIndex":14623}
{"itemId":"B008CS5QTW","ProductIndex":619}
{"itemId":"B000RT8CM2","ProductIndex":1386}
{"itemId":"B00A02ZU80","ProductIndex":49977}
{"itemId":"B001P3PSS0","ProductIndex":1509}
{"itemId":"B00DE0EPCM","ProductIndex":2006}
{"itemId":"B004YLCIC4","ProductIndex":9186}
{"itemId":"B007YKUWN4","ProductIndex":338}
{"itemId":"B005HXLJMI","ProductIndex":46714}
{"itemId":"B007LLYAIO","ProductIndex":16396}
{"itemId":"B0002EPWC0","ProductIndex":4241}
{"itemId":"B004TA0AUW","ProductIndex":2540}
{"itemId":"B008DFVQFW","ProductIndex":32527}
{"itemId":"B00524NXJ4","ProductIndex":26785}
{"itemId":"B003OGNXZQ","ProductIndex":43727}
{"itemId":"B003QAB4Y2","ProductIndex":25097}
{"itemId":"B00BZ2NNOM","ProductIndex":24923}
{"itemId":"B002QEBGOM","ProductIndex":103815}
{"itemId":"B000AA2RCY","ProductIndex":883}
{"itemId":"B004HO59M4","ProductIndex":10454}
{"itemId":"B00A9S3H62","ProductIndex":29243}
{"itemId":"B0085R30J8","ProductIndex":66618}
{"itemId":"B002MLMIXM","ProductIndex":196076}
{"itemId":"B00C2WE4LK","ProductIndex":109711}
{"itemId":"B00E9646MY","ProductIndex":32435}
{"itemId":"B004ASMDA8","ProductIndex":36941}
{"itemId":"B00009EHJV","ProductIndex":879}
{"itemId":"B000C0QGB0","ProductIndex":25122}
{"itemId":"B007QCXYV2","ProductIndex":16077}
{"itemId":"B00872TUIQ","ProductIndex":18768}
{"itemId":"B004FEEZHQ","ProductIndex":2290}
{"itemId":"B0040QW7KQ","ProductIndex":27396}
{"itemId":"B00083XXZS","ProductIndex":13922}
{"itemId":"B00CR8H592","ProductIndex":39670}
{"itemId":"B00DH0KKVY","ProductIndex":149098}
{"itemId":"B00ALSAGLO","ProductIndex":72622}
{"itemId":"B001U3Y6AQ","ProductIndex":6329}
{"itemId":"B0095ZLP3C","ProductIndex":12235}
{"itemId":"B002JGTOSW","ProductIndex":95378}
{"itemId":"B00099E48Q","ProductIndex":81284}
{"itemId":"B002Y0SJF2","ProductIndex":80839}
{"itemId":"B000067RL2","ProductIndex":67558}
{"itemId":"B000IXP946","ProductIndex":5241}
{"itemId":"B0009X5Y54","ProductIndex":63328}
{"itemId":"B00FAPHJ54","ProductIndex":76975}
{"itemId":"B00DW374W4","ProductIndex":2783}
{"itemId":"B00019H5TE","ProductIndex":58584}
{"itemId":"B00933N22S","ProductIndex":17068}
{"itemId":"B001QJGYZO","ProductIndex":19600}
{"itemId":"B00DSUTVK4","ProductIndex":3349}
{"itemId":"B0001NNLHK","ProductIndex":6062}
{"itemId":"B00EXPNFQO","ProductIndex":3280}
{"itemId":"B002MUGUFK","ProductIndex":2009}
{"itemId":"B008R39FKS","ProductIndex":24119}
{"itemId":"B005MIDB7E","ProductIndex":7360}
{"itemId":"B0090PMBX0","ProductIndex":18689}
{"itemId":"B0087WHEU2","ProductIndex":114639}
{"itemId":"B000UY3L20","ProductIndex":188272}
{"itemId":"B005B111II","ProductIndex":21339}
{"itemId":"B0044QXHDI","ProductIndex":35402}
{"itemId":"B000H6CBA4","ProductIndex":4269}
{"itemId":"B0080DR3KE","ProductIndex":18182}
{"itemId":"B001GPAK2Q","ProductIndex":74140}
{"itemId":"B0001LCZZQ","ProductIndex":48561}
{"itemId":"B003A5TX82","ProductIndex":6667}
{"itemId":"B008DWH00K","ProductIndex":2895}
{"itemId":"B003XOR00I","ProductIndex":9335}
{"itemId":"B0047EL5D6","ProductIndex":20657}
{"itemId":"B00004SPCD","ProductIndex":192093}
{"itemId":"B0096FBGIA","ProductIndex":44425}
{"itemId":"B00358ZFL8","ProductIndex":46831}
{"itemId":"B00IDUQRP6","ProductIndex":56498}
{"itemId":"B005BZNE1Q","ProductIndex":13865}
{"itemId":"B005TMTI5W","ProductIndex":8355}
{"itemId":"B0074H3IU6","ProductIndex":3978}
{"itemId":"B00CWDEX2O","ProductIndex":44305}
{"itemId":"B00BG6CSZC","ProductIndex":121638}
{"itemId":"B000F34IA0","ProductIndex":6293}
{"itemId":"B002S3YL3Y","ProductIndex":23471}
{"itemId":"B0085JFLEI","ProductIndex":97873}
{"itemId":"B004071ZX0","ProductIndex":5119}
{"itemId":"B00DQZO0R0","ProductIndex":12155}
{"itemId":"B000AAZQM2","ProductIndex":6432}
{"itemId":"B000PYCO7S","ProductIndex":80637}
{"itemId":"B0007TC38G","ProductIndex":44062}
{"itemId":"B000CMS7II","ProductIndex":81352}
{"itemId":"B007L5XWN4","ProductIndex":81431}
{"itemId":"B00B6V2BYK","ProductIndex":185607}
{"itemId":"B001GV3ZYU","ProductIndex":181244}
{"itemId":"B002GYBIEU","ProductIndex":30332}
{"itemId":"B001VNIS5Y","ProductIndex":131573}
{"itemId":"B0099GV5GO","ProductIndex":50645}
{"itemId":"B001ELFE0K","ProductIndex":25695}
{"itemId":"B0042DIZ5S","ProductIndex":8758}
{"itemId":"B003CF0DK2","ProductIndex":51417}
{"itemId":"B004OB8T72","ProductIndex":73031}
{"itemId":"B00153T624","ProductIndex":15963}
{"itemId":"B002RO8DPG","ProductIndex":28113}
{"itemId":"B002JCSCSY","ProductIndex":149577}
{"itemId":"B00076WOC4","ProductIndex":9965}
{"itemId":"B00CA9I9IY","ProductIndex":90426}
{"itemId":"B0097DOYMG","ProductIndex":144122}
{"itemId":"B00E9BUXJ4","ProductIndex":17614}
{"itemId":"B001G4DDE4","ProductIndex":47321}
{"itemId":"B006QMGINY","ProductIndex":82837}
{"itemId":"B002IP3WV4","ProductIndex":113930}
{"itemId":"B00CVMO466","ProductIndex":202539}
{"itemId":"B00EED657G","ProductIndex":59818}
{"itemId":"B004W527XC","ProductIndex":72725}
{"itemId":"B004PRUTBO","ProductIndex":34709}
{"itemId":"B001EVBUSK","ProductIndex":24360}
{"itemId":"B005IIRAC0","ProductIndex":21525}
{"itemId":"B001E691RC","ProductIndex":17957}
{"itemId":"B004NEUKNQ","ProductIndex":84859}
{"itemId":"B00AU53D04","ProductIndex":80015}
{"itemId":"B008P8FC4I","ProductIndex":14458}
{"itemId":"B00G2AEAGM","ProductIndex":63252}
{"itemId":"B008KFY16Q","ProductIndex":9557}
{"itemId":"B001A5GBUC","ProductIndex":52544}
{"itemId":"B003IJ3WIW","ProductIndex":25268}
{"itemId":"B000VJRUM6","ProductIndex":8015}
{"itemId":"B001193F1K","ProductIndex":41367}
{"itemId":"B00F4MPS7O","ProductIndex":26455}
{"itemId":"B003PJI9CE","ProductIndex":21051}
{"itemId":"B0055W2XQM","ProductIndex":14714}
{"itemId":"B00005A3M9","ProductIndex":93888}
{"itemId":"B00065W74G","ProductIndex":29351}
{"itemId":"B0034TUDD8","ProductIndex":19959}
{"itemId":"B0055L59ZU","ProductIndex":151239}
{"itemId":"B0091A2X50","ProductIndex":35465}
{"itemId":"B003VWZIZQ","ProductIndex":72128}
{"itemId":"B00A8K00SO","ProductIndex":13219}
{"itemId":"B001AWTLPW","ProductIndex":59422}
{"itemId":"B00A86MMY8","ProductIndex":75005}
{"itemId":"B00064C5T4","ProductIndex":49599}
{"itemId":"B005CV9LN4","ProductIndex":31820}
{"itemId":"B00ATXA41S","ProductIndex":85542}
{"itemId":"B0000DHB2H","ProductIndex":94918}
{"itemId":"B00ATM1NAU","ProductIndex":6883}
{"itemId":"B00789K6O6","ProductIndex":72801}
{"itemId":"B00F9VPDJI","ProductIndex":23390}
{"itemId":"B002MXXBKY","ProductIndex":22334}
{"itemId":"B005K4XRFG","ProductIndex":85376}
{"itemId":"B0079RY5AI","ProductIndex":14102}
{"itemId":"B009PP4AA2","ProductIndex":135951}
{"itemId":"B005TGKX9S","ProductIndex":5688}
{"itemId":"B000I1E6NI","ProductIndex":133384}
{"itemId":"B0010QPX4G","ProductIndex":9367}
{"itemId":"B00J80TN7O","ProductIndex":54346}
{"itemId":"B000JJSQ1C","ProductIndex":28791}
{"itemId":"B00KIMX4EY","ProductIndex":34837}
{"itemId":"B004AM5X74","ProductIndex":183538}
{"itemId":"B001J5MQ20","ProductIndex":11174}
{"itemId":"B004HFCQO2","ProductIndex":77512}
{"itemId":"B0046E47CS","ProductIndex":33927}
{"itemId":"B00AZFASG6","ProductIndex":49738}
{"itemId":"B00CSMMQWS","ProductIndex":75797}
{"itemId":"B005GSS7PQ","ProductIndex":18567}
{"itemId":"B0039YON66","ProductIndex":26515}
{"itemId":"B001PA9GX6","ProductIndex":53468}
{"itemId":"B003U8K4DM","ProductIndex":102285}
{"itemId":"B004XF3EQA","ProductIndex":6369}
{"itemId":"B000JLO6RS","ProductIndex":21037}
{"itemId":"B00G2OTRMA","ProductIndex":40564}
{"itemId":"B001BT8W68","ProductIndex":129929}
{"itemId":"B00BF9MZ9O","ProductIndex":14187}
{"itemId":"B00DC1YO1K","ProductIndex":27494}
{"itemId":"B000BOCOP4","ProductIndex":206649}
{"itemId":"B00CP5UVQQ","ProductIndex":76689}
{"itemId":"B001CJ63ZO","ProductIndex":75959}
{"itemId":"B008SA62QK","ProductIndex":27054}
{"itemId":"B00DI7MDC0","ProductIndex":112455}
{"itemId":"B002SNE7OW","ProductIndex":21018}
{"itemId":"B004PXPPNA","ProductIndex":40957}
{"itemId":"B004BYUY4S","ProductIndex":127234}
{"itemId":"B0018ZDBKW","ProductIndex":75727}
{"itemId":"B008M7OEB4","ProductIndex":11837}
{"itemId":"B002G1YNPO","ProductIndex":53632}
{"itemId":"B0007LA9EE","ProductIndex":18540}
{"itemId":"B0047PB0Z8","ProductIndex":27859}
{"itemId":"B00083XXY4","ProductIndex":106093}
{"itemId":"B004TA72CQ","ProductIndex":162277}
{"itemId":"B0000AI1HP","ProductIndex":25249}
{"itemId":"B002B4KM1A","ProductIndex":17147}
{"itemId":"B002BE8CEY","ProductIndex":90642}
{"itemId":"B0082RRK2O","ProductIndex":89825}
{"itemId":"B004PY094Y","ProductIndex":88386}
{"itemId":"B004AXB3EA","ProductIndex":112886}
{"itemId":"B002RSD1HC","ProductIndex":132789}
{"itemId":"B007GN1454","ProductIndex":62592}
{"itemId":"B000TGK05A","ProductIndex":35631}
{"itemId":"B001ANXP26","ProductIndex":21743}
{"itemId":"B000U96EW4","ProductIndex":22570}
{"itemId":"B003NYO1PU","ProductIndex":32886}
{"itemId":"B004FRZ4E6","ProductIndex":57383}
{"itemId":"B004ETQHV4","ProductIndex":11386}
{"itemId":"B0085U9HUQ","ProductIndex":81953}
{"itemId":"B0007T27BE","ProductIndex":17360}
{"itemId":"B0002IEEUC","ProductIndex":40192}
{"itemId":"B00009MDBY","ProductIndex":64443}
{"itemId":"B00140TRFE","ProductIndex":38455}
{"itemId":"B002SAOHH2","ProductIndex":32296}
{"itemId":"B003BEDRJI","ProductIndex":13682}
{"itemId":"B00001P584","ProductIndex":32767}
{"itemId":"B0007KQWDC","ProductIndex":15429}
{"itemId":"B00004Z7DT","ProductIndex":208293}
{"itemId":"B004KMIGT6","ProductIndex":196171}
{"itemId":"B003ZZWJ24","ProductIndex":79428}
{"itemId":"B004S22KFE","ProductIndex":14901}
{"itemId":"B00005B6PH","ProductIndex":150058}
{"itemId":"B004H8FNC6","ProductIndex":13052}
{"itemId":"B007R9MK8C","ProductIndex":19647}
{"itemId":"B0019LSGXW","ProductIndex":92399}
{"itemId":"B00CALM2KS","ProductIndex":16373}
{"itemId":"B001WHY3JO","ProductIndex":19897}
{"itemId":"B00008NG7N","ProductIndex":13336}
{"itemId":"B001ANZTX4","ProductIndex":31427}
{"itemId":"B0009EVYSO","ProductIndex":53196}
{"itemId":"B002RJUNLS","ProductIndex":44066}
{"itemId":"B0057PSC3U","ProductIndex":98230}
{"itemId":"B002PJ34ZW","ProductIndex":56358}
{"itemId":"B00CMM1PI0","ProductIndex":37529}
{"itemId":"B00007KVKI","ProductIndex":38785}
{"itemId":"B0036EIA04","ProductIndex":56944}
{"itemId":"B000G3FNVM","ProductIndex":8136}
{"itemId":"B000FBPH2K","ProductIndex":47546}
{"itemId":"B0000DCE9Z","ProductIndex":83384}
{"itemId":"B003B3G7UU","ProductIndex":37495}
{"itemId":"B004OA7TJC","ProductIndex":109623}
{"itemId":"B003FMUL5Y","ProductIndex":43932}
{"itemId":"B004ZMYBAE","ProductIndex":126458}
{"itemId":"B00G0UARLQ","ProductIndex":16498}
{"itemId":"B001NPGEMY","ProductIndex":153671}
{"itemId":"B005P11X6O","ProductIndex":5985}
{"itemId":"B004P1ITZI","ProductIndex":39140}
{"itemId":"B0002UB296","ProductIndex":53851}
{"itemId":"B000F1X6NW","ProductIndex":149004}
{"itemId":"B0002JUHPC","ProductIndex":103240}
{"itemId":"B0089PNHGM","ProductIndex":27639}
{"itemId":"B0050PL7SE","ProductIndex":28607}
{"itemId":"B003XQNVXQ","ProductIndex":15916}
{"itemId":"B00DNVA24M","ProductIndex":51009}
{"itemId":"B000255I8W","ProductIndex":30962}
{"itemId":"B008GQTXNU","ProductIndex":37629}
{"itemId":"B00464G6FO","ProductIndex":191714}
{"itemId":"B003IZFSEC","ProductIndex":108619}
{"itemId":"B004G6079S","ProductIndex":124903}
{"itemId":"B007B61ITI","ProductIndex":33388}
{"itemId":"B001F0RO2G","ProductIndex":30290}
{"itemId":"B00006D2L3","ProductIndex":26171}
{"itemId":"B0019CR420","ProductIndex":130721}
{"itemId":"B00822LKHA","ProductIndex":62137}
{"itemId":"B007BV2HTS","ProductIndex":33999}
{"itemId":"B000OVTKZG","ProductIndex":66456}
{"itemId":"B007JZ4XTS","ProductIndex":35302}
{"itemId":"B009K1PY3S","ProductIndex":34389}
{"itemId":"B002DUAN0M","ProductIndex":117500}
{"itemId":"B001XQA352","ProductIndex":39215}
{"itemId":"B000NS4X5M","ProductIndex":13669}
{"itemId":"B000AA893K","ProductIndex":123182}
{"itemId":"B00013M6NK","ProductIndex":9259}
{"itemId":"B000M6UTLM","ProductIndex":77400}
{"itemId":"B003TSCZUS","ProductIndex":59270}
{"itemId":"B007Q5N6QW","ProductIndex":53148}
{"itemId":"B004G60AOK","ProductIndex":51783}
{"itemId":"B005SSMREG","ProductIndex":116278}
{"itemId":"B005J7YCGW","ProductIndex":15109}
{"itemId":"B00007EDZI","ProductIndex":132682}
{"itemId":"B004VXYAE4","ProductIndex":43770}
{"itemId":"B0007TC390","ProductIndex":18869}
{"itemId":"B006T60PLI","ProductIndex":58981}
{"itemId":"B001IB108G","ProductIndex":154294}
{"itemId":"B0001UPRNO","ProductIndex":55378}
{"itemId":"B003GSLDZE","ProductIndex":132804}
{"itemId":"B00000JDHV","ProductIndex":26490}
{"itemId":"B002HVYVNC","ProductIndex":35892}
{"itemId":"B00FG9MJ6I","ProductIndex":93868}
{"itemId":"B001GS8G0Q","ProductIndex":22148}
{"itemId":"B004VF4R4U","ProductIndex":42643}
{"itemId":"B00C0YDUO2","ProductIndex":131416}
{"itemId":"B004K9G34Y","ProductIndex":156210}
{"itemId":"B001UO0PEQ","ProductIndex":189698}
{"itemId":"B00CHHMFC0","ProductIndex":116510}
{"itemId":"B003EE19QS","ProductIndex":12018}
{"itemId":"B005LTJ736","ProductIndex":78628}
{"itemId":"B00HMW9OUQ","ProductIndex":80081}
{"itemId":"B001MRZLZ4","ProductIndex":132848}
{"itemId":"B000EOOTZY","ProductIndex":32096}
{"itemId":"B00CDSA0XO","ProductIndex":141686}
{"itemId":"B006TZNBL0","ProductIndex":80684}
{"itemId":"B003O7LR8A","ProductIndex":84796}
{"itemId":"B007H9UXBI","ProductIndex":109813}
{"itemId":"B007V5LIJO","ProductIndex":131227}
{"itemId":"B00G3KA7RW","ProductIndex":22371}
{"itemId":"B002HZYCAA","ProductIndex":46991}
{"itemId":"B000GBYRSO","ProductIndex":100783}
{"itemId":"B0055F9QHI","ProductIndex":70351}
{"itemId":"B0041OEQA6","ProductIndex":92926}
{"itemId":"B002651ZZG","ProductIndex":38574}
{"itemId":"B001R8YX7A","ProductIndex":25975}
{"itemId":"B003XOM148","ProductIndex":45706}
{"itemId":"B009QZH22E","ProductIndex":34511}
{"itemId":"B00005MA9V","ProductIndex":73346}
{"itemId":"B008O37EYK","ProductIndex":88754}
{"itemId":"B002D38EO6","ProductIndex":74754}
{"itemId":"B002Y0OX0C","ProductIndex":69127}
{"itemId":"B004DXWOEU","ProductIndex":65057}
{"itemId":"B001R4G8F4","ProductIndex":72123}
{"itemId":"B00ELRG4LM","ProductIndex":104193}
{"itemId":"B005D8SGOQ","ProductIndex":38623}
{"itemId":"B0030D5KMW","ProductIndex":51987}
{"itemId":"B000PQAW7A","ProductIndex":126057}
{"itemId":"B007G97E2U","ProductIndex":77416}
{"itemId":"B009TOTPN6","ProductIndex":79243}
{"itemId":"B005HH16G8","ProductIndex":134217}
{"itemId":"B000ICXVK6","ProductIndex":26605}
{"itemId":"B004OABY8E","ProductIndex":187948}
{"itemId":"B0098JNP06","ProductIndex":126546}
{"itemId":"B0064OEYF8","ProductIndex":194880}
{"itemId":"B0012845AA","ProductIndex":14506}
{"itemId":"B0001YFXDO","ProductIndex":94272}
{"itemId":"B001GPTUFY","ProductIndex":76338}
{"itemId":"B00FBYYBZA","ProductIndex":13649}
{"itemId":"B003CP1T3W","ProductIndex":40013}
{"itemId":"B008HMVD7W","ProductIndex":69972}
{"itemId":"B00166ZFXO","ProductIndex":22992}
{"itemId":"B000NZOTPO","ProductIndex":66598}
{"itemId":"B0050MRUUG","ProductIndex":49405}
{"itemId":"B003N319II","ProductIndex":68397}
{"itemId":"B00G6FO6SA","ProductIndex":137726}
{"itemId":"B002CQTX6M","ProductIndex":132402}
{"itemId":"B004WI8IWI","ProductIndex":64783}
{"itemId":"B00026BMCW","ProductIndex":100066}
{"itemId":"B00DELJNNC","ProductIndex":143198}
{"itemId":"B00A77202C","ProductIndex":39416}
{"itemId":"B000BGZ0BM","ProductIndex":49066}
{"itemId":"B001RTG656","ProductIndex":162849}
{"itemId":"B0064LWISQ","ProductIndex":21008}
{"itemId":"B004LLI09M","ProductIndex":81455}
{"itemId":"B002X3GAIS","ProductIndex":79449}
{"itemId":"B005OLYKC4","ProductIndex":46515}
{"itemId":"B0041D97ME","ProductIndex":45408}
{"itemId":"B008V99BN4","ProductIndex":48139}
{"itemId":"B001QFZM4W","ProductIndex":75563}
{"itemId":"B00870NQRO","ProductIndex":58905}
{"itemId":"B00006JNY3","ProductIndex":48673}
{"itemId":"B00ERQDUZU","ProductIndex":81760}
{"itemId":"B009V50T7O","ProductIndex":131386}
{"itemId":"B0002QPC3C","ProductIndex":54241}
{"itemId":"B004YDT0IC","ProductIndex":186372}
{"itemId":"B004VBK860","ProductIndex":52283}
{"itemId":"B008UV68BQ","ProductIndex":58271}
{"itemId":"B004B1V33C","ProductIndex":41531}
{"itemId":"B002C1SB0G","ProductIndex":33538}
{"itemId":"B0057IHUTE","ProductIndex":91010}
{"itemId":"B00A90643I","ProductIndex":157073}
{"itemId":"B00006B9W2","ProductIndex":15600}
{"itemId":"B001BKS7YE","ProductIndex":67258}
{"itemId":"B000623HE8","ProductIndex":38430}
{"itemId":"B000OABL7W","ProductIndex":107738}
{"itemId":"B00178N5KQ","ProductIndex":62115}
{"itemId":"B0007KK2G0","ProductIndex":31246}
{"itemId":"B000IM94XE","ProductIndex":74600}
{"itemId":"B00H4SO0WK","ProductIndex":62631}
{"itemId":"B0057PMDTO","ProductIndex":146881}
{"itemId":"B000EIX5J6","ProductIndex":84206}
{"itemId":"B00CFORF4S","ProductIndex":134297}
{"itemId":"B000K2B3E0","ProductIndex":125307}
{"itemId":"B00GX61V12","ProductIndex":154709}
{"itemId":"B0069UAX66","ProductIndex":92306}
{"itemId":"B008Y266PO","ProductIndex":43118}
{"itemId":"B000Q74GUW","ProductIndex":85283}
{"itemId":"B00005J7L6","ProductIndex":151573}
{"itemId":"B007PABROG","ProductIndex":174958}
{"itemId":"B006X7PMHK","ProductIndex":48589}
{"itemId":"B000J1SBME","ProductIndex":53047}
{"itemId":"B006857V0S","ProductIndex":155689}
{"itemId":"B00857BARW","ProductIndex":71737}
{"itemId":"B004T1YA5W","ProductIndex":23629}
{"itemId":"B000AMB8KE","ProductIndex":86342}
{"itemId":"B00H91VEYE","ProductIndex":126271}
{"itemId":"B004C4WTJA","ProductIndex":59658}
{"itemId":"B0000CE3CF","ProductIndex":42378}
{"itemId":"B0026K7NMK","ProductIndex":203331}
{"itemId":"B003HLSEE8","ProductIndex":144785}
{"itemId":"B004CB6G4M","ProductIndex":66909}
{"itemId":"B002USGCIE","ProductIndex":77686}
{"itemId":"B001SS2LVO","ProductIndex":112295}
{"itemId":"B003YFCMAY","ProductIndex":92141}
{"itemId":"B007KI7BOI","ProductIndex":42629}
{"itemId":"B0001M6FPG","ProductIndex":121860}
{"itemId":"B00CDGQVKM","ProductIndex":40793}
{"itemId":"B004RZOKWI","ProductIndex":66123}
{"itemId":"B0036PX1KC","ProductIndex":58206}
{"itemId":"B00298Y8U4","ProductIndex":49359}
{"itemId":"B003M1VXG4","ProductIndex":151258}
{"itemId":"B00005NJEJ","ProductIndex":63203}
{"itemId":"B009PVJD58","ProductIndex":195455}
{"itemId":"B008I65G0M","ProductIndex":193614}
{"itemId":"B00188OGIA","ProductIndex":61951}
{"itemId":"B0067O2VAA","ProductIndex":58765}
{"itemId":"B001MQ4Q6A","ProductIndex":158059}
{"itemId":"B0006HDFYK","ProductIndex":35248}
{"itemId":"B000EBZHH6","ProductIndex":205538}
{"itemId":"B00CIYXD6O","ProductIndex":29923}
{"itemId":"B00CTD2XZG","ProductIndex":135994}
{"itemId":"B005AKF4F6","ProductIndex":77353}
{"itemId":"B00CO9L1F8","ProductIndex":25039}
{"itemId":"B000FIVDIU","ProductIndex":94749}
{"itemId":"B0036BBLHQ","ProductIndex":69308}
{"itemId":"B0015AD5SS","ProductIndex":80107}
{"itemId":"B004WQQCQY","ProductIndex":92676}
{"itemId":"B00260LEZM","ProductIndex":93050}
{"itemId":"B003ULP9PW","ProductIndex":115048}
{"itemId":"B0095R6KNK","ProductIndex":116177}
{"itemId":"B001AIRRQQ","ProductIndex":106863}
{"itemId":"B0015LULIY","ProductIndex":63308}
{"itemId":"B00008VFCS","ProductIndex":30518}
{"itemId":"B00BM9AKTE","ProductIndex":123394}
{"itemId":"B006L9016W","ProductIndex":66527}
{"itemId":"B0089NPJSI","ProductIndex":90884}
{"itemId":"B00ITLYUVC","ProductIndex":122292}
{"itemId":"B005523T6K","ProductIndex":118868}
{"itemId":"B000067RMY","ProductIndex":62895}
{"itemId":"B005OMOPEQ","ProductIndex":140708}
{"itemId":"B004GCK4VI","ProductIndex":158710}
{"itemId":"B0062WRY54","ProductIndex":126482}
{"itemId":"B004TIPPHC","ProductIndex":134843}
{"itemId":"B0007TJDFM","ProductIndex":28160}
{"itemId":"B000QPDK2Y","ProductIndex":47407}
{"itemId":"B00066U2RY","ProductIndex":152979}
{"itemId":"B0007Z9QMG","ProductIndex":19321}
{"itemId":"B00H9MFCLE","ProductIndex":40671}
{"itemId":"B005E2YFT6","ProductIndex":50426}
{"itemId":"B00027IOHW","ProductIndex":144645}
{"itemId":"B00009UU2N","ProductIndex":134191}
{"itemId":"B000059Z4M","ProductIndex":70340}
{"itemId":"B007G94EIC","ProductIndex":65792}
{"itemId":"B00K5ZAUD2","ProductIndex":158221}
{"itemId":"B000IOKLHK","ProductIndex":49850}
{"itemId":"B0035CQED2","ProductIndex":105860}
{"itemId":"B007OXIJGI","ProductIndex":172013}
{"itemId":"B003ODHVVG","ProductIndex":208138}
{"itemId":"B005GI8B9I","ProductIndex":132566}
{"itemId":"B000NPMLK4","ProductIndex":63157}
{"itemId":"B0000AQOIF","ProductIndex":63266}
{"itemId":"B004HBQXK4","ProductIndex":39399}
{"itemId":"B0080D64LS","ProductIndex":116698}
{"itemId":"B006BHDGZW","ProductIndex":128364}
{"itemId":"B002UEBSSC","ProductIndex":79069}
{"itemId":"B002RLM166","ProductIndex":15606}
{"itemId":"B0018KYFM0","ProductIndex":120524}
{"itemId":"B004AU69EM","ProductIndex":80765}
{"itemId":"B003F9NA2I","ProductIndex":84996}
{"itemId":"B0038QOA0E","ProductIndex":50593}
{"itemId":"B00000J1ES","ProductIndex":51661}
{"itemId":"B0050FDNI6","ProductIndex":64308}
{"itemId":"B004BATXQC","ProductIndex":57151}
{"itemId":"B0016ZRQGO","ProductIndex":203177}
{"itemId":"B008VOGZPQ","ProductIndex":55902}
{"itemId":"B00C15B2DQ","ProductIndex":143529}
{"itemId":"B002OP5AY0","ProductIndex":103841}
{"itemId":"B0014KQTLO","ProductIndex":75187}
{"itemId":"B0048KDVAO","ProductIndex":46038}
{"itemId":"B009EV3WZ6","ProductIndex":44675}
{"itemId":"B00004T1WQ","ProductIndex":144044}
{"itemId":"B004KSB2FA","ProductIndex":42849}
{"itemId":"B006G66S1W","ProductIndex":150237}
{"itemId":"B000F785LO","ProductIndex":87616}
{"itemId":"B007BFUN7M","ProductIndex":102408}
{"itemId":"B003DZ0ECS","ProductIndex":119148}
{"itemId":"B005KP0X7A","ProductIndex":146470}
{"itemId":"B0050JS4EK","ProductIndex":171341}
{"itemId":"B00823RNUC","ProductIndex":21136}
{"itemId":"B00GJVQLKC","ProductIndex":203302}
{"itemId":"B001061CVO","ProductIndex":32275}
{"itemId":"B008BOZAJS","ProductIndex":79369}
{"itemId":"B00BEJMJ7I","ProductIndex":70573}
{"itemId":"B0053NWH14","ProductIndex":37596}
{"itemId":"B007Z1CVJA","ProductIndex":30353}
{"itemId":"B001P6C64Q","ProductIndex":109491}
{"itemId":"B0011DVXLK","ProductIndex":77748}
{"itemId":"B003E2PZLA","ProductIndex":96609}
{"itemId":"B00ANJIBKO","ProductIndex":203294}
{"itemId":"B00A3I375O","ProductIndex":135202}
{"itemId":"B000B33ZR6","ProductIndex":197404}
{"itemId":"B00003L4EU","ProductIndex":143100}
{"itemId":"B000Z3LRYU","ProductIndex":46427}
{"itemId":"B003WVEBZO","ProductIndex":103722}
{"itemId":"B0001YFYNI","ProductIndex":194208}
{"itemId":"B008AWE9C0","ProductIndex":99702}
{"itemId":"B00GFHQSZI","ProductIndex":60197}
{"itemId":"B00005NWV1","ProductIndex":52449}
{"itemId":"B002DAAPPK","ProductIndex":50404}
{"itemId":"B00001OPIZ","ProductIndex":49536}
{"itemId":"B003U8K3WO","ProductIndex":134815}
{"itemId":"B004QYKF8S","ProductIndex":152097}
{"itemId":"B001HCRNL4","ProductIndex":139908}
{"itemId":"B009EIANT2","ProductIndex":28441}
{"itemId":"B002S53CGY","ProductIndex":64690}
{"itemId":"B0007TFLO4","ProductIndex":178794}
{"itemId":"B003AM885O","ProductIndex":119164}
{"itemId":"B0062JZBI4","ProductIndex":140372}
{"itemId":"B006BMOCRI","ProductIndex":50020}
{"itemId":"B00006HYX9","ProductIndex":114997}
{"itemId":"B000099679","ProductIndex":65678}
{"itemId":"B004FM3DZS","ProductIndex":108809}
{"itemId":"B0000C8Y90","ProductIndex":100295}
{"itemId":"B0000AY3K7","ProductIndex":70481}
{"itemId":"B0028Y4BTW","ProductIndex":44920}
{"itemId":"B001Q2AZPQ","ProductIndex":82259}
{"itemId":"B000REWRHS","ProductIndex":79308}
{"itemId":"B00GWTHDIA","ProductIndex":148515}
{"itemId":"B001O3T8WI","ProductIndex":121823}
{"itemId":"B0034T2NAY","ProductIndex":110357}
{"itemId":"B002JIN4T0","ProductIndex":133476}
{"itemId":"B0091V85GA","ProductIndex":191275}
{"itemId":"B0083F32KY","ProductIndex":27658}
{"itemId":"B009SK52BA","ProductIndex":157487}
{"itemId":"B000ROQGWA","ProductIndex":51478}
{"itemId":"B004R1PUXK","ProductIndex":56449}
{"itemId":"B001V5PHJM","ProductIndex":101103}
{"itemId":"B001IZM9L4","ProductIndex":87232}
{"itemId":"B003H4QPDC","ProductIndex":21673}
{"itemId":"B00099E0H6","ProductIndex":89139}
{"itemId":"B00ENPQV7Y","ProductIndex":102485}
{"itemId":"B003CEHTQ4","ProductIndex":177613}
{"itemId":"B00AAKX8MC","ProductIndex":76344}
{"itemId":"B00566ICNA","ProductIndex":106156}
{"itemId":"B00CFEKF8Q","ProductIndex":132184}
{"itemId":"B004WEJEP2","ProductIndex":37796}
{"itemId":"B000G0EK2I","ProductIndex":62138}
{"itemId":"B003ZYEGOY","ProductIndex":54102}
{"itemId":"B00004TZJU","ProductIndex":170799}
{"itemId":"B00I13FLZC","ProductIndex":100762}
{"itemId":"B001GRZ4BQ","ProductIndex":48403}
{"itemId":"B000ZOWG4O","ProductIndex":202225}
{"itemId":"B000UK5KIC","ProductIndex":86571}
{"itemId":"B00CBCXZ3E","ProductIndex":57360}
{"itemId":"B00BN36V5G","ProductIndex":166697}
{"itemId":"B002Y0SPI8","ProductIndex":162578}
{"itemId":"B000XQ3WJW","ProductIndex":102363}
{"itemId":"B00001ZUHX","ProductIndex":84775}
{"itemId":"B0082PZ1A4","ProductIndex":96418}
{"itemId":"B001QWU1QE","ProductIndex":163126}
{"itemId":"B001C1V8YS","ProductIndex":84566}
{"itemId":"B00ISJO04C","ProductIndex":62889}
{"itemId":"B00I8TU9KQ","ProductIndex":82503}
{"itemId":"B003IMV8H6","ProductIndex":123805}
{"itemId":"B00123WDQ8","ProductIndex":93927}
{"itemId":"B0042QK4L8","ProductIndex":137594}
{"itemId":"B0009YWCT4","ProductIndex":48466}
{"itemId":"B001N76ASK","ProductIndex":135111}
{"itemId":"B00GXP8HN8","ProductIndex":83810}
{"itemId":"B00FUGL4F4","ProductIndex":65322}
{"itemId":"B00946E7DC","ProductIndex":75365}
{"itemId":"B004H5KXEM","ProductIndex":157527}
{"itemId":"B002ALTJT0","ProductIndex":70495}
{"itemId":"B00475S08S","ProductIndex":145786}
{"itemId":"B002HWRK5C","ProductIndex":109402}
{"itemId":"B00FEZHSE2","ProductIndex":67093}
{"itemId":"B001JJCI4M","ProductIndex":149658}
{"itemId":"B000RA3E2E","ProductIndex":162835}
{"itemId":"B002AV8IFQ","ProductIndex":93957}
{"itemId":"B00161VVAA","ProductIndex":71153}
{"itemId":"B00D5Q28OC","ProductIndex":186731}
{"itemId":"B000OCQTWM","ProductIndex":38783}
{"itemId":"B005GDSEW2","ProductIndex":56525}
{"itemId":"B003846S60","ProductIndex":108274}
{"itemId":"B008MSMG90","ProductIndex":179544}
{"itemId":"B0041NRY06","ProductIndex":38013}
{"itemId":"B004QXTI64","ProductIndex":127566}
{"itemId":"B00IW5DQB0","ProductIndex":75773}
{"itemId":"B00748JSEA","ProductIndex":52354}
{"itemId":"B00B7MZEW4","ProductIndex":40855}
{"itemId":"B00005Y79X","ProductIndex":194224}
{"itemId":"B0098QQOMK","ProductIndex":61700}
{"itemId":"B0023EZCU4","ProductIndex":99746}
{"itemId":"B0055Z5XC0","ProductIndex":91174}
{"itemId":"B00HQVY7Y6","ProductIndex":73065}
{"itemId":"B00006RJWD","ProductIndex":66135}
{"itemId":"B0000D81PX","ProductIndex":105040}
{"itemId":"B006J3D0R2","ProductIndex":54891}
{"itemId":"B003HMRG96","ProductIndex":183868}
{"itemId":"B005KB8H7M","ProductIndex":71897}
{"itemId":"B002DM8AS2","ProductIndex":98902}
{"itemId":"B003ZX1ZG2","ProductIndex":102793}
{"itemId":"B00FLWXHPW","ProductIndex":61940}
{"itemId":"B000C9WZ0W","ProductIndex":109725}
{"itemId":"B000LG3NOI","ProductIndex":49597}
{"itemId":"B003NXSVC0","ProductIndex":139342}
{"itemId":"B000N47G4Q","ProductIndex":52713}
{"itemId":"B0036RHAFM","ProductIndex":68127}
{"itemId":"B004GPK2D0","ProductIndex":165300}
{"itemId":"B0029NFOCU","ProductIndex":86468}
{"itemId":"B00DQO9L1Q","ProductIndex":31492}
{"itemId":"B003WL7YE4","ProductIndex":120207}
{"itemId":"B005X40FSU","ProductIndex":161378}
{"itemId":"B004X2WPYK","ProductIndex":139710}
{"itemId":"B00DM4Z1F0","ProductIndex":201845}
{"itemId":"B0049XT94C","ProductIndex":78834}
{"itemId":"B000SB5B5A","ProductIndex":205668}
{"itemId":"B008L0X1M0","ProductIndex":106857}
{"itemId":"B003WSTTM2","ProductIndex":51201}
{"itemId":"B003MEO82M","ProductIndex":86416}
{"itemId":"B003UNN8Z8","ProductIndex":105964}
{"itemId":"B008UKN09K","ProductIndex":190129}
{"itemId":"B0090J64MK","ProductIndex":82628}
{"itemId":"B007CDG9N0","ProductIndex":125375}
{"itemId":"B009T6A8BC","ProductIndex":89815}
{"itemId":"B009B99GRE","ProductIndex":112523}
{"itemId":"B004BLIQ5K","ProductIndex":40578}
{"itemId":"B003S0YC5I","ProductIndex":75994}
{"itemId":"B0025CO3H2","ProductIndex":201900}
{"itemId":"B00A71E52G","ProductIndex":60507}
{"itemId":"B0000DG1UF","ProductIndex":106277}
{"itemId":"B000MQPBPQ","ProductIndex":142823}
{"itemId":"B003CIBCX6","ProductIndex":53818}
{"itemId":"B002MUKQAU","ProductIndex":90005}
{"itemId":"B00004TX6B","ProductIndex":106005}
{"itemId":"B000065AGC","ProductIndex":43832}
{"itemId":"B000FVVCDI","ProductIndex":161967}
{"itemId":"B005HSCL3E","ProductIndex":199461}
{"itemId":"B004TAZ908","ProductIndex":126394}
{"itemId":"B000MVJ1LG","ProductIndex":134505}
{"itemId":"B00BY3LRJ0","ProductIndex":152219}
{"itemId":"B004HFV5PS","ProductIndex":37510}
{"itemId":"B007AX97ZE","ProductIndex":54763}
{"itemId":"B001441YI8","ProductIndex":121505}
{"itemId":"B00DW1FP18","ProductIndex":184080}
{"itemId":"B000B5H04I","ProductIndex":151586}
{"itemId":"B001TJCREI","ProductIndex":93699}
{"itemId":"B002YLMBNC","ProductIndex":172657}
{"itemId":"B00294V4CI","ProductIndex":144981}
{"itemId":"B000687QTY","ProductIndex":92175}
{"itemId":"B0026SZUYA","ProductIndex":157441}
{"itemId":"B003TPBOR6","ProductIndex":161254}
{"itemId":"B006TYBPOG","ProductIndex":158830}
{"itemId":"B000ZOT36I","ProductIndex":45502}
{"itemId":"B004MF57IO","ProductIndex":55673}
{"itemId":"B005ZUW8NW","ProductIndex":146711}
{"itemId":"B007FN780A","ProductIndex":171814}
{"itemId":"B00099ZAHK","ProductIndex":156820}
{"itemId":"B0000AUR23","ProductIndex":67569}
{"itemId":"B0039MSMQK","ProductIndex":125923}
{"itemId":"B009S0ZOGS","ProductIndex":58762}
{"itemId":"B002FPKLJ8","ProductIndex":67617}
{"itemId":"B006E8ENXC","ProductIndex":186877}
{"itemId":"B002K3Z3GQ","ProductIndex":96096}
{"itemId":"B00GV4ULKI","ProductIndex":161376}
{"itemId":"B009QQ97DU","ProductIndex":132321}
{"itemId":"B001MS0PC2","ProductIndex":170939}
{"itemId":"B0009N4OPK","ProductIndex":71798}
{"itemId":"B004YF7US2","ProductIndex":120656}
{"itemId":"B000VNKGLO","ProductIndex":144437}
{"itemId":"B003YM3NDM","ProductIndex":185879}
{"itemId":"B00DFEU3PA","ProductIndex":169548}
{"itemId":"B003A9EWK2","ProductIndex":99397}
{"itemId":"B008QPBXAM","ProductIndex":118686}
{"itemId":"B001W39A50","ProductIndex":186476}
{"itemId":"B006Z9YLHI","ProductIndex":194229}
{"itemId":"B000AYW00Y","ProductIndex":56827}
{"itemId":"B000WGN2IO","ProductIndex":148924}
{"itemId":"B004RCNRL6","ProductIndex":42253}
{"itemId":"B0006MWHMG","ProductIndex":132342}
{"itemId":"B000BHGWZ4","ProductIndex":125555}
{"itemId":"B000JKKJCK","ProductIndex":110588}
{"itemId":"B005EEPVI8","ProductIndex":139129}
{"itemId":"B000062TT9","ProductIndex":192466}
{"itemId":"B003UES8NO","ProductIndex":53606}
{"itemId":"B0047MXK6I","ProductIndex":81172}
{"itemId":"B002KKGDEA","ProductIndex":94258}
{"itemId":"B00460RQAW","ProductIndex":145842}
{"itemId":"B00A8FJIBO","ProductIndex":137201}
{"itemId":"B009ZNSVIG","ProductIndex":91028}
{"itemId":"B002RL8UCA","ProductIndex":166099}
{"itemId":"B00B79Z1Q6","ProductIndex":109141}
{"itemId":"B0000WUMCE","ProductIndex":113010}
{"itemId":"B000GI0QBE","ProductIndex":130070}
{"itemId":"B00A393Y6K","ProductIndex":198588}
{"itemId":"B00AXEB6II","ProductIndex":121610}
{"itemId":"B004ANJ52W","ProductIndex":98300}
{"itemId":"B0052HL85C","ProductIndex":201747}
{"itemId":"B00DJOBDFU","ProductIndex":76989}
{"itemId":"B005O0UJ52","ProductIndex":99251}
{"itemId":"B0000D8G7E","ProductIndex":68970}
{"itemId":"B00D3EZ99M","ProductIndex":79811}
{"itemId":"B004BVQ5VM","ProductIndex":171651}
{"itemId":"B006JHKL7K","ProductIndex":118261}
{"itemId":"B0052726IK","ProductIndex":129776}
{"itemId":"B001OMYA0O","ProductIndex":105561}
{"itemId":"B004XCC95K","ProductIndex":189679}
{"itemId":"B004T1639S","ProductIndex":158500}
{"itemId":"B00B3PNZAS","ProductIndex":191103}
{"itemId":"B00318R7CW","ProductIndex":96580}
{"itemId":"B00DVQDFY8","ProductIndex":154948}
{"itemId":"B00A820F5A","ProductIndex":162816}
{"itemId":"B004BU6KZE","ProductIndex":132163}
{"itemId":"B001E1UFO0","ProductIndex":143982}
{"itemId":"B00GASB0VE","ProductIndex":185593}
{"itemId":"B0037QGT54","ProductIndex":106415}
{"itemId":"B001EO0VPA","ProductIndex":172379}
{"itemId":"B007Y90E3S","ProductIndex":197467}
{"itemId":"B004X28XM8","ProductIndex":175855}
{"itemId":"B0046U2FAI","ProductIndex":128858}
{"itemId":"B003D8K2VS","ProductIndex":134959}
{"itemId":"B003B4NHQQ","ProductIndex":206811}
{"itemId":"B00337NKVS","ProductIndex":160790}
{"itemId":"B0019BCM4Q","ProductIndex":114077}
{"itemId":"B005LW2Y6U","ProductIndex":149263}
{"itemId":"B00AWKN2RQ","ProductIndex":178936}
{"itemId":"B005VUL8LE","ProductIndex":153924}
{"itemId":"B0030MN868","ProductIndex":197021}
{"itemId":"B000DZH8FC","ProductIndex":198884}
{"itemId":"B0028SGNRQ","ProductIndex":84212}
{"itemId":"B00006HMGH","ProductIndex":172239}
{"itemId":"B005B3G1UO","ProductIndex":134018}
{"itemId":"B00006B9WD","ProductIndex":94072}
{"itemId":"B008XIWU86","ProductIndex":143835}
{"itemId":"B002Q7LHS4","ProductIndex":173183}
{"itemId":"B002WVHV7A","ProductIndex":152451}
{"itemId":"B0034TQVO8","ProductIndex":121573}
{"itemId":"B00005T3WT","ProductIndex":121699}
{"itemId":"B00DQAPJSY","ProductIndex":49802}
{"itemId":"B001B16ZOC","ProductIndex":145037}
{"itemId":"B000F65734","ProductIndex":162776}
{"itemId":"B000TTQ64Q","ProductIndex":99966}
{"itemId":"B00081ZU9M","ProductIndex":207877}
{"itemId":"B003Y58IXO","ProductIndex":73957}
{"itemId":"B000E0P65A","ProductIndex":152411}
{"itemId":"B001JTS84Q","ProductIndex":64778}
{"itemId":"B004DESORK","ProductIndex":154873}
{"itemId":"B0044LR11W","ProductIndex":60650}
{"itemId":"B0040MTPAU","ProductIndex":76103}
{"itemId":"B00424KD3O","ProductIndex":165661}
{"itemId":"B001C1VAR8","ProductIndex":171645}
{"itemId":"B0030LOGZ6","ProductIndex":92392}
{"itemId":"B0080PV98Y","ProductIndex":94211}
{"itemId":"B00677HPQ2","ProductIndex":153878}
{"itemId":"B001R6JWXM","ProductIndex":154649}
{"itemId":"B003BLVKRW","ProductIndex":63334}
{"itemId":"B001PC0E0I","ProductIndex":138957}
{"itemId":"B003QBDXCM","ProductIndex":167250}
{"itemId":"B00BJ99EWG","ProductIndex":188063}
{"itemId":"B005CSS7PU","ProductIndex":146620}
{"itemId":"B00BMXFFU4","ProductIndex":58559}
{"itemId":"B00GGAR0KG","ProductIndex":106681}
{"itemId":"B00314WT1K","ProductIndex":82572}
{"itemId":"B00006L4UP","ProductIndex":140572}
{"itemId":"B000UC3YKG","ProductIndex":175536}
{"itemId":"B007PQ0CO6","ProductIndex":164375}
{"itemId":"B004ZMWQ2O","ProductIndex":86376}
{"itemId":"B0011UAFAS","ProductIndex":119527}
{"itemId":"B004S6WIEI","ProductIndex":196618}
{"itemId":"B002PK7RKO","ProductIndex":108457}
{"itemId":"B00000J4VS","ProductIndex":78726}
{"itemId":"B00001OPK5","ProductIndex":183687}
{"itemId":"B0013F5JRU","ProductIndex":198429}
{"itemId":"B008EXH1M0","ProductIndex":140752}
{"itemId":"B0027P9BNS","ProductIndex":87067}
{"itemId":"B003XMDI4W","ProductIndex":115416}
{"itemId":"B004K30CDI","ProductIndex":81491}
{"itemId":"B00CJAP1YE","ProductIndex":37467}
{"itemId":"B000WUVK70","ProductIndex":125236}
{"itemId":"B003JH7LI0","ProductIndex":179537}
{"itemId":"B001AUJETC","ProductIndex":111220}
{"itemId":"B007S0U2XU","ProductIndex":104974}
{"itemId":"B004Y79M7W","ProductIndex":114381}
{"itemId":"B0020MLP5U","ProductIndex":141869}
{"itemId":"B003HR6OTY","ProductIndex":114877}
{"itemId":"B008713GPA","ProductIndex":141890}
{"itemId":"B001IT17VS","ProductIndex":129148}
{"itemId":"B001UHOX0U","ProductIndex":169510}
{"itemId":"B004T4KKAS","ProductIndex":132362}
{"itemId":"B0044BXS7I","ProductIndex":160395}
{"itemId":"B0046VARLQ","ProductIndex":113913}
{"itemId":"B004UFSAS0","ProductIndex":94568}
{"itemId":"B003ONEV5A","ProductIndex":185592}
{"itemId":"B00ESESQAA","ProductIndex":107930}
{"itemId":"B003H49GEC","ProductIndex":192567}
{"itemId":"B003M5JWLS","ProductIndex":138413}
{"itemId":"B003P19KG6","ProductIndex":157019}
{"itemId":"B0016GPDPO","ProductIndex":67921}
{"itemId":"B0012XWR9G","ProductIndex":156258}
{"itemId":"B000I52ZZU","ProductIndex":172307}
{"itemId":"B00IJZXOY2","ProductIndex":152404}
{"itemId":"B007ZI1WDE","ProductIndex":144331}
{"itemId":"B00EB82KS2","ProductIndex":165951}
{"itemId":"B000V06UJ4","ProductIndex":83117}
{"itemId":"B0017NYQ18","ProductIndex":199726}
{"itemId":"B0014JFRGS","ProductIndex":189125}
{"itemId":"B004N8PHD0","ProductIndex":152194}
{"itemId":"B001C42NCG","ProductIndex":73927}
{"itemId":"B00A16SZNW","ProductIndex":159798}
{"itemId":"B000TY1DC6","ProductIndex":193056}
{"itemId":"B000SBPYN4","ProductIndex":161826}
{"itemId":"B001MF02V4","ProductIndex":137846}
{"itemId":"B00FYW8DLW","ProductIndex":67566}
{"itemId":"B002VWJVD2","ProductIndex":141452}
{"itemId":"B000PEI8L4","ProductIndex":168938}
{"itemId":"B007WMAAT0","ProductIndex":140419}
{"itemId":"B003L1ADPC","ProductIndex":75012}
{"itemId":"B008NZLQ4S","ProductIndex":142693}
{"itemId":"B008DKLR42","ProductIndex":98885}
{"itemId":"B005NCXO62","ProductIndex":120304}
{"itemId":"B00421KJ6S","ProductIndex":90629}
{"itemId":"B004M18EEM","ProductIndex":115698}
{"itemId":"B0016LPPIE","ProductIndex":119834}
{"itemId":"B009XGD40U","ProductIndex":190230}
{"itemId":"B001EZ2LZM","ProductIndex":58790}
{"itemId":"B000BLKIP0","ProductIndex":156832}
{"itemId":"B00168O4YS","ProductIndex":121287}
{"itemId":"B001AU3MTU","ProductIndex":120937}
{"itemId":"B001H3FBLM","ProductIndex":154118}
{"itemId":"B004H1VLLU","ProductIndex":149314}
{"itemId":"B004L26P3O","ProductIndex":152260}
{"itemId":"B005VTHN9G","ProductIndex":115552}
{"itemId":"B002ROAIC2","ProductIndex":148347}
{"itemId":"B000VYAJG0","ProductIndex":195047}
{"itemId":"B00146L1ES","ProductIndex":109966}
{"itemId":"B005SEESI8","ProductIndex":55147}
{"itemId":"B0064J8OF4","ProductIndex":119674}
{"itemId":"B0000789GB","ProductIndex":134016}
{"itemId":"B00FM4A108","ProductIndex":92664}
{"itemId":"B007THXXXS","ProductIndex":200249}
{"itemId":"B001P7DV5I","ProductIndex":207824}
{"itemId":"B008OMLI34","ProductIndex":154630}
{"itemId":"B00006HWZ5","ProductIndex":127235}
{"itemId":"B0035Z0BNS","ProductIndex":189819}
{"itemId":"B00D610U0A","ProductIndex":193598}
{"itemId":"B004ULQJ7S","ProductIndex":134043}
{"itemId":"B003WOWBBW","ProductIndex":153544}
{"itemId":"B005GW46FW","ProductIndex":158151}
{"itemId":"B004E33ZHY","ProductIndex":164654}
{"itemId":"B001FB6S6S","ProductIndex":103401}
{"itemId":"B004GGHO2G","ProductIndex":175026}
{"itemId":"B003GCYMSK","ProductIndex":119759}
{"itemId":"B00ICUGGA8","ProductIndex":114556}
{"itemId":"B005UEMTBE","ProductIndex":123305}
{"itemId":"B0009K4YLM","ProductIndex":207781}
{"itemId":"B003U8I222","ProductIndex":94894}
{"itemId":"B007Y0EIB6","ProductIndex":140589}
{"itemId":"B000T28L3M","ProductIndex":178198}
{"itemId":"B001GQV4GQ","ProductIndex":173521}
{"itemId":"B00GSBZNQ6","ProductIndex":133377}
{"itemId":"B000NCY5Q0","ProductIndex":176395}
{"itemId":"B00A7OKNAQ","ProductIndex":142143}
{"itemId":"B008EL1CZ4","ProductIndex":160424}
{"itemId":"B001TM10HK","ProductIndex":95550}
{"itemId":"B004SO97HQ","ProductIndex":143252}
{"itemId":"B007R07YHI","ProductIndex":124995}
{"itemId":"B00A0N4KIA","ProductIndex":100377}
{"itemId":"B009APFONE","ProductIndex":168319}
{"itemId":"B00A77ZFNS","ProductIndex":166907}
{"itemId":"B00IYP9MQ6","ProductIndex":126179}
{"itemId":"B00G9ZVRCA","ProductIndex":147966}
{"itemId":"B00H2ZQ6YK","ProductIndex":205063}
{"itemId":"B00288UKUM","ProductIndex":120727}
{"itemId":"B00ADG99V2","ProductIndex":101904}
{"itemId":"B00005LERN","ProductIndex":98611}
{"itemId":"B004GVZWPC","ProductIndex":163475}
{"itemId":"B000093UU4","ProductIndex":94170}
{"itemId":"B003P0PV9W","ProductIndex":175953}
{"itemId":"B009AEPLGA","ProductIndex":175750}
{"itemId":"B001JYLV54","ProductIndex":175619}
{"itemId":"B00A6UPFO0","ProductIndex":178717}
{"itemId":"B007BF6DL2","ProductIndex":94847}
{"itemId":"B007RMZ0H2","ProductIndex":193058}
{"itemId":"B0002ZPGNO","ProductIndex":113445}
{"itemId":"B0012XUWIY","ProductIndex":134193}
{"itemId":"B002RL8UX4","ProductIndex":140442}
{"itemId":"B008J3BYA0","ProductIndex":96642}
{"itemId":"B009JHIQJM","ProductIndex":141005}
{"itemId":"B0019JZBM8","ProductIndex":181446}
{"itemId":"B003CHTVJY","ProductIndex":185076}
{"itemId":"B000H95392","ProductIndex":169138}
{"itemId":"B00006HMRA","ProductIndex":107816}
{"itemId":"B006D82Z2Y","ProductIndex":180108}
{"itemId":"B00I9K8NR0","ProductIndex":187931}
{"itemId":"B000JI922A","ProductIndex":153612}
{"itemId":"B00HOGRKEW","ProductIndex":147108}
{"itemId":"B000TQE434","ProductIndex":203794}
{"itemId":"B001ER6DKE","ProductIndex":169197}
{"itemId":"B0014DLA3I","ProductIndex":67284}
{"itemId":"B002W0ZAOW","ProductIndex":129059}
{"itemId":"B003Y78MKQ","ProductIndex":201419}
{"itemId":"B000MTAZFO","ProductIndex":59010}
{"itemId":"B005GRO4NQ","ProductIndex":104032}
{"itemId":"B00BSBQOFK","ProductIndex":199703}
{"itemId":"B0087T0QQE","ProductIndex":146036}
{"itemId":"B001MX4OPQ","ProductIndex":197093}
{"itemId":"B00008JOM9","ProductIndex":159725}
{"itemId":"B0042AY95G","ProductIndex":94807}
{"itemId":"B0082PQS4W","ProductIndex":131889}
{"itemId":"B00EDI9WKO","ProductIndex":201930}
{"itemId":"B0057XKHAI","ProductIndex":181343}
{"itemId":"B00802CBHK","ProductIndex":81411}
{"itemId":"B000KL1364","ProductIndex":127552}
{"itemId":"B002YT3K3Y","ProductIndex":147421}
{"itemId":"B000VILMLM","ProductIndex":149276}
{"itemId":"B006X2GXKA","ProductIndex":202581}
{"itemId":"B0000V19O0","ProductIndex":95851}
{"itemId":"B003U68VUW","ProductIndex":166879}
{"itemId":"B00DQN6EYE","ProductIndex":206374}
{"itemId":"B00BNEXD7E","ProductIndex":164377}
{"itemId":"B00GME8YIS","ProductIndex":168453}
{"itemId":"B000V6Y9DM","ProductIndex":115631}
{"itemId":"B00171T0S4","ProductIndex":175245}
{"itemId":"B006LW78LA","ProductIndex":124736}
{"itemId":"B0085730C0","ProductIndex":141064}
{"itemId":"B00DEDG2BQ","ProductIndex":195197}
{"itemId":"B0010MJXFU","ProductIndex":196381}
{"itemId":"B0001W2Y38","ProductIndex":152973}
{"itemId":"B008P8F9RI","ProductIndex":178109}
{"itemId":"B006TVQU44","ProductIndex":202039}
{"itemId":"B000M1EBGG","ProductIndex":200395}
{"itemId":"B0000AE6CI","ProductIndex":175159}
{"itemId":"B008H7BF0C","ProductIndex":156725}
{"itemId":"B000VS699C","ProductIndex":179117}
{"itemId":"B003PLQ7L2","ProductIndex":107246}
{"itemId":"B002R9O5PI","ProductIndex":207720}
{"itemId":"B008G913NA","ProductIndex":208165}
{"itemId":"B000YBGW3Y","ProductIndex":176545}
{"itemId":"B00427Z7RI","ProductIndex":119938}
{"itemId":"B00AMPHGHS","ProductIndex":174388}
{"itemId":"B0052HQEOC","ProductIndex":193280}
{"itemId":"B00DKUXOR8","ProductIndex":189847}
{"itemId":"B001GGZ2YQ","ProductIndex":134835}
{"itemId":"B0027VSQ1U","ProductIndex":145400}
{"itemId":"B000H43Q32","ProductIndex":182545}
{"itemId":"B00BSEFLZG","ProductIndex":163256}
{"itemId":"B0002OMKOS","ProductIndex":190471}
{"itemId":"B00EPDCA1U","ProductIndex":149516}
{"itemId":"B001QWRRLQ","ProductIndex":202752}
{"itemId":"B00011CS2Q","ProductIndex":120273}
{"itemId":"B00703CDPA","ProductIndex":196603}
{"itemId":"B00EDWPLD2","ProductIndex":113865}
{"itemId":"B00A4BKGRM","ProductIndex":200106}
{"itemId":"B001CCHVB6","ProductIndex":180581}
{"itemId":"B000A4AVX2","ProductIndex":202267}
{"itemId":"B00651BZKM","ProductIndex":180070}
{"itemId":"B004W4F04Q","ProductIndex":142942}
{"itemId":"B008BV74OK","ProductIndex":189425}
{"itemId":"B001522PAA","ProductIndex":150489}
{"itemId":"B009IFLY94","ProductIndex":193301}
{"itemId":"9981710857","ProductIndex":191819}
{"itemId":"B000K3D2SY","ProductIndex":180678}
{"itemId":"B00242J0NK","ProductIndex":194402}
{"itemId":"B00007E8EG","ProductIndex":95366}
{"itemId":"B003E3015O","ProductIndex":175135}
{"itemId":"B00ANITE5Q","ProductIndex":139630}
{"itemId":"B00775OC32","ProductIndex":153405}
{"itemId":"B001E0FV8Q","ProductIndex":115856}
{"itemId":"B00F9K3VTS","ProductIndex":186450}
{"itemId":"B00G69VBC0","ProductIndex":181213}
{"itemId":"B0072VQHM0","ProductIndex":205749}
{"itemId":"B002RL8UES","ProductIndex":174313}
{"itemId":"B000EW50QI","ProductIndex":198399}
{"itemId":"B0092Z479Y","ProductIndex":130500}
{"itemId":"B00FYBDZEI","ProductIndex":161767}
{"itemId":"B007QU4M38","ProductIndex":194459}
{"itemId":"B004V1XF7O","ProductIndex":173554}
{"itemId":"B0000AI1IF","ProductIndex":102598}
{"itemId":"B006QSEK5Q","ProductIndex":198586}
{"itemId":"B000A2AGTS","ProductIndex":147676}
{"itemId":"B004BJ1XKM","ProductIndex":102116}
{"itemId":"B004QCU5MG","ProductIndex":190848}
{"itemId":"B001RMZBA4","ProductIndex":162743}
{"itemId":"B005CAPIDW","ProductIndex":106785}
{"itemId":"B00005ULPP","ProductIndex":170960}
{"itemId":"B002WRJ2IK","ProductIndex":175261}
{"itemId":"B008S9IN36","ProductIndex":138007}
{"itemId":"B0071C7BTI","ProductIndex":165178}
{"itemId":"B005FRD2BW","ProductIndex":171907}
{"itemId":"B00CBL3T4A","ProductIndex":114894}
{"itemId":"B0017KUMAA","ProductIndex":145264}
{"itemId":"B005ENE7I4","ProductIndex":139066}
{"itemId":"B00004T12J","ProductIndex":175690}
{"itemId":"B00BYLYRQM","ProductIndex":195263}
{"itemId":"B00GG2DWYM","ProductIndex":126765}
{"itemId":"B004CTALJ0","ProductIndex":169145}
{"itemId":"B000062TTC","ProductIndex":135879}
{"itemId":"B007PNO2FY","ProductIndex":196396}
{"itemId":"B003N3D8ZK","ProductIndex":144809}
{"itemId":"B000782SLO","ProductIndex":145192}
{"itemId":"B004KUT62Y","ProductIndex":204673}
{"itemId":"B001H31MCY","ProductIndex":182287}
{"itemId":"B00G6PUZGW","ProductIndex":189672}
{"itemId":"B00317A5WM","ProductIndex":195442}
{"itemId":"B005YR1M0G","ProductIndex":183643}
{"itemId":"B00ANKN1BW","ProductIndex":194234}
{"itemId":"B008DWBVV4","ProductIndex":149177}
{"itemId":"B004BDOLJS","ProductIndex":179924}
{"itemId":"B00744QWPW","ProductIndex":190075}
{"itemId":"B000MSHK08","ProductIndex":198776}
{"itemId":"B0002P00IK","ProductIndex":166171}
{"itemId":"B008MBLEL8","ProductIndex":200126}
{"itemId":"B004QDRTHE","ProductIndex":196713}
{"itemId":"B003VNKLY8","ProductIndex":144661}
{"itemId":"B0036S8KO6","ProductIndex":191515}
{"itemId":"B00021Z8UO","ProductIndex":193232}
{"itemId":"B00F4PY1TW","ProductIndex":206522}
{"itemId":"B007O1LQ1A","ProductIndex":117761}
{"itemId":"B000BUYCVW","ProductIndex":198987}
{"itemId":"B0015BZL3Y","ProductIndex":193526}
{"itemId":"B005W9Z1W6","ProductIndex":198560}
{"itemId":"B004E2Q01S","ProductIndex":146680}
{"itemId":"B002DUEFTC","ProductIndex":203546}
{"itemId":"B00000JI2B","ProductIndex":188384}
{"itemId":"B003ZZ7IEI","ProductIndex":179419}
{"itemId":"B0026C8EU8","ProductIndex":198615}
{"itemId":"B002ZQ0JNA","ProductIndex":207260}
{"itemId":"B00FX8Q3NM","ProductIndex":182111}
{"itemId":"B001B67MJY","ProductIndex":168746}
{"itemId":"B00CUJ6G2A","ProductIndex":184801}
{"itemId":"B00A9OHIUM","ProductIndex":179661}
{"itemId":"B009OMUL90","ProductIndex":189891}
{"itemId":"B00822Z9OA","ProductIndex":168685}
{"itemId":"B00HV2ELWI","ProductIndex":155906}
{"itemId":"B00BL47HZ0","ProductIndex":184092}
{"itemId":"B007S9R80G","ProductIndex":144158}
{"itemId":"B003OA9CRK","ProductIndex":183230}
{"itemId":"B00246CJL6","ProductIndex":201279}
{"itemId":"B00DYRTH6O","ProductIndex":148075}
{"itemId":"B001EY30WG","ProductIndex":179793}
{"itemId":"B00APPMD5U","ProductIndex":197352}
{"itemId":"B000SO8CBM","ProductIndex":201234}
{"itemId":"B007OY9KXS","ProductIndex":193133}
{"itemId":"B0028U8K8Y","ProductIndex":187340}
{"itemId":"B00BNX7NT4","ProductIndex":190948}
{"itemId":"B00DUER2S6","ProductIndex":199230}
{"itemId":"B005RTRN9U","ProductIndex":180269}
{"itemId":"B00CAJUZLI","ProductIndex":195770}
{"itemId":"B004HZLNNW","ProductIndex":202458}
{"itemId":"B000BKRUDE","ProductIndex":201615}
{"itemId":"B008AKJF6M","ProductIndex":191717}
{"itemId":"B00006JN7M","ProductIndex":186768}
{"itemId":"B00CPLGLLE","ProductIndex":178956}
{"itemId":"B005PSB3U8","ProductIndex":201318}
{"itemId":"B00G3ULYKG","ProductIndex":205310}
{"itemId":"B000EUC2QQ","ProductIndex":178429}
{"itemId":"B0098QOHX8","ProductIndex":193554}
{"itemId":"B00K74R10Q","ProductIndex":195828}
{"itemId":"B00DVUGN7A","ProductIndex":199614}
{"itemId":"B004SM8FDU","ProductIndex":188020}
