{"itemId":"B0007U0GZM","ProductIndex":2385}
{"itemId":"B004MKNNGW","ProductIndex":35556}
{"itemId":"B00170MYIS","ProductIndex":3784}
{"itemId":"B007A1TI7I","ProductIndex":159067}
{"itemId":"B0011Z44KA","ProductIndex":17473}
{"itemId":"B001TH7GUU","ProductIndex":60}
{"itemId":"B008KLEG9W","ProductIndex":5380}
{"itemId":"B0033TJPJW","ProductIndex":9213}
{"itemId":"B007H55NWG","ProductIndex":4574}
{"itemId":"B000YM2OIK","ProductIndex":1697}
{"itemId":"B00004VX3T","ProductIndex":5727}
{"itemId":"B0093W2W7U","ProductIndex":3024}
{"itemId":"B0072XQI2W","ProductIndex":963}
{"itemId":"B004LNXO28","ProductIndex":275}
{"itemId":"B00069ECUY","ProductIndex":28182}
{"itemId":"B003VTZE0I","ProductIndex":11328}
{"itemId":"B000FKYQFA","ProductIndex":7913}
{"itemId":"B002LLI04Y","ProductIndex":85684}
{"itemId":"B0096YOQRY","ProductIndex":217}
{"itemId":"B004L444LM","ProductIndex":92194}
{"itemId":"B006LNIX72","ProductIndex":162248}
{"itemId":"B006JG5S6K","ProductIndex":1255}
{"itemId":"B003ULJU2A","ProductIndex":4802}
{"itemId":"B00BWF5U0M","ProductIndex":173}
{"itemId":"B0084V5FD4","ProductIndex":8438}
{"itemId":"B0073HSHVM","ProductIndex":3447}
{"itemId":"B0071P4JVI","ProductIndex":89154}
{"itemId":"B0007PM7QS","ProductIndex":128210}
{"itemId":"B000KGLL84","ProductIndex":5964}
{"itemId":"B005ZIM73A","ProductIndex":22237}
{"itemId":"B0075W8D7I","ProductIndex":4278}
{"itemId":"B001TZWNF0","ProductIndex":1090}
{"itemId":"B008R77ZCO","ProductIndex":579}
{"itemId":"B002IKKFHS","ProductIndex":25064}
{"itemId":"B003STVG80","ProductIndex":2235}
{"itemId":"B000HDFH6W","ProductIndex":35233}
{"itemId":"B002W5V8SE","ProductIndex":1064}
{"itemId":"B00F4LRX3W","ProductIndex":102216}
{"itemId":"B009AEPTVC","ProductIndex":49055}
{"itemId":"B009E6R89C","ProductIndex":4039}
{"itemId":"B00KYMCJF8","ProductIndex":30522}
{"itemId":"B0052C6C5I","ProductIndex":72423}
{"itemId":"B004BUQG7Q","ProductIndex":166995}
{"itemId":"B00005LENO","ProductIndex":4911}
{"itemId":"B00GP4BVTO","ProductIndex":1302}
{"itemId":"B006ZZYKWS","ProductIndex":22764}
{"itemId":"B0081F2Z40","ProductIndex":1946}
{"itemId":"B003ES5ZTG","ProductIndex":36805}
{"itemId":"B001AGM2VI","ProductIndex":2397}
{"itemId":"B002K7ULJQ","ProductIndex":6041}
{"itemId":"B0002BAN36","ProductIndex":194048}
{"itemId":"B009034H3E","ProductIndex":115402}
{"itemId":"B002Q0W80M","ProductIndex":26739}
{"itemId":"B004FPYKPC","ProductIndex":72351}
{"itemId":"B002XZM0I0","ProductIndex":11548}
{"itemId":"B008Z0F3FY","ProductIndex":3861}
{"itemId":"B005PPMF3U","ProductIndex":99720}
{"itemId":"B004M18O60","ProductIndex":4682}
{"itemId":"B00DM8R866","ProductIndex":5253}
{"itemId":"B00B7IR426","ProductIndex":8690}
{"itemId":"B00375JBL4","ProductIndex":6119}
{"itemId":"B0076DKLA8","ProductIndex":8172}
{"itemId":"B00EQ32YPG","ProductIndex":8243}
{"itemId":"B00006I5SQ","ProductIndex":5436}
{"itemId":"B0055WP46I","ProductIndex":82586}
{"itemId":"B007IPKIFW","ProductIndex":52967}
{"itemId":"B00AKHV7RS","ProductIndex":28181}
{"itemId":"B001S10D2K","ProductIndex":78560}
{"itemId":"B001HH0AUU","ProductIndex":17661}
{"itemId":"B00681YJRA","ProductIndex":22554}
{"itemId":"B00834SJ8K","ProductIndex":16247}
{"itemId":"B003AUWFV4","ProductIndex":58473}
{"itemId":"B003AVN6C0","ProductIndex":3729}
{"itemId":"B00FOU3KYE","ProductIndex":3790}
{"itemId":"B00F9VPCDK","ProductIndex":67362}
{"itemId":"B0036R85RO","ProductIndex":84068}
{"itemId":"B000HZGQ9C","ProductIndex":3192}
{"itemId":"B000VL1QF6","ProductIndex":10436}
{"itemId":"B001AO1WR0","ProductIndex":31929}
{"itemId":"B0018O9JIG","ProductIndex":481}
{"itemId":"B002SB8RQS","ProductIndex":54974}
{"itemId":"B004EHL2YS","ProductIndex":20811}
{"itemId":"B0032FOJQG","ProductIndex":93411}
{"itemId":"B00329SZJY","ProductIndex":52438}
{"itemId":"B004317MU8","ProductIndex":17344}
{"itemId":"B0012MBIJ2","ProductIndex":48780}
{"itemId":"B0036R9XRU","ProductIndex":2924}
{"itemId":"B0002ER322","ProductIndex":103045}
{"itemId":"B004CRSM4I","ProductIndex":859}
{"itemId":"B008C8LWYA","ProductIndex":30100}
{"itemId":"B0042X8XQO","ProductIndex":12717}
{"itemId":"B00005QZ4J","ProductIndex":182194}
{"itemId":"B004V8KWQO","ProductIndex":9084}
{"itemId":"B002O0KM52","ProductIndex":21308}
{"itemId":"B00009R89L","ProductIndex":10311}
{"itemId":"B009K0P03S","ProductIndex":22020}
{"itemId":"B002KDXQKG","ProductIndex":6690}
{"itemId":"B0002V9IKK","ProductIndex":13151}
{"itemId":"B003CYKYU2","ProductIndex":5422}
{"itemId":"B004TNCN8Q","ProductIndex":14311}
{"itemId":"B006U0Z3BA","ProductIndex":6596}
{"itemId":"B00867ZCM0","ProductIndex":24779}
{"itemId":"B001W6Q7QM","ProductIndex":69954}
{"itemId":"B000N81C42","ProductIndex":24215}
{"itemId":"B00GAS38VE","ProductIndex":63023}
{"itemId":"B00006B8C0","ProductIndex":30996}
{"itemId":"B003K1LEMY","ProductIndex":35158}
{"itemId":"B00FZM2ZHE","ProductIndex":125609}
{"itemId":"B002T4XR78","ProductIndex":47222}
{"itemId":"B003PHBUKE","ProductIndex":40899}
{"itemId":"B002C74E9C","ProductIndex":10212}
{"itemId":"B0049ZDNPQ","ProductIndex":37565}
{"itemId":"B009JPBPWO","ProductIndex":3311}
{"itemId":"B0026L7FGI","ProductIndex":9902}
{"itemId":"B007ZQ2AKK","ProductIndex":145381}
{"itemId":"B0060DVXZC","ProductIndex":46152}
{"itemId":"B009OLI0SU","ProductIndex":52033}
{"itemId":"B0035LXOPY","ProductIndex":32566}
{"itemId":"B0086T9H7E","ProductIndex":7505}
{"itemId":"B00AMA7WOK","ProductIndex":19636}
{"itemId":"B0013G1450","ProductIndex":110732}
{"itemId":"B003BPPAB0","ProductIndex":42818}
{"itemId":"B0002A9RFM","ProductIndex":8082}
{"itemId":"B001RNNX76","ProductIndex":31375}
{"itemId":"B003Y33QMY","ProductIndex":53286}
{"itemId":"B005OB1XEM","ProductIndex":21442}
{"itemId":"B0000AZ0OP","ProductIndex":23518}
{"itemId":"B00CMUZ9YI","ProductIndex":43360}
{"itemId":"B007T18IE8","ProductIndex":173852}
{"itemId":"B002UMEBCE","ProductIndex":65081}
{"itemId":"B000G1EWZ2","ProductIndex":22394}
{"itemId":"B0079VGCM8","ProductIndex":81329}
{"itemId":"B00EUVB2C0","ProductIndex":27285}
{"itemId":"B004GVDZMY","ProductIndex":76260}
{"itemId":"B002V94QEY","ProductIndex":89800}
{"itemId":"B005HX15C2","ProductIndex":52139}
{"itemId":"B004HR42LK","ProductIndex":16206}
{"itemId":"B001C47KSS","ProductIndex":156659}
{"itemId":"B000VG802I","ProductIndex":7730}
{"itemId":"B000FFQ3BK","ProductIndex":147361}
{"itemId":"B004CK5QQM","ProductIndex":16768}
{"itemId":"B0050F1LI0","ProductIndex":120214}
{"itemId":"B004DXVHMK","ProductIndex":135737}
{"itemId":"B005A0B3MO","ProductIndex":25815}
{"itemId":"B003XU7AQ6","ProductIndex":13643}
{"itemId":"B0090SVDEK","ProductIndex":7298}
{"itemId":"B009APBVK4","ProductIndex":6371}
{"itemId":"B00007E7K0","ProductIndex":10776}
{"itemId":"B001P05NBA","ProductIndex":10946}
{"itemId":"B000068OJM","ProductIndex":19969}
{"itemId":"B003W1ZMCU","ProductIndex":36309}
{"itemId":"B00008BLEB","ProductIndex":103837}
{"itemId":"B0041NQ00Q","ProductIndex":75642}
{"itemId":"B005MMW4DM","ProductIndex":15423}
{"itemId":"B00190QMG6","ProductIndex":104217}
{"itemId":"B005NTHXYY","ProductIndex":12300}
{"itemId":"B008OW9TMG","ProductIndex":32623}
{"itemId":"B00BGIXOHQ","ProductIndex":41128}
{"itemId":"B00FG7N7RA","ProductIndex":20362}
{"itemId":"B000CP8RP8","ProductIndex":158985}
{"itemId":"B0052SUKUK","ProductIndex":25095}
{"itemId":"B0045HKJZU","ProductIndex":43558}
{"itemId":"B0017K8WDE","ProductIndex":23535}
{"itemId":"B001VS4QHI","ProductIndex":82261}
{"itemId":"B0039L50ZC","ProductIndex":49940}
{"itemId":"B000J0MN7Y","ProductIndex":27283}
{"itemId":"B00C8T7N7E","ProductIndex":41883}
{"itemId":"B00BUH76VS","ProductIndex":154168}
{"itemId":"B001OXNYIM","ProductIndex":72720}
{"itemId":"B003D8OS9A","ProductIndex":26250}
{"itemId":"B00CT68W44","ProductIndex":33014}
{"itemId":"B0049S0OQE","ProductIndex":77122}
{"itemId":"B00AH4A950","ProductIndex":15461}
{"itemId":"B00I9UKPTY","ProductIndex":128991}
{"itemId":"B000J4GCV8","ProductIndex":21337}
{"itemId":"B0028N51D8","ProductIndex":93491}
{"itemId":"B001H1CD92","ProductIndex":31650}
{"itemId":"B001UH4VFW","ProductIndex":19503}
{"itemId":"B004Y4ZOC2","ProductIndex":125292}
{"itemId":"B0054WF1TE","ProductIndex":20279}
{"itemId":"B0088VQEV2","ProductIndex":14326}
{"itemId":"B009AQTOP2","ProductIndex":23531}
{"itemId":"B00HNJWV1W","ProductIndex":70615}
{"itemId":"B00BDALVF4","ProductIndex":25180}
{"itemId":"B000NDTR9Y","ProductIndex":64943}
{"itemId":"B000GUKTDM","ProductIndex":21771}
{"itemId":"B007E795ZS","ProductIndex":147710}
{"itemId":"B000J1J3LC","ProductIndex":76864}
{"itemId":"B004OBZ2TA","ProductIndex":88828}
{"itemId":"B005ED1GX8","ProductIndex":50814}
{"itemId":"B00266AHD6","ProductIndex":88615}
{"itemId":"B000WV8EK0","ProductIndex":23526}
{"itemId":"B001TUYTZ2","ProductIndex":15810}
{"itemId":"B0019LM9AS","ProductIndex":21384}
{"itemId":"B00AQU2UJS","ProductIndex":65969}
{"itemId":"B0074OIQWO","ProductIndex":143390}
{"itemId":"B004M9BI24","ProductIndex":34932}
{"itemId":"B00BKVE04A","ProductIndex":102654}
{"itemId":"B003C0Z01E","ProductIndex":19572}
{"itemId":"B001O497DW","ProductIndex":174709}
{"itemId":"B000WUD55K","ProductIndex":207773}
{"itemId":"B000RZO482","ProductIndex":26201}
{"itemId":"B0024NKHAY","ProductIndex":58123}
{"itemId":"B00DDVTWA2","ProductIndex":46493}
{"itemId":"B0086T7C62","ProductIndex":111354}
{"itemId":"B002UXXHH8","ProductIndex":93612}
{"itemId":"B003XY6HYS","ProductIndex":35533}
{"itemId":"B000KPVPCW","ProductIndex":84828}
{"itemId":"B008C4ANOE","ProductIndex":41713}
{"itemId":"B0013M0NQK","ProductIndex":49900}
{"itemId":"B0044EXXFC","ProductIndex":63653}
{"itemId":"B000AMACDI","ProductIndex":67826}
{"itemId":"B003IT3BQ0","ProductIndex":10703}
{"itemId":"B00ESRIVK2","ProductIndex":79527}
{"itemId":"B0061XSBXI","ProductIndex":20683}
{"itemId":"B002EL4MES","ProductIndex":14214}
{"itemId":"B005DMLDOC","ProductIndex":31177}
{"itemId":"B0013FYODU","ProductIndex":145931}
{"itemId":"B000078QJ1","ProductIndex":26555}
{"itemId":"B00G5T1Z5Y","ProductIndex":7897}
{"itemId":"B000OAHOVO","ProductIndex":4563}
{"itemId":"B0018BOJTS","ProductIndex":76003}
{"itemId":"B005HM8BX4","ProductIndex":60526}
{"itemId":"B003U31792","ProductIndex":163011}
{"itemId":"B000UZFWN0","ProductIndex":86197}
{"itemId":"B0035WTD8A","ProductIndex":48361}
{"itemId":"B0098Y77LE","ProductIndex":28639}
{"itemId":"B000EQW5SA","ProductIndex":47688}
{"itemId":"B00BMRLK3Q","ProductIndex":42634}
{"itemId":"B0025KVAY8","ProductIndex":85047}
{"itemId":"B0071DCTKS","ProductIndex":15718}
{"itemId":"B0015MZ01Q","ProductIndex":185153}
{"itemId":"B001L45O6O","ProductIndex":12459}
{"itemId":"B008HQT6YA","ProductIndex":83180}
{"itemId":"B004Z9X270","ProductIndex":51874}
{"itemId":"B001MQ31KC","ProductIndex":133638}
{"itemId":"B0042AUVIU","ProductIndex":69693}
{"itemId":"B004E4G01G","ProductIndex":45803}
{"itemId":"B000EH4Y3S","ProductIndex":45995}
{"itemId":"B00E5K0EC0","ProductIndex":47356}
{"itemId":"B00946HJAA","ProductIndex":83521}
{"itemId":"B000WJ3GLE","ProductIndex":12976}
{"itemId":"B00B4LSOIY","ProductIndex":97773}
{"itemId":"B004OBYYPS","ProductIndex":62492}
{"itemId":"B00ATTVJX4","ProductIndex":13319}
{"itemId":"B008GR8WIQ","ProductIndex":51026}
{"itemId":"B00BUY0FHS","ProductIndex":46303}
{"itemId":"B00AERM0WK","ProductIndex":52831}
{"itemId":"B007SDKENA","ProductIndex":78869}
{"itemId":"B003IA9HR6","ProductIndex":132043}
{"itemId":"B00EMSU3DK","ProductIndex":47502}
{"itemId":"B001D6HOOA","ProductIndex":15678}
{"itemId":"B003ZSHNIG","ProductIndex":53857}
{"itemId":"B0001NYK8O","ProductIndex":116282}
{"itemId":"B000ETBTB6","ProductIndex":88979}
{"itemId":"B003NZS37G","ProductIndex":13442}
{"itemId":"B000MW3YAO","ProductIndex":33117}
{"itemId":"B00F0RD86G","ProductIndex":48877}
{"itemId":"B004RG4MNE","ProductIndex":23816}
{"itemId":"B0000TQHIU","ProductIndex":92968}
{"itemId":"B00008KJ31","ProductIndex":149008}
{"itemId":"B000063XJ3","ProductIndex":101493}
{"itemId":"B004JO5XH8","ProductIndex":70936}
{"itemId":"B003TO55BS","ProductIndex":49737}
{"itemId":"B001U3Y6I8","ProductIndex":29207}
{"itemId":"B000I5613M","ProductIndex":58170}
{"itemId":"B00009QOXL","ProductIndex":169531}
{"itemId":"B005L1LKF2","ProductIndex":50674}
{"itemId":"B0013545U2","ProductIndex":48438}
{"itemId":"B0079R8MRU","ProductIndex":20441}
{"itemId":"B001D72NE0","ProductIndex":28809}
{"itemId":"B008H2GSVS","ProductIndex":191933}
{"itemId":"B005PHXJD8","ProductIndex":83415}
{"itemId":"B002N5MWDS","ProductIndex":45192}
{"itemId":"B00GD4FHT6","ProductIndex":58114}
{"itemId":"B001ASDHII","ProductIndex":28004}
{"itemId":"B005NIVXX2","ProductIndex":83127}
{"itemId":"B000AR7RH2","ProductIndex":52760}
{"itemId":"B004T4L5I4","ProductIndex":72692}
{"itemId":"B0087KEDOO","ProductIndex":90390}
{"itemId":"B0037WV80Y","ProductIndex":26835}
{"itemId":"B004QPROAO","ProductIndex":49054}
{"itemId":"B00542SWQ8","ProductIndex":81197}
{"itemId":"B0088O7C7Y","ProductIndex":19915}
{"itemId":"B0086SKGQQ","ProductIndex":40939}
{"itemId":"B009OAS1KI","ProductIndex":127137}
{"itemId":"B003PJ34OM","ProductIndex":33028}
{"itemId":"B00B76P4T8","ProductIndex":110347}
{"itemId":"B000LJHGQ6","ProductIndex":83110}
{"itemId":"B007ZXJXZI","ProductIndex":83047}
{"itemId":"B005DSMPES","ProductIndex":61269}
{"itemId":"B006YG9E7O","ProductIndex":29985}
{"itemId":"B005GM5WAK","ProductIndex":148499}
{"itemId":"B000PD7IG6","ProductIndex":28701}
{"itemId":"B000HNL7KW","ProductIndex":130338}
{"itemId":"B00006JP8U","ProductIndex":128198}
{"itemId":"B001D17XXC","ProductIndex":79512}
{"itemId":"B008JAYIVK","ProductIndex":71035}
{"itemId":"B0001WV0E2","ProductIndex":147023}
{"itemId":"B005N1PXM6","ProductIndex":26758}
{"itemId":"B00GCD4D48","ProductIndex":66113}
{"itemId":"B000BR39N2","ProductIndex":76567}
{"itemId":"B005CZD8AM","ProductIndex":20235}
{"itemId":"B000LG3PB4","ProductIndex":85519}
{"itemId":"B0053MUDWU","ProductIndex":134498}
{"itemId":"B000IGGCCG","ProductIndex":16292}
{"itemId":"B0015ADDYY","ProductIndex":8750}
{"itemId":"B001L294BC","ProductIndex":153218}
{"itemId":"B00008R9MM","ProductIndex":32182}
{"itemId":"B00GTIQF24","ProductIndex":81781}
{"itemId":"B00325QQ62","ProductIndex":28713}
{"itemId":"B009ZIINMU","ProductIndex":70752}
{"itemId":"B0000AJB80","ProductIndex":38148}
{"itemId":"B008BZBGX6","ProductIndex":175242}
{"itemId":"B0013CC3M2","ProductIndex":94361}
{"itemId":"B0057SFW94","ProductIndex":162647}
{"itemId":"B000HVXD3S","ProductIndex":26047}
{"itemId":"B000HDWXRS","ProductIndex":51045}
{"itemId":"B000K069AK","ProductIndex":201710}
{"itemId":"B00070PME2","ProductIndex":74339}
{"itemId":"B00006L4FY","ProductIndex":40450}
{"itemId":"B003MCZVQ6","ProductIndex":158442}
{"itemId":"B00178JBCW","ProductIndex":161566}
{"itemId":"B000I94HN4","ProductIndex":66228}
{"itemId":"B004AM6E8Q","ProductIndex":73329}
{"itemId":"B0033WD9DM","ProductIndex":54925}
{"itemId":"B00GYCXFM8","ProductIndex":196568}
{"itemId":"B0054MHEB2","ProductIndex":149474}
{"itemId":"B001GD73X2","ProductIndex":32437}
{"itemId":"B00E594ZX0","ProductIndex":26547}
{"itemId":"B002CNN0MS","ProductIndex":122008}
{"itemId":"B002Q6RNTM","ProductIndex":56834}
{"itemId":"B002Y1S4VA","ProductIndex":183628}
{"itemId":"B008ENGWV6","ProductIndex":55863}
{"itemId":"B00DMMNJ9M","ProductIndex":104019}
{"itemId":"B001D8X72G","ProductIndex":19836}
{"itemId":"B0084JCGV0","ProductIndex":27881}
{"itemId":"B00FAUGGPS","ProductIndex":89024}
{"itemId":"B001G59YPA","ProductIndex":190441}
{"itemId":"B0002W3A6C","ProductIndex":84528}
{"itemId":"B000AAN5NE","ProductIndex":58557}
{"itemId":"B0025L3GG2","ProductIndex":77107}
{"itemId":"B000TFIVD4","ProductIndex":50434}
{"itemId":"B00AA0UU9G","ProductIndex":175221}
{"itemId":"B000I97HRM","ProductIndex":53227}
{"itemId":"B00C888N60","ProductIndex":195078}
{"itemId":"B0018BZTLU","ProductIndex":122276}
{"itemId":"B00579K5J0","ProductIndex":79002}
{"itemId":"B001IAU2MW","ProductIndex":162770}
{"itemId":"B000YI7M3G","ProductIndex":73834}
{"itemId":"B00276S5F2","ProductIndex":30775}
{"itemId":"B007XOQUY6","ProductIndex":22471}
{"itemId":"B0048WHCAW","ProductIndex":48581}
{"itemId":"B001MW90VA","ProductIndex":205124}
{"itemId":"B001NJSB3K","ProductIndex":122450}
{"itemId":"B0017T3Q72","ProductIndex":82021}
{"itemId":"B0027FFQ8M","ProductIndex":73379}
{"itemId":"B00FDLGMJE","ProductIndex":71351}
{"itemId":"B008BUPFFG","ProductIndex":140959}
{"itemId":"B00007BKRM","ProductIndex":144501}
{"itemId":"B00008IOEJ","ProductIndex":30660}
{"itemId":"B002IY4V9C","ProductIndex":48370}
{"itemId":"B0006TIA48","ProductIndex":17582}
{"itemId":"B0090MTBI6","ProductIndex":138498}
{"itemId":"B0006ORDUA","ProductIndex":64820}
{"itemId":"B00A9044GW","ProductIndex":125016}
{"itemId":"B001OBTT0Q","ProductIndex":36276}
{"itemId":"B0009P8BIY","ProductIndex":59674}
{"itemId":"B001AJ5S16","ProductIndex":182961}
{"itemId":"B00006JPTU","ProductIndex":71681}
{"itemId":"B007ZLR18G","ProductIndex":29412}
{"itemId":"B007MBGQJO","ProductIndex":14037}
{"itemId":"B0083QYTT6","ProductIndex":138143}
{"itemId":"B00154ERWC","ProductIndex":131664}
{"itemId":"B009EAQ9GQ","ProductIndex":128919}
{"itemId":"B005FBZF22","ProductIndex":133391}
{"itemId":"B0012MIND6","ProductIndex":111822}
{"itemId":"B002POJ1DG","ProductIndex":75837}
{"itemId":"B00K67QUQK","ProductIndex":104037}
{"itemId":"B000JI807S","ProductIndex":181356}
{"itemId":"B001XUR5F4","ProductIndex":38504}
{"itemId":"B001K6XYWY","ProductIndex":78367}
{"itemId":"B008BUM4V4","ProductIndex":163463}
{"itemId":"B0015L8OSS","ProductIndex":60997}
{"itemId":"B0062HBRUM","ProductIndex":51956}
{"itemId":"B002Y2VA56","ProductIndex":145662}
{"itemId":"B002N7NEYM","ProductIndex":27847}
{"itemId":"B00CIUHSGE","ProductIndex":131635}
{"itemId":"B00005LELD","ProductIndex":29115}
{"itemId":"B0041BYSVG","ProductIndex":163768}
{"itemId":"B006JN2DKC","ProductIndex":155527}
{"itemId":"B008BBQO00","ProductIndex":73142}
{"itemId":"B00008OT2G","ProductIndex":13334}
{"itemId":"B000IMSMVY","ProductIndex":159278}
{"itemId":"B00HJFBUCQ","ProductIndex":88877}
{"itemId":"B004ETCSX0","ProductIndex":90684}
{"itemId":"B0000E5SEQ","ProductIndex":135432}
{"itemId":"B000OGI9QM","ProductIndex":60090}
{"itemId":"B005R4370O","ProductIndex":148925}
{"itemId":"B00APCJ0UY","ProductIndex":146697}
{"itemId":"B00I14DPC2","ProductIndex":56406}
{"itemId":"B00065IH0O","ProductIndex":92704}
{"itemId":"B00378KMIC","ProductIndex":92220}
{"itemId":"B004A9NKIG","ProductIndex":44164}
{"itemId":"B002Z3TDM6","ProductIndex":71133}
{"itemId":"B000Q8623A","ProductIndex":64522}
{"itemId":"B0080D3Z24","ProductIndex":109445}
{"itemId":"B00CYX53QW","ProductIndex":26665}
{"itemId":"B000Y1UCR6","ProductIndex":66032}
{"itemId":"B00005T3DX","ProductIndex":37589}
{"itemId":"B00144L3QG","ProductIndex":71051}
{"itemId":"B0021LT066","ProductIndex":25465}
{"itemId":"B009661Y8G","ProductIndex":31219}
{"itemId":"B005QOM09O","ProductIndex":127445}
{"itemId":"B00025G2PU","ProductIndex":203657}
{"itemId":"B0011DLPHW","ProductIndex":166896}
{"itemId":"B00DM22FEW","ProductIndex":103341}
{"itemId":"B001V3O2HW","ProductIndex":58363}
{"itemId":"B0044FSSMY","ProductIndex":40044}
{"itemId":"B00172PW62","ProductIndex":101678}
{"itemId":"B005LCAENA","ProductIndex":62497}
{"itemId":"B002NU6M5M","ProductIndex":69953}
{"itemId":"B000MEQ83M","ProductIndex":59114}
{"itemId":"B009ET9H5M","ProductIndex":90822}
{"itemId":"B001A48VQU","ProductIndex":48112}
{"itemId":"B0080E2FJ2","ProductIndex":44770}
{"itemId":"B00B470PSU","ProductIndex":127632}
{"itemId":"B00B353NI2","ProductIndex":26878}
{"itemId":"B00AY1F172","ProductIndex":134983}
{"itemId":"B004BV9JBU","ProductIndex":201113}
{"itemId":"B00K004PHO","ProductIndex":200267}
{"itemId":"B0062TB9PI","ProductIndex":159696}
{"itemId":"B004I1GJHA","ProductIndex":78715}
{"itemId":"B004LDANDQ","ProductIndex":147227}
{"itemId":"B000L4CH2O","ProductIndex":199464}
{"itemId":"B003ZUJDMI","ProductIndex":65037}
{"itemId":"B005CHMTLO","ProductIndex":194442}
{"itemId":"B002AQVOWK","ProductIndex":84596}
{"itemId":"B000AMLVTM","ProductIndex":75060}
{"itemId":"B0043UO234","ProductIndex":54889}
{"itemId":"B001U8ITVS","ProductIndex":45164}
{"itemId":"B00752QXP2","ProductIndex":105788}
{"itemId":"B0007PL4AS","ProductIndex":133309}
{"itemId":"B002KCAG50","ProductIndex":162696}
{"itemId":"B00CM5FTM0","ProductIndex":90062}
{"itemId":"B000TFPKYC","ProductIndex":82356}
{"itemId":"B005SGQBAO","ProductIndex":135694}
{"itemId":"B00A36AX80","ProductIndex":57400}
{"itemId":"B0002CIC2E","ProductIndex":53019}
{"itemId":"B0001FUAGI","ProductIndex":149911}
{"itemId":"B000GTRL0W","ProductIndex":66545}
{"itemId":"B0098URE66","ProductIndex":147989}
{"itemId":"B00009KP3L","ProductIndex":64211}
{"itemId":"B000TL3IPY","ProductIndex":56262}
{"itemId":"B00382DZW2","ProductIndex":71293}
{"itemId":"B00011ME9I","ProductIndex":85238}
{"itemId":"B004OFIZFY","ProductIndex":172726}
{"itemId":"B001GZMH9K","ProductIndex":121283}
{"itemId":"B00551B6I4","ProductIndex":114912}
{"itemId":"B001CED3Q6","ProductIndex":112193}
{"itemId":"B002FB5HD2","ProductIndex":48830}
{"itemId":"B00006HTGP","ProductIndex":174413}
{"itemId":"B003597DYE","ProductIndex":134310}
{"itemId":"B003USU30G","ProductIndex":112850}
{"itemId":"B000VRTG02","ProductIndex":66528}
{"itemId":"B000MXYBZU","ProductIndex":46928}
{"itemId":"B00A6VYOWI","ProductIndex":149648}
{"itemId":"B001211HKS","ProductIndex":148768}
{"itemId":"B00DPTUWIS","ProductIndex":119245}
{"itemId":"B00ELAIHDM","ProductIndex":72758}
{"itemId":"B00C4N410G","ProductIndex":83953}
{"itemId":"B002UV8PHC","ProductIndex":108088}
{"itemId":"B008N7OQ16","ProductIndex":71018}
{"itemId":"B00847214Y","ProductIndex":157618}
{"itemId":"B00000J3KH","ProductIndex":142797}
{"itemId":"B002S2KTX6","ProductIndex":58266}
{"itemId":"B000F3XZX6","ProductIndex":92428}
{"itemId":"B005LIDFCQ","ProductIndex":80367}
{"itemId":"B001TDZ0HU","ProductIndex":87314}
{"itemId":"B002PK57VA","ProductIndex":85324}
{"itemId":"B00009R6SD","ProductIndex":25004}
{"itemId":"B000A0QMC0","ProductIndex":161443}
{"itemId":"B00BSE79KQ","ProductIndex":110678}
{"itemId":"B009LDNTOG","ProductIndex":67885}
{"itemId":"B00DU45VWU","ProductIndex":73980}
{"itemId":"B00005UKXL","ProductIndex":31763}
{"itemId":"B000BN9J08","ProductIndex":48727}
{"itemId":"B007RNI0NW","ProductIndex":130701}
{"itemId":"B003OE7UES","ProductIndex":120942}
{"itemId":"B001BS80ZM","ProductIndex":62469}
{"itemId":"B005AYB45G","ProductIndex":159437}
{"itemId":"B004QA7UY4","ProductIndex":59265}
{"itemId":"B00126WXUQ","ProductIndex":92275}
{"itemId":"B00009MJKB","ProductIndex":62943}
{"itemId":"B006ZZCZCK","ProductIndex":193996}
{"itemId":"B001BYAOYG","ProductIndex":139549}
{"itemId":"B00006JPU2","ProductIndex":45264}
{"itemId":"B004QBCOPS","ProductIndex":82676}
{"itemId":"B005LIF7X6","ProductIndex":71242}
{"itemId":"B0040GJJH0","ProductIndex":197595}
{"itemId":"B0013FDMJ2","ProductIndex":42201}
{"itemId":"B0075AQKZW","ProductIndex":197153}
{"itemId":"B0065LWCYA","ProductIndex":42074}
{"itemId":"B003VWXYXE","ProductIndex":166582}
{"itemId":"B00D3RQRF4","ProductIndex":170136}
{"itemId":"B00196B3V4","ProductIndex":119039}
{"itemId":"B0019FMEO0","ProductIndex":55060}
{"itemId":"B0011FMZY2","ProductIndex":78364}
{"itemId":"B008C7C5T2","ProductIndex":70933}
{"itemId":"B00HJOXUKC","ProductIndex":64101}
{"itemId":"B002WE8UX6","ProductIndex":143872}
{"itemId":"B004LLE0QY","ProductIndex":131115}
{"itemId":"B0001DKR0Y","ProductIndex":44106}
{"itemId":"B00FRKOG3K","ProductIndex":70033}
{"itemId":"B0052M3JB8","ProductIndex":167511}
{"itemId":"B007FH221G","ProductIndex":153080}
{"itemId":"B004MKNJCA","ProductIndex":128773}
{"itemId":"B00COC60YC","ProductIndex":96952}
{"itemId":"B001RTS4SS","ProductIndex":138624}
{"itemId":"B000ARDHSA","ProductIndex":85655}
{"itemId":"B007BNNY3O","ProductIndex":101142}
{"itemId":"B000GZS9IY","ProductIndex":71385}
{"itemId":"B004D49K5U","ProductIndex":111129}
{"itemId":"B002SNBEES","ProductIndex":150519}
{"itemId":"B00101YJG4","ProductIndex":187728}
{"itemId":"B0069DJXWI","ProductIndex":134189}
{"itemId":"B004P2WXMW","ProductIndex":197538}
{"itemId":"B0007SO1QO","ProductIndex":164043}
{"itemId":"B001C7ABKY","ProductIndex":87414}
{"itemId":"B00378KLFQ","ProductIndex":42942}
{"itemId":"B00523NRGY","ProductIndex":64638}
{"itemId":"B003LU85F8","ProductIndex":115056}
{"itemId":"B0009BVFA4","ProductIndex":73198}
{"itemId":"B002T0AVVM","ProductIndex":36237}
{"itemId":"B008X5RUJI","ProductIndex":169343}
{"itemId":"B001RQINAK","ProductIndex":156077}
{"itemId":"B00006B9QI","ProductIndex":125333}
{"itemId":"B0017149R6","ProductIndex":96571}
{"itemId":"B00005KG4K","ProductIndex":97916}
{"itemId":"B003EB3266","ProductIndex":101405}
{"itemId":"B007ZZ4K0O","ProductIndex":124724}
{"itemId":"B002TG3NXO","ProductIndex":44464}
{"itemId":"B0042RVAD8","ProductIndex":55528}
{"itemId":"B00DI3EL56","ProductIndex":163297}
{"itemId":"B000CP1318","ProductIndex":60205}
{"itemId":"B001NJ0FYI","ProductIndex":126400}
{"itemId":"B0002WPS6C","ProductIndex":135546}
{"itemId":"B009CD133E","ProductIndex":142396}
{"itemId":"B0042JDUAW","ProductIndex":84824}
{"itemId":"B000P0ERAY","ProductIndex":140215}
{"itemId":"B009OWZBQI","ProductIndex":199291}
{"itemId":"B008VXYWV6","ProductIndex":150098}
{"itemId":"B001PUA91Y","ProductIndex":50751}
{"itemId":"B000Q3HIS8","ProductIndex":57691}
{"itemId":"B003DIUT6G","ProductIndex":88520}
{"itemId":"B001CE06GQ","ProductIndex":55007}
{"itemId":"B000634232","ProductIndex":120414}
{"itemId":"B005CTPKAY","ProductIndex":58193}
{"itemId":"B005C3MXJQ","ProductIndex":102706}
{"itemId":"B002IHTIEW","ProductIndex":143658}
{"itemId":"B008O47NTU","ProductIndex":124458}
{"itemId":"B0042X96JC","ProductIndex":69197}
{"itemId":"B006C6IYCM","ProductIndex":133283}
{"itemId":"B00521KOOY","ProductIndex":104447}
{"itemId":"B00GU1HSEY","ProductIndex":81294}
{"itemId":"B006KLD2I0","ProductIndex":171188}
{"itemId":"B003VW06OY","ProductIndex":140119}
{"itemId":"B009FQWQIO","ProductIndex":96121}
{"itemId":"B005CL8TMI","ProductIndex":117698}
{"itemId":"B00B5T269S","ProductIndex":193863}
{"itemId":"B0017OGTS0","ProductIndex":110829}
{"itemId":"B0071I0P9U","ProductIndex":80164}
{"itemId":"B004OZM9LU","ProductIndex":201600}
{"itemId":"B005IEHCEK","ProductIndex":66921}
{"itemId":"B000GJEUNI","ProductIndex":139734}
{"itemId":"B004KD400Y","ProductIndex":195617}
{"itemId":"B008YTUN38","ProductIndex":111254}
{"itemId":"B000KMZSQ4","ProductIndex":66024}
{"itemId":"B0047EE0XS","ProductIndex":31533}
{"itemId":"B009ZQHHHO","ProductIndex":69801}
{"itemId":"B00008IHNO","ProductIndex":76929}
{"itemId":"B0015WJTTK","ProductIndex":79187}
{"itemId":"B0042LL1EC","ProductIndex":65565}
{"itemId":"B00EDVT706","ProductIndex":199900}
{"itemId":"B000KKNK3O","ProductIndex":132655}
{"itemId":"B002QUZM28","ProductIndex":98508}
{"itemId":"B000RO3D4Y","ProductIndex":167319}
{"itemId":"B004GV47ZS","ProductIndex":137381}
{"itemId":"B0045KDJY0","ProductIndex":127238}
{"itemId":"B007CCDM0O","ProductIndex":187463}
{"itemId":"B002S4WQBC","ProductIndex":57806}
{"itemId":"B0000AZK24","ProductIndex":121564}
{"itemId":"B0068IMT5M","ProductIndex":55010}
{"itemId":"B004H1XIPC","ProductIndex":116786}
{"itemId":"B00000J1V1","ProductIndex":97902}
{"itemId":"B00AAEJJ08","ProductIndex":52382}
{"itemId":"B00270QX1G","ProductIndex":74143}
{"itemId":"B001QCZM1I","ProductIndex":124749}
{"itemId":"B00EY524QA","ProductIndex":76383}
{"itemId":"B000EP8HHO","ProductIndex":66432}
{"itemId":"B00EZILDLS","ProductIndex":69148}
{"itemId":"B0007KK2PQ","ProductIndex":166244}
{"itemId":"B005A3ENSM","ProductIndex":136968}
{"itemId":"B000XSJVBI","ProductIndex":86651}
{"itemId":"B003AIL2KG","ProductIndex":84917}
{"itemId":"B0038JEBIM","ProductIndex":134694}
{"itemId":"B00AKIUWIM","ProductIndex":195100}
{"itemId":"B00113B2I4","ProductIndex":98600}
{"itemId":"B005LHMFGY","ProductIndex":109624}
{"itemId":"B00007L9UH","ProductIndex":159608}
{"itemId":"B00BKV3ALE","ProductIndex":172218}
{"itemId":"B0013FIOFO","ProductIndex":151498}
{"itemId":"B00793EY0S","ProductIndex":55081}
{"itemId":"B004HJN4I0","ProductIndex":59732}
{"itemId":"B002P3KMN0","ProductIndex":76877}
{"itemId":"B008XY3890","ProductIndex":100824}
{"itemId":"B003GWUAOK","ProductIndex":91485}
{"itemId":"B001M9VA3E","ProductIndex":97461}
{"itemId":"B003XW7X0W","ProductIndex":135068}
{"itemId":"B00KQRFMMI","ProductIndex":108704}
{"itemId":"B0012KZ0Q6","ProductIndex":168487}
{"itemId":"B003TL2UPK","ProductIndex":110026}
{"itemId":"B003OE4O92","ProductIndex":85940}
{"itemId":"B002YT8B7E","ProductIndex":36304}
{"itemId":"B001ISSFIW","ProductIndex":41051}
{"itemId":"B00FL2K3QS","ProductIndex":171373}
{"itemId":"B001GQ2QRM","ProductIndex":158999}
{"itemId":"B005RF2VP0","ProductIndex":57817}
{"itemId":"B004ZKP43Y","ProductIndex":129579}
{"itemId":"B002NL9AJQ","ProductIndex":99950}
{"itemId":"B006MGPFXI","ProductIndex":108188}
{"itemId":"B0018NGVVU","ProductIndex":107123}
{"itemId":"B003YIPJXI","ProductIndex":133588}
{"itemId":"B00B1OTYOW","ProductIndex":69594}
{"itemId":"B000BLI0P0","ProductIndex":67312}
{"itemId":"B0009M1BRU","ProductIndex":174162}
{"itemId":"B002RL8IUO","ProductIndex":157044}
{"itemId":"B00B5WG4O8","ProductIndex":97532}
{"itemId":"B00H8J73W4","ProductIndex":102776}
{"itemId":"B00F2A2PQA","ProductIndex":130108}
{"itemId":"B001FQZC8I","ProductIndex":93532}
{"itemId":"B00D2LGT72","ProductIndex":83657}
{"itemId":"B00B43SIGA","ProductIndex":205836}
{"itemId":"B003TPF29W","ProductIndex":192188}
{"itemId":"B007IXJFIA","ProductIndex":172360}
{"itemId":"B0002TMHE6","ProductIndex":93442}
{"itemId":"B005KSBDTO","ProductIndex":89566}
{"itemId":"B000FFIGBK","ProductIndex":151075}
{"itemId":"B0027AWX9M","ProductIndex":93108}
{"itemId":"B00C92LBCS","ProductIndex":177018}
{"itemId":"B0012KFXY0","ProductIndex":151077}
{"itemId":"B003KPE63O","ProductIndex":101975}
{"itemId":"B00301SL6Q","ProductIndex":83726}
{"itemId":"B00ASWXJ2G","ProductIndex":96165}
{"itemId":"B002LTSHQM","ProductIndex":131001}
{"itemId":"B003R6UQ9E","ProductIndex":48867}
{"itemId":"B0007LOZEY","ProductIndex":181827}
{"itemId":"B00EUJ140C","ProductIndex":79946}
{"itemId":"B0018MRG5G","ProductIndex":109974}
{"itemId":"B0000DKHIO","ProductIndex":70941}
{"itemId":"B000PK3G7O","ProductIndex":147726}
{"itemId":"B00AXE89UQ","ProductIndex":144716}
{"itemId":"B0000UYTOS","ProductIndex":64828}
{"itemId":"B00AYJ7OGU","ProductIndex":103587}
{"itemId":"B00GRNUKT0","ProductIndex":133803}
{"itemId":"B00A63G47Y","ProductIndex":121467}
{"itemId":"B000F49XNQ","ProductIndex":88493}
{"itemId":"B001IYLSZ8","ProductIndex":203404}
{"itemId":"B002QAFUA2","ProductIndex":80806}
{"itemId":"B00H4PSFQ0","ProductIndex":123874}
{"itemId":"B00KB948B2","ProductIndex":154795}
{"itemId":"B003TO4IPW","ProductIndex":159422}
{"itemId":"B005QSCZR2","ProductIndex":186082}
{"itemId":"B003TQZ19W","ProductIndex":143707}
{"itemId":"B00BUADJUC","ProductIndex":82998}
{"itemId":"B005AT5TKM","ProductIndex":86921}
{"itemId":"B001UI53F8","ProductIndex":147186}
{"itemId":"B003HLK0RC","ProductIndex":197242}
{"itemId":"B007Z0FL6Q","ProductIndex":188415}
{"itemId":"B001MT2E1G","ProductIndex":138201}
{"itemId":"B004X3UT0Q","ProductIndex":125440}
{"itemId":"B000TK8Z1W","ProductIndex":163764}
{"itemId":"B001D0G578","ProductIndex":71855}
{"itemId":"B002ROCNES","ProductIndex":204661}
{"itemId":"B00FEE7GE0","ProductIndex":78539}
{"itemId":"B0009GYNZ8","ProductIndex":77288}
{"itemId":"B000LTAEBU","ProductIndex":74370}
{"itemId":"B003YDBPY0","ProductIndex":74784}
{"itemId":"B003DTLXKG","ProductIndex":70896}
{"itemId":"B00881MC0O","ProductIndex":66664}
{"itemId":"B0000DYVBS","ProductIndex":106019}
{"itemId":"B000FHBCP0","ProductIndex":170739}
{"itemId":"B000GE4LPU","ProductIndex":152240}
{"itemId":"B0014XWBBS","ProductIndex":182695}
{"itemId":"B0091YLBUY","ProductIndex":165142}
{"itemId":"B0042KQPNA","ProductIndex":112554}
{"itemId":"B004RC6GRS","ProductIndex":91635}
{"itemId":"B006LWRNU6","ProductIndex":100992}
{"itemId":"B004GBK2WU","ProductIndex":80155}
{"itemId":"B000B5MJF8","ProductIndex":80143}
{"itemId":"B000YT5U2U","ProductIndex":153478}
{"itemId":"B000CC5J2U","ProductIndex":172992}
{"itemId":"B002BLWX2E","ProductIndex":127714}
{"itemId":"B000K2IGFO","ProductIndex":165007}
{"itemId":"B009ZRJJVU","ProductIndex":66729}
{"itemId":"B004OBZ23Q","ProductIndex":85719}
{"itemId":"B004BKIJ1C","ProductIndex":115963}
{"itemId":"B004YW7W38","ProductIndex":130817}
{"itemId":"B00763WMZ0","ProductIndex":161415}
{"itemId":"B00BAZZ6TO","ProductIndex":151313}
{"itemId":"B0057TG6AC","ProductIndex":82702}
{"itemId":"B004NF1TR6","ProductIndex":114419}
{"itemId":"B009FX7BWI","ProductIndex":87691}
{"itemId":"B00E6EG028","ProductIndex":158926}
{"itemId":"B00404VASS","ProductIndex":67638}
{"itemId":"B00006BT1G","ProductIndex":116774}
{"itemId":"B006LW1ZGY","ProductIndex":145131}
{"itemId":"B000RZFIAU","ProductIndex":58948}
{"itemId":"B00F3BN8PA","ProductIndex":107625}
{"itemId":"B0026L1BAO","ProductIndex":101638}
{"itemId":"B000M0B0XY","ProductIndex":170316}
{"itemId":"B0089LR7BC","ProductIndex":95469}
{"itemId":"B002HMXJNE","ProductIndex":184709}
{"itemId":"B002LHD85Y","ProductIndex":127861}
{"itemId":"B002P3KMO4","ProductIndex":169052}
{"itemId":"B00004SSRA","ProductIndex":163614}
{"itemId":"B001JQ4P0U","ProductIndex":99679}
{"itemId":"B005DN3WTU","ProductIndex":200356}
{"itemId":"B0014KMKI0","ProductIndex":117932}
{"itemId":"B00ITNMVVG","ProductIndex":136573}
{"itemId":"B0002M792S","ProductIndex":47601}
{"itemId":"B008GVJSJ4","ProductIndex":90727}
{"itemId":"B001O6PH20","ProductIndex":168239}
{"itemId":"B009R2TYRC","ProductIndex":109209}
{"itemId":"B002ZIGWPM","ProductIndex":132568}
{"itemId":"B007HOPBPQ","ProductIndex":132498}
{"itemId":"B006RAXL6W","ProductIndex":98755}
{"itemId":"B002WFN8ZK","ProductIndex":58519}
{"itemId":"B001MQ8AYY","ProductIndex":93392}
{"itemId":"B0046I8XVU","ProductIndex":206555}
{"itemId":"B001D8HP60","ProductIndex":118585}
{"itemId":"B00GTGSU6A","ProductIndex":125590}
{"itemId":"B002RSOKJK","ProductIndex":138139}
{"itemId":"B0044R9LUU","ProductIndex":134219}
{"itemId":"B008C2A1PM","ProductIndex":193827}
{"itemId":"B00021LJFC","ProductIndex":118637}
{"itemId":"B00006BAVS","ProductIndex":169854}
{"itemId":"B00DW3H4H4","ProductIndex":172935}
{"itemId":"B000144HZE","ProductIndex":77793}
{"itemId":"B006X2HN7W","ProductIndex":118831}
{"itemId":"B00B3UYCXW","ProductIndex":94238}
{"itemId":"B004ZMC048","ProductIndex":170607}
{"itemId":"B00BBGILIA","ProductIndex":83774}
{"itemId":"B0047TI8TK","ProductIndex":173872}
{"itemId":"B00AAR08MS","ProductIndex":71580}
{"itemId":"B0053ASN7E","ProductIndex":115522}
{"itemId":"B002UWC2IE","ProductIndex":133647}
{"itemId":"B00001OPJV","ProductIndex":40790}
{"itemId":"B007C48KVI","ProductIndex":187048}
{"itemId":"B004HWV7O0","ProductIndex":113594}
{"itemId":"B005TJL1NW","ProductIndex":117514}
{"itemId":"B004GGQJQI","ProductIndex":172121}
{"itemId":"B002TLP89Q","ProductIndex":166262}
{"itemId":"B009F4ZHPA","ProductIndex":161556}
{"itemId":"B00E4WSPBG","ProductIndex":158499}
{"itemId":"B0011YN7AO","ProductIndex":173590}
{"itemId":"B003S70WI2","ProductIndex":169397}
{"itemId":"B001D1T2YA","ProductIndex":110368}
{"itemId":"B0082GX39Y","ProductIndex":157201}
{"itemId":"B005FYRVSU","ProductIndex":114127}
{"itemId":"B009XD14TQ","ProductIndex":178529}
{"itemId":"B0049OJNY2","ProductIndex":137451}
{"itemId":"B000CHU2LI","ProductIndex":129894}
{"itemId":"B00GNW5194","ProductIndex":117376}
{"itemId":"B004L2MOFW","ProductIndex":191613}
{"itemId":"B007POCI5E","ProductIndex":53078}
{"itemId":"B00EAK9Q3I","ProductIndex":103648}
{"itemId":"B0037AMBWU","ProductIndex":156045}
{"itemId":"B008H7MHJA","ProductIndex":173524}
{"itemId":"B002673U8E","ProductIndex":167401}
{"itemId":"B001A84TBW","ProductIndex":162547}
{"itemId":"B00666V1EG","ProductIndex":192545}
{"itemId":"B0097LWYCA","ProductIndex":185910}
{"itemId":"B005EV3JE4","ProductIndex":166841}
{"itemId":"B0013MYX9S","ProductIndex":184920}
{"itemId":"B000FOGQL8","ProductIndex":94888}
{"itemId":"B006GVS2T8","ProductIndex":186539}
{"itemId":"B00BGJKCRA","ProductIndex":188597}
{"itemId":"B00014K2XU","ProductIndex":147931}
{"itemId":"B00J9IBV6G","ProductIndex":188440}
{"itemId":"B006507R7I","ProductIndex":68942}
{"itemId":"B0016LNJZK","ProductIndex":155008}
{"itemId":"B000BI3ONG","ProductIndex":190552}
{"itemId":"B0047AMJI0","ProductIndex":123130}
{"itemId":"B00524WJFI","ProductIndex":126989}
{"itemId":"B005DFPA2U","ProductIndex":175067}
{"itemId":"B0006G9I56","ProductIndex":63471}
{"itemId":"B005L9E7J0","ProductIndex":99757}
{"itemId":"B0033C6DZS","ProductIndex":188871}
{"itemId":"B000PO3ECW","ProductIndex":100075}
{"itemId":"B009HSP92A","ProductIndex":167633}
{"itemId":"B008WAMV6G","ProductIndex":170406}
{"itemId":"B002LGXHH4","ProductIndex":199881}
{"itemId":"B007Y5RTRG","ProductIndex":156287}
{"itemId":"B00AG2E1D4","ProductIndex":158569}
{"itemId":"B00829TRAU","ProductIndex":179194}
{"itemId":"B001MW6ZJ0","ProductIndex":144463}
{"itemId":"B0013FWOKK","ProductIndex":127681}
{"itemId":"B004FP9XXG","ProductIndex":154120}
{"itemId":"B003DKJ348","ProductIndex":155385}
{"itemId":"B0007WU0MY","ProductIndex":194392}
{"itemId":"B003332F5E","ProductIndex":159709}
{"itemId":"B0014A3NU4","ProductIndex":139607}
{"itemId":"B00GP4GS0Q","ProductIndex":127302}
{"itemId":"B002CXDPMS","ProductIndex":163211}
{"itemId":"B008WGFFEK","ProductIndex":176147}
{"itemId":"B007W0SBM0","ProductIndex":166634}
{"itemId":"B005BCNAXG","ProductIndex":77784}
{"itemId":"B000H87IJQ","ProductIndex":96156}
{"itemId":"B000H1IB0I","ProductIndex":172893}
{"itemId":"B0043JOH62","ProductIndex":80005}
{"itemId":"B001MJK5YY","ProductIndex":158849}
{"itemId":"B00DHEN2O2","ProductIndex":193579}
{"itemId":"B002UZID0C","ProductIndex":152666}
{"itemId":"B001P59INO","ProductIndex":188283}
{"itemId":"B002IO1BOU","ProductIndex":113211}
{"itemId":"B0086SQ7A0","ProductIndex":202772}
{"itemId":"B000FL3QUU","ProductIndex":97278}
{"itemId":"B000QUTECE","ProductIndex":120941}
{"itemId":"B004CYF36G","ProductIndex":120048}
{"itemId":"B00CKKSDSE","ProductIndex":123619}
{"itemId":"B0035FZJG2","ProductIndex":198042}
{"itemId":"B000WF8SQ6","ProductIndex":79531}
{"itemId":"B001MXDA4M","ProductIndex":125697}
{"itemId":"B00080QGD2","ProductIndex":165125}
{"itemId":"B00APYRAWC","ProductIndex":175959}
{"itemId":"B00FZ5X5FW","ProductIndex":202452}
{"itemId":"B000MXYQL4","ProductIndex":117116}
{"itemId":"B00EK6ECN6","ProductIndex":191161}
{"itemId":"B00DVPS4PO","ProductIndex":112874}
{"itemId":"B002RWJF8M","ProductIndex":198149}
{"itemId":"B005HL506Q","ProductIndex":153083}
{"itemId":"B002ISVL8C","ProductIndex":201992}
{"itemId":"B004RBO6ZI","ProductIndex":103387}
{"itemId":"B0056J9J1G","ProductIndex":155537}
{"itemId":"B00GA2PEMG","ProductIndex":172802}
{"itemId":"B00803FNAG","ProductIndex":94100}
{"itemId":"B00G34PNPO","ProductIndex":84059}
{"itemId":"B009IIUQI6","ProductIndex":177447}
{"itemId":"B00370WSSM","ProductIndex":166657}
{"itemId":"B000BB39A6","ProductIndex":149697}
{"itemId":"B002AU38R0","ProductIndex":190612}
{"itemId":"B0058KM8U2","ProductIndex":182448}
{"itemId":"B00G3TCB1S","ProductIndex":207592}
{"itemId":"B00006B8L6","ProductIndex":152124}
{"itemId":"B002AFGSIG","ProductIndex":134568}
{"itemId":"B0096PAERY","ProductIndex":144484}
{"itemId":"B00861CS0U","ProductIndex":139873}
{"itemId":"B004MJBNCE","ProductIndex":119307}
{"itemId":"B004GFBDM4","ProductIndex":150539}
{"itemId":"B000E5S3R8","ProductIndex":169135}
{"itemId":"B002W8N5M8","ProductIndex":148752}
{"itemId":"B005DZOCSI","ProductIndex":173343}
{"itemId":"B00FYL1VDK","ProductIndex":128686}
{"itemId":"B007FVRZAA","ProductIndex":189853}
{"itemId":"B002VUQIKS","ProductIndex":138871}
{"itemId":"B00286N7HC","ProductIndex":200766}
{"itemId":"B001B29TZI","ProductIndex":152107}
{"itemId":"B003CJTTPI","ProductIndex":189647}
{"itemId":"B004MW7H30","ProductIndex":166193}
{"itemId":"B009QTGPDC","ProductIndex":134175}
{"itemId":"B002N5E858","ProductIndex":161439}
{"itemId":"B000PD9DZK","ProductIndex":126114}
{"itemId":"B00449RN3U","ProductIndex":161818}
{"itemId":"B001DEB056","ProductIndex":181969}
{"itemId":"B000DZCROE","ProductIndex":188257}
{"itemId":"B00062WV8G","ProductIndex":156874}
{"itemId":"B0000D8HKP","ProductIndex":157948}
{"itemId":"B00F1EGIK6","ProductIndex":160477}
{"itemId":"B005J7Y7XA","ProductIndex":207169}
{"itemId":"B000234S0I","ProductIndex":133057}
{"itemId":"B000EOM8MA","ProductIndex":167533}
{"itemId":"B00006AVC6","ProductIndex":101147}
{"itemId":"B004EFEIVY","ProductIndex":147022}
{"itemId":"B00004ZCKQ","ProductIndex":160686}
{"itemId":"B0006MX2AW","ProductIndex":110884}
{"itemId":"B001IZZ7LI","ProductIndex":80311}
{"itemId":"B0009RL864","ProductIndex":151485}
{"itemId":"B005OGCO72","ProductIndex":102423}
{"itemId":"B00195YG00","ProductIndex":137783}
{"itemId":"B005KUA33O","ProductIndex":174520}
{"itemId":"B003IXQFDW","ProductIndex":179407}
{"itemId":"B00AJHD38U","ProductIndex":159942}
{"itemId":"B005GM5VPG","ProductIndex":170122}
{"itemId":"B00DILPVIO","ProductIndex":64471}
{"itemId":"B005LUJXCU","ProductIndex":107939}
{"itemId":"B004XCWXW4","ProductIndex":123601}
{"itemId":"B001G7PMHW","ProductIndex":132898}
{"itemId":"B000YQBXL0","ProductIndex":204228}
{"itemId":"B003L11H2A","ProductIndex":91792}
{"itemId":"B000HE4P14","ProductIndex":99938}
{"itemId":"B007W6S8R2","ProductIndex":105365}
{"itemId":"B006QSG090","ProductIndex":132198}
{"itemId":"B003F6M5AE","ProductIndex":191917}
{"itemId":"B00004UDQI","ProductIndex":142809}
{"itemId":"B00AJCY8AC","ProductIndex":203767}
{"itemId":"B007T67D12","ProductIndex":94913}
{"itemId":"B001U8J73W","ProductIndex":204062}
{"itemId":"B0001BH650","ProductIndex":112720}
{"itemId":"B00E0KV4FQ","ProductIndex":163420}
{"itemId":"B00A32SP0C","ProductIndex":205197}
{"itemId":"B004WK53EC","ProductIndex":197980}
{"itemId":"B0002MQGIQ","ProductIndex":141263}
{"itemId":"6465354276","ProductIndex":163073}
{"itemId":"B00HYP4HI0","ProductIndex":141321}
{"itemId":"B0037SO2KG","ProductIndex":190068}
{"itemId":"B000N1ROVO","ProductIndex":177681}
{"itemId":"B004J053HM","ProductIndex":189812}
{"itemId":"B002UHZ9RU","ProductIndex":166671}
{"itemId":"B00686DND6","ProductIndex":173433}
{"itemId":"B000E59HT6","ProductIndex":156731}
{"itemId":"B008H6YZ9G","ProductIndex":172383}
{"itemId":"B006B2JNPE","ProductIndex":125842}
{"itemId":"B000F7DKFK","ProductIndex":188499}
{"itemId":"B00017ILNK","ProductIndex":156676}
{"itemId":"B008G6NLGK","ProductIndex":182907}
{"itemId":"B004GJ3Y90","ProductIndex":203456}
{"itemId":"B002KH84TU","ProductIndex":142620}
{"itemId":"B008LETP3U","ProductIndex":189784}
{"itemId":"B009VNE6E8","ProductIndex":143612}
{"itemId":"B00GW3FMPW","ProductIndex":100465}
{"itemId":"B0027VTVE6","ProductIndex":190879}
{"itemId":"B00COQIWCG","ProductIndex":160932}
{"itemId":"B004WP0HH0","ProductIndex":156139}
{"itemId":"B00698WPK0","ProductIndex":196619}
{"itemId":"B00A6P9SAM","ProductIndex":184091}
{"itemId":"B000UEEA4I","ProductIndex":172426}
{"itemId":"B000BKOFRI","ProductIndex":158628}
{"itemId":"B00004T1X6","ProductIndex":205504}
{"itemId":"B00195E1PA","ProductIndex":133265}
{"itemId":"B007RNANPU","ProductIndex":200361}
{"itemId":"B007MAIJRC","ProductIndex":177992}
{"itemId":"B00AUEODMC","ProductIndex":166092}
{"itemId":"B004YF9T54","ProductIndex":167807}
{"itemId":"B002KKCS0S","ProductIndex":205181}
{"itemId":"B002A1ITMI","ProductIndex":133604}
{"itemId":"B004USDT2O","ProductIndex":90051}
{"itemId":"B00BSIVVY2","ProductIndex":117070}
{"itemId":"B004UBQ2YI","ProductIndex":164228}
{"itemId":"B004IAKUVM","ProductIndex":180918}
{"itemId":"B0007VN8BA","ProductIndex":204156}
{"itemId":"B0009WYYQA","ProductIndex":158360}
{"itemId":"B00COIBFDM","ProductIndex":187315}
{"itemId":"B004VTFNJ4","ProductIndex":176243}
{"itemId":"B0044R3Y7Q","ProductIndex":200807}
{"itemId":"B000S5ZDRC","ProductIndex":139031}
{"itemId":"B00COJSPGG","ProductIndex":140514}
{"itemId":"B007B5P8EA","ProductIndex":149003}
{"itemId":"B0079VEM2K","ProductIndex":191642}
{"itemId":"B0085B0QNC","ProductIndex":203982}
{"itemId":"B000EDNL7C","ProductIndex":142641}
{"itemId":"B001586N3Y","ProductIndex":195330}
{"itemId":"B003HMTGAS","ProductIndex":189456}
{"itemId":"B004YLE4U8","ProductIndex":150420}
{"itemId":"B000XEMCRW","ProductIndex":185263}
{"itemId":"B00117VOCO","ProductIndex":207459}
{"itemId":"B00005QVKU","ProductIndex":180228}
{"itemId":"B0048GRH4Y","ProductIndex":186033}
{"itemId":"B008ROVMR6","ProductIndex":184398}
{"itemId":"B001AFSDCQ","ProductIndex":206241}
{"itemId":"B008CC3A46","ProductIndex":201815}
{"itemId":"B007CDDYQ0","ProductIndex":185062}
{"itemId":"B0056403DE","ProductIndex":201559}
{"itemId":"B00AX9HLAK","ProductIndex":202877}
{"itemId":"B00HLM479U","ProductIndex":200130}
{"itemId":"B000FIS914","ProductIndex":199695}
{"itemId":"B002LZUYLM","ProductIndex":202338}
{"itemId":"B00A9Z59PC","ProductIndex":183762}
{"itemId":"B00067EOK4","ProductIndex":207874}
{"itemId":"B00DSWI1Y4","ProductIndex":185574}
{"itemId":"B00006IARY","ProductIndex":183554}
{"itemId":"B000VWGJS4","ProductIndex":185844}
{"itemId":"B007KXD0HA","ProductIndex":205729}
{"itemId":"B00BPTSH0A","ProductIndex":182079}
{"itemId":"B0013E27EO","ProductIndex":153195}
{"itemId":"B000JLFATQ","ProductIndex":196604}
{"itemId":"B00748ILP2","ProductIndex":207295}
{"itemId":"B004BUUNCA","ProductIndex":191366}
{"itemId":"B00C80CYU4","ProductIndex":189114}
{"itemId":"B000BWKY4E","ProductIndex":192742}
{"itemId":"B0009MC2LE","ProductIndex":185174}
{"itemId":"B0018M9MC6","ProductIndex":207371}
{"itemId":"B008MLQLPM","ProductIndex":179361}
{"itemId":"B003G8IZ0K","ProductIndex":176566}
{"itemId":"B008QYM532","ProductIndex":177934}
{"itemId":"B00AZS8PMM","ProductIndex":184240}
