{"itemId":"B001L0XTYC","ProductIndex":51603}
{"itemId":"B0002J1I32","ProductIndex":34325}
{"itemId":"B00BKWABY2","ProductIndex":21780}
{"itemId":"B0069R7PBA","ProductIndex":12357}
{"itemId":"B002MTGP3I","ProductIndex":94093}
{"itemId":"B0016J5TG4","ProductIndex":100077}
{"itemId":"B004YAYM06","ProductIndex":518}
{"itemId":"B0017UG7Y0","ProductIndex":54859}
{"itemId":"B000F7689A","ProductIndex":12657}
{"itemId":"B0025VKUPW","ProductIndex":683}
{"itemId":"B00GHGMCN4","ProductIndex":1679}
{"itemId":"B000JLO6OG","ProductIndex":46654}
{"itemId":"B000H8L748","ProductIndex":13589}
{"itemId":"B00EVIBN26","ProductIndex":4814}
{"itemId":"B006FNCWSY","ProductIndex":2430}
{"itemId":"B004K1EOCA","ProductIndex":1192}
{"itemId":"B00005I9RU","ProductIndex":9992}
{"itemId":"B004G6002M","ProductIndex":26}
{"itemId":"B0084JFM34","ProductIndex":4263}
{"itemId":"B00D6XSRL2","ProductIndex":1320}
{"itemId":"B009614ANM","ProductIndex":2294}
{"itemId":"B00CCYZ13S","ProductIndex":9158}
{"itemId":"B0036E8V08","ProductIndex":1000}
{"itemId":"B005HRLPPA","ProductIndex":13481}
{"itemId":"B005J799XI","ProductIndex":70917}
{"itemId":"B002FXJ5T2","ProductIndex":20971}
{"itemId":"B002LITI70","ProductIndex":1484}
{"itemId":"B000J43HJ8","ProductIndex":1133}
{"itemId":"B004AZ38Z0","ProductIndex":1987}
{"itemId":"B000A5T7AO","ProductIndex":5771}
{"itemId":"B008DR5R1O","ProductIndex":37210}
{"itemId":"B0062GM0P4","ProductIndex":10704}
{"itemId":"B003VYEYE0","ProductIndex":1480}
{"itemId":"B009VXH3UW","ProductIndex":5656}
{"itemId":"B0064XAIZY","ProductIndex":4247}
{"itemId":"B002S0LS74","ProductIndex":124030}
{"itemId":"B00004S7NS","ProductIndex":93345}
{"itemId":"B00809MOWA","ProductIndex":43997}
{"itemId":"B00004THCZ","ProductIndex":777}
{"itemId":"B000F2YHRA","ProductIndex":34700}
{"itemId":"B002RWJDNY","ProductIndex":39459}
{"itemId":"B000TF0P2E","ProductIndex":105495}
{"itemId":"B0038KV96S","ProductIndex":70518}
{"itemId":"B005A0O8QW","ProductIndex":18695}
{"itemId":"B004CCYIHI","ProductIndex":39719}
{"itemId":"B002HWRKQG","ProductIndex":23303}
{"itemId":"B004H1PBJ8","ProductIndex":70685}
{"itemId":"B00AVTJBLO","ProductIndex":47314}
{"itemId":"B004BDOR74","ProductIndex":74467}
{"itemId":"B007PFS1JK","ProductIndex":2774}
{"itemId":"B0058M8MPK","ProductIndex":132899}
{"itemId":"B00AIQEU5C","ProductIndex":10460}
{"itemId":"B00378KMI2","ProductIndex":93736}
{"itemId":"B000UH8I66","ProductIndex":8427}
{"itemId":"B007SLCGGK","ProductIndex":18240}
{"itemId":"B00BAQKU0I","ProductIndex":8055}
{"itemId":"B006BUN5YQ","ProductIndex":13311}
{"itemId":"B009B0MZ8U","ProductIndex":1328}
{"itemId":"B003FP7OYM","ProductIndex":3763}
{"itemId":"B003CNTZ6W","ProductIndex":10979}
{"itemId":"B003FO2C72","ProductIndex":52301}
{"itemId":"B000KZ5VNQ","ProductIndex":40989}
{"itemId":"B0036WT1V8","ProductIndex":5103}
{"itemId":"B003V68232","ProductIndex":90985}
{"itemId":"B000GGKOG8","ProductIndex":6138}
{"itemId":"B00AYT76IQ","ProductIndex":32325}
{"itemId":"B005B0J6XQ","ProductIndex":73575}
{"itemId":"B003Z6QH5S","ProductIndex":12351}
{"itemId":"B00A7BI8LU","ProductIndex":47447}
{"itemId":"B006OEL9HE","ProductIndex":56938}
{"itemId":"B0041A762U","ProductIndex":53841}
{"itemId":"B000KFRSG4","ProductIndex":1817}
{"itemId":"B008KHJDV2","ProductIndex":24994}
{"itemId":"B0067WL60I","ProductIndex":15002}
{"itemId":"B0028N78BG","ProductIndex":23200}
{"itemId":"B00DV59SWC","ProductIndex":162355}
{"itemId":"B00E6LILGE","ProductIndex":40611}
{"itemId":"B00FU3GH22","ProductIndex":123096}
{"itemId":"B00A6O5OJ2","ProductIndex":172722}
{"itemId":"B002JUIVWI","ProductIndex":124782}
{"itemId":"B00810ROQ4","ProductIndex":31670}
{"itemId":"B00004TX71","ProductIndex":13006}
{"itemId":"B007UXNHNM","ProductIndex":21163}
{"itemId":"B000U9XMCE","ProductIndex":5893}
{"itemId":"B002N8A14M","ProductIndex":8980}
{"itemId":"B001BOJTXI","ProductIndex":58978}
{"itemId":"B004ADGLSI","ProductIndex":18807}
{"itemId":"B00IQ4DKMM","ProductIndex":143513}
{"itemId":"B002CMUKZY","ProductIndex":5284}
{"itemId":"B002OEBO7I","ProductIndex":77569}
{"itemId":"B002SBB0SU","ProductIndex":10843}
{"itemId":"B00001Z3H8","ProductIndex":51637}
{"itemId":"B00B7MTSE4","ProductIndex":90537}
{"itemId":"B00G9TF0W4","ProductIndex":123036}
{"itemId":"B0017GBA82","ProductIndex":55914}
{"itemId":"B000QJ00ZA","ProductIndex":64770}
{"itemId":"B005HN1MF2","ProductIndex":36556}
{"itemId":"B001B2JCPK","ProductIndex":126316}
{"itemId":"B0046BGUWG","ProductIndex":12690}
{"itemId":"B000E9TFTO","ProductIndex":41391}
{"itemId":"B003IBB9CG","ProductIndex":9473}
{"itemId":"B009QV72VY","ProductIndex":7329}
{"itemId":"B009YZMGPE","ProductIndex":130996}
{"itemId":"B009P7JJEC","ProductIndex":14809}
{"itemId":"B00G5R5534","ProductIndex":27160}
{"itemId":"B0044DEEJC","ProductIndex":7190}
{"itemId":"B00BTJIJ40","ProductIndex":40916}
{"itemId":"B005OPYH7I","ProductIndex":29433}
{"itemId":"B0084A7PI8","ProductIndex":36889}
{"itemId":"B000N45W5G","ProductIndex":55516}
{"itemId":"B000669BVW","ProductIndex":23752}
{"itemId":"B0079V2XCQ","ProductIndex":150173}
{"itemId":"B007CGO45W","ProductIndex":8820}
{"itemId":"B0088SY84A","ProductIndex":81186}
{"itemId":"B007EEJN4E","ProductIndex":38036}
{"itemId":"B001HX44A6","ProductIndex":23883}
{"itemId":"B0001OYZTC","ProductIndex":49472}
{"itemId":"B0002OG6PM","ProductIndex":57213}
{"itemId":"B00CM1AANW","ProductIndex":9300}
{"itemId":"B001I7T6AE","ProductIndex":61672}
{"itemId":"B007BG87F6","ProductIndex":95382}
{"itemId":"B0002CNWX8","ProductIndex":82433}
{"itemId":"B002AEU3EW","ProductIndex":9541}
{"itemId":"B003F1Y0Y8","ProductIndex":175366}
{"itemId":"B00009UTQD","ProductIndex":20374}
{"itemId":"B0038W0K20","ProductIndex":2479}
{"itemId":"B000I2JI2G","ProductIndex":162744}
{"itemId":"B0099UPRS2","ProductIndex":19995}
{"itemId":"B004V8XL58","ProductIndex":45672}
{"itemId":"B000H92BTM","ProductIndex":6401}
{"itemId":"B00B7K11OG","ProductIndex":23150}
{"itemId":"B007VPS2RU","ProductIndex":47873}
{"itemId":"B000MW83OG","ProductIndex":23612}
{"itemId":"B005PNXUHW","ProductIndex":82243}
{"itemId":"B00CDVX146","ProductIndex":8403}
{"itemId":"B001AGD1Q8","ProductIndex":8526}
{"itemId":"B002VANJ4Q","ProductIndex":50049}
{"itemId":"B003YHGZBY","ProductIndex":89808}
{"itemId":"B006WBPNOE","ProductIndex":11994}
{"itemId":"B0049HS3A4","ProductIndex":163418}
{"itemId":"B000FKLIP6","ProductIndex":127060}
{"itemId":"B005KJZGYQ","ProductIndex":22941}
{"itemId":"B007RB12YI","ProductIndex":31632}
{"itemId":"B00845AESQ","ProductIndex":204091}
{"itemId":"B000I5JJC2","ProductIndex":44460}
{"itemId":"B0032K6G3K","ProductIndex":86022}
{"itemId":"B0002J2E6M","ProductIndex":82014}
{"itemId":"B000QHQT6Q","ProductIndex":50463}
{"itemId":"B0042X8W0Q","ProductIndex":26637}
{"itemId":"B001CEOOA0","ProductIndex":36262}
{"itemId":"B00AZJVY42","ProductIndex":35559}
{"itemId":"B00D8H0LGA","ProductIndex":157252}
{"itemId":"B000NJ5VLQ","ProductIndex":19274}
{"itemId":"B004HR2CWQ","ProductIndex":25481}
{"itemId":"B000O62T5O","ProductIndex":57677}
{"itemId":"B0001J3Q9W","ProductIndex":24131}
{"itemId":"B002R5AO20","ProductIndex":100122}
{"itemId":"B001HBJ4KS","ProductIndex":67868}
{"itemId":"B000A0BET6","ProductIndex":159152}
{"itemId":"B001BSQK8Q","ProductIndex":9446}
{"itemId":"B009NHU556","ProductIndex":2522}
{"itemId":"B000EC3GDC","ProductIndex":16695}
{"itemId":"B008CP5QR2","ProductIndex":31074}
{"itemId":"B0034JD2CM","ProductIndex":90502}
{"itemId":"B000234JJI","ProductIndex":100167}
{"itemId":"B002NUP0D2","ProductIndex":6730}
{"itemId":"B00713DPNS","ProductIndex":44686}
{"itemId":"B000JNL6WO","ProductIndex":17245}
{"itemId":"B003Y30DOS","ProductIndex":44523}
{"itemId":"B0099JJF9K","ProductIndex":31874}
{"itemId":"B001U3ZUWO","ProductIndex":8118}
{"itemId":"B009P2QUFS","ProductIndex":46672}
{"itemId":"B001GZX8M0","ProductIndex":77917}
{"itemId":"B007R07H98","ProductIndex":33086}
{"itemId":"B001G7PMNG","ProductIndex":65497}
{"itemId":"B005L91ZL8","ProductIndex":12261}
{"itemId":"B000ZHC4PM","ProductIndex":17257}
{"itemId":"B008239PX0","ProductIndex":88591}
{"itemId":"B00632GE54","ProductIndex":35270}
{"itemId":"B001H31ML0","ProductIndex":121103}
{"itemId":"B005DFI5ZY","ProductIndex":16529}
{"itemId":"B004OM8KFW","ProductIndex":110584}
{"itemId":"B004K370GA","ProductIndex":24696}
{"itemId":"B003G2YZCS","ProductIndex":62856}
{"itemId":"B004ZVQCOI","ProductIndex":79818}
{"itemId":"B009K7TXEI","ProductIndex":110832}
{"itemId":"B007YW40JY","ProductIndex":126618}
{"itemId":"B001HB57LS","ProductIndex":159659}
{"itemId":"B004ZHWGCO","ProductIndex":30386}
{"itemId":"B00AY0ECHS","ProductIndex":204224}
{"itemId":"B00585CM0I","ProductIndex":193018}
{"itemId":"B00G6AX604","ProductIndex":47307}
{"itemId":"B002YECKCQ","ProductIndex":30232}
{"itemId":"B0026JQ8AE","ProductIndex":87426}
{"itemId":"B007IGRFIY","ProductIndex":14712}
{"itemId":"B0032FOKD8","ProductIndex":68442}
{"itemId":"B00400OSA4","ProductIndex":19202}
{"itemId":"B003D1DZBY","ProductIndex":16340}
{"itemId":"B002LITT6U","ProductIndex":7527}
{"itemId":"B004M8RXT2","ProductIndex":55015}
{"itemId":"B00EDIU5IW","ProductIndex":7861}
{"itemId":"B000E9BYXE","ProductIndex":33922}
{"itemId":"B00335A0UE","ProductIndex":166352}
{"itemId":"B00BJ89H9M","ProductIndex":75961}
{"itemId":"B00HI8WXVG","ProductIndex":98721}
{"itemId":"B009IKC27W","ProductIndex":94063}
{"itemId":"B0007T27D2","ProductIndex":15666}
{"itemId":"B006BHMV1W","ProductIndex":166394}
{"itemId":"B004FPYLKG","ProductIndex":105178}
{"itemId":"B003GCAM9S","ProductIndex":44640}
{"itemId":"B0055WMBAK","ProductIndex":20062}
{"itemId":"B002GU5YN0","ProductIndex":34046}
{"itemId":"B007LB07HM","ProductIndex":73310}
{"itemId":"B002QS262O","ProductIndex":55687}
{"itemId":"B002PD8J94","ProductIndex":45263}
{"itemId":"B00161382E","ProductIndex":50699}
{"itemId":"B0014I9K30","ProductIndex":21764}
{"itemId":"B0050H9A18","ProductIndex":30778}
{"itemId":"B0001654K4","ProductIndex":53603}
{"itemId":"B008EQ1FVU","ProductIndex":38424}
{"itemId":"B0089BEQH0","ProductIndex":102553}
{"itemId":"B003A1U5K6","ProductIndex":100834}
{"itemId":"B00H7PBWNU","ProductIndex":9271}
{"itemId":"B002POKV6M","ProductIndex":47800}
{"itemId":"B0006A02SE","ProductIndex":85340}
{"itemId":"B00AWRE6CY","ProductIndex":15705}
{"itemId":"B00DHW4HS4","ProductIndex":16250}
{"itemId":"B00H9ZRCBO","ProductIndex":21419}
{"itemId":"B00267AZXM","ProductIndex":158655}
{"itemId":"B002K8MHB0","ProductIndex":66933}
{"itemId":"B000VEHTW2","ProductIndex":22128}
{"itemId":"B004UHD9JI","ProductIndex":12166}
{"itemId":"B00HLOLFTS","ProductIndex":86395}
{"itemId":"B005YR0X4W","ProductIndex":13465}
{"itemId":"B0093YNS1W","ProductIndex":40265}
{"itemId":"B007O0KR48","ProductIndex":20007}
{"itemId":"B000V7ARBE","ProductIndex":97856}
{"itemId":"B000MVBV2S","ProductIndex":17877}
{"itemId":"B0055R0YK4","ProductIndex":9434}
{"itemId":"B001873TSO","ProductIndex":98682}
{"itemId":"B007UUHODO","ProductIndex":78446}
{"itemId":"B000E60QZE","ProductIndex":73000}
{"itemId":"B00D1FXX96","ProductIndex":27013}
{"itemId":"B00C8YDCS8","ProductIndex":54174}
{"itemId":"B002OEBMS4","ProductIndex":54392}
{"itemId":"B003DMH938","ProductIndex":16168}
{"itemId":"B0012Y541S","ProductIndex":19500}
{"itemId":"B00EEJWOFM","ProductIndex":160204}
{"itemId":"B002KQ5KDY","ProductIndex":15780}
{"itemId":"B0064C01OS","ProductIndex":46271}
{"itemId":"B001OQC0KW","ProductIndex":149529}
{"itemId":"B000BNNGUC","ProductIndex":25407}
{"itemId":"B000QU3JN4","ProductIndex":36919}
{"itemId":"B00266P5WO","ProductIndex":53903}
{"itemId":"B007MKMJGO","ProductIndex":16597}
{"itemId":"B001MQ6ABY","ProductIndex":162477}
{"itemId":"B001TK5AR8","ProductIndex":55125}
{"itemId":"B0002UU4LS","ProductIndex":72236}
{"itemId":"B0076D099Q","ProductIndex":10767}
{"itemId":"B004L9JZ9S","ProductIndex":17269}
{"itemId":"B004VFFIHK","ProductIndex":80916}
{"itemId":"B00CF02ZS8","ProductIndex":204394}
{"itemId":"B005JY9F9Y","ProductIndex":56576}
{"itemId":"B009OLJAGQ","ProductIndex":48452}
{"itemId":"B00995GOO8","ProductIndex":74979}
{"itemId":"B00B1VAZDO","ProductIndex":69941}
{"itemId":"B006LQHVUE","ProductIndex":82765}
{"itemId":"B00IXFFD4W","ProductIndex":115885}
{"itemId":"B00867PFFY","ProductIndex":163580}
{"itemId":"B0007XCT0E","ProductIndex":123449}
{"itemId":"B000WH485Y","ProductIndex":152814}
{"itemId":"B0000A12MH","ProductIndex":28191}
{"itemId":"B009IJK2F2","ProductIndex":62176}
{"itemId":"B00D0RF672","ProductIndex":19441}
{"itemId":"B005GCB6CS","ProductIndex":20053}
{"itemId":"B009LD0LQA","ProductIndex":105845}
{"itemId":"B000V1LX3G","ProductIndex":165780}
{"itemId":"B0092T7XY6","ProductIndex":28626}
{"itemId":"B008FMH7NI","ProductIndex":47669}
{"itemId":"B0009YCABE","ProductIndex":76281}
{"itemId":"B003X1SBIQ","ProductIndex":17831}
{"itemId":"B0002JU49G","ProductIndex":84161}
{"itemId":"B00ABL8SVG","ProductIndex":93434}
{"itemId":"B00BO7SIKW","ProductIndex":118310}
{"itemId":"B007C1KMH6","ProductIndex":13642}
{"itemId":"B002V8PUZO","ProductIndex":27732}
{"itemId":"B005H3E9A2","ProductIndex":124010}
{"itemId":"B001P4PUKU","ProductIndex":92525}
{"itemId":"B007QQSQFW","ProductIndex":54097}
{"itemId":"B005C95LIK","ProductIndex":190966}
{"itemId":"B000O321EQ","ProductIndex":172864}
{"itemId":"B005CG01BA","ProductIndex":28081}
{"itemId":"B000EOWRJ4","ProductIndex":116425}
{"itemId":"B0098R06SC","ProductIndex":109056}
{"itemId":"B00C2ZEXKE","ProductIndex":43712}
{"itemId":"B007ZT1FAI","ProductIndex":25262}
{"itemId":"B004HXG3VQ","ProductIndex":42212}
{"itemId":"B00HWHOSJS","ProductIndex":159982}
{"itemId":"B0030HO6SM","ProductIndex":30169}
{"itemId":"B0009RKLMQ","ProductIndex":102202}
{"itemId":"B009XIJ0GK","ProductIndex":43052}
{"itemId":"B002U0KEPY","ProductIndex":77587}
{"itemId":"B002GOFYLS","ProductIndex":42880}
{"itemId":"B003L14ZAQ","ProductIndex":23371}
{"itemId":"B000OQYXMG","ProductIndex":61903}
{"itemId":"B005ODK53K","ProductIndex":98777}
{"itemId":"B002QFMBUE","ProductIndex":105334}
{"itemId":"B000P3A390","ProductIndex":75550}
{"itemId":"B000F6S2RM","ProductIndex":205296}
{"itemId":"B0088JSE9E","ProductIndex":28867}
{"itemId":"B00006HPSW","ProductIndex":164201}
{"itemId":"B0028N8SH4","ProductIndex":148132}
{"itemId":"B000BF4UIW","ProductIndex":139279}
{"itemId":"B00B4K8TBM","ProductIndex":88670}
{"itemId":"B00006BBGU","ProductIndex":133170}
{"itemId":"B000IAPEJE","ProductIndex":47517}
{"itemId":"B002ZKXK2S","ProductIndex":12277}
{"itemId":"B00B6060O8","ProductIndex":59969}
{"itemId":"B00004SSRO","ProductIndex":125361}
{"itemId":"B0002RVRWG","ProductIndex":56546}
{"itemId":"B005PWV4MG","ProductIndex":63269}
{"itemId":"B007TPS9PC","ProductIndex":10965}
{"itemId":"B00A9MZPBI","ProductIndex":93835}
{"itemId":"B00005I9QO","ProductIndex":78911}
{"itemId":"B00004Z5T2","ProductIndex":56879}
{"itemId":"B00E88HQVG","ProductIndex":62113}
{"itemId":"B003RUXDQS","ProductIndex":58742}
{"itemId":"B00CJIZM68","ProductIndex":135096}
{"itemId":"B000YQSL2E","ProductIndex":114438}
{"itemId":"B00EDIELEQ","ProductIndex":100189}
{"itemId":"B002G9KJEA","ProductIndex":66757}
{"itemId":"B005K7KI0K","ProductIndex":155410}
{"itemId":"B000Y46ZY2","ProductIndex":125519}
{"itemId":"B002Y100P8","ProductIndex":90741}
{"itemId":"B00345GX0O","ProductIndex":65207}
{"itemId":"B00JKCHMMS","ProductIndex":41979}
{"itemId":"B003CT79CS","ProductIndex":87259}
{"itemId":"B008BLX3Z4","ProductIndex":138502}
{"itemId":"B001NGPAN2","ProductIndex":20658}
{"itemId":"B009MTAAEG","ProductIndex":52458}
{"itemId":"B00APK0KA0","ProductIndex":204288}
{"itemId":"B00CJGLBOW","ProductIndex":14737}
{"itemId":"B000P0R6HA","ProductIndex":39967}
{"itemId":"B0010E4GWI","ProductIndex":194132}
{"itemId":"B00ATANXDM","ProductIndex":39657}
{"itemId":"B000GFP5T0","ProductIndex":138295}
{"itemId":"B001B1R5QO","ProductIndex":115041}
{"itemId":"B00005KAMS","ProductIndex":136386}
{"itemId":"B003NV51P2","ProductIndex":92081}
{"itemId":"B005WUB93K","ProductIndex":195293}
{"itemId":"B000AMXSMU","ProductIndex":161230}
{"itemId":"B000MULXPO","ProductIndex":34989}
{"itemId":"B007Q4VCA0","ProductIndex":136548}
{"itemId":"B00E6ULER8","ProductIndex":140385}
{"itemId":"B000Q82I3I","ProductIndex":34799}
{"itemId":"B001ESDOP0","ProductIndex":40579}
{"itemId":"B003KFJ8GY","ProductIndex":172238}
{"itemId":"B0076KQRXG","ProductIndex":11574}
{"itemId":"B00006IS9L","ProductIndex":124288}
{"itemId":"B000VLZW88","ProductIndex":36790}
{"itemId":"B005NYGK16","ProductIndex":84905}
{"itemId":"B0027DUG0C","ProductIndex":74175}
{"itemId":"B00850H79Y","ProductIndex":196243}
{"itemId":"B00K5DZO5I","ProductIndex":121750}
{"itemId":"B001KZH6N8","ProductIndex":55444}
{"itemId":"B000MPRCQI","ProductIndex":41484}
{"itemId":"B00064FXGQ","ProductIndex":47285}
{"itemId":"B00008Y1VU","ProductIndex":37566}
{"itemId":"B000YTWOTC","ProductIndex":185407}
{"itemId":"B000F9CXOM","ProductIndex":93933}
{"itemId":"B004V9GTQU","ProductIndex":181188}
{"itemId":"B0009F62N0","ProductIndex":195570}
{"itemId":"B0071TWD4O","ProductIndex":115291}
{"itemId":"B007I7GDJK","ProductIndex":72457}
{"itemId":"B000E9U9MG","ProductIndex":42390}
{"itemId":"B0011X8IKE","ProductIndex":33300}
{"itemId":"B00006HRJR","ProductIndex":22977}
{"itemId":"B001AMUFYI","ProductIndex":53233}
{"itemId":"B00DEMI1IE","ProductIndex":192649}
{"itemId":"B00KB3T7AU","ProductIndex":158904}
{"itemId":"B0050MLTOO","ProductIndex":70109}
{"itemId":"B0030F49BS","ProductIndex":91236}
{"itemId":"B00GP08858","ProductIndex":23985}
{"itemId":"B00774BWMM","ProductIndex":115705}
{"itemId":"B00D4FD7LC","ProductIndex":162246}
{"itemId":"B0002ARJVQ","ProductIndex":131157}
{"itemId":"B000FNPW96","ProductIndex":19351}
{"itemId":"B006U1YV4E","ProductIndex":6731}
{"itemId":"B000MUO0MC","ProductIndex":99322}
{"itemId":"B00GHV7DYC","ProductIndex":135480}
{"itemId":"B0082CWIVC","ProductIndex":57659}
{"itemId":"B008YIP406","ProductIndex":157946}
{"itemId":"B004WIU196","ProductIndex":45257}
{"itemId":"B0001FXAEC","ProductIndex":45479}
{"itemId":"B003P5EQLQ","ProductIndex":60042}
{"itemId":"B008I658TG","ProductIndex":189544}
{"itemId":"B00DMXMDJ8","ProductIndex":154088}
{"itemId":"B000UD6E48","ProductIndex":22949}
{"itemId":"B003ZUXQ4O","ProductIndex":99932}
{"itemId":"B000IHRNMI","ProductIndex":142319}
{"itemId":"B007PZCMZE","ProductIndex":55456}
{"itemId":"B002RL8J58","ProductIndex":82143}
{"itemId":"B002YX37SI","ProductIndex":154041}
{"itemId":"B009M0TF3W","ProductIndex":53141}
{"itemId":"B008RRRUTC","ProductIndex":69758}
{"itemId":"B0009VT9NY","ProductIndex":70502}
{"itemId":"B00A66XJZ6","ProductIndex":64327}
{"itemId":"B00AAZWBEI","ProductIndex":131570}
{"itemId":"B0018BO72M","ProductIndex":104090}
{"itemId":"B002LYJOVE","ProductIndex":161872}
{"itemId":"B003GJ581S","ProductIndex":61833}
{"itemId":"B000N65FFQ","ProductIndex":114612}
{"itemId":"B005DFP7HS","ProductIndex":65275}
{"itemId":"B003TWMP7C","ProductIndex":167153}
{"itemId":"B00IEXHGSO","ProductIndex":142291}
{"itemId":"B0089K3398","ProductIndex":64277}
{"itemId":"B00FHHX6VQ","ProductIndex":44181}
{"itemId":"B00ALPBPNA","ProductIndex":50069}
{"itemId":"B0072M8DLC","ProductIndex":45956}
{"itemId":"B000GLHQ0U","ProductIndex":199221}
{"itemId":"B0002L5980","ProductIndex":172541}
{"itemId":"B00CQKBQBE","ProductIndex":73381}
{"itemId":"B0002C7YFK","ProductIndex":156695}
{"itemId":"B00C204GY2","ProductIndex":111352}
{"itemId":"B0033PRMTQ","ProductIndex":160119}
{"itemId":"B006F5QLOI","ProductIndex":58910}
{"itemId":"B00APRCPOW","ProductIndex":58682}
{"itemId":"B000XSFUE0","ProductIndex":111273}
{"itemId":"B009RGOJS2","ProductIndex":78779}
{"itemId":"B00IS3N6ES","ProductIndex":99856}
{"itemId":"B00CIOITGS","ProductIndex":87603}
{"itemId":"B004QGXVWI","ProductIndex":123190}
{"itemId":"B009WTWEN6","ProductIndex":139216}
{"itemId":"B004O71KI6","ProductIndex":189266}
{"itemId":"B00AWN259E","ProductIndex":30954}
{"itemId":"B00GWG70XG","ProductIndex":80925}
{"itemId":"B000Z60DAG","ProductIndex":93102}
{"itemId":"B002X8IHHU","ProductIndex":116550}
{"itemId":"B005MZDULO","ProductIndex":89089}
{"itemId":"B0002J4IX4","ProductIndex":70733}
{"itemId":"B008RRRC86","ProductIndex":140021}
{"itemId":"B000OCWSNG","ProductIndex":62408}
{"itemId":"B00291X3D4","ProductIndex":45046}
{"itemId":"B000ENQURA","ProductIndex":202875}
{"itemId":"B004XWNDUA","ProductIndex":82633}
{"itemId":"B005MFI6P4","ProductIndex":76146}
{"itemId":"B001BMGRMG","ProductIndex":84957}
{"itemId":"B0009U603C","ProductIndex":52168}
{"itemId":"B00I0AJFVM","ProductIndex":60488}
{"itemId":"B000MGDM7K","ProductIndex":58809}
{"itemId":"B0035MNRAK","ProductIndex":58474}
{"itemId":"B005LKBTOK","ProductIndex":155411}
{"itemId":"B003FVA38U","ProductIndex":72789}
{"itemId":"B00006HVWS","ProductIndex":77729}
{"itemId":"B002VYCJK2","ProductIndex":54129}
{"itemId":"B005N29DPS","ProductIndex":80320}
{"itemId":"B000A7JKI6","ProductIndex":43440}
{"itemId":"B000A7B9YO","ProductIndex":50851}
{"itemId":"B00AOYDI56","ProductIndex":106140}
{"itemId":"B00EJ2QGTO","ProductIndex":29624}
{"itemId":"B002QPZXFE","ProductIndex":146179}
{"itemId":"B004EBWJSM","ProductIndex":24644}
{"itemId":"B001BN2ZW6","ProductIndex":186339}
{"itemId":"B008O58K4G","ProductIndex":113975}
{"itemId":"B000OLC8RI","ProductIndex":74862}
{"itemId":"B004FLNME6","ProductIndex":42774}
{"itemId":"B004SX5PMI","ProductIndex":45578}
{"itemId":"B00FEZMLTO","ProductIndex":100125}
{"itemId":"B000093UQS","ProductIndex":148556}
{"itemId":"B003HIYR5Q","ProductIndex":51379}
{"itemId":"B000T4KXYK","ProductIndex":116065}
{"itemId":"B003TH9N0Y","ProductIndex":108419}
{"itemId":"B00DR7VOCG","ProductIndex":77273}
{"itemId":"B002OL2N0I","ProductIndex":89977}
{"itemId":"B005G4GLS0","ProductIndex":71248}
{"itemId":"B0009SV25A","ProductIndex":198203}
{"itemId":"B001C08RCU","ProductIndex":90754}
{"itemId":"B004C22AQO","ProductIndex":98372}
{"itemId":"B007MEKL74","ProductIndex":142850}
{"itemId":"B001SER4D8","ProductIndex":52397}
{"itemId":"B00425EDL6","ProductIndex":61282}
{"itemId":"B0024IRGE4","ProductIndex":84230}
{"itemId":"B000GUK32E","ProductIndex":190162}
{"itemId":"B004Y09I9Q","ProductIndex":24270}
{"itemId":"B002RB4BUK","ProductIndex":95935}
{"itemId":"B000AZ2BAW","ProductIndex":25925}
{"itemId":"B000659OVU","ProductIndex":88625}
{"itemId":"B0014JE33Q","ProductIndex":57695}
{"itemId":"B002O0KQ7G","ProductIndex":49125}
{"itemId":"B001NIFRYW","ProductIndex":69182}
{"itemId":"B00114LG7A","ProductIndex":50259}
{"itemId":"B0002EXHPO","ProductIndex":72310}
{"itemId":"B001S0JZRU","ProductIndex":137179}
{"itemId":"B00I3YL8RO","ProductIndex":62465}
{"itemId":"B00IJ3568G","ProductIndex":134698}
{"itemId":"B000HKGJUI","ProductIndex":92918}
{"itemId":"B000K53QAQ","ProductIndex":74086}
{"itemId":"B000M9OVZO","ProductIndex":164968}
{"itemId":"B00459INQU","ProductIndex":146845}
{"itemId":"B001PLDZI2","ProductIndex":53049}
{"itemId":"B001Y1B2PG","ProductIndex":85429}
{"itemId":"B000NFHW44","ProductIndex":168945}
{"itemId":"B007ZVJ1HA","ProductIndex":62680}
{"itemId":"B0000633EM","ProductIndex":49772}
{"itemId":"B00318CG8W","ProductIndex":41829}
{"itemId":"B000BB80TQ","ProductIndex":44167}
{"itemId":"B00AXF5JNU","ProductIndex":71968}
{"itemId":"B001TUYUEC","ProductIndex":97771}
{"itemId":"B000V6Y7UW","ProductIndex":123332}
{"itemId":"B001L7XULW","ProductIndex":200422}
{"itemId":"B001MSY988","ProductIndex":181812}
{"itemId":"B0050OVTL0","ProductIndex":75707}
{"itemId":"B00CZIQZ40","ProductIndex":40183}
{"itemId":"B00477IQV2","ProductIndex":96930}
{"itemId":"B004L3OGRA","ProductIndex":143744}
{"itemId":"B001BL4SP0","ProductIndex":48207}
{"itemId":"B005MYEDCU","ProductIndex":86788}
{"itemId":"B006JFOVI2","ProductIndex":87286}
{"itemId":"B003TL2U14","ProductIndex":139375}
{"itemId":"B00065ZK3G","ProductIndex":49774}
{"itemId":"B00157DOF0","ProductIndex":70410}
{"itemId":"B00748GE0Q","ProductIndex":80662}
{"itemId":"B00006EDOU","ProductIndex":79192}
{"itemId":"B000B5R4S0","ProductIndex":145793}
{"itemId":"B0030C9V3C","ProductIndex":62491}
{"itemId":"B000M3GXJW","ProductIndex":75897}
{"itemId":"B008PQ616S","ProductIndex":199600}
{"itemId":"B004WYQYGE","ProductIndex":61355}
{"itemId":"B0014DOFN0","ProductIndex":46605}
{"itemId":"B000059ZZD","ProductIndex":60798}
{"itemId":"B005MZCERA","ProductIndex":161716}
{"itemId":"B009WIW8CO","ProductIndex":39015}
{"itemId":"B008SFZU2W","ProductIndex":126865}
{"itemId":"B001G5MGXW","ProductIndex":49708}
{"itemId":"B005DDI51U","ProductIndex":40170}
{"itemId":"B007GN0QVM","ProductIndex":102480}
{"itemId":"B004XKYTA0","ProductIndex":188796}
{"itemId":"B000PSJZL2","ProductIndex":67351}
{"itemId":"B004FN0T5Y","ProductIndex":54365}
{"itemId":"B004XMW90K","ProductIndex":104750}
{"itemId":"B0002BEV98","ProductIndex":111299}
{"itemId":"B0010CXA36","ProductIndex":52008}
{"itemId":"B000F9JW9Q","ProductIndex":71518}
{"itemId":"B00009UU3F","ProductIndex":119748}
{"itemId":"B003SX9RVE","ProductIndex":118305}
{"itemId":"B008SO5LDQ","ProductIndex":91025}
{"itemId":"B005NPHNUC","ProductIndex":202136}
{"itemId":"B000RIF9AG","ProductIndex":132086}
{"itemId":"B004NX6EEQ","ProductIndex":152698}
{"itemId":"B0041G5YAU","ProductIndex":153942}
{"itemId":"B003X2Y76A","ProductIndex":156584}
{"itemId":"B0050J2RIO","ProductIndex":200754}
{"itemId":"B00AZFLAJU","ProductIndex":82799}
{"itemId":"B003ZX87IG","ProductIndex":104157}
{"itemId":"B00C77W8SG","ProductIndex":142728}
{"itemId":"B00C3MR7FE","ProductIndex":126327}
{"itemId":"B001KVY3B0","ProductIndex":134481}
{"itemId":"B00006BT1B","ProductIndex":66428}
{"itemId":"B00763XNUI","ProductIndex":74264}
{"itemId":"B000NNXYDY","ProductIndex":69015}
{"itemId":"B00E42A4L0","ProductIndex":171584}
{"itemId":"B000U4HAVS","ProductIndex":83703}
{"itemId":"B00BHZJA58","ProductIndex":57759}
{"itemId":"B000H3AW94","ProductIndex":60120}
{"itemId":"B004YFHIGQ","ProductIndex":59874}
{"itemId":"B004FLE7M2","ProductIndex":132479}
{"itemId":"B00004VUYC","ProductIndex":160588}
{"itemId":"B00932MX0Q","ProductIndex":189594}
{"itemId":"B00BBHAC0O","ProductIndex":33045}
{"itemId":"B001T0HW88","ProductIndex":62305}
{"itemId":"B005IGVXWA","ProductIndex":48964}
{"itemId":"B005FJ27MA","ProductIndex":91167}
{"itemId":"B002NR7Q00","ProductIndex":110508}
{"itemId":"B007IS3O5K","ProductIndex":73423}
{"itemId":"B0094CWZ8U","ProductIndex":84952}
{"itemId":"B003GS8YAQ","ProductIndex":104652}
{"itemId":"B00IIK6FVM","ProductIndex":183590}
{"itemId":"B0034SZ0PU","ProductIndex":193194}
{"itemId":"B00CMVCTAO","ProductIndex":113589}
{"itemId":"B0012S1R7E","ProductIndex":66388}
{"itemId":"B002Y6BCT6","ProductIndex":204279}
{"itemId":"B0042YQ1YO","ProductIndex":182094}
{"itemId":"B00HLVTBWY","ProductIndex":100557}
{"itemId":"B0000A0E2L","ProductIndex":159388}
{"itemId":"B003R7KYR2","ProductIndex":131694}
{"itemId":"B000OQIODU","ProductIndex":73553}
{"itemId":"B003U4LWMS","ProductIndex":107043}
{"itemId":"B001BLYXBY","ProductIndex":115131}
{"itemId":"B002HMMIYK","ProductIndex":53972}
{"itemId":"B003OSYW1S","ProductIndex":50552}
{"itemId":"B00A81KVE6","ProductIndex":109152}
{"itemId":"B009M3PP92","ProductIndex":61684}
{"itemId":"B00355HV2W","ProductIndex":82023}
{"itemId":"B008ROT3AO","ProductIndex":112979}
{"itemId":"B004H8FTMK","ProductIndex":94790}
{"itemId":"B000JI4XBA","ProductIndex":69663}
{"itemId":"B001WB1ISO","ProductIndex":61409}
{"itemId":"B003JTOI5W","ProductIndex":170901}
{"itemId":"B00004SD14","ProductIndex":162418}
{"itemId":"B00CMOZ9IK","ProductIndex":130959}
{"itemId":"B0002MQGE0","ProductIndex":42098}
{"itemId":"B007PZE3KG","ProductIndex":196777}
{"itemId":"B00066HL50","ProductIndex":110633}
{"itemId":"B000XA6AEM","ProductIndex":164371}
{"itemId":"B0011578V2","ProductIndex":136504}
{"itemId":"B0009V6162","ProductIndex":107267}
{"itemId":"B0095PTKDO","ProductIndex":111275}
{"itemId":"B00A6HK9SK","ProductIndex":168608}
{"itemId":"B002AQNUNG","ProductIndex":127332}
{"itemId":"B000FB8ACE","ProductIndex":168930}
{"itemId":"B00D66ALQI","ProductIndex":46875}
{"itemId":"B004TBBS52","ProductIndex":148552}
{"itemId":"B005NH63GK","ProductIndex":150641}
{"itemId":"B00A45JE44","ProductIndex":102504}
{"itemId":"B003TQ6PT2","ProductIndex":172410}
{"itemId":"B00435UEV8","ProductIndex":84878}
{"itemId":"B000XANOTQ","ProductIndex":68637}
{"itemId":"B00GAYDWRS","ProductIndex":134790}
{"itemId":"B009A4D52W","ProductIndex":62287}
{"itemId":"B002KKU7R4","ProductIndex":63947}
{"itemId":"B007O32IJC","ProductIndex":190627}
{"itemId":"B005F0W6IE","ProductIndex":38597}
{"itemId":"B008R3MXH0","ProductIndex":68255}
{"itemId":"B003VWW8L8","ProductIndex":102892}
{"itemId":"B0085GD634","ProductIndex":110421}
{"itemId":"B000NORYPM","ProductIndex":163839}
{"itemId":"B001UAB0I0","ProductIndex":43340}
{"itemId":"B00AAFBVD0","ProductIndex":69839}
{"itemId":"B00CF3HJS6","ProductIndex":100540}
{"itemId":"B000J3AKD0","ProductIndex":156977}
{"itemId":"B006DADQHU","ProductIndex":207020}
{"itemId":"B00140S2GY","ProductIndex":90436}
{"itemId":"B0078UWLJ8","ProductIndex":131382}
{"itemId":"B000RQ594E","ProductIndex":88723}
{"itemId":"B000EPFBUU","ProductIndex":150857}
{"itemId":"B00KL2TENQ","ProductIndex":184902}
{"itemId":"B001FPOD7A","ProductIndex":59174}
{"itemId":"B003KMUEYC","ProductIndex":165008}
{"itemId":"B001PM9Y6I","ProductIndex":112952}
{"itemId":"B002RM6JJ0","ProductIndex":93166}
{"itemId":"B001OI2ZKA","ProductIndex":57736}
{"itemId":"B00H3T71N0","ProductIndex":92398}
{"itemId":"B008HQJYLU","ProductIndex":203105}
{"itemId":"B003AXQQNE","ProductIndex":92882}
{"itemId":"B00004SSRB","ProductIndex":152806}
{"itemId":"B000ANBANS","ProductIndex":98756}
{"itemId":"B002F9N7OK","ProductIndex":200467}
{"itemId":"B004AHFF3G","ProductIndex":138403}
{"itemId":"B008DNAMPY","ProductIndex":186749}
{"itemId":"B002ZX4YWK","ProductIndex":76995}
{"itemId":"B00GH3LA7Q","ProductIndex":188258}
{"itemId":"B00A2J29VC","ProductIndex":88025}
{"itemId":"B008470G8M","ProductIndex":201961}
{"itemId":"B009A17B3Y","ProductIndex":110242}
{"itemId":"B000VM6P4C","ProductIndex":143973}
{"itemId":"B000EEJG9S","ProductIndex":194416}
{"itemId":"B007P6I7XY","ProductIndex":83469}
{"itemId":"B000RPN4RO","ProductIndex":87450}
{"itemId":"B000WCNDDW","ProductIndex":203729}
{"itemId":"B000HSGMAW","ProductIndex":117033}
{"itemId":"B00BG2PR18","ProductIndex":150788}
{"itemId":"B0002RRJXW","ProductIndex":122856}
{"itemId":"B006TMMUOW","ProductIndex":164174}
{"itemId":"B0033C5V06","ProductIndex":70055}
{"itemId":"B000I9SIUC","ProductIndex":55412}
{"itemId":"B000H7K3C6","ProductIndex":157341}
{"itemId":"B00004Y69V","ProductIndex":153570}
{"itemId":"B00829EHSW","ProductIndex":86112}
{"itemId":"B0081X1R8C","ProductIndex":58604}
{"itemId":"B0032OLF4G","ProductIndex":84625}
{"itemId":"B00KCTN1LY","ProductIndex":154786}
{"itemId":"B000165CY2","ProductIndex":168484}
{"itemId":"B00E8FSH44","ProductIndex":182928}
{"itemId":"B005EYYG3O","ProductIndex":202451}
{"itemId":"B001OXJPZS","ProductIndex":81930}
{"itemId":"B002UQOIRI","ProductIndex":149119}
{"itemId":"B006ITEP7Q","ProductIndex":101295}
{"itemId":"B000MMJ87C","ProductIndex":138165}
{"itemId":"B00FKJAEIY","ProductIndex":174517}
{"itemId":"B0073JQUZA","ProductIndex":199863}
{"itemId":"B00FYW991U","ProductIndex":143480}
{"itemId":"B00A7BI1KI","ProductIndex":195370}
{"itemId":"B005U35KEI","ProductIndex":181427}
{"itemId":"B006FIBFIC","ProductIndex":158260}
{"itemId":"B0001U9UHS","ProductIndex":153158}
{"itemId":"B003964V1Q","ProductIndex":158146}
{"itemId":"B00FY9KV8S","ProductIndex":160616}
{"itemId":"B000BRS6HG","ProductIndex":90179}
{"itemId":"B005C2OPJI","ProductIndex":135075}
{"itemId":"B0029KSJGG","ProductIndex":170637}
{"itemId":"B006354RGE","ProductIndex":165581}
{"itemId":"B00HDWYQTO","ProductIndex":131085}
{"itemId":"B004E50IM2","ProductIndex":95271}
{"itemId":"B004B9GLAO","ProductIndex":188285}
{"itemId":"B00A7Z0WHY","ProductIndex":124836}
{"itemId":"B000KL6VSY","ProductIndex":145554}
{"itemId":"B005IVYZL6","ProductIndex":84449}
{"itemId":"B000BYNYJE","ProductIndex":90334}
{"itemId":"B005ELA20S","ProductIndex":144854}
{"itemId":"B004VFT074","ProductIndex":190145}
{"itemId":"B0056K79GM","ProductIndex":104080}
{"itemId":"B005NH5MTY","ProductIndex":136593}
{"itemId":"B001QWWYZ0","ProductIndex":171431}
{"itemId":"B0014KM5JO","ProductIndex":180921}
{"itemId":"B004A16JM8","ProductIndex":153374}
{"itemId":"B001RNNX7Q","ProductIndex":73450}
{"itemId":"B000MWFCS6","ProductIndex":116492}
{"itemId":"B0074OIUQQ","ProductIndex":207305}
{"itemId":"B0012USMES","ProductIndex":110213}
{"itemId":"B0000CE6QN","ProductIndex":116641}
{"itemId":"B000093UQF","ProductIndex":108195}
{"itemId":"B000PDE94U","ProductIndex":174302}
{"itemId":"B00006JBK4","ProductIndex":55540}
{"itemId":"B003W64AQE","ProductIndex":59592}
{"itemId":"B007R6KIYS","ProductIndex":160849}
{"itemId":"B005XCWJ18","ProductIndex":100037}
{"itemId":"B008KY95YK","ProductIndex":143739}
{"itemId":"B004LB5AM2","ProductIndex":105556}
{"itemId":"B00CW7O6X6","ProductIndex":135288}
{"itemId":"B005MJ372W","ProductIndex":120125}
{"itemId":"B000LYUZIW","ProductIndex":59417}
{"itemId":"B001P2I19E","ProductIndex":163428}
{"itemId":"B00CALICJI","ProductIndex":92481}
{"itemId":"B002SNJOU4","ProductIndex":158898}
{"itemId":"B00000JCTD","ProductIndex":128215}
{"itemId":"B0018ZEDRW","ProductIndex":167085}
{"itemId":"B0002CNTT0","ProductIndex":113895}
{"itemId":"B000BKTPRI","ProductIndex":162175}
{"itemId":"B007MPCHGQ","ProductIndex":79812}
{"itemId":"B0089FYYHI","ProductIndex":62918}
{"itemId":"B001INZ1FW","ProductIndex":107474}
{"itemId":"B00EV2Y6JY","ProductIndex":200488}
{"itemId":"B004574ER4","ProductIndex":154998}
{"itemId":"B004Y9OS92","ProductIndex":122944}
{"itemId":"B006T3OJ1I","ProductIndex":166728}
{"itemId":"B008055UU2","ProductIndex":79272}
{"itemId":"B003IN0M2W","ProductIndex":75472}
{"itemId":"B002HEWCPS","ProductIndex":83689}
{"itemId":"B001O8O9PO","ProductIndex":134867}
{"itemId":"B005GMWI8O","ProductIndex":138679}
{"itemId":"B004XAZ6N4","ProductIndex":161410}
{"itemId":"B005PU9WNQ","ProductIndex":156857}
{"itemId":"B0053HELF0","ProductIndex":99254}
{"itemId":"B00009YAHK","ProductIndex":200378}
{"itemId":"B00092E4FQ","ProductIndex":77198}
{"itemId":"B000H22J5U","ProductIndex":167421}
{"itemId":"B001EYBRT4","ProductIndex":188187}
{"itemId":"B0040GJJ0C","ProductIndex":170629}
{"itemId":"B004I2JR2S","ProductIndex":157321}
{"itemId":"B004XMW5L8","ProductIndex":171190}
{"itemId":"B00BJ35N6S","ProductIndex":197867}
{"itemId":"B00CDWQK7A","ProductIndex":190171}
{"itemId":"B003NE5GVS","ProductIndex":115132}
{"itemId":"B0017138B4","ProductIndex":158097}
{"itemId":"B001MGPAEC","ProductIndex":189472}
{"itemId":"B009MJE8N0","ProductIndex":51488}
{"itemId":"B000246ZHG","ProductIndex":123572}
{"itemId":"B00A3UHW6M","ProductIndex":108777}
{"itemId":"B00AIMTUQK","ProductIndex":204621}
{"itemId":"B00CLXBFTO","ProductIndex":182597}
{"itemId":"B003T2RV0I","ProductIndex":124805}
{"itemId":"B0076ZB60A","ProductIndex":146369}
{"itemId":"B000CC5F8I","ProductIndex":84901}
{"itemId":"B004VYP20O","ProductIndex":93616}
{"itemId":"B00A2T095U","ProductIndex":175745}
{"itemId":"B005BZNEBQ","ProductIndex":113669}
{"itemId":"B006ZTHGPW","ProductIndex":82867}
{"itemId":"B002DUEBAA","ProductIndex":110859}
{"itemId":"B0033C13UI","ProductIndex":144155}
{"itemId":"B005H3DHK0","ProductIndex":194965}
{"itemId":"B004IS55SM","ProductIndex":167816}
{"itemId":"B00896V42K","ProductIndex":105505}
{"itemId":"B001BU55TO","ProductIndex":133582}
{"itemId":"B006IGRX3C","ProductIndex":85644}
{"itemId":"B0043D40GK","ProductIndex":182883}
{"itemId":"B005LBQ7BY","ProductIndex":74380}
{"itemId":"B0001FEP8W","ProductIndex":137081}
{"itemId":"B007QTAXNC","ProductIndex":153125}
{"itemId":"B003N6IR6W","ProductIndex":149105}
{"itemId":"B001S0LUMI","ProductIndex":208182}
{"itemId":"B005FHRKZQ","ProductIndex":169695}
{"itemId":"B003E3RY5Y","ProductIndex":99286}
{"itemId":"B00BS4YL34","ProductIndex":152935}
{"itemId":"B005GR3040","ProductIndex":132500}
{"itemId":"B009KAIHTM","ProductIndex":140862}
{"itemId":"B00B10UAAS","ProductIndex":64915}
{"itemId":"B00B3PFNAI","ProductIndex":120631}
{"itemId":"B00AQLOSN8","ProductIndex":142884}
{"itemId":"B0029XPWE0","ProductIndex":127468}
{"itemId":"B00440UUR0","ProductIndex":158718}
{"itemId":"B000YA67MG","ProductIndex":180087}
{"itemId":"B00A0N4IN2","ProductIndex":169628}
{"itemId":"B00FUW62AK","ProductIndex":199616}
{"itemId":"B00AX9ZAHG","ProductIndex":69908}
{"itemId":"B005H3KRRQ","ProductIndex":78935}
{"itemId":"B00JMQ53MS","ProductIndex":156819}
{"itemId":"B0072EW7ZS","ProductIndex":172012}
{"itemId":"B008B4KMSC","ProductIndex":109645}
{"itemId":"B0000949XC","ProductIndex":98434}
{"itemId":"B00J40T09Y","ProductIndex":164478}
{"itemId":"B0069RZ01C","ProductIndex":52126}
{"itemId":"B00B785D3I","ProductIndex":162437}
{"itemId":"B004QYL8JS","ProductIndex":74247}
{"itemId":"B00DJAXMDA","ProductIndex":178262}
{"itemId":"B001JT3B2K","ProductIndex":156197}
{"itemId":"B00E0NXTJW","ProductIndex":91109}
{"itemId":"B0051QRFN8","ProductIndex":173746}
{"itemId":"B000I9B2AA","ProductIndex":94858}
{"itemId":"B00BERG9H6","ProductIndex":159708}
{"itemId":"B0000XMX8O","ProductIndex":148300}
{"itemId":"B005H4FNH4","ProductIndex":183938}
{"itemId":"B006W3ZVSA","ProductIndex":110471}
{"itemId":"B00CF10HIC","ProductIndex":106799}
{"itemId":"B0006SE5AC","ProductIndex":161642}
{"itemId":"B00BU7TK9E","ProductIndex":161595}
{"itemId":"B00028OOCA","ProductIndex":129275}
{"itemId":"B00EVPGZUY","ProductIndex":94999}
{"itemId":"B007S02HK6","ProductIndex":197458}
{"itemId":"B001MRYU2E","ProductIndex":163700}
{"itemId":"B0041LDKQK","ProductIndex":195688}
{"itemId":"B002XJ8X1O","ProductIndex":99707}
{"itemId":"B004FTJ6MK","ProductIndex":149733}
{"itemId":"B00ABMXWXO","ProductIndex":166830}
{"itemId":"B000I6F0TC","ProductIndex":110747}
{"itemId":"B004MUIRQI","ProductIndex":156943}
{"itemId":"B003118250","ProductIndex":175509}
{"itemId":"B000I4KVHA","ProductIndex":152390}
{"itemId":"B001VCNAVC","ProductIndex":110799}
{"itemId":"B002R96GCS","ProductIndex":178796}
{"itemId":"B00AU4Q5NM","ProductIndex":195989}
{"itemId":"B00GW58EAU","ProductIndex":83303}
{"itemId":"B004E8GC7Y","ProductIndex":203520}
{"itemId":"B00428NAGC","ProductIndex":96846}
{"itemId":"B00J2E56OU","ProductIndex":178249}
{"itemId":"B004H726UY","ProductIndex":172398}
{"itemId":"B00DYWIUKI","ProductIndex":184224}
{"itemId":"B001OXN126","ProductIndex":122594}
{"itemId":"B0000539VT","ProductIndex":139654}
{"itemId":"B0009AD4GI","ProductIndex":144665}
{"itemId":"B003O8TE1Q","ProductIndex":197742}
{"itemId":"B0011ZK6SE","ProductIndex":132072}
{"itemId":"B0000ZOLLY","ProductIndex":105924}
{"itemId":"B004VWEATA","ProductIndex":147445}
{"itemId":"B007OKVXIW","ProductIndex":202801}
{"itemId":"B0034A1L2Y","ProductIndex":184068}
{"itemId":"B001AALJAE","ProductIndex":154125}
{"itemId":"B003LLM4R2","ProductIndex":190243}
{"itemId":"B002UQ7L2M","ProductIndex":139702}
{"itemId":"B00CUZP0SU","ProductIndex":168115}
{"itemId":"B004I1LH5Y","ProductIndex":178352}
{"itemId":"B0052QICPW","ProductIndex":181747}
{"itemId":"B00022K2WW","ProductIndex":56311}
{"itemId":"B009QVQQB6","ProductIndex":173898}
{"itemId":"B000OUGHMG","ProductIndex":156338}
{"itemId":"B00D9JHA1G","ProductIndex":91455}
{"itemId":"B00DC3KRZA","ProductIndex":162782}
{"itemId":"B007D4Z894","ProductIndex":95521}
{"itemId":"B00HSR10W0","ProductIndex":179045}
{"itemId":"B004KA34O0","ProductIndex":147425}
{"itemId":"B000EAQ1NG","ProductIndex":75314}
{"itemId":"B006BK9RGG","ProductIndex":201284}
{"itemId":"B00BS4R4JM","ProductIndex":166679}
{"itemId":"B005EK3UIA","ProductIndex":194296}
{"itemId":"B007TGKLES","ProductIndex":62091}
{"itemId":"B000LAZOY6","ProductIndex":87823}
{"itemId":"B000OZGTJC","ProductIndex":161632}
{"itemId":"B008P9RDAS","ProductIndex":155456}
{"itemId":"B00606N9FG","ProductIndex":206493}
{"itemId":"B004KSJ60I","ProductIndex":127135}
{"itemId":"B00ABN0UJ2","ProductIndex":121712}
{"itemId":"B000623HFW","ProductIndex":133508}
{"itemId":"B0045FV8QQ","ProductIndex":153516}
{"itemId":"B004AL3Y6M","ProductIndex":147972}
{"itemId":"B005C1V43Y","ProductIndex":204522}
{"itemId":"B0020JN6IW","ProductIndex":184488}
{"itemId":"B00EV2VE8K","ProductIndex":181043}
{"itemId":"B003H3NFY0","ProductIndex":94966}
{"itemId":"B005D1OWKK","ProductIndex":100655}
{"itemId":"B003W22H5E","ProductIndex":205452}
{"itemId":"B004JPRH1W","ProductIndex":179753}
{"itemId":"B00CQG0EK2","ProductIndex":176336}
{"itemId":"B0031YY2WY","ProductIndex":98178}
{"itemId":"B001MZNZC2","ProductIndex":170880}
{"itemId":"B001KOX10G","ProductIndex":116684}
{"itemId":"B00067JSTG","ProductIndex":116910}
{"itemId":"B006T3OWOM","ProductIndex":151625}
{"itemId":"B00BN1B2WA","ProductIndex":90592}
{"itemId":"B008YDPUPK","ProductIndex":123636}
{"itemId":"B0000683DF","ProductIndex":172369}
{"itemId":"B005WQZEYE","ProductIndex":122752}
{"itemId":"B000SSN1L4","ProductIndex":99803}
{"itemId":"B004AM5X5G","ProductIndex":184882}
{"itemId":"B004IYDW7M","ProductIndex":207809}
{"itemId":"B005Z44A7K","ProductIndex":192491}
{"itemId":"B0040F0GMS","ProductIndex":178370}
{"itemId":"B008KU8XGK","ProductIndex":121329}
{"itemId":"B000UU85RK","ProductIndex":198786}
{"itemId":"B008NFM2NC","ProductIndex":182230}
{"itemId":"B008OT3KVU","ProductIndex":197285}
{"itemId":"B005MIV1Q2","ProductIndex":137178}
{"itemId":"B00C6B30SU","ProductIndex":166529}
{"itemId":"B00C8FRB5C","ProductIndex":180142}
{"itemId":"B000165DCS","ProductIndex":208332}
{"itemId":"B00DS2ZJNU","ProductIndex":171232}
{"itemId":"B00AZQK1ZS","ProductIndex":204002}
{"itemId":"B004G3WKFA","ProductIndex":169938}
{"itemId":"B009NSZ280","ProductIndex":199384}
{"itemId":"B00GLMYNOU","ProductIndex":152656}
{"itemId":"B007ROT2EW","ProductIndex":103839}
{"itemId":"B008CTJR9G","ProductIndex":205967}
{"itemId":"B0009EQ5IS","ProductIndex":160662}
{"itemId":"B001RMJW5Y","ProductIndex":207734}
{"itemId":"B00DNVQUMA","ProductIndex":201667}
{"itemId":"B006JO1YCO","ProductIndex":164868}
{"itemId":"B004I5GXZY","ProductIndex":161301}
{"itemId":"B008GNPHE2","ProductIndex":169661}
{"itemId":"B00785WBCU","ProductIndex":175177}
{"itemId":"B0077QVKAO","ProductIndex":165318}
{"itemId":"B0031U1J3S","ProductIndex":191833}
{"itemId":"B000HZHYFM","ProductIndex":185003}
{"itemId":"B005MKBIRC","ProductIndex":176360}
{"itemId":"B0057Z5QM0","ProductIndex":129908}
{"itemId":"B002QUZHVO","ProductIndex":152218}
{"itemId":"B0027UA8SA","ProductIndex":151678}
{"itemId":"B0047WIM7A","ProductIndex":164937}
{"itemId":"B005Y0S7GA","ProductIndex":127039}
{"itemId":"B003F6M6MQ","ProductIndex":201185}
{"itemId":"B008BW94IS","ProductIndex":194628}
{"itemId":"B000EBVQ8K","ProductIndex":152676}
{"itemId":"B001R2S9EY","ProductIndex":187594}
{"itemId":"B009032FME","ProductIndex":165529}
{"itemId":"B0015MZ02K","ProductIndex":156188}
{"itemId":"B00006OALE","ProductIndex":188773}
{"itemId":"B0002XOYAC","ProductIndex":110913}
{"itemId":"B004ZIUYKO","ProductIndex":178142}
{"itemId":"B000KL2SB8","ProductIndex":183386}
{"itemId":"B000YAEUCA","ProductIndex":158342}
{"itemId":"B001I6OXOO","ProductIndex":193061}
{"itemId":"B000N3XNXK","ProductIndex":150056}
{"itemId":"B0056HNTBE","ProductIndex":192323}
{"itemId":"B006PI9RW8","ProductIndex":160443}
{"itemId":"B007ZVITZK","ProductIndex":101486}
{"itemId":"B00GNW8BNW","ProductIndex":127819}
{"itemId":"B002QRRPSU","ProductIndex":156764}
{"itemId":"B003NE5IOI","ProductIndex":183540}
{"itemId":"B0017YON9C","ProductIndex":204635}
{"itemId":"B000AYWP2M","ProductIndex":190844}
{"itemId":"B001762LGC","ProductIndex":189128}
{"itemId":"B003W1PKGS","ProductIndex":192635}
{"itemId":"B009ZPLLOA","ProductIndex":125498}
{"itemId":"B004FD9798","ProductIndex":151777}
{"itemId":"B001BJNSZI","ProductIndex":148801}
{"itemId":"B006B9XEXE","ProductIndex":168691}
{"itemId":"B00744R9AO","ProductIndex":186035}
{"itemId":"B00BKUV7J2","ProductIndex":180758}
{"itemId":"B000T7QAA8","ProductIndex":142940}
{"itemId":"B007ZT22CI","ProductIndex":176300}
{"itemId":"B0049RWK30","ProductIndex":144618}
{"itemId":"B0007SL87O","ProductIndex":203036}
{"itemId":"B00JFKE4CQ","ProductIndex":179019}
{"itemId":"B00AQDIQ6Q","ProductIndex":145377}
{"itemId":"B001UR37S4","ProductIndex":179284}
{"itemId":"B004YL54WA","ProductIndex":191857}
{"itemId":"B0096X4DOQ","ProductIndex":146538}
{"itemId":"B00AJHCPIO","ProductIndex":186045}
{"itemId":"B004UL4Q8M","ProductIndex":205627}
{"itemId":"B009VXT20G","ProductIndex":199069}
{"itemId":"B001KOTTRU","ProductIndex":189757}
{"itemId":"B006K376EE","ProductIndex":179712}
{"itemId":"B007CPJSDQ","ProductIndex":179762}
{"itemId":"B00AIEKLGQ","ProductIndex":200696}
{"itemId":"B00H2A13I4","ProductIndex":187733}
{"itemId":"9966324178","ProductIndex":185162}
{"itemId":"B002R1MA9Y","ProductIndex":182130}
{"itemId":"B0000A0VBK","ProductIndex":179315}
{"itemId":"B00BWH7RRE","ProductIndex":199185}
{"itemId":"B002DZLTF0","ProductIndex":200224}
{"itemId":"B00DWFVROI","ProductIndex":169363}
{"itemId":"B0027RS9RU","ProductIndex":172932}
{"itemId":"B001OBS2TA","ProductIndex":197642}
{"itemId":"B000078OMB","ProductIndex":184969}
{"itemId":"B005GM6KM4","ProductIndex":142233}
{"itemId":"B004RHVQH8","ProductIndex":139446}
{"itemId":"B000FOOHUK","ProductIndex":154921}
{"itemId":"B00D2HFJAY","ProductIndex":163009}
{"itemId":"B00CP883KO","ProductIndex":143365}
{"itemId":"B00IC72Q00","ProductIndex":192465}
{"itemId":"B00HWR7BDI","ProductIndex":193319}
{"itemId":"B00368EOK0","ProductIndex":205364}
{"itemId":"B001JBQDL4","ProductIndex":189282}
{"itemId":"B002MAAF5Q","ProductIndex":183111}
{"itemId":"B000VQT4UK","ProductIndex":199366}
{"itemId":"B00GB9NUXI","ProductIndex":190364}
{"itemId":"B00IN6UREC","ProductIndex":192562}
{"itemId":"B002RIAZ9Y","ProductIndex":205226}
{"itemId":"B003E2MX1A","ProductIndex":185897}
{"itemId":"B003M1GHRY","ProductIndex":194534}
{"itemId":"B005EN03W8","ProductIndex":207605}
{"itemId":"B004TNKYS2","ProductIndex":193664}
{"itemId":"B001FAINL2","ProductIndex":205012}
{"itemId":"B0050JDQMU","ProductIndex":198736}
{"itemId":"B00A424AAA","ProductIndex":178233}
