{"itemId":"B005Q65JHM","ProductIndex":6807}
{"itemId":"B002MAPRYU","ProductIndex":20}
{"itemId":"B00000JZL7","ProductIndex":169779}
{"itemId":"B009WYHNXW","ProductIndex":68337}
{"itemId":"B000OMR00C","ProductIndex":14428}
{"itemId":"B006JWMOOI","ProductIndex":320}
{"itemId":"B000068O54","ProductIndex":38354}
{"itemId":"B0002KR13M","ProductIndex":8143}
{"itemId":"B003MQWN40","ProductIndex":1441}
{"itemId":"B000Y138EK","ProductIndex":7771}
{"itemId":"B001DJXNS8","ProductIndex":20626}
{"itemId":"B005P99KX4","ProductIndex":4381}
{"itemId":"B006K551WQ","ProductIndex":4324}
{"itemId":"B003H3DTGE","ProductIndex":12723}
{"itemId":"B00CR9Q2RC","ProductIndex":44092}
{"itemId":"B005DLDO4U","ProductIndex":590}
{"itemId":"B000069J99","ProductIndex":94006}
{"itemId":"B001N44UGW","ProductIndex":85351}
{"itemId":"B0065PLIPK","ProductIndex":40178}
{"itemId":"B006YDTLX4","ProductIndex":35088}
{"itemId":"B003ZDNXYE","ProductIndex":42588}
{"itemId":"B004I4RW8C","ProductIndex":13368}
{"itemId":"B0014TJSMM","ProductIndex":18579}
{"itemId":"B009A4DAJA","ProductIndex":13911}
{"itemId":"B004SD27WE","ProductIndex":10291}
{"itemId":"B002TZ4CRG","ProductIndex":2461}
{"itemId":"B00419QK32","ProductIndex":5703}
{"itemId":"B005HTIWF4","ProductIndex":4189}
{"itemId":"B001QE23OK","ProductIndex":66547}
{"itemId":"B007PU2X6M","ProductIndex":46198}
{"itemId":"B004JOQSEA","ProductIndex":5132}
{"itemId":"B00AT72SX6","ProductIndex":45941}
{"itemId":"B00028DM96","ProductIndex":5799}
{"itemId":"B002OL2NT4","ProductIndex":3454}
{"itemId":"B005M1AA02","ProductIndex":32030}
{"itemId":"B000PU6MAC","ProductIndex":52601}
{"itemId":"B0000XMUKU","ProductIndex":82301}
{"itemId":"B005NJCF7E","ProductIndex":9607}
{"itemId":"B003VAK1G4","ProductIndex":3788}
{"itemId":"B003G2Z1M6","ProductIndex":4117}
{"itemId":"B0044TNPJQ","ProductIndex":11006}
{"itemId":"B005LT7CE2","ProductIndex":15251}
{"itemId":"B00004X10B","ProductIndex":15145}
{"itemId":"B00FIL2DO2","ProductIndex":33673}
{"itemId":"B0056BPUQC","ProductIndex":2310}
{"itemId":"B004SHD7JC","ProductIndex":5563}
{"itemId":"B0032R858C","ProductIndex":51755}
{"itemId":"B002IVPUJA","ProductIndex":29614}
{"itemId":"B00476U47M","ProductIndex":171668}
{"itemId":"B00CSDMWGW","ProductIndex":14717}
{"itemId":"B00906E03I","ProductIndex":2760}
{"itemId":"B001FFP5C2","ProductIndex":160867}
{"itemId":"B004NBZ98K","ProductIndex":757}
{"itemId":"B004I3VZBS","ProductIndex":43815}
{"itemId":"B00AWAVSJA","ProductIndex":19173}
{"itemId":"B003U8HTMG","ProductIndex":4502}
{"itemId":"B008THTOKS","ProductIndex":983}
{"itemId":"B002L6HDTC","ProductIndex":6442}
{"itemId":"B0033PROPI","ProductIndex":69024}
{"itemId":"B002JQLG9C","ProductIndex":75984}
{"itemId":"B007M7XRQ8","ProductIndex":11168}
{"itemId":"B002DUKPN2","ProductIndex":6580}
{"itemId":"B0013DGTUI","ProductIndex":31311}
{"itemId":"B0013MWT9O","ProductIndex":21643}
{"itemId":"B002OEBILK","ProductIndex":8874}
{"itemId":"B003VJ1XNK","ProductIndex":115203}
{"itemId":"B0012MI7QE","ProductIndex":7650}
{"itemId":"B005DSPLC6","ProductIndex":2793}
{"itemId":"B001FW9QGQ","ProductIndex":1735}
{"itemId":"B0044BZHLS","ProductIndex":163476}
{"itemId":"B000WAHFBK","ProductIndex":930}
{"itemId":"B001QWQ78A","ProductIndex":54205}
{"itemId":"B001A11UU2","ProductIndex":116596}
{"itemId":"B007X90S76","ProductIndex":85960}
{"itemId":"B00349OSOS","ProductIndex":15303}
{"itemId":"B003XS5QNM","ProductIndex":89938}
{"itemId":"B002USAIVQ","ProductIndex":80308}
{"itemId":"B001LMB79O","ProductIndex":19352}
{"itemId":"B001GS8G24","ProductIndex":19221}
{"itemId":"B005HZZTAY","ProductIndex":43098}
{"itemId":"B008NENG1A","ProductIndex":2747}
{"itemId":"B00GTSYCLA","ProductIndex":198016}
{"itemId":"B001TOD5B2","ProductIndex":31628}
{"itemId":"B004OVEUPW","ProductIndex":9237}
{"itemId":"B000FI5KWA","ProductIndex":50730}
{"itemId":"B000UHVRE6","ProductIndex":59609}
{"itemId":"B0046L1PC6","ProductIndex":9356}
{"itemId":"B005ALWKDY","ProductIndex":38884}
{"itemId":"B00BKNMPHW","ProductIndex":7093}
{"itemId":"B001LXMXU0","ProductIndex":27386}
{"itemId":"B007BWFXYS","ProductIndex":28511}
{"itemId":"B003M5BIII","ProductIndex":6173}
{"itemId":"B00EMB4KVS","ProductIndex":39770}
{"itemId":"B00005B8SD","ProductIndex":128537}
{"itemId":"B000U5W4R2","ProductIndex":10929}
{"itemId":"B005Z881QW","ProductIndex":54487}
{"itemId":"B00009MGUT","ProductIndex":118575}
{"itemId":"B00A1VGBJ2","ProductIndex":86166}
{"itemId":"B00II6VYI0","ProductIndex":31004}
{"itemId":"B005JK67US","ProductIndex":12445}
{"itemId":"B000CMGIRK","ProductIndex":93672}
{"itemId":"B0065S2Y64","ProductIndex":8657}
{"itemId":"B007ZWVCOY","ProductIndex":6232}
{"itemId":"B00846Z2TQ","ProductIndex":30731}
{"itemId":"B00HRLSTOO","ProductIndex":92181}
{"itemId":"B000PH2E3E","ProductIndex":5048}
{"itemId":"B0064AGF2M","ProductIndex":106571}
{"itemId":"B000E887YY","ProductIndex":54178}
{"itemId":"B0049P2000","ProductIndex":13470}
{"itemId":"B001UAEVWW","ProductIndex":12609}
{"itemId":"B005770ONE","ProductIndex":63277}
{"itemId":"B00400OSHM","ProductIndex":35222}
{"itemId":"B000EPHS6A","ProductIndex":23675}
{"itemId":"B00CALLSRQ","ProductIndex":30615}
{"itemId":"B003ZSHNG8","ProductIndex":2249}
{"itemId":"B004764AIQ","ProductIndex":13615}
{"itemId":"B001TLEXES","ProductIndex":10328}
{"itemId":"B0002MQ74E","ProductIndex":36141}
{"itemId":"B00DS18FQO","ProductIndex":40985}
{"itemId":"B00B5HE1SY","ProductIndex":1005}
{"itemId":"B004S4XLYG","ProductIndex":48536}
{"itemId":"B0031YJFH6","ProductIndex":88813}
{"itemId":"B0028Y4H0K","ProductIndex":26274}
{"itemId":"B001QR0420","ProductIndex":30132}
{"itemId":"B005ZBGS3M","ProductIndex":43166}
{"itemId":"B004CLYJ14","ProductIndex":18002}
{"itemId":"B000KCX9LA","ProductIndex":64165}
{"itemId":"B003NZOFE6","ProductIndex":127857}
{"itemId":"B0013KS3IC","ProductIndex":89159}
{"itemId":"B002A6G0TM","ProductIndex":143767}
{"itemId":"B0001OHH0Q","ProductIndex":2957}
{"itemId":"B0016P15E8","ProductIndex":15730}
{"itemId":"B006VFSQAY","ProductIndex":21748}
{"itemId":"B00H7PBWK8","ProductIndex":5457}
{"itemId":"B007F7N11Q","ProductIndex":10674}
{"itemId":"B003G4IUIG","ProductIndex":107630}
{"itemId":"B002Q66N1G","ProductIndex":82315}
{"itemId":"B00FEZ16UY","ProductIndex":153752}
{"itemId":"B000J65PJQ","ProductIndex":49825}
{"itemId":"B00284ALEG","ProductIndex":12168}
{"itemId":"B002JFU5IQ","ProductIndex":15563}
{"itemId":"B0002OF2FC","ProductIndex":5984}
{"itemId":"B00CK3Z9LU","ProductIndex":40284}
{"itemId":"B002EECNPA","ProductIndex":32390}
{"itemId":"B0038W0J0S","ProductIndex":11702}
{"itemId":"B0040QS8R2","ProductIndex":40887}
{"itemId":"B007RE4ZCQ","ProductIndex":28592}
{"itemId":"B000IF2EHE","ProductIndex":30507}
{"itemId":"B002R5UK9W","ProductIndex":68673}
{"itemId":"B00913HQ2C","ProductIndex":23549}
{"itemId":"B006BDRT68","ProductIndex":8034}
{"itemId":"B00829USKS","ProductIndex":23480}
{"itemId":"B001U612R8","ProductIndex":13522}
{"itemId":"B001NITMT8","ProductIndex":57106}
{"itemId":"B005HSDLCO","ProductIndex":3871}
{"itemId":"B00009L3M6","ProductIndex":87602}
{"itemId":"B0070WOOHQ","ProductIndex":95383}
{"itemId":"B00542VOJ0","ProductIndex":85479}
{"itemId":"B000SEXBUE","ProductIndex":29041}
{"itemId":"B003B48UNG","ProductIndex":4678}
{"itemId":"B004H3BNWU","ProductIndex":102156}
{"itemId":"B003TFO82E","ProductIndex":15427}
{"itemId":"B005DNMC32","ProductIndex":52188}
{"itemId":"B005M1KM4G","ProductIndex":107724}
{"itemId":"B0017KGB78","ProductIndex":52814}
{"itemId":"B0062TWOJI","ProductIndex":93912}
{"itemId":"B00AB4DFH0","ProductIndex":22664}
{"itemId":"B00DBVZX8O","ProductIndex":58703}
{"itemId":"B004TNGNZA","ProductIndex":16586}
{"itemId":"B00AROZF1S","ProductIndex":119536}
{"itemId":"B003O9FZUY","ProductIndex":20446}
{"itemId":"B0051OJR0Y","ProductIndex":90769}
{"itemId":"B007FWZ9NE","ProductIndex":85416}
{"itemId":"B005HFXICU","ProductIndex":89286}
{"itemId":"B00CYQN4KG","ProductIndex":102149}
{"itemId":"B00HMRDKO2","ProductIndex":24301}
{"itemId":"B000MAJ5T0","ProductIndex":31525}
{"itemId":"B00DCEECKU","ProductIndex":18558}
{"itemId":"B0039T7LD8","ProductIndex":58732}
{"itemId":"B00006I5EF","ProductIndex":194649}
{"itemId":"B001592LFC","ProductIndex":24442}
{"itemId":"B00138H420","ProductIndex":39863}
{"itemId":"B0014X9Q0M","ProductIndex":87522}
{"itemId":"B000RBW1JK","ProductIndex":56528}
{"itemId":"B000093UPO","ProductIndex":20051}
{"itemId":"B007ILAE6O","ProductIndex":118558}
{"itemId":"B004PNAA44","ProductIndex":22282}
{"itemId":"B001QD8Q5G","ProductIndex":159845}
{"itemId":"B00ENFA3GO","ProductIndex":4672}
{"itemId":"B006ZOI9OY","ProductIndex":13879}
{"itemId":"B0007XH72Y","ProductIndex":63406}
{"itemId":"B007G51UWY","ProductIndex":6877}
{"itemId":"B0009FUAO2","ProductIndex":153871}
{"itemId":"B000EIQJF8","ProductIndex":73791}
{"itemId":"B000VRYLU2","ProductIndex":14041}
{"itemId":"B000GZSMTU","ProductIndex":32511}
{"itemId":"B000OQ6RYI","ProductIndex":46705}
{"itemId":"B006PWGEQQ","ProductIndex":8507}
{"itemId":"B0014E686Q","ProductIndex":37633}
{"itemId":"B00007KDX5","ProductIndex":32269}
{"itemId":"B00EOAS4UA","ProductIndex":22375}
{"itemId":"B0009FJEUS","ProductIndex":21450}
{"itemId":"B002NI6SG2","ProductIndex":171119}
{"itemId":"B002DUD1RE","ProductIndex":23167}
{"itemId":"B00HR73WMC","ProductIndex":59126}
{"itemId":"B00G6CTI36","ProductIndex":56057}
{"itemId":"B00011R2VS","ProductIndex":91492}
{"itemId":"B001AUPJVO","ProductIndex":10847}
{"itemId":"B0093YA7D4","ProductIndex":28347}
{"itemId":"B00C2AQDW0","ProductIndex":140689}
{"itemId":"B0007TC9M6","ProductIndex":18382}
{"itemId":"B0000AKACN","ProductIndex":38845}
{"itemId":"B00528YDTY","ProductIndex":68924}
{"itemId":"B0016GBLH8","ProductIndex":49974}
{"itemId":"B005GT0FP0","ProductIndex":55629}
{"itemId":"B004V4IWKG","ProductIndex":16196}
{"itemId":"B00CFTCHMS","ProductIndex":51563}
{"itemId":"B0045ZIIYG","ProductIndex":124906}
{"itemId":"B007K90QB2","ProductIndex":40649}
{"itemId":"B001RJXV5O","ProductIndex":40955}
{"itemId":"B001VEJFXW","ProductIndex":106970}
{"itemId":"B004YLJNAE","ProductIndex":12066}
{"itemId":"B002C4MRDK","ProductIndex":65977}
{"itemId":"B002SNCSKC","ProductIndex":23856}
{"itemId":"B004JK1VMS","ProductIndex":33500}
{"itemId":"B001BS6TDM","ProductIndex":116762}
{"itemId":"B0037YOIMC","ProductIndex":37375}
{"itemId":"B001VNH9YA","ProductIndex":24109}
{"itemId":"B006QHQMVC","ProductIndex":124334}
{"itemId":"B0098YW8OA","ProductIndex":154966}
{"itemId":"B001NKF0YC","ProductIndex":22198}
{"itemId":"B003LLCMF6","ProductIndex":32976}
{"itemId":"B001GXLDMO","ProductIndex":30851}
{"itemId":"B004GFZEME","ProductIndex":131046}
{"itemId":"B001C0IHAW","ProductIndex":151411}
{"itemId":"B002T5KRZ2","ProductIndex":63751}
{"itemId":"B00592CJZI","ProductIndex":93674}
{"itemId":"B00HRMRNAO","ProductIndex":136181}
{"itemId":"B000ME6QG6","ProductIndex":60097}
{"itemId":"B006LX8QPQ","ProductIndex":148937}
{"itemId":"B0007QN87E","ProductIndex":54058}
{"itemId":"B00318COA2","ProductIndex":72699}
{"itemId":"B003LBNBOM","ProductIndex":30595}
{"itemId":"B007ZF99WS","ProductIndex":56244}
{"itemId":"B0080H0IH0","ProductIndex":118174}
{"itemId":"B00009R90I","ProductIndex":61807}
{"itemId":"B00JKM0EQE","ProductIndex":16063}
{"itemId":"B00A3S4PLO","ProductIndex":49258}
{"itemId":"B00492C1DY","ProductIndex":123310}
{"itemId":"B00JZVZTGU","ProductIndex":92904}
{"itemId":"B00FWD090Q","ProductIndex":12531}
{"itemId":"B000QHSFB8","ProductIndex":102305}
{"itemId":"B004ALMIDC","ProductIndex":70306}
{"itemId":"B003YKG92Q","ProductIndex":57585}
{"itemId":"B004HQZCAQ","ProductIndex":83198}
{"itemId":"B000L45DRA","ProductIndex":14032}
{"itemId":"B0046SF4S0","ProductIndex":43570}
{"itemId":"B000F8DBF8","ProductIndex":20645}
{"itemId":"B006W4GNT0","ProductIndex":23384}
{"itemId":"B008BQ34ZS","ProductIndex":15069}
{"itemId":"B001IYDI6K","ProductIndex":58401}
{"itemId":"B000OTLDNU","ProductIndex":108099}
{"itemId":"B00407CLH4","ProductIndex":47890}
{"itemId":"B004UFHWSY","ProductIndex":134804}
{"itemId":"B00021PJ26","ProductIndex":31030}
{"itemId":"B005LD31FM","ProductIndex":35869}
{"itemId":"B007JBK6WU","ProductIndex":79319}
{"itemId":"B004GWUYYU","ProductIndex":19436}
{"itemId":"B0001MI9S2","ProductIndex":146015}
{"itemId":"B00086HZJA","ProductIndex":199760}
{"itemId":"B0038OLNX8","ProductIndex":103642}
{"itemId":"B0019R55XU","ProductIndex":76697}
{"itemId":"B00124W24U","ProductIndex":173509}
{"itemId":"B0064TBEMY","ProductIndex":65700}
{"itemId":"B00ABV73T4","ProductIndex":93572}
{"itemId":"B008TSVZHM","ProductIndex":33971}
{"itemId":"B000EALPT6","ProductIndex":28554}
{"itemId":"B000BKJZ0K","ProductIndex":41175}
{"itemId":"B0018BQRN4","ProductIndex":45789}
{"itemId":"B004JKSIY2","ProductIndex":81252}
{"itemId":"B004B7F7BU","ProductIndex":146000}
{"itemId":"B00EIG47J2","ProductIndex":200509}
{"itemId":"B007QD7WQY","ProductIndex":142468}
{"itemId":"B007MWN2KO","ProductIndex":99894}
{"itemId":"B00CZ7NCAQ","ProductIndex":207043}
{"itemId":"B002VK8MPC","ProductIndex":77473}
{"itemId":"B000682AW2","ProductIndex":51002}
{"itemId":"B004OBZ0GU","ProductIndex":12328}
{"itemId":"B000MIN0NO","ProductIndex":29144}
{"itemId":"B001H0GIBM","ProductIndex":107744}
{"itemId":"B002L6HD9W","ProductIndex":41470}
{"itemId":"B007MLV5HW","ProductIndex":111327}
{"itemId":"B002LHEERK","ProductIndex":79437}
{"itemId":"B000Q8AMC2","ProductIndex":20501}
{"itemId":"B0010OXEGW","ProductIndex":90359}
{"itemId":"B004S510CK","ProductIndex":115554}
{"itemId":"B004DWPCGI","ProductIndex":70206}
{"itemId":"B000PGZIBK","ProductIndex":50539}
{"itemId":"B00D76RNLS","ProductIndex":14626}
{"itemId":"B002DUED94","ProductIndex":52137}
{"itemId":"B006OIMBN6","ProductIndex":77775}
{"itemId":"B000RL4HGU","ProductIndex":133050}
{"itemId":"B004ZWP1JY","ProductIndex":150024}
{"itemId":"B003UY8I3O","ProductIndex":24113}
{"itemId":"B001967Q2E","ProductIndex":64447}
{"itemId":"B0007L72MQ","ProductIndex":89321}
{"itemId":"B0099UP9NA","ProductIndex":135524}
{"itemId":"B0049H1EEG","ProductIndex":106281}
{"itemId":"B0018EDLB2","ProductIndex":55869}
{"itemId":"B003BSHNZ8","ProductIndex":55518}
{"itemId":"B004LS8X4M","ProductIndex":29646}
{"itemId":"B00555QZ8Q","ProductIndex":34130}
{"itemId":"B000093LX5","ProductIndex":51040}
{"itemId":"B00F6J484O","ProductIndex":49350}
{"itemId":"B005H1W4LA","ProductIndex":129224}
{"itemId":"B000BSY3UY","ProductIndex":58311}
{"itemId":"B000A3V8SA","ProductIndex":64245}
{"itemId":"B002QG71RG","ProductIndex":153329}
{"itemId":"B0045V5WLC","ProductIndex":97557}
{"itemId":"B0002KR1NW","ProductIndex":134057}
{"itemId":"B003ITNEZI","ProductIndex":101305}
{"itemId":"B0032ANBXI","ProductIndex":19430}
{"itemId":"B0006DPMUO","ProductIndex":44743}
{"itemId":"B008MTN9MM","ProductIndex":22984}
{"itemId":"B00G5UN9XO","ProductIndex":117837}
{"itemId":"B003Q2VEEU","ProductIndex":138060}
{"itemId":"B00DPKFGJC","ProductIndex":65627}
{"itemId":"B004WEJGKK","ProductIndex":159861}
{"itemId":"B003FIZ65I","ProductIndex":86502}
{"itemId":"B002GHBVSA","ProductIndex":22837}
{"itemId":"B00DK4BDPY","ProductIndex":169615}
{"itemId":"B003TXNA9S","ProductIndex":151916}
{"itemId":"B0018KNHRY","ProductIndex":97835}
{"itemId":"B00BJR36L8","ProductIndex":47768}
{"itemId":"B005C2B7EY","ProductIndex":88791}
{"itemId":"B002MPPRNG","ProductIndex":37522}
{"itemId":"B003ZLO0QG","ProductIndex":28021}
{"itemId":"B000NLLXUM","ProductIndex":31757}
{"itemId":"B004JU0E9O","ProductIndex":29256}
{"itemId":"B00COQGI7C","ProductIndex":51259}
{"itemId":"B000ZNX4GY","ProductIndex":175234}
{"itemId":"B00DR0QT5U","ProductIndex":21474}
{"itemId":"B00852KK28","ProductIndex":121820}
{"itemId":"B0002GVX7Q","ProductIndex":43099}
{"itemId":"B004URDPPQ","ProductIndex":56796}
{"itemId":"B00BF9I1E2","ProductIndex":72240}
{"itemId":"B001EYU3KI","ProductIndex":78447}
{"itemId":"B0052UMN3U","ProductIndex":35177}
{"itemId":"B007CT7TAQ","ProductIndex":26504}
{"itemId":"B00BHLLKMI","ProductIndex":56274}
{"itemId":"B0071I0O8W","ProductIndex":111181}
{"itemId":"B003EE72C8","ProductIndex":43872}
{"itemId":"B001UAB0OO","ProductIndex":33642}
{"itemId":"B004X5XVY0","ProductIndex":54111}
{"itemId":"B0072L7ZO4","ProductIndex":193509}
{"itemId":"B004WLGHU0","ProductIndex":86321}
{"itemId":"B004NNX6RO","ProductIndex":206704}
{"itemId":"B003IPC22S","ProductIndex":45429}
{"itemId":"B00DEQC1KY","ProductIndex":135840}
{"itemId":"B0001WV7EU","ProductIndex":68979}
{"itemId":"B000JG2N2I","ProductIndex":104539}
{"itemId":"B001CZJOCM","ProductIndex":145643}
{"itemId":"B004A8MA4W","ProductIndex":30300}
{"itemId":"B0075GDS60","ProductIndex":34123}
{"itemId":"B002NY9M0K","ProductIndex":146432}
{"itemId":"B0010KG152","ProductIndex":149598}
{"itemId":"B003ICWAVO","ProductIndex":62096}
{"itemId":"B00470RZR0","ProductIndex":66882}
{"itemId":"B004IY6Z58","ProductIndex":35570}
{"itemId":"B00975UUEK","ProductIndex":33001}
{"itemId":"B00030EYPY","ProductIndex":84012}
{"itemId":"B000MMBTLA","ProductIndex":65425}
{"itemId":"B004G4D1PC","ProductIndex":172091}
{"itemId":"B00141CTNK","ProductIndex":37465}
{"itemId":"B00COJ1A9K","ProductIndex":62203}
{"itemId":"B004K4V22W","ProductIndex":154716}
{"itemId":"B0049IA1B2","ProductIndex":79875}
{"itemId":"B001OQY6KE","ProductIndex":143556}
{"itemId":"B00843NR9Q","ProductIndex":133732}
{"itemId":"B005U1C6ZQ","ProductIndex":123298}
{"itemId":"B005ITOHX4","ProductIndex":71433}
{"itemId":"B00390GWRI","ProductIndex":122763}
{"itemId":"B008MAZUOG","ProductIndex":106464}
{"itemId":"B00004Z5YQ","ProductIndex":49665}
{"itemId":"B0033HTXUU","ProductIndex":45623}
{"itemId":"B00744S3RW","ProductIndex":50676}
{"itemId":"B002ENU7JU","ProductIndex":194932}
{"itemId":"B005B179NE","ProductIndex":53989}
{"itemId":"B001T4ZQVE","ProductIndex":60835}
{"itemId":"B001LIXW2S","ProductIndex":135845}
{"itemId":"B001AHZ9PS","ProductIndex":119070}
{"itemId":"B0087TPOZW","ProductIndex":162126}
{"itemId":"B0033C5UZC","ProductIndex":151628}
{"itemId":"B00IA9LUP2","ProductIndex":156512}
{"itemId":"B007SNNS4W","ProductIndex":151790}
{"itemId":"B0003QB42E","ProductIndex":160982}
{"itemId":"B003D2FOX0","ProductIndex":66308}
{"itemId":"B0014DSK5E","ProductIndex":21058}
{"itemId":"B003922SEW","ProductIndex":27421}
{"itemId":"B003ZSCJ9O","ProductIndex":39745}
{"itemId":"B0001GNDP2","ProductIndex":175314}
{"itemId":"B007KGSVJ4","ProductIndex":129517}
{"itemId":"B000X24H0O","ProductIndex":58568}
{"itemId":"B0043I7U12","ProductIndex":194214}
{"itemId":"B0064R2196","ProductIndex":127049}
{"itemId":"B005LYSM00","ProductIndex":54596}
{"itemId":"B002BS1KKI","ProductIndex":90155}
{"itemId":"B00005064C","ProductIndex":105658}
{"itemId":"B009EHEE34","ProductIndex":154309}
{"itemId":"B00F3L18NE","ProductIndex":70127}
{"itemId":"B002V17R48","ProductIndex":204710}
{"itemId":"B001M1SVT8","ProductIndex":175469}
{"itemId":"B00066XI8E","ProductIndex":99233}
{"itemId":"B0074EPML2","ProductIndex":77005}
{"itemId":"B003MR0012","ProductIndex":124989}
{"itemId":"B00AZ9ZHKE","ProductIndex":139719}
{"itemId":"B0002GF2NM","ProductIndex":198929}
{"itemId":"B00C4QEOB4","ProductIndex":68496}
{"itemId":"B0056C0H00","ProductIndex":39882}
{"itemId":"B00GOJ5NBM","ProductIndex":121963}
{"itemId":"B000K6W24Q","ProductIndex":62224}
{"itemId":"B0007L28E8","ProductIndex":67004}
{"itemId":"B000F5M0GM","ProductIndex":82850}
{"itemId":"B009S334NK","ProductIndex":98175}
{"itemId":"B000XQNKBW","ProductIndex":172016}
{"itemId":"B00GIGJYBG","ProductIndex":80762}
{"itemId":"B0007WTF66","ProductIndex":96252}
{"itemId":"B00DEBWMOY","ProductIndex":207733}
{"itemId":"B0084C2ZR2","ProductIndex":70275}
{"itemId":"B008MS9YEU","ProductIndex":137547}
{"itemId":"B002ULHS5C","ProductIndex":59545}
{"itemId":"B0006G332A","ProductIndex":90516}
{"itemId":"B00AO1TIQC","ProductIndex":77071}
{"itemId":"B007PFTYPU","ProductIndex":76444}
{"itemId":"B006TK44D4","ProductIndex":101584}
{"itemId":"B00480OQAI","ProductIndex":26925}
{"itemId":"B00GTQUQB2","ProductIndex":58741}
{"itemId":"B0002L5976","ProductIndex":113203}
{"itemId":"B006W5FIOK","ProductIndex":90181}
{"itemId":"B002HJYNU0","ProductIndex":45761}
{"itemId":"B00D2YNERC","ProductIndex":122352}
{"itemId":"B004MKNJC0","ProductIndex":132206}
{"itemId":"B007RLYP2E","ProductIndex":47099}
{"itemId":"B00IQA1XIO","ProductIndex":125792}
{"itemId":"B007K36U04","ProductIndex":132045}
{"itemId":"B008OLBTA2","ProductIndex":93049}
{"itemId":"B0090YBUVK","ProductIndex":91122}
{"itemId":"B00C17HVQQ","ProductIndex":171447}
{"itemId":"B000FJ7MSE","ProductIndex":95792}
{"itemId":"B000245A18","ProductIndex":105352}
{"itemId":"B00KCERAPC","ProductIndex":197628}
{"itemId":"B0014C80Q4","ProductIndex":130880}
{"itemId":"B003WQMSOU","ProductIndex":39539}
{"itemId":"B003XN37YW","ProductIndex":41143}
{"itemId":"B003N1DVZ4","ProductIndex":90662}
{"itemId":"B009H5LHZ6","ProductIndex":159382}
{"itemId":"B000KL7K0M","ProductIndex":67218}
{"itemId":"B00006LS92","ProductIndex":44609}
{"itemId":"B008HL6EC2","ProductIndex":103233}
{"itemId":"B002P4YXI4","ProductIndex":47223}
{"itemId":"B009T83592","ProductIndex":88691}
{"itemId":"B001V5BG9W","ProductIndex":89346}
{"itemId":"B00B35VWQ2","ProductIndex":116465}
{"itemId":"B005M22AJK","ProductIndex":164415}
{"itemId":"B004T4FAZI","ProductIndex":18834}
{"itemId":"B0062F3H0W","ProductIndex":152162}
{"itemId":"B00BG2BCY4","ProductIndex":145002}
{"itemId":"B0082PZ06O","ProductIndex":76474}
{"itemId":"B0082MYCQ6","ProductIndex":47928}
{"itemId":"B000928MU4","ProductIndex":40741}
{"itemId":"B00CKAEF3Q","ProductIndex":85737}
{"itemId":"B0051HI3OM","ProductIndex":32107}
{"itemId":"B007IHPIQE","ProductIndex":51348}
{"itemId":"B00K8ADKLS","ProductIndex":102837}
{"itemId":"B00005T3EW","ProductIndex":54048}
{"itemId":"B0029HI75C","ProductIndex":60533}
{"itemId":"B000RA8OT2","ProductIndex":76607}
{"itemId":"B000Y31J26","ProductIndex":89917}
{"itemId":"B0052GRKZU","ProductIndex":122179}
{"itemId":"B00293S1MU","ProductIndex":90953}
{"itemId":"B000051TIV","ProductIndex":169800}
{"itemId":"B000QY9OIE","ProductIndex":89575}
{"itemId":"B0013KX2K6","ProductIndex":45771}
{"itemId":"B0061ISP3Y","ProductIndex":157954}
{"itemId":"B000LRPSUE","ProductIndex":207916}
{"itemId":"B00114O9EC","ProductIndex":94910}
{"itemId":"B003O86FXQ","ProductIndex":160255}
{"itemId":"B004VZ4LOG","ProductIndex":55348}
{"itemId":"B003P9W9J8","ProductIndex":42596}
{"itemId":"B00E3CDNRI","ProductIndex":92323}
{"itemId":"B0015DKAQK","ProductIndex":71495}
{"itemId":"B0066DOPPG","ProductIndex":82252}
{"itemId":"B00BOXNTR8","ProductIndex":151014}
{"itemId":"B003FSNN7G","ProductIndex":132446}
{"itemId":"B008YAMY4I","ProductIndex":63003}
{"itemId":"B004575BIU","ProductIndex":131879}
{"itemId":"B001EI3UDG","ProductIndex":47469}
{"itemId":"B000B9P7E4","ProductIndex":131906}
{"itemId":"B000VCY5RQ","ProductIndex":165325}
{"itemId":"B0092VX6SG","ProductIndex":81902}
{"itemId":"B00452V1UC","ProductIndex":193165}
{"itemId":"B005WY0SB0","ProductIndex":44541}
{"itemId":"B0053WIWX2","ProductIndex":45976}
{"itemId":"B003ASJ5DC","ProductIndex":181261}
{"itemId":"B003ERT46W","ProductIndex":38839}
{"itemId":"B001QXDN9U","ProductIndex":118271}
{"itemId":"B00006BBV3","ProductIndex":89681}
{"itemId":"B004EI4AXC","ProductIndex":49481}
{"itemId":"B000ENYXZG","ProductIndex":80091}
{"itemId":"B00GWT52QA","ProductIndex":56677}
{"itemId":"B00ANC2AIU","ProductIndex":138477}
{"itemId":"B000A426JO","ProductIndex":149519}
{"itemId":"B0000DZGGY","ProductIndex":119537}
{"itemId":"B004T0GHSQ","ProductIndex":49025}
{"itemId":"B0000667AP","ProductIndex":34328}
{"itemId":"B0025B8BK8","ProductIndex":161357}
{"itemId":"B001UL0BAM","ProductIndex":141236}
{"itemId":"B003T20XG2","ProductIndex":136365}
{"itemId":"B004IYJWW6","ProductIndex":50952}
{"itemId":"B00AAOXYEU","ProductIndex":145304}
{"itemId":"B00367C2N2","ProductIndex":142126}
{"itemId":"B00653BDZW","ProductIndex":138928}
{"itemId":"B000L3DYFE","ProductIndex":66588}
{"itemId":"B000PMONOW","ProductIndex":148721}
{"itemId":"B0006J1ETG","ProductIndex":58518}
{"itemId":"B0074LEMDO","ProductIndex":53457}
{"itemId":"B00FGI4C14","ProductIndex":86699}
{"itemId":"B004FWEHJO","ProductIndex":162575}
{"itemId":"B003EFZINM","ProductIndex":170532}
{"itemId":"B0045KJ28M","ProductIndex":63673}
{"itemId":"B003E1WLK4","ProductIndex":123340}
{"itemId":"B005W1G70O","ProductIndex":115365}
{"itemId":"B00AX2HJE0","ProductIndex":51079}
{"itemId":"B004347GFQ","ProductIndex":125933}
{"itemId":"B000TU0LU0","ProductIndex":86935}
{"itemId":"B005ZFJ54M","ProductIndex":114365}
{"itemId":"B008XI2V1W","ProductIndex":186459}
{"itemId":"B004ZNUWMO","ProductIndex":143790}
{"itemId":"B0000ET9DG","ProductIndex":20781}
{"itemId":"B004WKOLIQ","ProductIndex":66965}
{"itemId":"B00385XYUC","ProductIndex":71910}
{"itemId":"B0039YON4I","ProductIndex":86153}
{"itemId":"B00023JL96","ProductIndex":87172}
{"itemId":"B0066CSAIU","ProductIndex":24386}
{"itemId":"B004HT4IKS","ProductIndex":138351}
{"itemId":"B0084UC11Y","ProductIndex":117717}
{"itemId":"B008OPT8WO","ProductIndex":56177}
{"itemId":"B00AG308ZS","ProductIndex":77289}
{"itemId":"B00024MI8G","ProductIndex":69421}
{"itemId":"B003UKTOO0","ProductIndex":53778}
{"itemId":"B0058DXAHO","ProductIndex":90269}
{"itemId":"B00JJNQ63Y","ProductIndex":112011}
{"itemId":"B00A1UHM1Y","ProductIndex":39509}
{"itemId":"B000MR160Y","ProductIndex":163585}
{"itemId":"B002UKHC18","ProductIndex":147612}
{"itemId":"B0073YCWES","ProductIndex":60117}
{"itemId":"B004FPYLI8","ProductIndex":107655}
{"itemId":"B002D23KJQ","ProductIndex":187959}
{"itemId":"B0018LVYK0","ProductIndex":94648}
{"itemId":"B00EL1SDQW","ProductIndex":198613}
{"itemId":"B0065GASYG","ProductIndex":64527}
{"itemId":"B008BFINX2","ProductIndex":172324}
{"itemId":"B003N6KZ4O","ProductIndex":176585}
{"itemId":"B004ODRFG6","ProductIndex":141514}
{"itemId":"B000OG6I2Y","ProductIndex":56942}
{"itemId":"B001MBUH36","ProductIndex":128397}
{"itemId":"B003ZUXWXY","ProductIndex":106054}
{"itemId":"B000K4YVLU","ProductIndex":126054}
{"itemId":"B0002Y5WW0","ProductIndex":76257}
{"itemId":"B000M8YJ8O","ProductIndex":146366}
{"itemId":"B0083FEUN2","ProductIndex":63577}
{"itemId":"B004YIWTXU","ProductIndex":181767}
{"itemId":"B000676JLG","ProductIndex":111830}
{"itemId":"B00DZIQRXI","ProductIndex":98014}
{"itemId":"B001FA1NG4","ProductIndex":35317}
{"itemId":"B001OS8YLO","ProductIndex":77371}
{"itemId":"B000HJ99LA","ProductIndex":80357}
{"itemId":"B001214O0S","ProductIndex":110821}
{"itemId":"B0085GVGPY","ProductIndex":31651}
{"itemId":"B0091LF4ZA","ProductIndex":108492}
{"itemId":"B002PAQ1XS","ProductIndex":199883}
{"itemId":"B000G6Q7W8","ProductIndex":148846}
{"itemId":"B00ARDABCC","ProductIndex":171854}
{"itemId":"B003FST9LA","ProductIndex":140729}
{"itemId":"B001A668RM","ProductIndex":135275}
{"itemId":"B00432GS0W","ProductIndex":58643}
{"itemId":"B0040X4LBM","ProductIndex":79395}
{"itemId":"B0009XNQHC","ProductIndex":171228}
{"itemId":"B000I2496Q","ProductIndex":48240}
{"itemId":"B004S3BHU2","ProductIndex":145592}
{"itemId":"B0012H8MBY","ProductIndex":135364}
{"itemId":"B00076FVL0","ProductIndex":85036}
{"itemId":"B00H2C69FY","ProductIndex":132917}
{"itemId":"B002RO8EO6","ProductIndex":73797}
{"itemId":"B0096PD2LE","ProductIndex":31737}
{"itemId":"B001EUE6EG","ProductIndex":80670}
{"itemId":"B0053EBJLC","ProductIndex":96828}
{"itemId":"B0012GWNL0","ProductIndex":90330}
{"itemId":"B007LTW484","ProductIndex":160603}
{"itemId":"B005F4VVGI","ProductIndex":174754}
{"itemId":"B000MY3W9A","ProductIndex":176285}
{"itemId":"B002Z6CZI2","ProductIndex":168960}
{"itemId":"B001TZLXLK","ProductIndex":85025}
{"itemId":"B008C2915I","ProductIndex":58697}
{"itemId":"B00510Y3M0","ProductIndex":84617}
{"itemId":"B005M4ZKFY","ProductIndex":181860}
{"itemId":"B000065USS","ProductIndex":144144}
{"itemId":"B008OQKOOE","ProductIndex":177883}
{"itemId":"B00505K41K","ProductIndex":201188}
{"itemId":"B000TMD3QC","ProductIndex":132675}
{"itemId":"B0073BMCUU","ProductIndex":71559}
{"itemId":"B004I4X0NI","ProductIndex":89683}
{"itemId":"B0082JVGSG","ProductIndex":85518}
{"itemId":"B000S0DZK4","ProductIndex":156192}
{"itemId":"B0056ZQLVG","ProductIndex":159312}
{"itemId":"B000O7H2VE","ProductIndex":95488}
{"itemId":"B008BU2DUG","ProductIndex":107033}
{"itemId":"B007KBGV8M","ProductIndex":52440}
{"itemId":"B00008Z1PK","ProductIndex":153292}
{"itemId":"B00FK860GA","ProductIndex":166159}
{"itemId":"B0079QM83U","ProductIndex":83354}
{"itemId":"B009ZG7ZJY","ProductIndex":204366}
{"itemId":"B0012YEGLC","ProductIndex":126976}
{"itemId":"B000TYWGWC","ProductIndex":140283}
{"itemId":"B001O95OOS","ProductIndex":181758}
{"itemId":"B00DL49602","ProductIndex":142798}
{"itemId":"B001SIB13I","ProductIndex":90931}
{"itemId":"B00FPHRNNK","ProductIndex":60981}
{"itemId":"B00005JGFK","ProductIndex":107978}
{"itemId":"B0006VD24O","ProductIndex":120116}
{"itemId":"B00BAYYIEE","ProductIndex":176278}
{"itemId":"B000ILDT3G","ProductIndex":104673}
{"itemId":"B005KUHDVE","ProductIndex":170502}
{"itemId":"B003ZJ1TNA","ProductIndex":106683}
{"itemId":"B001LIFW5S","ProductIndex":172353}
{"itemId":"B00C126HF2","ProductIndex":155016}
{"itemId":"B00DXY1VE4","ProductIndex":156687}
{"itemId":"B000OSQ3JA","ProductIndex":152866}
{"itemId":"B0055P9GTQ","ProductIndex":128466}
{"itemId":"B002IT1FFU","ProductIndex":89250}
{"itemId":"B0042TNNT0","ProductIndex":119316}
{"itemId":"B003IQSMCG","ProductIndex":206153}
{"itemId":"B002HEUAMA","ProductIndex":55272}
{"itemId":"B004N239ZO","ProductIndex":84583}
{"itemId":"B003P9W9RU","ProductIndex":139119}
{"itemId":"B00BL56XRM","ProductIndex":126630}
{"itemId":"B00D8R42EM","ProductIndex":124792}
{"itemId":"B0058SMCZ0","ProductIndex":148278}
{"itemId":"B004FD4SSS","ProductIndex":121068}
{"itemId":"B00FKM2QV4","ProductIndex":137957}
{"itemId":"B00011RFCO","ProductIndex":185826}
{"itemId":"B000ELYW5O","ProductIndex":175799}
{"itemId":"B0018RWDVI","ProductIndex":172769}
{"itemId":"B000P05FAA","ProductIndex":37563}
{"itemId":"B00AG6U5JY","ProductIndex":67477}
{"itemId":"B002JO06PO","ProductIndex":46784}
{"itemId":"B00FQKZPKY","ProductIndex":85689}
{"itemId":"B005NXJVKE","ProductIndex":169472}
{"itemId":"B005DDSWVS","ProductIndex":76398}
{"itemId":"B003KSXJDO","ProductIndex":206209}
{"itemId":"B002YT89FS","ProductIndex":165973}
{"itemId":"B008LLVIFG","ProductIndex":46060}
{"itemId":"B000HE7P16","ProductIndex":168127}
{"itemId":"B0057JPKYA","ProductIndex":155388}
{"itemId":"B000S5QIL2","ProductIndex":67434}
{"itemId":"B00182DL1Y","ProductIndex":95464}
{"itemId":"B005BZM0U2","ProductIndex":103452}
{"itemId":"B004G7BDA4","ProductIndex":86275}
{"itemId":"B00AM1TIFU","ProductIndex":204128}
{"itemId":"B00AHKIBNG","ProductIndex":118959}
{"itemId":"B000F955HE","ProductIndex":58058}
{"itemId":"B004FUMP9A","ProductIndex":207672}
{"itemId":"B003U8GI0A","ProductIndex":143733}
{"itemId":"B006P4Y7WW","ProductIndex":122278}
{"itemId":"B0007P4G5S","ProductIndex":41944}
{"itemId":"B00GIOA40S","ProductIndex":121451}
{"itemId":"B00EMAF1EE","ProductIndex":165067}
{"itemId":"B000IEF6BG","ProductIndex":106594}
{"itemId":"B00DV512TY","ProductIndex":144149}
{"itemId":"B004ZT6MYU","ProductIndex":87479}
{"itemId":"B001F7TGXY","ProductIndex":88465}
{"itemId":"B0033WSDT2","ProductIndex":203292}
{"itemId":"B000L9MGNE","ProductIndex":127434}
{"itemId":"B001W21612","ProductIndex":74935}
{"itemId":"B00356J7XW","ProductIndex":173558}
{"itemId":"B0057EDTMA","ProductIndex":191709}
{"itemId":"B0009KF2OA","ProductIndex":45873}
{"itemId":"B001VII6R4","ProductIndex":110651}
{"itemId":"B00006592R","ProductIndex":157836}
{"itemId":"B003YM6GSQ","ProductIndex":200495}
{"itemId":"B00BN374ZM","ProductIndex":165387}
{"itemId":"B003QFIQSE","ProductIndex":61968}
{"itemId":"B007S759V8","ProductIndex":107774}
{"itemId":"B005V5YX16","ProductIndex":92266}
{"itemId":"B000LLNIC0","ProductIndex":186970}
{"itemId":"9984987876","ProductIndex":142346}
{"itemId":"B00B2Z9EMM","ProductIndex":94896}
{"itemId":"B007N82HKI","ProductIndex":187183}
{"itemId":"B002ZMFLOG","ProductIndex":162020}
{"itemId":"B000NGWPV8","ProductIndex":67619}
{"itemId":"B000I6C3EM","ProductIndex":59390}
{"itemId":"B00009UTLT","ProductIndex":137903}
{"itemId":"B0094771VG","ProductIndex":106013}
{"itemId":"B00009WBYG","ProductIndex":142405}
{"itemId":"B008COCW48","ProductIndex":200521}
{"itemId":"B0027VT74K","ProductIndex":147847}
{"itemId":"B000BMNM8E","ProductIndex":138042}
{"itemId":"B0001MTRHE","ProductIndex":112197}
{"itemId":"B006IW16NE","ProductIndex":163341}
{"itemId":"B001BFTMQ6","ProductIndex":138696}
{"itemId":"B00063AIRG","ProductIndex":173718}
{"itemId":"B0026QYITK","ProductIndex":139442}
{"itemId":"B00A610O9A","ProductIndex":164445}
{"itemId":"B008Y274Q4","ProductIndex":115897}
{"itemId":"B00APPP7NU","ProductIndex":103653}
{"itemId":"B003REC8Y2","ProductIndex":142518}
{"itemId":"B004U8J9JQ","ProductIndex":113290}
{"itemId":"B0002KZQV6","ProductIndex":134873}
{"itemId":"B005ALDAAG","ProductIndex":128892}
{"itemId":"B005M1KLDI","ProductIndex":135323}
{"itemId":"B008YRD4E0","ProductIndex":100896}
{"itemId":"B003E2TQII","ProductIndex":163799}
{"itemId":"B000JJ9JIQ","ProductIndex":104122}
{"itemId":"B008KGD0FS","ProductIndex":199065}
{"itemId":"B004HHOTGI","ProductIndex":123582}
{"itemId":"B00AUIX8SI","ProductIndex":57475}
{"itemId":"B00FN2JE6Q","ProductIndex":114269}
{"itemId":"B00JK6PHNA","ProductIndex":104451}
{"itemId":"B002P8M9OA","ProductIndex":181781}
{"itemId":"B004MBBKCA","ProductIndex":132683}
{"itemId":"B005QRMAJG","ProductIndex":170931}
{"itemId":"B002RJFD7C","ProductIndex":43833}
{"itemId":"B000LBFJG8","ProductIndex":73111}
{"itemId":"B0002XKTJC","ProductIndex":85459}
{"itemId":"B0002EXMGS","ProductIndex":99569}
{"itemId":"B009A4X8RO","ProductIndex":117884}
{"itemId":"B00DTV58ZO","ProductIndex":133659}
{"itemId":"B00CERWETC","ProductIndex":96313}
{"itemId":"B003NIJI7M","ProductIndex":153525}
{"itemId":"B001BEFRBQ","ProductIndex":139086}
{"itemId":"B001LNFND4","ProductIndex":105593}
{"itemId":"B006QU3L2C","ProductIndex":168988}
{"itemId":"B00460NMTQ","ProductIndex":181844}
{"itemId":"B008ZB54N4","ProductIndex":77585}
{"itemId":"B0016A1HU0","ProductIndex":171274}
{"itemId":"B007X5FZ6O","ProductIndex":179031}
{"itemId":"B008HHQTYE","ProductIndex":94180}
{"itemId":"B0000WA8DW","ProductIndex":168109}
{"itemId":"B007W2PJTG","ProductIndex":144518}
{"itemId":"B0054XO5E0","ProductIndex":162748}
{"itemId":"B006NRL6IY","ProductIndex":93582}
{"itemId":"B00BURMM4O","ProductIndex":155191}
{"itemId":"B004EKKBQ0","ProductIndex":131330}
{"itemId":"B002V59L4I","ProductIndex":187835}
{"itemId":"B006XX9BH6","ProductIndex":201273}
{"itemId":"B002EQCXM6","ProductIndex":170392}
{"itemId":"B005LWDZUY","ProductIndex":203864}
{"itemId":"B0038JED8U","ProductIndex":60646}
{"itemId":"B005HF2W36","ProductIndex":199001}
{"itemId":"B0032L85J2","ProductIndex":59211}
{"itemId":"B000I807TS","ProductIndex":176155}
{"itemId":"B0044CPZMS","ProductIndex":129968}
{"itemId":"B0078R5TE0","ProductIndex":156292}
{"itemId":"B00B27R6WA","ProductIndex":105327}
{"itemId":"B005967350","ProductIndex":63764}
{"itemId":"B005BJK97O","ProductIndex":135184}
{"itemId":"B00EZBA078","ProductIndex":186515}
{"itemId":"B001MRT7XG","ProductIndex":138612}
{"itemId":"B0000A9DUK","ProductIndex":166313}
{"itemId":"B005KT6SPW","ProductIndex":207572}
{"itemId":"B003DBH77M","ProductIndex":169240}
{"itemId":"B000EIFS3W","ProductIndex":120543}
{"itemId":"B007U24RFA","ProductIndex":173831}
{"itemId":"B0050C6KUC","ProductIndex":121092}
{"itemId":"B001RLAPCY","ProductIndex":180583}
{"itemId":"B002COJES6","ProductIndex":98137}
{"itemId":"B003JU3BU4","ProductIndex":197675}
{"itemId":"B0003009B2","ProductIndex":182638}
{"itemId":"B0036CN8BC","ProductIndex":143071}
{"itemId":"B005OMOORE","ProductIndex":194626}
{"itemId":"B00BU8ISXM","ProductIndex":121314}
{"itemId":"B00AAKF8K2","ProductIndex":91191}
{"itemId":"B00940US0Y","ProductIndex":126374}
{"itemId":"B000UVRH4G","ProductIndex":119211}
{"itemId":"B005LMUY6W","ProductIndex":171016}
{"itemId":"B00BCP64NE","ProductIndex":174053}
{"itemId":"B0071D6F9E","ProductIndex":142022}
{"itemId":"B006CX9UVY","ProductIndex":199460}
{"itemId":"B000OYJQ8Y","ProductIndex":151550}
{"itemId":"B00004W1U8","ProductIndex":99023}
{"itemId":"B00004SPBZ","ProductIndex":207978}
{"itemId":"B003XDUCA4","ProductIndex":119098}
{"itemId":"B000V6ZYNQ","ProductIndex":124056}
{"itemId":"B00B5YZPFU","ProductIndex":169523}
{"itemId":"B001FB6SA4","ProductIndex":96020}
{"itemId":"B00BBDJA4M","ProductIndex":117710}
{"itemId":"B002TN8WOC","ProductIndex":201189}
{"itemId":"B0001FSL2S","ProductIndex":145317}
{"itemId":"B001S0NTR2","ProductIndex":185222}
{"itemId":"B007X49S7M","ProductIndex":198420}
{"itemId":"B00D6HBX00","ProductIndex":126850}
{"itemId":"B00E49R4AC","ProductIndex":193323}
{"itemId":"B003E2XYKO","ProductIndex":186293}
{"itemId":"B00000JBV2","ProductIndex":110112}
{"itemId":"B00EVEIZ8K","ProductIndex":148760}
{"itemId":"B007A5YGFS","ProductIndex":202450}
{"itemId":"B00004VUGL","ProductIndex":135116}
{"itemId":"B00AJHDLNM","ProductIndex":102404}
{"itemId":"B00005897P","ProductIndex":157783}
{"itemId":"B00006RZ1H","ProductIndex":177216}
{"itemId":"B003P9WNEY","ProductIndex":207179}
{"itemId":"B008A08RPC","ProductIndex":160380}
{"itemId":"B007R67QNO","ProductIndex":111397}
{"itemId":"B0085C8KNO","ProductIndex":107064}
{"itemId":"B00B43LKWE","ProductIndex":73300}
{"itemId":"B004JJMY16","ProductIndex":165525}
{"itemId":"B000BF0XDI","ProductIndex":202898}
{"itemId":"B005JS4E3M","ProductIndex":147468}
{"itemId":"B003O6SKYA","ProductIndex":125557}
{"itemId":"B001MS2UD4","ProductIndex":169392}
{"itemId":"B004S6QJEI","ProductIndex":98741}
{"itemId":"B0023NVYXO","ProductIndex":97685}
{"itemId":"B00EW0UGSU","ProductIndex":96285}
{"itemId":"B004N8UNYI","ProductIndex":194007}
{"itemId":"B008KYM9SE","ProductIndex":183009}
{"itemId":"B000W8PK0U","ProductIndex":140604}
{"itemId":"B00899GMII","ProductIndex":185726}
{"itemId":"B002P7DSGY","ProductIndex":147606}
{"itemId":"B007G9AGJI","ProductIndex":148916}
{"itemId":"B0000A2QBJ","ProductIndex":178172}
{"itemId":"B00065DG0U","ProductIndex":130008}
{"itemId":"B002VC24VI","ProductIndex":169672}
{"itemId":"B0007XH742","ProductIndex":130660}
{"itemId":"B00BVZM84O","ProductIndex":71382}
{"itemId":"B00G8TIRMA","ProductIndex":92673}
{"itemId":"B004NMFCF4","ProductIndex":195041}
{"itemId":"B00DSRRZT6","ProductIndex":157907}
{"itemId":"B004XIHMCE","ProductIndex":155335}
{"itemId":"B0009YDNLA","ProductIndex":131882}
{"itemId":"B00092CZ9I","ProductIndex":153466}
{"itemId":"B004PFEFG6","ProductIndex":99319}
{"itemId":"B000ED07S8","ProductIndex":200847}
{"itemId":"B0046EG28A","ProductIndex":144440}
{"itemId":"B0091HZJVS","ProductIndex":122168}
{"itemId":"B000GEFDAM","ProductIndex":133863}
{"itemId":"B00BCQIIBY","ProductIndex":176909}
{"itemId":"B004HGXN0C","ProductIndex":182643}
{"itemId":"B00494EHIY","ProductIndex":113622}
{"itemId":"B008TVMCUS","ProductIndex":155201}
{"itemId":"B002GE11YW","ProductIndex":160606}
{"itemId":"B00838F5OC","ProductIndex":187517}
{"itemId":"B007QOX5BO","ProductIndex":186924}
{"itemId":"B00BP6HYT8","ProductIndex":177161}
{"itemId":"B0089SBZ7C","ProductIndex":163394}
{"itemId":"B004T4EI2O","ProductIndex":140463}
{"itemId":"B008I65ED6","ProductIndex":129101}
{"itemId":"B00479YTT8","ProductIndex":157911}
{"itemId":"B0017RPYB0","ProductIndex":156991}
{"itemId":"B0059039KO","ProductIndex":116381}
{"itemId":"B004XGXGJE","ProductIndex":144139}
{"itemId":"B0080E7ZB0","ProductIndex":185112}
{"itemId":"B002PXFZA0","ProductIndex":106401}
{"itemId":"B00D2MA7XS","ProductIndex":193310}
{"itemId":"B000068NZY","ProductIndex":95122}
{"itemId":"B004C6LIKY","ProductIndex":191850}
{"itemId":"B005DU2Z0A","ProductIndex":131774}
{"itemId":"B0013BPOZG","ProductIndex":176176}
{"itemId":"B004XDH3L4","ProductIndex":128740}
{"itemId":"B0000A9DV9","ProductIndex":91700}
{"itemId":"B004U65Y2Y","ProductIndex":126782}
{"itemId":"B002Y3BNA2","ProductIndex":140362}
{"itemId":"B004D2NHSS","ProductIndex":166747}
{"itemId":"B00AQE09LK","ProductIndex":172645}
{"itemId":"B0089Y674M","ProductIndex":191171}
{"itemId":"B002WB86MO","ProductIndex":143768}
{"itemId":"B004ARMQTM","ProductIndex":97812}
{"itemId":"B004KMPOZK","ProductIndex":131404}
{"itemId":"B00063RT64","ProductIndex":149438}
{"itemId":"B006RMW5TY","ProductIndex":195159}
{"itemId":"B000MUUIKK","ProductIndex":206695}
{"itemId":"B002W6B33I","ProductIndex":197325}
{"itemId":"B009WS7ZSQ","ProductIndex":161246}
{"itemId":"B000JDQJA8","ProductIndex":149645}
{"itemId":"B00B97PRKQ","ProductIndex":98626}
{"itemId":"B000LTLX7O","ProductIndex":89528}
{"itemId":"B004GFLF0O","ProductIndex":116517}
{"itemId":"B007M425DC","ProductIndex":135357}
{"itemId":"B00651BWPU","ProductIndex":173730}
{"itemId":"B000065BWK","ProductIndex":183450}
{"itemId":"B005F6OAJG","ProductIndex":187375}
{"itemId":"B003HC8I5C","ProductIndex":114103}
{"itemId":"B003VNKLUM","ProductIndex":207443}
{"itemId":"B005D1OW8C","ProductIndex":97858}
{"itemId":"B00B7IR39U","ProductIndex":109477}
{"itemId":"B001D27YDK","ProductIndex":149454}
{"itemId":"B000MPNL6I","ProductIndex":106041}
{"itemId":"B004HZVV34","ProductIndex":100793}
{"itemId":"B007ZYV1XY","ProductIndex":155915}
{"itemId":"B00BKR9VGG","ProductIndex":126216}
{"itemId":"B003GMBLZC","ProductIndex":162657}
{"itemId":"B007RZYFV6","ProductIndex":204449}
{"itemId":"B000GWNQ9E","ProductIndex":145433}
{"itemId":"B0013SQEBC","ProductIndex":186582}
{"itemId":"B00EI7I7Z6","ProductIndex":100695}
{"itemId":"B00387EA1W","ProductIndex":137835}
{"itemId":"B005OMXBAU","ProductIndex":159193}
{"itemId":"B000NWWQ52","ProductIndex":104918}
{"itemId":"B004JRDC78","ProductIndex":206721}
{"itemId":"B004TLIKYE","ProductIndex":167277}
{"itemId":"B009WNABXC","ProductIndex":196234}
{"itemId":"B002RZCLYY","ProductIndex":156041}
{"itemId":"B008EIKTX8","ProductIndex":170828}
{"itemId":"B000J3I6F4","ProductIndex":202617}
{"itemId":"B007O62H5E","ProductIndex":133858}
{"itemId":"B00B27ZLWW","ProductIndex":172758}
{"itemId":"B002FOEKNC","ProductIndex":196426}
{"itemId":"B005OFICTW","ProductIndex":140760}
{"itemId":"B0036V31PQ","ProductIndex":154814}
{"itemId":"B004UN95V8","ProductIndex":197664}
{"itemId":"B00H8WW1RI","ProductIndex":131337}
{"itemId":"B000FBNWIG","ProductIndex":150153}
{"itemId":"B002YDKT2A","ProductIndex":113406}
{"itemId":"B004P54R1E","ProductIndex":188130}
{"itemId":"B002N7JH02","ProductIndex":160043}
{"itemId":"B00JRWGPEW","ProductIndex":188051}
{"itemId":"B000ZHS2QM","ProductIndex":113586}
{"itemId":"B00721FC3K","ProductIndex":192157}
{"itemId":"B000JEG5VA","ProductIndex":152136}
{"itemId":"B004QP8CU0","ProductIndex":86422}
{"itemId":"B004711RFA","ProductIndex":174860}
{"itemId":"B000PGDU4C","ProductIndex":176131}
{"itemId":"B006I0BPR8","ProductIndex":116237}
{"itemId":"B0034X5BUE","ProductIndex":102204}
{"itemId":"B007LVFE9S","ProductIndex":185898}
{"itemId":"B0002CZHZ4","ProductIndex":123261}
{"itemId":"B00GMWK71M","ProductIndex":174645}
{"itemId":"B004P4RS4S","ProductIndex":173179}
{"itemId":"B00EUPAQBY","ProductIndex":177291}
{"itemId":"B000YD2FWO","ProductIndex":133407}
{"itemId":"B00AMC1DZ2","ProductIndex":131480}
{"itemId":"B005HQ50QG","ProductIndex":204118}
{"itemId":"B00CYA165C","ProductIndex":125773}
{"itemId":"B003IWOU6M","ProductIndex":143240}
{"itemId":"B004C546IQ","ProductIndex":199490}
{"itemId":"B00A8CWDQY","ProductIndex":179318}
{"itemId":"B000LRC2OE","ProductIndex":186681}
{"itemId":"B003ZHRZO4","ProductIndex":177376}
{"itemId":"B00BMCSMG4","ProductIndex":155062}
{"itemId":"B004AKFRZY","ProductIndex":193653}
{"itemId":"B008UUEBA2","ProductIndex":191392}
{"itemId":"B0074PGSRI","ProductIndex":112036}
{"itemId":"B00F0UBRB6","ProductIndex":181726}
{"itemId":"B001QJP43W","ProductIndex":201144}
{"itemId":"B004NBZ9MG","ProductIndex":207991}
{"itemId":"B004DUMR9U","ProductIndex":159943}
{"itemId":"B007KLC1HW","ProductIndex":136451}
{"itemId":"B003L0QIF2","ProductIndex":157932}
{"itemId":"B0076TAP1C","ProductIndex":154501}
{"itemId":"B00FI88D5I","ProductIndex":157682}
{"itemId":"B0049YJJOG","ProductIndex":204883}
{"itemId":"B00C6D7U2U","ProductIndex":130913}
{"itemId":"B00DRC9LCG","ProductIndex":126083}
{"itemId":"B00004TQ0O","ProductIndex":166862}
{"itemId":"B0034XT8Q2","ProductIndex":206951}
{"itemId":"B00FV71X9Y","ProductIndex":182824}
{"itemId":"B00H5IPRN0","ProductIndex":118387}
{"itemId":"B006GDOJ70","ProductIndex":104358}
{"itemId":"B003MUMXQY","ProductIndex":139601}
{"itemId":"B001I4ZD1S","ProductIndex":191670}
{"itemId":"B00CD1NF9C","ProductIndex":180850}
{"itemId":"B00AXV82MY","ProductIndex":185819}
{"itemId":"B00GN9OTK4","ProductIndex":194587}
{"itemId":"B0069S2H8K","ProductIndex":121237}
{"itemId":"B000Y3LLV0","ProductIndex":205379}
{"itemId":"B0047XSJI6","ProductIndex":119901}
{"itemId":"B0053V5MPO","ProductIndex":151787}
{"itemId":"B000791D78","ProductIndex":136309}
{"itemId":"B0002NXCKU","ProductIndex":143884}
{"itemId":"B00474KA5K","ProductIndex":197901}
{"itemId":"B00BYHBFPW","ProductIndex":175611}
{"itemId":"B00A61RY3O","ProductIndex":118024}
{"itemId":"B005JPBALE","ProductIndex":112865}
{"itemId":"B000TFNKKS","ProductIndex":174752}
{"itemId":"B00B869Q6E","ProductIndex":206165}
{"itemId":"B003ATHGM8","ProductIndex":178743}
{"itemId":"B00285G5KO","ProductIndex":168368}
{"itemId":"B000NZ108I","ProductIndex":197782}
{"itemId":"B006L4F2P2","ProductIndex":163142}
{"itemId":"B00H8L0Y8W","ProductIndex":196359}
{"itemId":"B00J8CKB46","ProductIndex":198082}
{"itemId":"B00AQMUM96","ProductIndex":184173}
{"itemId":"B007YL84VA","ProductIndex":188188}
{"itemId":"B004ZT9Q4I","ProductIndex":190281}
{"itemId":"B0013QZ22G","ProductIndex":172365}
{"itemId":"B0006IB1XQ","ProductIndex":192827}
{"itemId":"B0024L3H0S","ProductIndex":187419}
{"itemId":"B00JQ0NCDM","ProductIndex":176446}
{"itemId":"B00DDXYX3Q","ProductIndex":201361}
{"itemId":"B003SS60BY","ProductIndex":200185}
{"itemId":"B00G77RMBU","ProductIndex":181260}
{"itemId":"B000FPKFP0","ProductIndex":189734}
{"itemId":"B004GW5JCW","ProductIndex":186825}
{"itemId":"B000ZIBKZQ","ProductIndex":178161}
{"itemId":"B0043BC5UU","ProductIndex":191067}
{"itemId":"B0055BISL2","ProductIndex":182205}
{"itemId":"B008YI1V12","ProductIndex":159886}
{"itemId":"B0057LA6Z6","ProductIndex":190598}
{"itemId":"B001IVN9XK","ProductIndex":195140}
{"itemId":"B0071WAMJO","ProductIndex":202621}
{"itemId":"B005LM54A8","ProductIndex":189259}
{"itemId":"B00180HY5A","ProductIndex":191239}
