{"itemId":"B000LRMS66","ProductIndex":10}
{"itemId":"B008I646WG","ProductIndex":452}
{"itemId":"B00519B4YG","ProductIndex":25990}
{"itemId":"B0002Y5WZC","ProductIndex":1399}
{"itemId":"B004M8SBD4","ProductIndex":10746}
{"itemId":"B001Q9ER7G","ProductIndex":195213}
{"itemId":"B0002KQR3M","ProductIndex":21042}
{"itemId":"B00005AW1H","ProductIndex":3654}
{"itemId":"B00FPG37R2","ProductIndex":16117}
{"itemId":"B002EAAS8S","ProductIndex":9226}
{"itemId":"B005PAIQSI","ProductIndex":54791}
{"itemId":"B001D0OVBK","ProductIndex":21614}
{"itemId":"B00CXFGV62","ProductIndex":83897}
{"itemId":"B000UUJ5X8","ProductIndex":179532}
{"itemId":"B000MEDWJA","ProductIndex":9836}
{"itemId":"B0055QYJM4","ProductIndex":1524}
{"itemId":"B007O6INSE","ProductIndex":150736}
{"itemId":"B00AYSLKAM","ProductIndex":88084}
{"itemId":"B002SZEOLG","ProductIndex":63}
{"itemId":"B002MRMCKU","ProductIndex":2292}
{"itemId":"B008ZSD4YS","ProductIndex":65106}
{"itemId":"B00553X96Y","ProductIndex":8667}
{"itemId":"B00EU4KI0O","ProductIndex":68531}
{"itemId":"B00F2MH9KK","ProductIndex":155508}
{"itemId":"B00GQM1XZW","ProductIndex":51800}
{"itemId":"B0013FDLM0","ProductIndex":6373}
{"itemId":"B001KI04MK","ProductIndex":18619}
{"itemId":"B008X9Z528","ProductIndex":6264}
{"itemId":"B007KXBUHW","ProductIndex":25712}
{"itemId":"B000U62N1S","ProductIndex":2601}
{"itemId":"B00ATQF0DC","ProductIndex":5034}
{"itemId":"B0012EKI6O","ProductIndex":134259}
{"itemId":"B003N2POXK","ProductIndex":6219}
{"itemId":"B0084EUZ2C","ProductIndex":63739}
{"itemId":"B0000A0VET","ProductIndex":9407}
{"itemId":"B00ARQRR80","ProductIndex":89936}
{"itemId":"B005FNH9RE","ProductIndex":17565}
{"itemId":"B000PNGM18","ProductIndex":3833}
{"itemId":"B004FSZ5SU","ProductIndex":114776}
{"itemId":"B00CZIQXBA","ProductIndex":5956}
{"itemId":"B005PSTV2K","ProductIndex":4660}
{"itemId":"B004EAHJAG","ProductIndex":14852}
{"itemId":"B00BMU5QXI","ProductIndex":55971}
{"itemId":"B000GTRBQQ","ProductIndex":21473}
{"itemId":"B006HNHG3S","ProductIndex":106778}
{"itemId":"B00006JPRF","ProductIndex":79058}
{"itemId":"B0031U1AU0","ProductIndex":7768}
{"itemId":"B007BGELWY","ProductIndex":94430}
{"itemId":"B003X26VVY","ProductIndex":14617}
{"itemId":"B005JACJ50","ProductIndex":1105}
{"itemId":"B00DCFWNCI","ProductIndex":110915}
{"itemId":"B0080OHGZA","ProductIndex":24896}
{"itemId":"B0009I0634","ProductIndex":47740}
{"itemId":"B003GSLEL2","ProductIndex":24711}
{"itemId":"B0094NX97U","ProductIndex":49028}
{"itemId":"B0058D4DLQ","ProductIndex":97173}
{"itemId":"B0080AQJIY","ProductIndex":115953}
{"itemId":"B004DFYVVW","ProductIndex":200716}
{"itemId":"B004TBHG6C","ProductIndex":156381}
{"itemId":"B001LLV1JG","ProductIndex":38596}
{"itemId":"B002GEVZPC","ProductIndex":14624}
{"itemId":"B00GFF4UFK","ProductIndex":50414}
{"itemId":"B009LAGG08","ProductIndex":76690}
{"itemId":"B0042TYNJ4","ProductIndex":10223}
{"itemId":"B005OBOB1O","ProductIndex":51629}
{"itemId":"B000A3IAIQ","ProductIndex":168489}
{"itemId":"B0031GK3O8","ProductIndex":27367}
{"itemId":"B004IUVEB2","ProductIndex":8125}
{"itemId":"B008XG1N72","ProductIndex":6383}
{"itemId":"B003NCWPNC","ProductIndex":113643}
{"itemId":"B004S86EXM","ProductIndex":84312}
{"itemId":"B000HWVOFQ","ProductIndex":5928}
{"itemId":"B007FTAXA6","ProductIndex":64753}
{"itemId":"B000YQQ9HI","ProductIndex":15732}
{"itemId":"B00E3A2TNE","ProductIndex":152909}
{"itemId":"B0067S8IZ8","ProductIndex":6224}
{"itemId":"B00000JBBG","ProductIndex":75618}
{"itemId":"B005CMHWR0","ProductIndex":52659}
{"itemId":"B00DBRUQAI","ProductIndex":157844}
{"itemId":"B00KGE3GZ6","ProductIndex":197844}
{"itemId":"B000BF0ZHM","ProductIndex":132055}
{"itemId":"B004ZMBVN4","ProductIndex":107633}
{"itemId":"B001RIYOBA","ProductIndex":52838}
{"itemId":"B0044TGDHW","ProductIndex":14845}
{"itemId":"B002L6HECS","ProductIndex":6426}
{"itemId":"B0013TVALU","ProductIndex":11602}
{"itemId":"B000W0ETD2","ProductIndex":38971}
{"itemId":"B004IFYVOO","ProductIndex":125720}
{"itemId":"B002RL9XR6","ProductIndex":42962}
{"itemId":"B001PRKKB6","ProductIndex":15375}
{"itemId":"B003MWJ400","ProductIndex":63324}
{"itemId":"B001JK3NX6","ProductIndex":16333}
{"itemId":"B00CRJD7GQ","ProductIndex":36539}
{"itemId":"B0032H2ON4","ProductIndex":12197}
{"itemId":"B0096239G0","ProductIndex":3820}
{"itemId":"B0013FNZ1M","ProductIndex":4648}
{"itemId":"B00006B8C5","ProductIndex":54313}
{"itemId":"B00AFUKXCU","ProductIndex":11108}
{"itemId":"B003LHUQQ2","ProductIndex":14017}
{"itemId":"B004HA8IQC","ProductIndex":124698}
{"itemId":"B000NIKQ7Q","ProductIndex":7069}
{"itemId":"B0093XTHHM","ProductIndex":3932}
{"itemId":"B000J3GDE0","ProductIndex":46613}
{"itemId":"B006DWQUMG","ProductIndex":121923}
{"itemId":"B004PYD88I","ProductIndex":21920}
{"itemId":"B000094ADW","ProductIndex":73718}
{"itemId":"B004J8LLIO","ProductIndex":93587}
{"itemId":"B000ASGFNI","ProductIndex":48225}
{"itemId":"B00077IK0S","ProductIndex":88134}
{"itemId":"B009A6CZ3A","ProductIndex":32625}
{"itemId":"B002DUEFHY","ProductIndex":37168}
{"itemId":"B003UOMWOK","ProductIndex":8121}
{"itemId":"B000234I6C","ProductIndex":10065}
{"itemId":"B000FKG84C","ProductIndex":75142}
{"itemId":"B000R7X80U","ProductIndex":12004}
{"itemId":"B0019SD92I","ProductIndex":17503}
{"itemId":"B003922WES","ProductIndex":33620}
{"itemId":"B001UDGQ7W","ProductIndex":25496}
{"itemId":"B009CXPZVK","ProductIndex":81249}
{"itemId":"B000IE7Z5G","ProductIndex":47511}
{"itemId":"B000BMMORO","ProductIndex":38654}
{"itemId":"B00F4PYMNM","ProductIndex":101571}
{"itemId":"B005ISU8BU","ProductIndex":48700}
{"itemId":"B000IXOQOK","ProductIndex":31965}
{"itemId":"B00ALSNEI6","ProductIndex":105175}
{"itemId":"B00721CLN4","ProductIndex":18100}
{"itemId":"B003UT6IE0","ProductIndex":44632}
{"itemId":"B003SX0O2K","ProductIndex":8045}
{"itemId":"B000ZKIM78","ProductIndex":140309}
{"itemId":"B0049QI21A","ProductIndex":34476}
{"itemId":"B005UG88DK","ProductIndex":37022}
{"itemId":"B006QAX3NY","ProductIndex":101953}
{"itemId":"B004WIZBVE","ProductIndex":104081}
{"itemId":"B0045I83VQ","ProductIndex":170982}
{"itemId":"B000BWDSYC","ProductIndex":44930}
{"itemId":"B003V8B0VG","ProductIndex":66236}
{"itemId":"B004FOZJYY","ProductIndex":49446}
{"itemId":"B001NTGSKI","ProductIndex":19877}
{"itemId":"B000I1IG7U","ProductIndex":22773}
{"itemId":"B0036YFKW0","ProductIndex":69349}
{"itemId":"B007MD4HGG","ProductIndex":33875}
{"itemId":"B004Y1IFKI","ProductIndex":159786}
{"itemId":"B00006B70S","ProductIndex":59456}
{"itemId":"B00ATQTDBW","ProductIndex":160059}
{"itemId":"B007PPETGE","ProductIndex":88674}
{"itemId":"B00K589F8A","ProductIndex":17515}
{"itemId":"B00BEA3KIO","ProductIndex":97491}
{"itemId":"B000GM7F6O","ProductIndex":16280}
{"itemId":"B006U8CZNQ","ProductIndex":5277}
{"itemId":"B007ME3D0G","ProductIndex":91433}
{"itemId":"B000P6FIWE","ProductIndex":161926}
{"itemId":"B004TTS7PS","ProductIndex":52994}
{"itemId":"B000FBMC9Q","ProductIndex":51400}
{"itemId":"B0007T27FU","ProductIndex":71341}
{"itemId":"B000B622CW","ProductIndex":14985}
{"itemId":"B00B7CKGEA","ProductIndex":150637}
{"itemId":"B007RG70I0","ProductIndex":21687}
{"itemId":"B00JCE14AU","ProductIndex":26946}
{"itemId":"B005WIUQRW","ProductIndex":77663}
{"itemId":"B000RMPP5G","ProductIndex":30944}
{"itemId":"B007PNAQ9A","ProductIndex":4029}
{"itemId":"B00B92LC7I","ProductIndex":42863}
{"itemId":"B001O9ARD6","ProductIndex":29533}
{"itemId":"B00F34ND4I","ProductIndex":18828}
{"itemId":"B000BKPGOE","ProductIndex":64406}
{"itemId":"B0001A99MO","ProductIndex":6712}
{"itemId":"B0000DK5MA","ProductIndex":167992}
{"itemId":"B006P6DQ8Q","ProductIndex":102379}
{"itemId":"B004LPILLU","ProductIndex":89057}
{"itemId":"B00272NFVA","ProductIndex":16526}
{"itemId":"B004SBC0ZK","ProductIndex":155092}
{"itemId":"B008OGEPYO","ProductIndex":34978}
{"itemId":"B004N96WQ0","ProductIndex":22611}
{"itemId":"B001Q3M9D6","ProductIndex":19651}
{"itemId":"B003QN87PI","ProductIndex":19316}
{"itemId":"B003HAL5ZO","ProductIndex":70651}
{"itemId":"B0013WGZQW","ProductIndex":35554}
{"itemId":"B002JAO0KA","ProductIndex":122469}
{"itemId":"B00009W3BQ","ProductIndex":17758}
{"itemId":"B00AMEAX4C","ProductIndex":200988}
{"itemId":"B0001OQTLY","ProductIndex":20406}
{"itemId":"B00542NI1W","ProductIndex":137407}
{"itemId":"B00B02V62I","ProductIndex":5898}
{"itemId":"B00009R6MK","ProductIndex":36202}
{"itemId":"B003Y34II0","ProductIndex":40053}
{"itemId":"B003FZA1OM","ProductIndex":19485}
{"itemId":"B0007U83HU","ProductIndex":25688}
{"itemId":"B001RI62XI","ProductIndex":71290}
{"itemId":"B002RS7KKQ","ProductIndex":34333}
{"itemId":"B0040J6PZ6","ProductIndex":29092}
{"itemId":"B001NPEBM4","ProductIndex":25779}
{"itemId":"B000068O4Y","ProductIndex":38807}
{"itemId":"B00006B8E3","ProductIndex":18532}
{"itemId":"B0052TIRQI","ProductIndex":10540}
{"itemId":"B005NJS8AM","ProductIndex":176642}
{"itemId":"B000O656FE","ProductIndex":28902}
{"itemId":"B005E0A7KY","ProductIndex":58499}
{"itemId":"B00713DPM4","ProductIndex":17481}
{"itemId":"B00B9FWF08","ProductIndex":139385}
{"itemId":"B005Y8K82I","ProductIndex":40865}
{"itemId":"B00005RKSS","ProductIndex":23755}
{"itemId":"B0002P19YE","ProductIndex":104206}
{"itemId":"B005EEP8KE","ProductIndex":60474}
{"itemId":"B004MF3EMA","ProductIndex":48016}
{"itemId":"B00DWBEJ60","ProductIndex":112186}
{"itemId":"B005L8VFJQ","ProductIndex":139776}
{"itemId":"B00G46X0OM","ProductIndex":39496}
{"itemId":"B00BKBMSFI","ProductIndex":131742}
{"itemId":"B000A6AXHE","ProductIndex":40837}
{"itemId":"B00576ANLS","ProductIndex":24160}
{"itemId":"B003X78QCG","ProductIndex":49948}
{"itemId":"B008BRHQQU","ProductIndex":58963}
{"itemId":"B00007FJXY","ProductIndex":119321}
{"itemId":"B001N2NBUA","ProductIndex":55359}
{"itemId":"B008LJUSUO","ProductIndex":148362}
{"itemId":"B000FECBSA","ProductIndex":18041}
{"itemId":"B000BFLNA0","ProductIndex":34663}
{"itemId":"B0064R391U","ProductIndex":41411}
{"itemId":"B0002MQGJU","ProductIndex":51393}
{"itemId":"B00HR7FWUC","ProductIndex":13426}
{"itemId":"B0078GCLU6","ProductIndex":19883}
{"itemId":"B004EDPYHI","ProductIndex":10836}
{"itemId":"B0014TCU9K","ProductIndex":53247}
{"itemId":"B00009K7A4","ProductIndex":60615}
{"itemId":"B008UOQVYC","ProductIndex":126094}
{"itemId":"B005LTCRI8","ProductIndex":144909}
{"itemId":"B00542VVG6","ProductIndex":16577}
{"itemId":"B00HQXUH84","ProductIndex":28888}
{"itemId":"B0040BJJYS","ProductIndex":205016}
{"itemId":"B0048ZBIKY","ProductIndex":19411}
{"itemId":"B001LK6ZAC","ProductIndex":41593}
{"itemId":"B000NDMJVW","ProductIndex":95272}
{"itemId":"B00DI84IQI","ProductIndex":30336}
{"itemId":"B00191PKJK","ProductIndex":14328}
{"itemId":"B004GKLW3O","ProductIndex":35937}
{"itemId":"B0032G90SW","ProductIndex":125883}
{"itemId":"B0044XU4IM","ProductIndex":30024}
{"itemId":"B0046CBR3W","ProductIndex":47905}
{"itemId":"B004P0XSK0","ProductIndex":80324}
{"itemId":"B005EV7OTU","ProductIndex":206247}
{"itemId":"B005TYF2PA","ProductIndex":119952}
{"itemId":"B0074A57X4","ProductIndex":92610}
{"itemId":"B009SBVCZ4","ProductIndex":157521}
{"itemId":"B00DSI8JHC","ProductIndex":130402}
{"itemId":"B004KA9VK6","ProductIndex":25109}
{"itemId":"B00AY1QE7I","ProductIndex":23287}
{"itemId":"B0047ED1TM","ProductIndex":50172}
{"itemId":"B002C0NP5I","ProductIndex":95582}
{"itemId":"B008AZJXDM","ProductIndex":25469}
{"itemId":"B000UHQWTG","ProductIndex":30032}
{"itemId":"B00DQYAJ4E","ProductIndex":49778}
{"itemId":"B0036SB3TA","ProductIndex":129860}
{"itemId":"B006J6G4OU","ProductIndex":44951}
{"itemId":"B00DZLSRJC","ProductIndex":54220}
{"itemId":"B0007CZ7AO","ProductIndex":57566}
{"itemId":"B005KUOMZE","ProductIndex":52182}
{"itemId":"B00392147E","ProductIndex":16276}
{"itemId":"B004D7PX4Y","ProductIndex":59698}
{"itemId":"B000K8IRES","ProductIndex":74953}
{"itemId":"B002AQ51VK","ProductIndex":49331}
{"itemId":"B0009IVICW","ProductIndex":206481}
{"itemId":"B000FG6CO2","ProductIndex":40319}
{"itemId":"B001EYX1HK","ProductIndex":13357}
{"itemId":"B004G5NC6E","ProductIndex":60458}
{"itemId":"B003H3A2NM","ProductIndex":8557}
{"itemId":"B0022NHQ32","ProductIndex":15538}
{"itemId":"B007W1KES8","ProductIndex":29946}
{"itemId":"B000XX7XWW","ProductIndex":17989}
{"itemId":"B000OFVG1S","ProductIndex":150276}
{"itemId":"B000AD0AKW","ProductIndex":34230}
{"itemId":"B0008F6T2K","ProductIndex":137755}
{"itemId":"B0042SV8GG","ProductIndex":100592}
{"itemId":"B00094OX3M","ProductIndex":36985}
{"itemId":"B0009LYTH0","ProductIndex":184303}
{"itemId":"B0007QN87Y","ProductIndex":54738}
{"itemId":"B00BNKL84S","ProductIndex":22012}
{"itemId":"B000HU1M6O","ProductIndex":191966}
{"itemId":"B0000X5RBO","ProductIndex":113888}
{"itemId":"B000OKJPVG","ProductIndex":85142}
{"itemId":"B00005LEOI","ProductIndex":70099}
{"itemId":"B00009V3CH","ProductIndex":46250}
{"itemId":"B0037NYKW6","ProductIndex":13359}
{"itemId":"B00BTLPZEA","ProductIndex":108503}
{"itemId":"B002SE859E","ProductIndex":62972}
{"itemId":"B001CX8GPU","ProductIndex":93002}
{"itemId":"B0080AQBB4","ProductIndex":126386}
{"itemId":"B001CDAZX6","ProductIndex":46715}
{"itemId":"B009DUUMKQ","ProductIndex":75697}
{"itemId":"B00007DWE5","ProductIndex":40919}
{"itemId":"B004EX7OQ2","ProductIndex":41238}
{"itemId":"B009I9N1PU","ProductIndex":34966}
{"itemId":"B0082OJ2Z0","ProductIndex":91674}
{"itemId":"B000MPH3QM","ProductIndex":91443}
{"itemId":"B00KWHDHOC","ProductIndex":90450}
{"itemId":"B00711HYFU","ProductIndex":30091}
{"itemId":"B0084NUZX2","ProductIndex":91130}
{"itemId":"B004LUJBSM","ProductIndex":49182}
{"itemId":"B003AA3DBA","ProductIndex":93236}
{"itemId":"B002PY7LM4","ProductIndex":27144}
{"itemId":"B000VEQHUM","ProductIndex":166472}
{"itemId":"B0002V4QVG","ProductIndex":72779}
{"itemId":"B003GAMCO8","ProductIndex":23187}
{"itemId":"B00FQWEZ4O","ProductIndex":143030}
{"itemId":"B002N6VWVK","ProductIndex":126472}
{"itemId":"B00333AW72","ProductIndex":54424}
{"itemId":"B00CPZL9GC","ProductIndex":85709}
{"itemId":"B001GIPR62","ProductIndex":36566}
{"itemId":"B0038WWJDI","ProductIndex":105562}
{"itemId":"B004AM6PJ4","ProductIndex":171888}
{"itemId":"B000W4B0B2","ProductIndex":184122}
{"itemId":"B0027SFPIA","ProductIndex":29213}
{"itemId":"B009L0SILI","ProductIndex":101429}
{"itemId":"B007JD3XJG","ProductIndex":100331}
{"itemId":"B00FR6XP6I","ProductIndex":44803}
{"itemId":"B000TDH1N2","ProductIndex":98395}
{"itemId":"B001BTG3NW","ProductIndex":59997}
{"itemId":"B004053EUO","ProductIndex":140878}
{"itemId":"B00119PZ4A","ProductIndex":56801}
{"itemId":"B005P1QE4A","ProductIndex":32132}
{"itemId":"B003TWH3HY","ProductIndex":59812}
{"itemId":"B008U7KEVU","ProductIndex":128281}
{"itemId":"B003O9CXK4","ProductIndex":68812}
{"itemId":"B0025LP6OM","ProductIndex":75030}
{"itemId":"B0007LCKMS","ProductIndex":27817}
{"itemId":"B007VRYXLW","ProductIndex":93673}
{"itemId":"B0025ZT1IK","ProductIndex":30048}
{"itemId":"B001LNQWTS","ProductIndex":16963}
{"itemId":"B00IIGOH84","ProductIndex":87261}
{"itemId":"B000N4VRM8","ProductIndex":108623}
{"itemId":"B0036C7WZ0","ProductIndex":138950}
{"itemId":"B009RG4GHQ","ProductIndex":205236}
{"itemId":"B003V681CO","ProductIndex":118676}
{"itemId":"B009OBC46O","ProductIndex":161964}
{"itemId":"B00512QEJS","ProductIndex":143843}
{"itemId":"B004H3AIX0","ProductIndex":57712}
{"itemId":"B001UE6N4C","ProductIndex":59376}
{"itemId":"B00ESW4TJ4","ProductIndex":45459}
{"itemId":"B001AXHVY4","ProductIndex":98176}
{"itemId":"B0025USAIC","ProductIndex":117146}
{"itemId":"B00B2UX8CY","ProductIndex":112662}
{"itemId":"B00005Y6P5","ProductIndex":146162}
{"itemId":"B004BV6S64","ProductIndex":168049}
{"itemId":"B0002E56JY","ProductIndex":80928}
{"itemId":"B00H7U1YJ2","ProductIndex":110137}
{"itemId":"B000CQVX4Y","ProductIndex":130329}
{"itemId":"B00JGGBBBG","ProductIndex":44445}
{"itemId":"B001UDRAS6","ProductIndex":138774}
{"itemId":"B001CBTNYA","ProductIndex":160490}
{"itemId":"B001SILGEC","ProductIndex":89106}
{"itemId":"B001K91RTI","ProductIndex":42804}
{"itemId":"B00164IH5Y","ProductIndex":113990}
{"itemId":"B0002GLCE0","ProductIndex":62862}
{"itemId":"B00F60AE64","ProductIndex":86828}
{"itemId":"B008S9H4Y0","ProductIndex":123806}
{"itemId":"B0006HDEFU","ProductIndex":107022}
{"itemId":"B00412RR6S","ProductIndex":37705}
{"itemId":"B008A1JLZQ","ProductIndex":62732}
{"itemId":"B000086TIQ","ProductIndex":114676}
{"itemId":"B001NDIZA0","ProductIndex":79074}
{"itemId":"B00123UGWQ","ProductIndex":17598}
{"itemId":"B004D0LTL2","ProductIndex":38531}
{"itemId":"B00CFD37Y6","ProductIndex":51477}
{"itemId":"B0034DON58","ProductIndex":41475}
{"itemId":"B00BU779KQ","ProductIndex":122965}
{"itemId":"B008FWB9TQ","ProductIndex":77826}
{"itemId":"B007VXJ9IS","ProductIndex":14324}
{"itemId":"B004L9DGCK","ProductIndex":35509}
{"itemId":"B00DGUM76Q","ProductIndex":207410}
{"itemId":"B00004Y7CF","ProductIndex":27815}
{"itemId":"B0002YDZQK","ProductIndex":167413}
{"itemId":"B00125VMEK","ProductIndex":130019}
{"itemId":"B00008OLBQ","ProductIndex":123611}
{"itemId":"B00BQU1444","ProductIndex":60840}
{"itemId":"B0099EXGCM","ProductIndex":93771}
{"itemId":"B001B33QP6","ProductIndex":71653}
{"itemId":"B0090OLPF6","ProductIndex":44264}
{"itemId":"B008VOPC28","ProductIndex":65065}
{"itemId":"B000W3UTXS","ProductIndex":101048}
{"itemId":"B000BJTNSA","ProductIndex":76080}
{"itemId":"B008TN8782","ProductIndex":80675}
{"itemId":"B00486USL8","ProductIndex":43841}
{"itemId":"B000X4SRPS","ProductIndex":39556}
{"itemId":"B0016BL5M4","ProductIndex":43390}
{"itemId":"B000X1SE90","ProductIndex":28358}
{"itemId":"B00A4LGD4C","ProductIndex":108058}
{"itemId":"B0036WT4DS","ProductIndex":35822}
{"itemId":"B00H7T8L0S","ProductIndex":183283}
{"itemId":"B00424JGB4","ProductIndex":133927}
{"itemId":"B006Z491X2","ProductIndex":101244}
{"itemId":"B003V4L1QY","ProductIndex":176500}
{"itemId":"B00667GS02","ProductIndex":74651}
{"itemId":"B003FHK8UM","ProductIndex":84099}
{"itemId":"B00009PZX6","ProductIndex":13997}
{"itemId":"B005WICPEE","ProductIndex":82224}
{"itemId":"B004W82I1K","ProductIndex":115215}
{"itemId":"B005ZX1IGW","ProductIndex":161506}
{"itemId":"B0067EC3GW","ProductIndex":120742}
{"itemId":"B00D09AJ5O","ProductIndex":71181}
{"itemId":"B001F23K0O","ProductIndex":88370}
{"itemId":"B000AMDZNC","ProductIndex":41395}
{"itemId":"B008YFT6Q2","ProductIndex":36689}
{"itemId":"B005G68OZG","ProductIndex":133261}
{"itemId":"B004XMB3MK","ProductIndex":54692}
{"itemId":"B00C0O0HKW","ProductIndex":88495}
{"itemId":"B00AP9QLAY","ProductIndex":21797}
{"itemId":"B0089I1UWC","ProductIndex":65402}
{"itemId":"B007B5TOZY","ProductIndex":17117}
{"itemId":"B0085H657M","ProductIndex":83443}
{"itemId":"B00AI5MUZ0","ProductIndex":71060}
{"itemId":"B004DR5D4O","ProductIndex":89848}
{"itemId":"B0049XLI00","ProductIndex":65049}
{"itemId":"B005FOQTOC","ProductIndex":79896}
{"itemId":"B001247DHG","ProductIndex":31019}
{"itemId":"B000VSFO66","ProductIndex":145935}
{"itemId":"B001JSY4EA","ProductIndex":81429}
{"itemId":"B0040YX8EM","ProductIndex":51266}
{"itemId":"B00CTLNE06","ProductIndex":189526}
{"itemId":"B00F96NFIO","ProductIndex":70329}
{"itemId":"B00A4BAKXC","ProductIndex":151441}
{"itemId":"B00DFQ2G5S","ProductIndex":67496}
{"itemId":"B000068V0G","ProductIndex":85363}
{"itemId":"B004TO3XZW","ProductIndex":119974}
{"itemId":"B006RY0HVA","ProductIndex":100414}
{"itemId":"B00G9N5XJU","ProductIndex":53122}
{"itemId":"B003P3C5ES","ProductIndex":101946}
{"itemId":"B007ZG8ZFO","ProductIndex":54923}
{"itemId":"B001QWQA8W","ProductIndex":134748}
{"itemId":"B003OKWXSA","ProductIndex":30077}
{"itemId":"B003D0M3IG","ProductIndex":82475}
{"itemId":"B000AZFYQ0","ProductIndex":48803}
{"itemId":"B00E5IAV7A","ProductIndex":98706}
{"itemId":"B00CGY4LQC","ProductIndex":98991}
{"itemId":"B00D2LGT5E","ProductIndex":129382}
{"itemId":"B0070Z1PU2","ProductIndex":138391}
{"itemId":"B000056SOM","ProductIndex":179782}
{"itemId":"B00FDOWJ8Y","ProductIndex":70747}
{"itemId":"B007R0RKPO","ProductIndex":31730}
{"itemId":"B001B2K9AW","ProductIndex":34786}
{"itemId":"B006ZINR92","ProductIndex":41692}
{"itemId":"B001OCGJDA","ProductIndex":68780}
{"itemId":"B00A7WDNGO","ProductIndex":71024}
{"itemId":"B0091RTPJU","ProductIndex":111721}
{"itemId":"B001AAF23O","ProductIndex":114189}
{"itemId":"B000TUM38S","ProductIndex":115690}
{"itemId":"B00DVZBJA6","ProductIndex":169030}
{"itemId":"B001WMFXJ8","ProductIndex":31483}
{"itemId":"B00EYZXGZS","ProductIndex":183143}
{"itemId":"B000GX3VHK","ProductIndex":165612}
{"itemId":"B001BTOG0E","ProductIndex":64864}
{"itemId":"B005CI9R72","ProductIndex":74752}
{"itemId":"B003AM8ENK","ProductIndex":36163}
{"itemId":"B0082H8APU","ProductIndex":161077}
{"itemId":"B003RDN36K","ProductIndex":84318}
{"itemId":"B004OG06DM","ProductIndex":195876}
{"itemId":"B005VTMAAI","ProductIndex":60982}
{"itemId":"B005EY7Z3W","ProductIndex":155300}
{"itemId":"B002R0DWOC","ProductIndex":130150}
{"itemId":"B000XVJZ5M","ProductIndex":88998}
{"itemId":"B0063I1QQU","ProductIndex":78655}
{"itemId":"B005HX1XWY","ProductIndex":137653}
{"itemId":"B00BIR8YFM","ProductIndex":145699}
{"itemId":"B001OAA2X0","ProductIndex":69224}
{"itemId":"B000BNSIC8","ProductIndex":165738}
{"itemId":"B006II2IPI","ProductIndex":110364}
{"itemId":"B006KXMYTG","ProductIndex":112111}
{"itemId":"B005C2NI1O","ProductIndex":94620}
{"itemId":"B000EB756W","ProductIndex":105156}
{"itemId":"B0007N55PA","ProductIndex":26213}
{"itemId":"B004I4YRR6","ProductIndex":136654}
{"itemId":"B0006DPONE","ProductIndex":57390}
{"itemId":"B002HGA91A","ProductIndex":90301}
{"itemId":"B0059DRCGI","ProductIndex":100776}
{"itemId":"B005JAQIZC","ProductIndex":123802}
{"itemId":"B007G1C4V4","ProductIndex":88606}
{"itemId":"B007WTU7CI","ProductIndex":72070}
{"itemId":"B000VTWROW","ProductIndex":44701}
{"itemId":"B001NJLFGA","ProductIndex":131455}
{"itemId":"B0003009DK","ProductIndex":156798}
{"itemId":"B0002LGN1W","ProductIndex":168605}
{"itemId":"B00CIICEA6","ProductIndex":164470}
{"itemId":"B000IHTDTO","ProductIndex":116031}
{"itemId":"B0057OVOR2","ProductIndex":25772}
{"itemId":"B007Z1CXPC","ProductIndex":54645}
{"itemId":"B000Z8WHG2","ProductIndex":25582}
{"itemId":"B00EMZY7IA","ProductIndex":103636}
{"itemId":"B006Q479GM","ProductIndex":154329}
{"itemId":"B00197UGRK","ProductIndex":60757}
{"itemId":"B0035H7DCI","ProductIndex":207229}
{"itemId":"B001U5XLIC","ProductIndex":34192}
{"itemId":"B004I7GLUO","ProductIndex":122774}
{"itemId":"B006L8R9UE","ProductIndex":97778}
{"itemId":"B003R7KMRY","ProductIndex":32995}
{"itemId":"B00BW4O4A0","ProductIndex":98724}
{"itemId":"B0028E5UHY","ProductIndex":54477}
{"itemId":"B004H0BQOI","ProductIndex":58024}
{"itemId":"B000X04B52","ProductIndex":103177}
{"itemId":"B000WJ9J8S","ProductIndex":69638}
{"itemId":"B00006I5JN","ProductIndex":36092}
{"itemId":"B003J90SVA","ProductIndex":84169}
{"itemId":"B000MW3YCM","ProductIndex":71272}
{"itemId":"B00FNPCL36","ProductIndex":67279}
{"itemId":"B003M92ZIQ","ProductIndex":127043}
{"itemId":"B005P18TXO","ProductIndex":98380}
{"itemId":"B001KMW3KC","ProductIndex":74773}
{"itemId":"B005LXGGM2","ProductIndex":95174}
{"itemId":"B000NU0386","ProductIndex":134576}
{"itemId":"B00009L1UX","ProductIndex":21653}
{"itemId":"B000CMDQO8","ProductIndex":143687}
{"itemId":"B00B44VUN2","ProductIndex":158468}
{"itemId":"B003I49U88","ProductIndex":168562}
{"itemId":"B003X26V28","ProductIndex":155948}
{"itemId":"B009IF5A6C","ProductIndex":158863}
{"itemId":"B002Z3BH2A","ProductIndex":168374}
{"itemId":"B000I7977C","ProductIndex":55494}
{"itemId":"B005TL4MIQ","ProductIndex":57271}
{"itemId":"B0002ABTZ8","ProductIndex":182919}
{"itemId":"B00DUH4C8Q","ProductIndex":97986}
{"itemId":"B0090E135I","ProductIndex":154773}
{"itemId":"B002A286SY","ProductIndex":204230}
{"itemId":"B005LJAM80","ProductIndex":134795}
{"itemId":"B003D3MFHM","ProductIndex":32282}
{"itemId":"B00GG2VT7O","ProductIndex":180072}
{"itemId":"B0013TRZTQ","ProductIndex":93517}
{"itemId":"B004V4S7MY","ProductIndex":136496}
{"itemId":"B007ZW0T3Y","ProductIndex":38208}
{"itemId":"B000EFMP86","ProductIndex":189076}
{"itemId":"B004H3KRCM","ProductIndex":27571}
{"itemId":"B00DI70XYK","ProductIndex":206798}
{"itemId":"B00K4PALMI","ProductIndex":67021}
{"itemId":"B007JAQBZW","ProductIndex":42094}
{"itemId":"B007NND7QQ","ProductIndex":117403}
{"itemId":"B001C4AJMC","ProductIndex":161411}
{"itemId":"B006SMFBN0","ProductIndex":149138}
{"itemId":"B00004TZDV","ProductIndex":68146}
{"itemId":"B00E3C9SDQ","ProductIndex":108076}
{"itemId":"B004QEEP7U","ProductIndex":110735}
{"itemId":"B00I36GXRC","ProductIndex":129750}
{"itemId":"B0000AYAXG","ProductIndex":179016}
{"itemId":"B002ACP2HM","ProductIndex":134026}
{"itemId":"B007JRTJZY","ProductIndex":184003}
{"itemId":"B003QTBKE2","ProductIndex":89361}
{"itemId":"B002GQ8P6M","ProductIndex":67919}
{"itemId":"B00C85BAOA","ProductIndex":72284}
{"itemId":"B003CUNTBC","ProductIndex":70836}
{"itemId":"B001TOD5DK","ProductIndex":90106}
{"itemId":"B009A4WYWO","ProductIndex":55227}
{"itemId":"B0002KR9G6","ProductIndex":137120}
{"itemId":"B009OLJ6OM","ProductIndex":189434}
{"itemId":"B0006AYZRI","ProductIndex":83522}
{"itemId":"B0084E0MPC","ProductIndex":133782}
{"itemId":"B000B5LQCA","ProductIndex":43266}
{"itemId":"B001OTINQE","ProductIndex":86558}
{"itemId":"B008EFFG8E","ProductIndex":102729}
{"itemId":"B003J1ORNS","ProductIndex":119246}
{"itemId":"B007O3NCGA","ProductIndex":184979}
{"itemId":"B00005YTWY","ProductIndex":85903}
{"itemId":"B0078XOIH8","ProductIndex":38238}
{"itemId":"B001R2FZ0U","ProductIndex":39323}
{"itemId":"B008X6PQB6","ProductIndex":193470}
{"itemId":"B001VG7B1I","ProductIndex":153908}
{"itemId":"B000MQJ1DO","ProductIndex":87930}
{"itemId":"B00H7JY1GG","ProductIndex":74878}
{"itemId":"B0006ZSUSS","ProductIndex":139082}
{"itemId":"B003SW3RCK","ProductIndex":44467}
{"itemId":"B005TK7432","ProductIndex":192272}
{"itemId":"B004Y6Z47A","ProductIndex":113762}
{"itemId":"B0083J0L9U","ProductIndex":83527}
{"itemId":"B000NJEX7E","ProductIndex":189152}
{"itemId":"B005NBQBJA","ProductIndex":125230}
{"itemId":"B000E3ZDUU","ProductIndex":122005}
{"itemId":"B002EAPPJU","ProductIndex":167622}
{"itemId":"B0084FF7YC","ProductIndex":131037}
{"itemId":"B00AJ1PSB6","ProductIndex":80550}
{"itemId":"B00DKXXEWA","ProductIndex":45930}
{"itemId":"B004LHVIN6","ProductIndex":170727}
{"itemId":"B004VD75CI","ProductIndex":131132}
{"itemId":"B00918LLK0","ProductIndex":100779}
{"itemId":"B0015Q7XS0","ProductIndex":146793}
{"itemId":"B002LCT96Q","ProductIndex":62803}
{"itemId":"B005GRO4W2","ProductIndex":55178}
{"itemId":"B0000520ID","ProductIndex":155926}
{"itemId":"B002NWTEUK","ProductIndex":51056}
{"itemId":"B004C9W0PS","ProductIndex":173372}
{"itemId":"B00008XOKZ","ProductIndex":165313}
{"itemId":"B004AOR3MK","ProductIndex":96583}
{"itemId":"B000FD9XGY","ProductIndex":113658}
{"itemId":"B001U8Q8QG","ProductIndex":74587}
{"itemId":"B00G3L6WXE","ProductIndex":168884}
{"itemId":"B000F4I88M","ProductIndex":123612}
{"itemId":"B0000CC1WL","ProductIndex":71421}
{"itemId":"B0060J3VCE","ProductIndex":161231}
{"itemId":"B006SJNMYS","ProductIndex":116221}
{"itemId":"B0057XBZCM","ProductIndex":50820}
{"itemId":"B003L19FF6","ProductIndex":164688}
{"itemId":"B003PDOZ8W","ProductIndex":156158}
{"itemId":"B004FPGJHY","ProductIndex":130192}
{"itemId":"B00166YWY2","ProductIndex":160242}
{"itemId":"B008HD3EFA","ProductIndex":49515}
{"itemId":"B000E0TCG4","ProductIndex":74766}
{"itemId":"B00FZHWFII","ProductIndex":91659}
{"itemId":"B000X39TCY","ProductIndex":76641}
{"itemId":"B00AWETVNQ","ProductIndex":99294}
{"itemId":"B001LK7Y7U","ProductIndex":33079}
{"itemId":"B004DCEW14","ProductIndex":137275}
{"itemId":"B00004SY4F","ProductIndex":104480}
{"itemId":"B005ML9V7A","ProductIndex":139241}
{"itemId":"B00FRYKCIO","ProductIndex":116927}
{"itemId":"B001NT1I6C","ProductIndex":107834}
{"itemId":"B002HBNLCY","ProductIndex":169621}
{"itemId":"B00651C4W0","ProductIndex":98746}
{"itemId":"B00C2WA2YS","ProductIndex":177861}
{"itemId":"B00CWEM16I","ProductIndex":170117}
{"itemId":"B005LCU3AE","ProductIndex":122894}
{"itemId":"B00009YW3E","ProductIndex":158018}
{"itemId":"B008BOSUSQ","ProductIndex":202990}
{"itemId":"B00009R6SI","ProductIndex":85833}
{"itemId":"B004S2NJOA","ProductIndex":82987}
{"itemId":"B005CDZGVS","ProductIndex":201945}
{"itemId":"B004LX475G","ProductIndex":146072}
{"itemId":"B0043RZ9SY","ProductIndex":123031}
{"itemId":"B00I306VOS","ProductIndex":107225}
{"itemId":"B00BJW3082","ProductIndex":40103}
{"itemId":"B000FAO7KO","ProductIndex":50600}
{"itemId":"B0035TQNKE","ProductIndex":151939}
{"itemId":"B000FFI2AU","ProductIndex":59057}
{"itemId":"B0013MYX8E","ProductIndex":183060}
{"itemId":"B000OKHX2Y","ProductIndex":132856}
{"itemId":"B0032XO0P8","ProductIndex":130209}
{"itemId":"B00CP5172I","ProductIndex":164308}
{"itemId":"B000II6YSG","ProductIndex":110128}
{"itemId":"B00AHV7Q18","ProductIndex":150378}
{"itemId":"B002JTU9TM","ProductIndex":137419}
{"itemId":"B0056EXPRU","ProductIndex":196491}
{"itemId":"B00555R40O","ProductIndex":152103}
{"itemId":"B00139VKUQ","ProductIndex":67464}
{"itemId":"B000071X3T","ProductIndex":99074}
{"itemId":"B003O64BL6","ProductIndex":123942}
{"itemId":"B00883VAUK","ProductIndex":91832}
{"itemId":"B00DNGY9TG","ProductIndex":180043}
{"itemId":"B00432ZSHG","ProductIndex":64209}
{"itemId":"B0057J3ZQK","ProductIndex":31767}
{"itemId":"B003ANNPEM","ProductIndex":153425}
{"itemId":"B006H0IZUO","ProductIndex":168878}
{"itemId":"B00006JPU3","ProductIndex":104269}
{"itemId":"B00965HLFW","ProductIndex":53800}
{"itemId":"B005ODJPZ4","ProductIndex":166500}
{"itemId":"B008PEWNN0","ProductIndex":148358}
{"itemId":"B00B35VP96","ProductIndex":174925}
{"itemId":"B00B13GNCO","ProductIndex":56630}
{"itemId":"B005IEHF7E","ProductIndex":161187}
{"itemId":"B00D42A2C2","ProductIndex":114273}
{"itemId":"B004STXTHK","ProductIndex":79376}
{"itemId":"B000QDLST8","ProductIndex":119399}
{"itemId":"B006J4G15E","ProductIndex":198931}
{"itemId":"B001F1ZN5A","ProductIndex":172416}
{"itemId":"B006H8OIVQ","ProductIndex":148688}
{"itemId":"B006MYA6UM","ProductIndex":69351}
{"itemId":"B00028DAKC","ProductIndex":51769}
{"itemId":"B000KZEL1Y","ProductIndex":129470}
{"itemId":"B001MWAQOU","ProductIndex":194226}
{"itemId":"B004NWI0HG","ProductIndex":69257}
{"itemId":"B005AYSO18","ProductIndex":135292}
{"itemId":"B00AJAPQN2","ProductIndex":56759}
{"itemId":"B00DAOSH4Y","ProductIndex":156812}
{"itemId":"B005J0SZOO","ProductIndex":138902}
{"itemId":"B008LJZMKU","ProductIndex":183956}
{"itemId":"B002PY7NFY","ProductIndex":65640}
{"itemId":"B004894U3C","ProductIndex":88644}
{"itemId":"B000YCDN5S","ProductIndex":121470}
{"itemId":"B001E7XQQI","ProductIndex":74650}
{"itemId":"B004Z87FYW","ProductIndex":116247}
{"itemId":"B0010YYOJ8","ProductIndex":132039}
{"itemId":"B000Y7J9W4","ProductIndex":80686}
{"itemId":"B000EXVRSM","ProductIndex":81713}
{"itemId":"B001QFBUL6","ProductIndex":46290}
{"itemId":"B0000D17BF","ProductIndex":153194}
{"itemId":"B003OBY7V0","ProductIndex":132671}
{"itemId":"B000JC7HAK","ProductIndex":73340}
{"itemId":"B009PIQFHA","ProductIndex":62815}
{"itemId":"B008ERO5J8","ProductIndex":118538}
{"itemId":"B009S0Z3GE","ProductIndex":119093}
{"itemId":"B002RL8UP2","ProductIndex":92953}
{"itemId":"B00024L6OI","ProductIndex":118719}
{"itemId":"B000R99FAK","ProductIndex":81299}
{"itemId":"B001128RC4","ProductIndex":127480}
{"itemId":"B00JY7ZP6O","ProductIndex":142232}
{"itemId":"B003YTAW48","ProductIndex":112318}
{"itemId":"B00C42P2LY","ProductIndex":99572}
{"itemId":"B005MKY6EE","ProductIndex":94446}
{"itemId":"B000QDTJL2","ProductIndex":68977}
{"itemId":"B00012O6TS","ProductIndex":189874}
{"itemId":"B004K1FTNS","ProductIndex":121379}
{"itemId":"B007163080","ProductIndex":158937}
{"itemId":"B00353ATA0","ProductIndex":108723}
{"itemId":"B000FEKEM0","ProductIndex":176557}
{"itemId":"B001MQ898G","ProductIndex":53224}
{"itemId":"B00007G7OH","ProductIndex":108411}
{"itemId":"B0081WYR6W","ProductIndex":121380}
{"itemId":"B000EG5UAA","ProductIndex":80278}
{"itemId":"B00CLFPC7I","ProductIndex":90309}
{"itemId":"B0047CQ1C8","ProductIndex":45912}
{"itemId":"B002BA5IJU","ProductIndex":104178}
{"itemId":"B0039L5NCW","ProductIndex":166075}
{"itemId":"B0083WG6WS","ProductIndex":122520}
{"itemId":"B004H1VMIM","ProductIndex":147596}
{"itemId":"B002OKCHL4","ProductIndex":85527}
{"itemId":"B00D05XSMY","ProductIndex":21139}
{"itemId":"B00064NPB6","ProductIndex":161282}
{"itemId":"B0001AU7QQ","ProductIndex":111298}
{"itemId":"B001E27LW8","ProductIndex":95581}
{"itemId":"B003Y0L7VE","ProductIndex":184705}
{"itemId":"B00CL8FW4S","ProductIndex":142019}
{"itemId":"B0012EF86O","ProductIndex":198810}
{"itemId":"B0002Z23TY","ProductIndex":142452}
{"itemId":"B003B5PHCC","ProductIndex":61470}
{"itemId":"B00847J16U","ProductIndex":146353}
{"itemId":"B00AATJ2SM","ProductIndex":73200}
{"itemId":"B0067X3Q5K","ProductIndex":60168}
{"itemId":"B0058DX9B6","ProductIndex":93695}
{"itemId":"B002O0KT1O","ProductIndex":124081}
{"itemId":"B009FRPN2Y","ProductIndex":107505}
{"itemId":"B00870RYUO","ProductIndex":195437}
{"itemId":"B002DQLU8A","ProductIndex":188836}
{"itemId":"B000OSDVI6","ProductIndex":130532}
{"itemId":"B003UYU3QO","ProductIndex":111806}
{"itemId":"B000A7B9V2","ProductIndex":120534}
{"itemId":"B004VLZRS4","ProductIndex":143911}
{"itemId":"B005B824Q4","ProductIndex":183241}
{"itemId":"B001QKKIWS","ProductIndex":172695}
{"itemId":"B005BFGHEC","ProductIndex":76569}
{"itemId":"B000WU2F92","ProductIndex":80593}
{"itemId":"B00CXXVSSK","ProductIndex":114902}
{"itemId":"B00C5Q3ADQ","ProductIndex":128062}
{"itemId":"B005TX3HDA","ProductIndex":125847}
{"itemId":"B007YSD2CE","ProductIndex":157681}
{"itemId":"B002M7UJJG","ProductIndex":136757}
{"itemId":"B00BN6RA7Q","ProductIndex":96379}
{"itemId":"B000TG8GOW","ProductIndex":167410}
{"itemId":"B001S2RDCW","ProductIndex":93708}
{"itemId":"B009X8EB7I","ProductIndex":43101}
{"itemId":"B00ENPSLJU","ProductIndex":201856}
{"itemId":"B0079GFRTC","ProductIndex":162793}
{"itemId":"B004BWRS9Y","ProductIndex":192281}
{"itemId":"B003E2PW9U","ProductIndex":95280}
{"itemId":"B0032FOJQQ","ProductIndex":105451}
{"itemId":"B004HJ5B7W","ProductIndex":42984}
{"itemId":"B004VD2LHC","ProductIndex":56841}
{"itemId":"B00IMLTLCC","ProductIndex":165363}
{"itemId":"B00HSEW3DI","ProductIndex":84087}
{"itemId":"B0007LCKW8","ProductIndex":121229}
{"itemId":"B002NN6PZ6","ProductIndex":102239}
{"itemId":"B00B3L4CLS","ProductIndex":141527}
{"itemId":"B004081JHG","ProductIndex":74713}
{"itemId":"B004Y16Y4C","ProductIndex":148624}
{"itemId":"B003N5XT20","ProductIndex":199745}
{"itemId":"B004FEEVE8","ProductIndex":204377}
{"itemId":"B00CRF9W4Q","ProductIndex":141040}
{"itemId":"B000RI11A8","ProductIndex":157153}
{"itemId":"B00480LVIS","ProductIndex":146128}
{"itemId":"B000LUCHPU","ProductIndex":90883}
{"itemId":"B004PARN42","ProductIndex":59956}
{"itemId":"B0034MW4M8","ProductIndex":89660}
{"itemId":"B004PIXR4O","ProductIndex":108082}
{"itemId":"B00FIC0NCK","ProductIndex":181345}
{"itemId":"B008C4UOS4","ProductIndex":128745}
{"itemId":"B007RS2YTS","ProductIndex":184493}
{"itemId":"B002K42W4G","ProductIndex":77314}
{"itemId":"B001A6IE2Y","ProductIndex":69842}
{"itemId":"B0056NC7O8","ProductIndex":173740}
{"itemId":"B004H44TF2","ProductIndex":105574}
{"itemId":"B003U8EQ72","ProductIndex":150950}
{"itemId":"B00BUA4DRU","ProductIndex":90867}
{"itemId":"B005SUNDR4","ProductIndex":103595}
{"itemId":"B0040V544M","ProductIndex":55833}
{"itemId":"B000IYAKSA","ProductIndex":80801}
{"itemId":"B004EQ1DSO","ProductIndex":120875}
{"itemId":"B00EFEBWKO","ProductIndex":46216}
{"itemId":"B001E0EUVU","ProductIndex":131641}
{"itemId":"B000CIY9P2","ProductIndex":118491}
{"itemId":"B00CU4LBS4","ProductIndex":86752}
{"itemId":"B00ANY955E","ProductIndex":163683}
{"itemId":"B00BFKK8VA","ProductIndex":33895}
{"itemId":"B00005ML49","ProductIndex":184768}
{"itemId":"B0060UN9CA","ProductIndex":119292}
{"itemId":"B00000J3HW","ProductIndex":205469}
{"itemId":"B0069MDM2G","ProductIndex":160529}
{"itemId":"B000067SMU","ProductIndex":131499}
{"itemId":"B005PBORZ8","ProductIndex":164317}
{"itemId":"B00076OZRQ","ProductIndex":145296}
{"itemId":"B003CT1G5Y","ProductIndex":120262}
{"itemId":"B0002VQ3TE","ProductIndex":191334}
{"itemId":"B001JBH4N0","ProductIndex":59335}
{"itemId":"B006YBNH72","ProductIndex":134489}
{"itemId":"B004FL5DRA","ProductIndex":168435}
{"itemId":"B0009A0CSQ","ProductIndex":85916}
{"itemId":"B002P8M8DC","ProductIndex":103985}
{"itemId":"B001H5T7PQ","ProductIndex":56329}
{"itemId":"B005KSHZVY","ProductIndex":63659}
{"itemId":"B008XWDZ4K","ProductIndex":118720}
{"itemId":"B003I7SLA8","ProductIndex":105124}
{"itemId":"B00I4KPBF2","ProductIndex":100662}
{"itemId":"B00GMRGLHG","ProductIndex":100770}
{"itemId":"B004HSOM46","ProductIndex":120370}
{"itemId":"B00C4N0YOI","ProductIndex":181358}
{"itemId":"B008EOQ06C","ProductIndex":134153}
{"itemId":"B008C4U0B0","ProductIndex":159853}
{"itemId":"B0016KB8C2","ProductIndex":115415}
{"itemId":"B004WZ8OR0","ProductIndex":171597}
{"itemId":"B000FV8SEE","ProductIndex":170860}
{"itemId":"B0019FLVIK","ProductIndex":179193}
{"itemId":"B00GGM6GHM","ProductIndex":103301}
{"itemId":"B003E6R46K","ProductIndex":187358}
{"itemId":"B008CB525M","ProductIndex":77931}
{"itemId":"B00K341CIW","ProductIndex":122279}
{"itemId":"B0033ZH2LO","ProductIndex":171727}
{"itemId":"B009GYQDRU","ProductIndex":191903}
{"itemId":"B000IN8I1W","ProductIndex":128160}
{"itemId":"B001IH1BIE","ProductIndex":204390}
{"itemId":"B00IZQZ7KO","ProductIndex":114522}
{"itemId":"B002K83TIA","ProductIndex":139801}
{"itemId":"B005LFMICW","ProductIndex":120498}
{"itemId":"B00154U9H4","ProductIndex":111989}
{"itemId":"B000NB871A","ProductIndex":155089}
{"itemId":"B00BCHWVRA","ProductIndex":127176}
{"itemId":"B008XQB264","ProductIndex":122069}
{"itemId":"B00BYVHED0","ProductIndex":202880}
{"itemId":"B003UYEKY0","ProductIndex":117301}
{"itemId":"B00173KRZM","ProductIndex":92587}
{"itemId":"B0051X15KA","ProductIndex":78700}
{"itemId":"B001KBZ3OQ","ProductIndex":137597}
{"itemId":"B00008DOYW","ProductIndex":201605}
{"itemId":"B00AA6O2BM","ProductIndex":124668}
{"itemId":"B000CRYTKS","ProductIndex":204238}
{"itemId":"B000AO7SJW","ProductIndex":96503}
{"itemId":"B005S5N9WI","ProductIndex":191254}
{"itemId":"B000816XKW","ProductIndex":103583}
{"itemId":"B006G6EYDG","ProductIndex":199204}
{"itemId":"B0076SIJRK","ProductIndex":95104}
{"itemId":"B002IYDI1Y","ProductIndex":158679}
{"itemId":"B00B3O9M56","ProductIndex":181800}
{"itemId":"B000021YWA","ProductIndex":182563}
{"itemId":"B00865MZKY","ProductIndex":194510}
{"itemId":"B0050PEBIM","ProductIndex":112405}
{"itemId":"B00067JS3M","ProductIndex":176460}
{"itemId":"B003HNMSE8","ProductIndex":160881}
{"itemId":"B00BQMCGAS","ProductIndex":175903}
{"itemId":"B0006VHTY8","ProductIndex":130464}
{"itemId":"B0015224ZQ","ProductIndex":142632}
{"itemId":"B0011416CK","ProductIndex":147249}
{"itemId":"B002QIAKI6","ProductIndex":118782}
{"itemId":"B003UWCHME","ProductIndex":145017}
{"itemId":"B0006JI3J0","ProductIndex":120879}
{"itemId":"B000N2066S","ProductIndex":170295}
{"itemId":"B00BYQ5FUY","ProductIndex":126292}
{"itemId":"B001P4ACDU","ProductIndex":170193}
{"itemId":"B0076MGBRG","ProductIndex":177332}
{"itemId":"B0025SZM62","ProductIndex":140958}
{"itemId":"B0051HKZN4","ProductIndex":130492}
{"itemId":"B008W16LBG","ProductIndex":146182}
{"itemId":"B0036BCY2M","ProductIndex":174660}
{"itemId":"B001UKYYCY","ProductIndex":185539}
{"itemId":"B0091IP5JS","ProductIndex":190184}
{"itemId":"B00BPEUV4A","ProductIndex":145366}
{"itemId":"B0060I2XYM","ProductIndex":131740}
{"itemId":"B00AOUYPUC","ProductIndex":177986}
{"itemId":"B007NYQMMQ","ProductIndex":187990}
{"itemId":"B009A7BWCE","ProductIndex":194181}
{"itemId":"B004WNLOF6","ProductIndex":197451}
{"itemId":"B005ST1XYU","ProductIndex":151482}
{"itemId":"B008DGYQC6","ProductIndex":101509}
{"itemId":"B00ESL7564","ProductIndex":191900}
{"itemId":"B0070A2S4E","ProductIndex":152285}
{"itemId":"B001285BS0","ProductIndex":111535}
{"itemId":"B00009967Y","ProductIndex":169736}
{"itemId":"B00CTHQOKC","ProductIndex":200052}
{"itemId":"B00AAKF8F2","ProductIndex":165056}
{"itemId":"B00BZWK9M6","ProductIndex":168843}
{"itemId":"B00AK05WY4","ProductIndex":158403}
{"itemId":"B004BAS14M","ProductIndex":202119}
{"itemId":"B0012NBJ9A","ProductIndex":181508}
{"itemId":"B001V67TQK","ProductIndex":150923}
{"itemId":"B00AKN71Q8","ProductIndex":150758}
{"itemId":"B0094O5P4E","ProductIndex":166873}
{"itemId":"B00CXFH4G8","ProductIndex":161994}
{"itemId":"B002MB14IC","ProductIndex":150504}
{"itemId":"B000A7B9T4","ProductIndex":188177}
{"itemId":"B0000C121H","ProductIndex":164264}
{"itemId":"B005FO32BU","ProductIndex":143665}
{"itemId":"B006MXC3LS","ProductIndex":113805}
{"itemId":"B001T0HZ1C","ProductIndex":162742}
{"itemId":"B009W830EO","ProductIndex":174155}
{"itemId":"B005GUAU68","ProductIndex":127776}
{"itemId":"B0000UNCGO","ProductIndex":81296}
{"itemId":"B0081JY0D0","ProductIndex":179504}
{"itemId":"B000EZYJO4","ProductIndex":178488}
{"itemId":"B0014KQCWK","ProductIndex":178592}
{"itemId":"B004FV2J90","ProductIndex":174189}
{"itemId":"B006IMBNMS","ProductIndex":135041}
{"itemId":"B007F7MZPE","ProductIndex":136064}
{"itemId":"B00INBRR5E","ProductIndex":207885}
{"itemId":"B00H7OHW8A","ProductIndex":125195}
{"itemId":"B007RV6T2S","ProductIndex":115703}
{"itemId":"B00F5VYIXY","ProductIndex":114995}
{"itemId":"B00C45IMH2","ProductIndex":137039}
{"itemId":"B0050Q1GTS","ProductIndex":195512}
{"itemId":"B004YYSBCC","ProductIndex":199151}
{"itemId":"B000S5TZ6W","ProductIndex":155033}
{"itemId":"B0002Z45JA","ProductIndex":129731}
{"itemId":"B00D13ZBPW","ProductIndex":82579}
{"itemId":"B002OFRARU","ProductIndex":129562}
{"itemId":"B003KE74BG","ProductIndex":118537}
{"itemId":"B004053FEO","ProductIndex":184605}
{"itemId":"B00G9ROG5S","ProductIndex":92705}
{"itemId":"B0085W5QF4","ProductIndex":192818}
{"itemId":"B003HECLXA","ProductIndex":177453}
{"itemId":"B003WOZO84","ProductIndex":195117}
{"itemId":"B003OGMIKM","ProductIndex":193707}
{"itemId":"B00F4MX98Y","ProductIndex":168816}
{"itemId":"B00I2TZLCS","ProductIndex":146866}
{"itemId":"B004V4K204","ProductIndex":202423}
{"itemId":"B008I780R2","ProductIndex":140880}
{"itemId":"B0002VFWSC","ProductIndex":200372}
{"itemId":"B00415Z4A6","ProductIndex":101703}
{"itemId":"B00175E4R2","ProductIndex":183228}
{"itemId":"B003KK9WGU","ProductIndex":181174}
{"itemId":"B000ZM70MY","ProductIndex":178052}
{"itemId":"B002QNIY6Q","ProductIndex":203693}
{"itemId":"B001VNRH92","ProductIndex":182321}
{"itemId":"B000LQ1ERG","ProductIndex":176495}
{"itemId":"B006SQGRSE","ProductIndex":85769}
{"itemId":"B003OJAHWA","ProductIndex":156911}
{"itemId":"B001D7A91O","ProductIndex":124469}
{"itemId":"B00CBAPNHM","ProductIndex":165727}
{"itemId":"B00G4BNBQY","ProductIndex":117316}
{"itemId":"B00108ILVG","ProductIndex":190630}
{"itemId":"B0057V029G","ProductIndex":208081}
{"itemId":"B00740WUJI","ProductIndex":150881}
{"itemId":"B002TW7ORE","ProductIndex":135186}
{"itemId":"B004RIL1JK","ProductIndex":145471}
{"itemId":"B000HJG850","ProductIndex":191310}
{"itemId":"B00JWRIESM","ProductIndex":175682}
{"itemId":"B00HSEE4MQ","ProductIndex":167856}
{"itemId":"B001HLM0RC","ProductIndex":175974}
{"itemId":"B003WITZCQ","ProductIndex":164661}
{"itemId":"B0032FOK60","ProductIndex":186467}
{"itemId":"B00CC0MEWS","ProductIndex":137079}
{"itemId":"B009RJWPS0","ProductIndex":165379}
{"itemId":"B00DERMBFS","ProductIndex":155414}
{"itemId":"B00281EEG0","ProductIndex":148395}
{"itemId":"B00008I8MW","ProductIndex":179477}
{"itemId":"B004HO58K2","ProductIndex":171791}
{"itemId":"B000DZUZOI","ProductIndex":173192}
{"itemId":"B003GFXYNG","ProductIndex":178356}
{"itemId":"B0074QBRMS","ProductIndex":126616}
{"itemId":"B0065OJDCG","ProductIndex":187065}
{"itemId":"B0006A79MG","ProductIndex":192407}
{"itemId":"B00005NK3C","ProductIndex":83170}
{"itemId":"B004RRRI7A","ProductIndex":168630}
{"itemId":"B003VSW6CS","ProductIndex":186268}
{"itemId":"B0020S7CHE","ProductIndex":202483}
{"itemId":"B003FCXKKM","ProductIndex":187982}
{"itemId":"B00480OPZE","ProductIndex":149322}
{"itemId":"B0010XV2XK","ProductIndex":205022}
{"itemId":"B000F5LRZ2","ProductIndex":153131}
{"itemId":"B001OYX6G6","ProductIndex":136053}
{"itemId":"B00214QUMK","ProductIndex":108378}
{"itemId":"B00ABBPXN2","ProductIndex":189551}
{"itemId":"B004PRVSQY","ProductIndex":191751}
{"itemId":"B002SNVI8K","ProductIndex":181616}
{"itemId":"B002OUCSBI","ProductIndex":155102}
{"itemId":"B000FERLW6","ProductIndex":203857}
{"itemId":"B001MQ8936","ProductIndex":178255}
{"itemId":"B002AQ3D3I","ProductIndex":182897}
{"itemId":"B00009WNZB","ProductIndex":139473}
{"itemId":"B00AES6EPI","ProductIndex":147753}
{"itemId":"B008CV0N8I","ProductIndex":153677}
{"itemId":"B00000J1FS","ProductIndex":155930}
{"itemId":"B006P4QZ1S","ProductIndex":123520}
{"itemId":"B00154EPKG","ProductIndex":149751}
{"itemId":"B004JGDE3G","ProductIndex":191653}
{"itemId":"B000E7RWSC","ProductIndex":205919}
{"itemId":"B000E1Z0E6","ProductIndex":82812}
{"itemId":"B00115FA58","ProductIndex":178495}
{"itemId":"B003E2W4Q4","ProductIndex":142520}
{"itemId":"B0012NBJ2M","ProductIndex":197801}
{"itemId":"B000C21K0A","ProductIndex":191393}
{"itemId":"B000WU8P6E","ProductIndex":192414}
{"itemId":"B00004YMY3","ProductIndex":147668}
{"itemId":"B00DW3P4FI","ProductIndex":198580}
{"itemId":"B003YJ5FV8","ProductIndex":205917}
{"itemId":"B004NKYLLM","ProductIndex":196579}
{"itemId":"B001LQVEA2","ProductIndex":145345}
{"itemId":"B003Y74AES","ProductIndex":207265}
{"itemId":"B00BH3YKD2","ProductIndex":163088}
{"itemId":"B00BZC0M3M","ProductIndex":188280}
{"itemId":"B002BLJQOM","ProductIndex":195776}
{"itemId":"B00B7W9AQK","ProductIndex":142981}
{"itemId":"B002ONCCKC","ProductIndex":153506}
{"itemId":"B004KVD034","ProductIndex":198533}
{"itemId":"B003Y2W586","ProductIndex":148539}
{"itemId":"B001FBJYQ4","ProductIndex":154535}
{"itemId":"B005GQGH2I","ProductIndex":192910}
{"itemId":"B007N4EJMG","ProductIndex":194237}
{"itemId":"B009ZR4J6U","ProductIndex":180496}
{"itemId":"B00H6VC4FU","ProductIndex":186490}
{"itemId":"B0043BJ7W4","ProductIndex":176783}
{"itemId":"B009OGAN2G","ProductIndex":151836}
{"itemId":"B00A491G14","ProductIndex":196326}
{"itemId":"B004IODU2O","ProductIndex":196098}
{"itemId":"B00I0O5QNY","ProductIndex":180312}
{"itemId":"B0091YZE0C","ProductIndex":203447}
{"itemId":"B0033BYVWG","ProductIndex":208319}
{"itemId":"B00DMF7MDI","ProductIndex":179108}
{"itemId":"B00C7IO9D2","ProductIndex":189005}
{"itemId":"B000Q6XJ2O","ProductIndex":179187}
{"itemId":"B00658B0J6","ProductIndex":185140}
{"itemId":"B00005B641","ProductIndex":190468}
{"itemId":"B000069J7Z","ProductIndex":147824}
{"itemId":"B00II0H7T6","ProductIndex":198327}
{"itemId":"B005LR5FPM","ProductIndex":199844}
{"itemId":"B00G41VHHE","ProductIndex":200657}
{"itemId":"B0080E7N0S","ProductIndex":206560}
{"itemId":"B0040VOEG6","ProductIndex":200702}
{"itemId":"B0000D93PK","ProductIndex":161798}
{"itemId":"B00EF9F7I2","ProductIndex":146414}
{"itemId":"B000LI0QFU","ProductIndex":163691}
{"itemId":"B00EIPCONE","ProductIndex":205000}
{"itemId":"B004OSV3U0","ProductIndex":182332}
{"itemId":"B00FFG8MSQ","ProductIndex":193696}
{"itemId":"B000NMMWO2","ProductIndex":194441}
{"itemId":"B00748ILZ2","ProductIndex":186236}
{"itemId":"B0000C1I33","ProductIndex":183651}
{"itemId":"B00B4D1CV8","ProductIndex":177007}
{"itemId":"B00GT3YQWK","ProductIndex":204619}
{"itemId":"B0080C9NBM","ProductIndex":201332}
{"itemId":"B007U3XRFA","ProductIndex":202440}
{"itemId":"B001KGRFTM","ProductIndex":195748}
{"itemId":"B000UUUA46","ProductIndex":200280}
{"itemId":"B0001FC5G6","ProductIndex":177323}
