{"itemId":"B009XIQ8LU","ProductIndex":8004}
{"itemId":"B004Z0XSAA","ProductIndex":89738}
{"itemId":"B000FL9E6U","ProductIndex":3034}
{"itemId":"B004IA6SAY","ProductIndex":158003}
{"itemId":"B0000C4DX1","ProductIndex":29180}
{"itemId":"B00812GE1S","ProductIndex":65900}
{"itemId":"B009ZGK6QS","ProductIndex":4615}
{"itemId":"B005DGHV1W","ProductIndex":115374}
{"itemId":"B001W26TIW","ProductIndex":899}
{"itemId":"B001HNO3T8","ProductIndex":23852}
{"itemId":"B0007TJDFW","ProductIndex":19284}
{"itemId":"B003FGWGQC","ProductIndex":194235}
{"itemId":"B001BLV78Q","ProductIndex":5170}
{"itemId":"B005CLPP8E","ProductIndex":119}
{"itemId":"B000G18DR0","ProductIndex":4696}
{"itemId":"B003A7CDY6","ProductIndex":6328}
{"itemId":"B007VISNDK","ProductIndex":16225}
{"itemId":"B000F007K8","ProductIndex":10251}
{"itemId":"B000T5AQHS","ProductIndex":12303}
{"itemId":"B006G5ZVA2","ProductIndex":3478}
{"itemId":"B003LPTAYI","ProductIndex":246}
{"itemId":"B007UZ6S6S","ProductIndex":45673}
{"itemId":"B007A2SNSC","ProductIndex":95341}
{"itemId":"B002UD4OB6","ProductIndex":37228}
{"itemId":"B0012HQFJK","ProductIndex":12946}
{"itemId":"B004HGOAYA","ProductIndex":90392}
{"itemId":"B000067RC4","ProductIndex":373}
{"itemId":"B0000AOWWB","ProductIndex":77236}
{"itemId":"B001G4SHT0","ProductIndex":20612}
{"itemId":"B005NGTO8A","ProductIndex":94734}
{"itemId":"B001GIOQBE","ProductIndex":16674}
{"itemId":"B0043RS864","ProductIndex":4694}
{"itemId":"B0027Y49JU","ProductIndex":169239}
{"itemId":"B007TLCM2C","ProductIndex":45379}
{"itemId":"B0037258L4","ProductIndex":7947}
{"itemId":"B0079R4I82","ProductIndex":25804}
{"itemId":"B000AKX12E","ProductIndex":59297}
{"itemId":"B003ZSHNEA","ProductIndex":4256}
{"itemId":"B001U0O5QO","ProductIndex":11022}
{"itemId":"B0006GX0IC","ProductIndex":23806}
{"itemId":"B001MQABZU","ProductIndex":58410}
{"itemId":"B005E2Y53M","ProductIndex":93246}
{"itemId":"B0041TOL9C","ProductIndex":109692}
{"itemId":"B004XWLS1Q","ProductIndex":122709}
{"itemId":"B004N866SA","ProductIndex":2044}
{"itemId":"B005CPBINQ","ProductIndex":14601}
{"itemId":"B007474DSM","ProductIndex":15456}
{"itemId":"B00461LT6S","ProductIndex":6330}
{"itemId":"B00006JLOT","ProductIndex":21267}
{"itemId":"B00006JILW","ProductIndex":8251}
{"itemId":"B005DOMNK8","ProductIndex":20029}
{"itemId":"B0045BLP1S","ProductIndex":3610}
{"itemId":"B004QY2KL8","ProductIndex":11802}
{"itemId":"B002N60BKS","ProductIndex":22093}
{"itemId":"B006DKEQL0","ProductIndex":4329}
{"itemId":"B008TJWQPG","ProductIndex":59350}
{"itemId":"B009QVE6T0","ProductIndex":17422}
{"itemId":"B004OOQ8CW","ProductIndex":3489}
{"itemId":"B000JK7FMW","ProductIndex":10664}
{"itemId":"B004F7SPFG","ProductIndex":73605}
{"itemId":"B003U8HVWY","ProductIndex":14054}
{"itemId":"B00GEGD0M4","ProductIndex":41743}
{"itemId":"B005GTNZUM","ProductIndex":779}
{"itemId":"B0041NFIBS","ProductIndex":2852}
{"itemId":"B0091RA8U0","ProductIndex":18736}
{"itemId":"B009H864UQ","ProductIndex":97465}
{"itemId":"B002BK2ULO","ProductIndex":42519}
{"itemId":"B0033G9FAY","ProductIndex":53069}
{"itemId":"B003O9HBBU","ProductIndex":25196}
{"itemId":"B007HIHP1A","ProductIndex":30366}
{"itemId":"B00CENPB28","ProductIndex":12526}
{"itemId":"B007STRVTY","ProductIndex":9001}
{"itemId":"B003B3P2CE","ProductIndex":16839}
{"itemId":"B00BBFZBHU","ProductIndex":26823}
{"itemId":"B004XFS3QG","ProductIndex":110400}
{"itemId":"B00B2FXB6M","ProductIndex":52219}
{"itemId":"B004GIKP2A","ProductIndex":32975}
{"itemId":"B000UE8JWM","ProductIndex":5126}
{"itemId":"B006O4ZHY0","ProductIndex":18959}
{"itemId":"B0002UM0JW","ProductIndex":2158}
{"itemId":"B000Y989S2","ProductIndex":45225}
{"itemId":"B00310SCJC","ProductIndex":73161}
{"itemId":"B002KTRWNC","ProductIndex":171688}
{"itemId":"B002X5H2RE","ProductIndex":31569}
{"itemId":"B008HCX6S6","ProductIndex":20767}
{"itemId":"B0089O4EB0","ProductIndex":22777}
{"itemId":"B00005N5WU","ProductIndex":21822}
{"itemId":"B006UH7974","ProductIndex":7312}
{"itemId":"B002O3W2OI","ProductIndex":12132}
{"itemId":"B007DAJVVE","ProductIndex":26088}
{"itemId":"B003EWMDPG","ProductIndex":67325}
{"itemId":"B00744QR0C","ProductIndex":32510}
{"itemId":"B00009R8DU","ProductIndex":97819}
{"itemId":"B0076LY1R4","ProductIndex":27844}
{"itemId":"B0047FETAG","ProductIndex":40290}
{"itemId":"B00513LSAM","ProductIndex":48612}
{"itemId":"B0030ER9R0","ProductIndex":50313}
{"itemId":"B0009N544A","ProductIndex":13995}
{"itemId":"B0050RKH2Y","ProductIndex":2878}
{"itemId":"B00603RS9W","ProductIndex":6198}
{"itemId":"B0045W3OO8","ProductIndex":68699}
{"itemId":"B0052TL9Y0","ProductIndex":59024}
{"itemId":"B0015AD90M","ProductIndex":35677}
{"itemId":"B00B35VRCG","ProductIndex":180100}
{"itemId":"B00125KR1E","ProductIndex":8260}
{"itemId":"B00E3AKFA8","ProductIndex":22620}
{"itemId":"B000FPIVLU","ProductIndex":10605}
{"itemId":"B005O0DHVK","ProductIndex":29204}
{"itemId":"B0006TZK6O","ProductIndex":10105}
{"itemId":"B001OMH1NM","ProductIndex":116101}
{"itemId":"B004YAQCOU","ProductIndex":73852}
{"itemId":"B002P5J02M","ProductIndex":53716}
{"itemId":"B0040E21P4","ProductIndex":92943}
{"itemId":"B000F2R5HO","ProductIndex":13717}
{"itemId":"B00B7DUAU4","ProductIndex":16740}
{"itemId":"B0011E4N2K","ProductIndex":12730}
{"itemId":"B0002Z240M","ProductIndex":12061}
{"itemId":"B000NEKMFQ","ProductIndex":10755}
{"itemId":"B0035KC3R0","ProductIndex":13757}
{"itemId":"B0000AZK4D","ProductIndex":8359}
{"itemId":"B000N1CTXC","ProductIndex":137236}
{"itemId":"B0036ZX44K","ProductIndex":153314}
{"itemId":"B00BR5U6FG","ProductIndex":31196}
{"itemId":"B009S423MC","ProductIndex":116100}
{"itemId":"B008D4X97Q","ProductIndex":955}
{"itemId":"B00BM1KIN0","ProductIndex":82781}
{"itemId":"B006RAGWOK","ProductIndex":8292}
{"itemId":"B008DCP9C6","ProductIndex":91021}
{"itemId":"B007R6HUNA","ProductIndex":62630}
{"itemId":"B000GZSRQS","ProductIndex":108815}
{"itemId":"B000E1PDEI","ProductIndex":96667}
{"itemId":"B002KPE9UK","ProductIndex":122381}
{"itemId":"B00612I1VQ","ProductIndex":44122}
{"itemId":"B003HINHKC","ProductIndex":15614}
{"itemId":"B000F0REZY","ProductIndex":66418}
{"itemId":"B007KBEEJK","ProductIndex":35836}
{"itemId":"B006MH2Z6W","ProductIndex":169337}
{"itemId":"B002DHSIWK","ProductIndex":24067}
{"itemId":"B00828G1K0","ProductIndex":13873}
{"itemId":"B00ESHCWF2","ProductIndex":117099}
{"itemId":"B003BPT0UC","ProductIndex":97493}
{"itemId":"B005TX3CYO","ProductIndex":98056}
{"itemId":"B004X9XQ0K","ProductIndex":9816}
{"itemId":"B00H4RZQZQ","ProductIndex":34151}
{"itemId":"B0039825TO","ProductIndex":23521}
{"itemId":"B00EAXISZW","ProductIndex":52999}
{"itemId":"B0009GZAGO","ProductIndex":5280}
{"itemId":"B005FNYADA","ProductIndex":32016}
{"itemId":"B004TGP0DS","ProductIndex":51985}
{"itemId":"B00C2N3DTI","ProductIndex":44669}
{"itemId":"B007S7K062","ProductIndex":166596}
{"itemId":"B00H0JPSMY","ProductIndex":79742}
{"itemId":"B00005MMCL","ProductIndex":32693}
{"itemId":"B005EDD6HC","ProductIndex":109848}
{"itemId":"B002ZKXY3S","ProductIndex":25357}
{"itemId":"B0042KWIIG","ProductIndex":14239}
{"itemId":"B0070ZHY6G","ProductIndex":11187}
{"itemId":"B004NBZ8DQ","ProductIndex":1514}
{"itemId":"B0027A632U","ProductIndex":52870}
{"itemId":"B004MNUTDY","ProductIndex":37734}
{"itemId":"B000BZROBM","ProductIndex":34375}
{"itemId":"B009JXJITS","ProductIndex":77465}
{"itemId":"B001XWWBE2","ProductIndex":20743}
{"itemId":"B0076WQUR2","ProductIndex":122150}
{"itemId":"B003H4PGOQ","ProductIndex":11485}
{"itemId":"B003D18DM0","ProductIndex":7581}
{"itemId":"B005E0OWQ4","ProductIndex":20229}
{"itemId":"B00400OT2G","ProductIndex":52897}
{"itemId":"B00945N17Q","ProductIndex":129717}
{"itemId":"B00016KZGW","ProductIndex":93045}
{"itemId":"B0029ZA4Y6","ProductIndex":27759}
{"itemId":"B0042WO62U","ProductIndex":32884}
{"itemId":"B00CGY2ZM4","ProductIndex":18180}
{"itemId":"B004TM8M1Y","ProductIndex":200851}
{"itemId":"B001G7PLLE","ProductIndex":126421}
{"itemId":"B003BWERF8","ProductIndex":10094}
{"itemId":"B003B9AHJ6","ProductIndex":72854}
{"itemId":"B00G97AJMW","ProductIndex":8486}
{"itemId":"B00CK8QO78","ProductIndex":49724}
{"itemId":"B005DWHR60","ProductIndex":22262}
{"itemId":"B001NTFAOS","ProductIndex":13275}
{"itemId":"B007OWQGTG","ProductIndex":11481}
{"itemId":"B0077QHZAI","ProductIndex":99038}
{"itemId":"B008V4S1C6","ProductIndex":14065}
{"itemId":"B00DHC2HUY","ProductIndex":47913}
{"itemId":"B0097KU6NU","ProductIndex":34970}
{"itemId":"B001GUY5PY","ProductIndex":19618}
{"itemId":"B000V1R96G","ProductIndex":12909}
{"itemId":"B00DWXJWJW","ProductIndex":36479}
{"itemId":"B0085WVQDK","ProductIndex":22464}
{"itemId":"B00F6X89SG","ProductIndex":106804}
{"itemId":"B000Y16TZA","ProductIndex":188903}
{"itemId":"B000N9H4WK","ProductIndex":85143}
{"itemId":"B002KPQ2NW","ProductIndex":66821}
{"itemId":"B00F4JOP0S","ProductIndex":59178}
{"itemId":"B0007YYF0K","ProductIndex":134076}
{"itemId":"B00DQHZXK6","ProductIndex":11075}
{"itemId":"B000TYN2PC","ProductIndex":16572}
{"itemId":"B003MSSW84","ProductIndex":12769}
{"itemId":"B00515GZ5S","ProductIndex":43587}
{"itemId":"B002WTXR7K","ProductIndex":34142}
{"itemId":"B007UIX05W","ProductIndex":31630}
{"itemId":"B00HZWJGS8","ProductIndex":11532}
{"itemId":"B006GDACG2","ProductIndex":87730}
{"itemId":"B0084555RQ","ProductIndex":23862}
{"itemId":"B001OVBXIC","ProductIndex":39124}
{"itemId":"B0019C8TO2","ProductIndex":94440}
{"itemId":"B00G6UMYRU","ProductIndex":25605}
{"itemId":"B000KL561C","ProductIndex":143410}
{"itemId":"B000YZGCIU","ProductIndex":2519}
{"itemId":"B00BVWCBNK","ProductIndex":8169}
{"itemId":"B00ATHSY70","ProductIndex":53803}
{"itemId":"B000IJVETY","ProductIndex":65926}
{"itemId":"B0051UOUNM","ProductIndex":58118}
{"itemId":"B004XFGT94","ProductIndex":46671}
{"itemId":"B00DSOC4QI","ProductIndex":76720}
{"itemId":"B0007L8AL8","ProductIndex":148802}
{"itemId":"B001HXGZQW","ProductIndex":67515}
{"itemId":"B001ULBP8E","ProductIndex":12358}
{"itemId":"B0002J1LFM","ProductIndex":100918}
{"itemId":"B006ZH0KJS","ProductIndex":4213}
{"itemId":"B00064X4QM","ProductIndex":22308}
{"itemId":"B0000ALPBA","ProductIndex":20054}
{"itemId":"B0002EHO9E","ProductIndex":138780}
{"itemId":"B002QHD1V0","ProductIndex":65012}
{"itemId":"B00BC5IZWW","ProductIndex":22060}
{"itemId":"B0000A1FZG","ProductIndex":69125}
{"itemId":"B003EJWPBG","ProductIndex":21372}
{"itemId":"B001GXR03U","ProductIndex":12732}
{"itemId":"B0044UHNNO","ProductIndex":124385}
{"itemId":"B007X95MNG","ProductIndex":23122}
{"itemId":"B000EE5DAY","ProductIndex":99120}
{"itemId":"B0069VXY7K","ProductIndex":22690}
{"itemId":"B00CI38Z8G","ProductIndex":19129}
{"itemId":"B002U5XPBE","ProductIndex":8093}
{"itemId":"B009KMZ4M8","ProductIndex":117204}
{"itemId":"B00E1OF77C","ProductIndex":87919}
{"itemId":"B004I4YOZQ","ProductIndex":110456}
{"itemId":"B0043563OA","ProductIndex":51654}
{"itemId":"B0007LBP92","ProductIndex":39218}
{"itemId":"B00B46XRI6","ProductIndex":16434}
{"itemId":"B0055D0ZD4","ProductIndex":71583}
{"itemId":"B005U2VEDK","ProductIndex":61709}
{"itemId":"B0077JAG10","ProductIndex":75118}
{"itemId":"B0064T522C","ProductIndex":69310}
{"itemId":"B0084KH57Y","ProductIndex":19458}
{"itemId":"B00CU8CJSQ","ProductIndex":13656}
{"itemId":"B004D95ENC","ProductIndex":46594}
{"itemId":"B00A926XLE","ProductIndex":30631}
{"itemId":"B00EO8U1W6","ProductIndex":94548}
{"itemId":"B005E7QJ0O","ProductIndex":32820}
{"itemId":"B002V1HYM8","ProductIndex":120593}
{"itemId":"B003VCW6G0","ProductIndex":22283}
{"itemId":"B000TTTE4A","ProductIndex":151095}
{"itemId":"B002KJCFAW","ProductIndex":27331}
{"itemId":"B009GFEOY8","ProductIndex":36380}
{"itemId":"B004T4P62U","ProductIndex":86444}
{"itemId":"B0017XIVKK","ProductIndex":60753}
{"itemId":"B00HWMPRKC","ProductIndex":16007}
{"itemId":"B000K52D0K","ProductIndex":24481}
{"itemId":"B0026K2LPY","ProductIndex":93172}
{"itemId":"B0049T5S96","ProductIndex":133978}
{"itemId":"B008P7CWEC","ProductIndex":20912}
{"itemId":"B000GT49AC","ProductIndex":50810}
{"itemId":"B005IGMWC0","ProductIndex":149464}
{"itemId":"B00DBRYC1W","ProductIndex":38510}
{"itemId":"B003YIUYRO","ProductIndex":65194}
{"itemId":"B00383YPMA","ProductIndex":20879}
{"itemId":"B004SBF9A8","ProductIndex":174037}
{"itemId":"B00009UTWC","ProductIndex":39297}
{"itemId":"B004I55NXM","ProductIndex":60175}
{"itemId":"B009LQU49Q","ProductIndex":23186}
{"itemId":"B002ISTP8K","ProductIndex":26332}
{"itemId":"B009GU940C","ProductIndex":119207}
{"itemId":"B00B25I8DS","ProductIndex":19155}
{"itemId":"B000K50JS8","ProductIndex":94436}
{"itemId":"B0002QYS8W","ProductIndex":10852}
{"itemId":"B008D5EUD2","ProductIndex":81797}
{"itemId":"B00BVQ73IY","ProductIndex":46229}
{"itemId":"B00JVD594E","ProductIndex":187687}
{"itemId":"B000MATJ96","ProductIndex":26176}
{"itemId":"B001685B2W","ProductIndex":166334}
{"itemId":"B000BV9JM8","ProductIndex":66717}
{"itemId":"B0035ER1IW","ProductIndex":38676}
{"itemId":"B001D1O3T4","ProductIndex":34125}
{"itemId":"B003UED50A","ProductIndex":36577}
{"itemId":"B0049D124C","ProductIndex":137721}
{"itemId":"B003E2VQ4K","ProductIndex":105676}
{"itemId":"B000KL38FI","ProductIndex":143997}
{"itemId":"B0000XMYBA","ProductIndex":130536}
{"itemId":"B002A8KIRU","ProductIndex":22582}
{"itemId":"B001CPHGF4","ProductIndex":22968}
{"itemId":"B00BP0N88U","ProductIndex":44414}
{"itemId":"B003ES5BJU","ProductIndex":31839}
{"itemId":"B002AZTANG","ProductIndex":28838}
{"itemId":"B0011XUFLE","ProductIndex":66773}
{"itemId":"B00GWFUTSK","ProductIndex":56008}
{"itemId":"B008DBXQIG","ProductIndex":62200}
{"itemId":"B004LHREQ6","ProductIndex":91173}
{"itemId":"B000V1LX4U","ProductIndex":19640}
{"itemId":"B003AXXQAK","ProductIndex":106143}
{"itemId":"B009IH0TXY","ProductIndex":138200}
{"itemId":"B005HM8BTI","ProductIndex":22794}
{"itemId":"B0047Z62BU","ProductIndex":42435}
{"itemId":"B004C4SEVC","ProductIndex":65031}
{"itemId":"B004Y3B1RK","ProductIndex":140631}
{"itemId":"B00314DC3E","ProductIndex":46840}
{"itemId":"B000234UPQ","ProductIndex":56466}
{"itemId":"B008O7MEAU","ProductIndex":45067}
{"itemId":"B000F9WFHC","ProductIndex":73420}
{"itemId":"B007THFITU","ProductIndex":13775}
{"itemId":"B00B29KS4G","ProductIndex":18814}
{"itemId":"B00B3PB8PW","ProductIndex":115282}
{"itemId":"B00008IP5U","ProductIndex":201051}
{"itemId":"B001N7A93M","ProductIndex":47411}
{"itemId":"B002US51B8","ProductIndex":82109}
{"itemId":"B0002FGE8K","ProductIndex":110613}
{"itemId":"B001RIYOL0","ProductIndex":30124}
{"itemId":"B00321MFRK","ProductIndex":56365}
{"itemId":"B008WVWRLE","ProductIndex":152315}
{"itemId":"B00B3OBR4K","ProductIndex":38832}
{"itemId":"B000AMYVGM","ProductIndex":162095}
{"itemId":"B008HYI2P6","ProductIndex":188118}
{"itemId":"B001RMG62Q","ProductIndex":18452}
{"itemId":"B00006BBGS","ProductIndex":57787}
{"itemId":"B003Y4UNOC","ProductIndex":150472}
{"itemId":"B008J3B0Q8","ProductIndex":50391}
{"itemId":"B00BWA1IYE","ProductIndex":45819}
{"itemId":"B0000226QJ","ProductIndex":37646}
{"itemId":"B006ZP9LMM","ProductIndex":172081}
{"itemId":"B007N9H2QG","ProductIndex":166227}
{"itemId":"B001PNYYSA","ProductIndex":50606}
{"itemId":"B004W7PHVO","ProductIndex":36853}
{"itemId":"B000VZL6WK","ProductIndex":37602}
{"itemId":"B00AEU2J8W","ProductIndex":38226}
{"itemId":"B00AW1Y06M","ProductIndex":146077}
{"itemId":"B00006I533","ProductIndex":40149}
{"itemId":"B007PUMCWC","ProductIndex":69314}
{"itemId":"B003WIRFDW","ProductIndex":20839}
{"itemId":"B002JM1S94","ProductIndex":67185}
{"itemId":"B0000DK4T7","ProductIndex":57991}
{"itemId":"B003BYQO16","ProductIndex":83413}
{"itemId":"B0038WJTF4","ProductIndex":17067}
{"itemId":"B0092TK2U8","ProductIndex":52473}
{"itemId":"B00165R9PW","ProductIndex":92915}
{"itemId":"B001BWTS22","ProductIndex":16530}
{"itemId":"B0054MV84Q","ProductIndex":48137}
{"itemId":"B0071F1CGS","ProductIndex":46724}
{"itemId":"B00A52ZCPG","ProductIndex":71470}
{"itemId":"B004X159WQ","ProductIndex":98826}
{"itemId":"B002I05VT0","ProductIndex":46638}
{"itemId":"B002S9FAF6","ProductIndex":36511}
{"itemId":"B0058NXPLK","ProductIndex":27052}
{"itemId":"B008BHFVGM","ProductIndex":30588}
{"itemId":"B006ZZ2868","ProductIndex":45875}
{"itemId":"B005LG9A54","ProductIndex":29648}
{"itemId":"B00004TS35","ProductIndex":92047}
{"itemId":"B005A2AZHG","ProductIndex":50849}
{"itemId":"B00FGLTYEG","ProductIndex":157077}
{"itemId":"B007G94UCM","ProductIndex":38284}
{"itemId":"B005DGDFIK","ProductIndex":72924}
{"itemId":"B009ZNSQVS","ProductIndex":50162}
{"itemId":"B0009IL9HQ","ProductIndex":131732}
{"itemId":"B001S2PL26","ProductIndex":129232}
{"itemId":"B006HIZMSY","ProductIndex":87544}
{"itemId":"B004QL3X7G","ProductIndex":83706}
{"itemId":"B003JO555Y","ProductIndex":27528}
{"itemId":"B000F4EJNA","ProductIndex":82092}
{"itemId":"B000050AUJ","ProductIndex":34564}
{"itemId":"B00BO8O9XQ","ProductIndex":17153}
{"itemId":"B002L6HEBY","ProductIndex":28254}
{"itemId":"B002AN2JXQ","ProductIndex":87217}
{"itemId":"B0080GPMD6","ProductIndex":112078}
{"itemId":"B0000AERK6","ProductIndex":26672}
{"itemId":"B000LK8U8S","ProductIndex":161031}
{"itemId":"B0091E71XA","ProductIndex":144622}
{"itemId":"B000066CCP","ProductIndex":142762}
{"itemId":"B004442O8E","ProductIndex":80557}
{"itemId":"B0002H0CRW","ProductIndex":85676}
{"itemId":"B003SM1QXM","ProductIndex":107656}
{"itemId":"B004ETSGXQ","ProductIndex":139913}
{"itemId":"B0017SRBX8","ProductIndex":40079}
{"itemId":"B003LPTAZ2","ProductIndex":20459}
{"itemId":"B001C3R444","ProductIndex":165656}
{"itemId":"B006TOPREK","ProductIndex":75719}
{"itemId":"B0028B8CR2","ProductIndex":72763}
{"itemId":"B008UXLMHY","ProductIndex":148710}
{"itemId":"B001QU8HAI","ProductIndex":47262}
{"itemId":"B00CPDZ07S","ProductIndex":106974}
{"itemId":"B0089N3KDY","ProductIndex":63353}
{"itemId":"B0057Z87PI","ProductIndex":144964}
{"itemId":"B00CC1YRZE","ProductIndex":89960}
{"itemId":"B0055NHSAW","ProductIndex":123039}
{"itemId":"B00020G7K0","ProductIndex":132694}
{"itemId":"B002T1QE80","ProductIndex":84819}
{"itemId":"B004C9A9G0","ProductIndex":47678}
{"itemId":"B005EIGQQU","ProductIndex":159318}
{"itemId":"B0015313O8","ProductIndex":25426}
{"itemId":"B004Z2BK4O","ProductIndex":46510}
{"itemId":"B00003G1RJ","ProductIndex":41923}
{"itemId":"B002FJVKZS","ProductIndex":23495}
{"itemId":"B003FMUL5E","ProductIndex":43891}
{"itemId":"B002UIVK0E","ProductIndex":114869}
{"itemId":"B00AKWFJXQ","ProductIndex":129483}
{"itemId":"B00B7MTFD8","ProductIndex":153522}
{"itemId":"B0053ESKUA","ProductIndex":53202}
{"itemId":"B00BC7RSN2","ProductIndex":118107}
{"itemId":"B000LFVFK8","ProductIndex":66875}
{"itemId":"B005GP4FKU","ProductIndex":29705}
{"itemId":"B000SJ62IC","ProductIndex":87327}
{"itemId":"B0090WU4G4","ProductIndex":30392}
{"itemId":"B00008IHNG","ProductIndex":77815}
{"itemId":"B00GQDAFKA","ProductIndex":19100}
{"itemId":"B001UEIWWS","ProductIndex":71929}
{"itemId":"B005JY5Z66","ProductIndex":179313}
{"itemId":"B001LPIAWI","ProductIndex":69208}
{"itemId":"B000UH7X1C","ProductIndex":46732}
{"itemId":"B0013Z9F66","ProductIndex":34622}
{"itemId":"B003A4H2J0","ProductIndex":28395}
{"itemId":"B0038JED6W","ProductIndex":18566}
{"itemId":"B003AVMRP2","ProductIndex":46129}
{"itemId":"B00FJTGRE0","ProductIndex":164056}
{"itemId":"B002OEBO78","ProductIndex":134946}
{"itemId":"B005HS5JJW","ProductIndex":34106}
{"itemId":"B004XJNCGS","ProductIndex":184094}
{"itemId":"B002QDN8N0","ProductIndex":115983}
{"itemId":"B0002A9TD2","ProductIndex":56260}
{"itemId":"B00D3YEJ20","ProductIndex":99018}
{"itemId":"B009WH7B0O","ProductIndex":50944}
{"itemId":"B0036U4UJ8","ProductIndex":198367}
{"itemId":"B002DPQ60I","ProductIndex":140975}
{"itemId":"B00FCK40SQ","ProductIndex":173609}
{"itemId":"B0089ECAWU","ProductIndex":103231}
{"itemId":"B0007KPRQA","ProductIndex":75813}
{"itemId":"B00092EIFW","ProductIndex":80640}
{"itemId":"B000NE4IX8","ProductIndex":120548}
{"itemId":"B000BAWJW6","ProductIndex":33549}
{"itemId":"B00HWK6LRC","ProductIndex":188928}
{"itemId":"B00009R6TL","ProductIndex":53167}
{"itemId":"B002X7FSO6","ProductIndex":14961}
{"itemId":"B00G28IP38","ProductIndex":26242}
{"itemId":"B004MLXWSK","ProductIndex":46592}
{"itemId":"B000UTIB7K","ProductIndex":130727}
{"itemId":"B00BI5VHVC","ProductIndex":119887}
{"itemId":"B00EKGB9N2","ProductIndex":73132}
{"itemId":"B005Z354H6","ProductIndex":70130}
{"itemId":"B000196C20","ProductIndex":134390}
{"itemId":"B000165FRQ","ProductIndex":45444}
{"itemId":"B000B5GH24","ProductIndex":84220}
{"itemId":"B00005MNSS","ProductIndex":28674}
{"itemId":"B0055ZCXUK","ProductIndex":98661}
{"itemId":"B00CUGGSF8","ProductIndex":175016}
{"itemId":"B00ASVTOOY","ProductIndex":103763}
{"itemId":"B000WMICGA","ProductIndex":160659}
{"itemId":"B004DD5VCW","ProductIndex":31193}
{"itemId":"B002NHEZZ4","ProductIndex":40821}
{"itemId":"B001Q9ER5S","ProductIndex":75570}
{"itemId":"B0027WAVJE","ProductIndex":165465}
{"itemId":"B008K8T5YQ","ProductIndex":181941}
{"itemId":"B001E63NTE","ProductIndex":177143}
{"itemId":"B000K4YNLI","ProductIndex":97915}
{"itemId":"B00C31TNAC","ProductIndex":79503}
{"itemId":"B005BOBVO4","ProductIndex":194732}
{"itemId":"B000OROW0I","ProductIndex":95863}
{"itemId":"B002GHBW52","ProductIndex":58891}
{"itemId":"B0044324US","ProductIndex":19975}
{"itemId":"B007KH5GYQ","ProductIndex":32833}
{"itemId":"B002XZM1L6","ProductIndex":73882}
{"itemId":"B000I6PINA","ProductIndex":64461}
{"itemId":"B001IZ2OVE","ProductIndex":56577}
{"itemId":"B00HNJWWGG","ProductIndex":29851}
{"itemId":"B0071209T2","ProductIndex":100638}
{"itemId":"B000BOK50A","ProductIndex":123012}
{"itemId":"B008RW9SYM","ProductIndex":48726}
{"itemId":"B000MS6WMK","ProductIndex":38118}
{"itemId":"B004IY7F20","ProductIndex":21871}
{"itemId":"B00006HOBP","ProductIndex":97201}
{"itemId":"B00BNOTDDW","ProductIndex":77783}
{"itemId":"B00ACVIWWA","ProductIndex":79995}
{"itemId":"B005GSR6SA","ProductIndex":102093}
{"itemId":"B00192GL10","ProductIndex":73117}
{"itemId":"B000NWCIDW","ProductIndex":165821}
{"itemId":"B00005QIQG","ProductIndex":159606}
{"itemId":"B00FNRC9UE","ProductIndex":53284}
{"itemId":"B00291RMAO","ProductIndex":94643}
{"itemId":"B003HMPPL2","ProductIndex":184606}
{"itemId":"B001FQB142","ProductIndex":92331}
{"itemId":"B0036RH6L0","ProductIndex":120442}
{"itemId":"B000MNB96Y","ProductIndex":97931}
{"itemId":"B00ANHIQ10","ProductIndex":153260}
{"itemId":"B000LTJDEE","ProductIndex":188684}
{"itemId":"B006MYQWNC","ProductIndex":201248}
{"itemId":"B00GR95I32","ProductIndex":178557}
{"itemId":"B0007WTFA2","ProductIndex":148503}
{"itemId":"B000GUX38A","ProductIndex":175030}
{"itemId":"B000O7EXCU","ProductIndex":59834}
{"itemId":"B005FA3TB2","ProductIndex":90513}
{"itemId":"B00933A2W6","ProductIndex":62919}
{"itemId":"B009SQ5YL2","ProductIndex":39083}
{"itemId":"B004RSTZ2A","ProductIndex":118557}
{"itemId":"B008C9T4KI","ProductIndex":60546}
{"itemId":"B000O3UBWU","ProductIndex":118172}
{"itemId":"B00EPKSVRA","ProductIndex":54794}
{"itemId":"B003D977KG","ProductIndex":91781}
{"itemId":"B004UHJCFI","ProductIndex":30986}
{"itemId":"B000RPVJJ4","ProductIndex":55157}
{"itemId":"B009RXUKCO","ProductIndex":141540}
{"itemId":"B00CNUFGN6","ProductIndex":36032}
{"itemId":"B001GP8GYK","ProductIndex":143439}
{"itemId":"B003O86GZS","ProductIndex":42763}
{"itemId":"B00B41LZ1M","ProductIndex":143812}
{"itemId":"B000Y9TBTI","ProductIndex":86598}
{"itemId":"B003RUZQUO","ProductIndex":174379}
{"itemId":"B00117XPQC","ProductIndex":195769}
{"itemId":"B001QN8LE2","ProductIndex":116143}
{"itemId":"B005GY3GT2","ProductIndex":96110}
{"itemId":"B002CHPH8Y","ProductIndex":94029}
{"itemId":"B005OMHYFI","ProductIndex":152054}
{"itemId":"B0000ALKBF","ProductIndex":49857}
{"itemId":"B00F87WSAU","ProductIndex":135661}
{"itemId":"B006WCCUNU","ProductIndex":152974}
{"itemId":"B001P11EGM","ProductIndex":42703}
{"itemId":"B003YLF6JM","ProductIndex":179719}
{"itemId":"B005DB9RUU","ProductIndex":98888}
{"itemId":"B005AM0QTI","ProductIndex":121303}
{"itemId":"B009HYW5QC","ProductIndex":147532}
{"itemId":"B000RO5NMO","ProductIndex":97016}
{"itemId":"B00CRF9W6E","ProductIndex":145993}
{"itemId":"B00B3TZG9W","ProductIndex":193893}
{"itemId":"B002QDHAB6","ProductIndex":92850}
{"itemId":"B00004YRVM","ProductIndex":110015}
{"itemId":"B004L2KQ48","ProductIndex":30654}
{"itemId":"B002O22A4G","ProductIndex":150702}
{"itemId":"B000KU6DE2","ProductIndex":170424}
{"itemId":"B007EDWP68","ProductIndex":153710}
{"itemId":"B005XDFCFC","ProductIndex":22712}
{"itemId":"B00009R9BP","ProductIndex":64945}
{"itemId":"B00AYFGQQI","ProductIndex":126202}
{"itemId":"B007T0PU1I","ProductIndex":108915}
{"itemId":"B009NN3EZ8","ProductIndex":47403}
{"itemId":"B007X15HIE","ProductIndex":66137}
{"itemId":"B0011MK09C","ProductIndex":44140}
{"itemId":"B000AAZQKO","ProductIndex":61584}
{"itemId":"B009WWJ4J0","ProductIndex":133606}
{"itemId":"B00B7J7QAU","ProductIndex":157300}
{"itemId":"B007B5POF8","ProductIndex":30315}
{"itemId":"B005HAVW0U","ProductIndex":54009}
{"itemId":"B0053WLLTY","ProductIndex":69255}
{"itemId":"B00B7IR5UC","ProductIndex":88141}
{"itemId":"B00AF2EP1I","ProductIndex":44652}
{"itemId":"B006EJ5E3O","ProductIndex":39111}
{"itemId":"B003G5MPR2","ProductIndex":104174}
{"itemId":"B0017KGB6Y","ProductIndex":113793}
{"itemId":"B000KBG4Y0","ProductIndex":96333}
{"itemId":"B0006VHVDM","ProductIndex":73812}
{"itemId":"B004C8BUAK","ProductIndex":50112}
{"itemId":"B00752QXOI","ProductIndex":205583}
{"itemId":"B005H97W7S","ProductIndex":72278}
{"itemId":"B00B6Z3AZK","ProductIndex":111270}
{"itemId":"B004YEKI50","ProductIndex":204986}
{"itemId":"B00476DD66","ProductIndex":77958}
{"itemId":"B009XE6JFY","ProductIndex":146943}
{"itemId":"B00114W9X0","ProductIndex":72526}
{"itemId":"B005VHARRS","ProductIndex":86051}
{"itemId":"B00AUKBV7G","ProductIndex":22483}
{"itemId":"B008D9BXTM","ProductIndex":187987}
{"itemId":"B0094DCXUE","ProductIndex":78044}
{"itemId":"B002HMO6ZO","ProductIndex":52769}
{"itemId":"B001B8PN02","ProductIndex":139639}
{"itemId":"B0045TFBBK","ProductIndex":79727}
{"itemId":"B009SKVICM","ProductIndex":49751}
{"itemId":"B0058FROV0","ProductIndex":146007}
{"itemId":"B009ZNBJBM","ProductIndex":95782}
{"itemId":"B009D8ZVXG","ProductIndex":110990}
{"itemId":"B0007OV42W","ProductIndex":99001}
{"itemId":"B00B2ARV22","ProductIndex":106611}
{"itemId":"B00CHI7QBY","ProductIndex":31649}
{"itemId":"B003VLCOTU","ProductIndex":169188}
{"itemId":"B004HC5WC8","ProductIndex":85630}
{"itemId":"B000WOLXBE","ProductIndex":142206}
{"itemId":"B000FMQKJS","ProductIndex":56819}
{"itemId":"B0007GHDKW","ProductIndex":81309}
{"itemId":"B001FA1NHI","ProductIndex":42085}
{"itemId":"B0019M629G","ProductIndex":135371}
{"itemId":"B004UGNTVW","ProductIndex":43319}
{"itemId":"B003LX8DXO","ProductIndex":102243}
{"itemId":"B001I45KGG","ProductIndex":91988}
{"itemId":"B000EH8KA6","ProductIndex":144658}
{"itemId":"B002MHIK9C","ProductIndex":126461}
{"itemId":"B000BNXZ0I","ProductIndex":45833}
{"itemId":"B00CWJPPAM","ProductIndex":182436}
{"itemId":"B002N67BCY","ProductIndex":57548}
{"itemId":"B00092DXZS","ProductIndex":69823}
{"itemId":"B000056SRE","ProductIndex":93061}
{"itemId":"B00775PHE0","ProductIndex":108872}
{"itemId":"B002V9VWUK","ProductIndex":110088}
{"itemId":"B000WNOPO2","ProductIndex":91705}
{"itemId":"B004CZINEY","ProductIndex":108626}
{"itemId":"B005GM6JHU","ProductIndex":97115}
{"itemId":"B000A8BPL0","ProductIndex":88592}
{"itemId":"B004WKSBVO","ProductIndex":136806}
{"itemId":"B004SWWW20","ProductIndex":48991}
{"itemId":"B00FXK0RAA","ProductIndex":167765}
{"itemId":"B000ET7AZK","ProductIndex":49867}
{"itemId":"B00005OMZT","ProductIndex":110720}
{"itemId":"B000EGSGUQ","ProductIndex":42988}
{"itemId":"B004RJM3P0","ProductIndex":55860}
{"itemId":"B00009R8FA","ProductIndex":142128}
{"itemId":"B0000XMU6O","ProductIndex":168412}
{"itemId":"B001NGP6E0","ProductIndex":109192}
{"itemId":"B00852FOJM","ProductIndex":81888}
{"itemId":"B001GVIS5Q","ProductIndex":100266}
{"itemId":"B006ICB94K","ProductIndex":119665}
{"itemId":"B0062P7QNQ","ProductIndex":154945}
{"itemId":"B0033WQUYW","ProductIndex":118100}
{"itemId":"B004LXK8PO","ProductIndex":38023}
{"itemId":"B001EBPXFG","ProductIndex":114400}
{"itemId":"B003E2XZ0I","ProductIndex":39346}
{"itemId":"B002YWB484","ProductIndex":95627}
{"itemId":"B00006MJFO","ProductIndex":98101}
{"itemId":"B005OCXEVG","ProductIndex":183139}
{"itemId":"B000WL2UKK","ProductIndex":60534}
{"itemId":"B0013MYXD4","ProductIndex":131065}
{"itemId":"B00DU7L7PC","ProductIndex":165430}
{"itemId":"B005QEU3WU","ProductIndex":86652}
{"itemId":"B000I94HNO","ProductIndex":61356}
{"itemId":"B00117QKF0","ProductIndex":72876}
{"itemId":"B005OME0IC","ProductIndex":118171}
{"itemId":"B003WZTFAQ","ProductIndex":116203}
{"itemId":"B002V19DNG","ProductIndex":207212}
{"itemId":"B002VLOHNW","ProductIndex":80071}
{"itemId":"B0002REB38","ProductIndex":41034}
{"itemId":"B00009R76N","ProductIndex":71148}
{"itemId":"B003YF8HRQ","ProductIndex":200146}
{"itemId":"B000I3C2PK","ProductIndex":78899}
{"itemId":"B0007OVKV2","ProductIndex":161295}
{"itemId":"B0086LMTYK","ProductIndex":116432}
{"itemId":"B006UCI7QQ","ProductIndex":58739}
{"itemId":"B00BRI4YAQ","ProductIndex":46180}
{"itemId":"B002UFSJV0","ProductIndex":120431}
{"itemId":"B00494UCH4","ProductIndex":199932}
{"itemId":"B00EPPK9OS","ProductIndex":167819}
{"itemId":"B00I2XJPG2","ProductIndex":48015}
{"itemId":"B001IBHVRK","ProductIndex":149009}
{"itemId":"B001H9O1EE","ProductIndex":55411}
{"itemId":"B006Z2VCOA","ProductIndex":67224}
{"itemId":"B00321KGNK","ProductIndex":112713}
{"itemId":"B004I8WH7Y","ProductIndex":129134}
{"itemId":"B00E9Z6CW2","ProductIndex":110847}
{"itemId":"B0036ZKSQC","ProductIndex":68610}
{"itemId":"B005SFY0I0","ProductIndex":153836}
{"itemId":"B0094MNGS8","ProductIndex":156252}
{"itemId":"B0056K5DGU","ProductIndex":81259}
{"itemId":"B0032GJD3E","ProductIndex":100936}
{"itemId":"B00DUR552S","ProductIndex":52055}
{"itemId":"B004IIWXSC","ProductIndex":171751}
{"itemId":"B00EVJVDP2","ProductIndex":111093}
{"itemId":"B000TUOJ4Y","ProductIndex":115898}
{"itemId":"B001KO5MEE","ProductIndex":130588}
{"itemId":"B007ZLHDDE","ProductIndex":102669}
{"itemId":"B005LI49KI","ProductIndex":192107}
{"itemId":"B00B62WOP0","ProductIndex":144740}
{"itemId":"B003WUMY86","ProductIndex":66743}
{"itemId":"B00EPBXJJ4","ProductIndex":176148}
{"itemId":"B00005MNG9","ProductIndex":199106}
{"itemId":"B002RU7DME","ProductIndex":162918}
{"itemId":"B001EOVD2U","ProductIndex":186739}
{"itemId":"B003L11HCA","ProductIndex":115448}
{"itemId":"B0096DSWMK","ProductIndex":190579}
{"itemId":"B0002GS4Z0","ProductIndex":31272}
{"itemId":"B002R35ID2","ProductIndex":92243}
{"itemId":"B000FCT08Q","ProductIndex":99696}
{"itemId":"B00BCQ0H4U","ProductIndex":62956}
{"itemId":"B000MAFOKE","ProductIndex":89458}
{"itemId":"B004KSJ626","ProductIndex":139225}
{"itemId":"B00BDB1XRE","ProductIndex":102787}
{"itemId":"B00350JP5S","ProductIndex":87239}
{"itemId":"B00EFUGNWK","ProductIndex":188313}
{"itemId":"B00HLLXQ98","ProductIndex":108741}
{"itemId":"B004EALF7E","ProductIndex":188934}
{"itemId":"B002KTL62U","ProductIndex":143542}
{"itemId":"B0050XA57K","ProductIndex":97560}
{"itemId":"B00DD5XFP6","ProductIndex":198618}
{"itemId":"B001W2VIX8","ProductIndex":89673}
{"itemId":"B003D1FPEO","ProductIndex":122372}
{"itemId":"B00C19AZ4O","ProductIndex":89688}
{"itemId":"B002RBMZTE","ProductIndex":103754}
{"itemId":"B000S5IXHY","ProductIndex":162285}
{"itemId":"B001BP2TYI","ProductIndex":142614}
{"itemId":"B007GB9H82","ProductIndex":78874}
{"itemId":"B00AQBBBTM","ProductIndex":123273}
{"itemId":"B00CKSWBB6","ProductIndex":137445}
{"itemId":"B00744QV7Q","ProductIndex":132443}
{"itemId":"B0077QLELE","ProductIndex":72333}
{"itemId":"B0002HMRXE","ProductIndex":97818}
{"itemId":"B00DJAB74Q","ProductIndex":102065}
{"itemId":"B0002MQGNQ","ProductIndex":191937}
{"itemId":"B000QFDIIU","ProductIndex":89034}
{"itemId":"B005CTCL2Y","ProductIndex":101258}
{"itemId":"B004FN0T9U","ProductIndex":57429}
{"itemId":"B0028AT88U","ProductIndex":73822}
{"itemId":"B000MYWVNI","ProductIndex":136544}
{"itemId":"B000QSQS20","ProductIndex":128438}
{"itemId":"B007Z36KWM","ProductIndex":60153}
{"itemId":"B003S1KA12","ProductIndex":116399}
{"itemId":"B009KXF9MW","ProductIndex":162765}
{"itemId":"B001UBOJ8M","ProductIndex":128299}
{"itemId":"B00AYT8H7U","ProductIndex":37703}
{"itemId":"B008O6CGAO","ProductIndex":104855}
{"itemId":"B00EV1J9LA","ProductIndex":181069}
{"itemId":"B003N5Y8H0","ProductIndex":184889}
{"itemId":"B003DS7IHY","ProductIndex":151417}
{"itemId":"B00B58QYH4","ProductIndex":176066}
{"itemId":"B003U74BCS","ProductIndex":168929}
{"itemId":"B00535C50A","ProductIndex":63878}
{"itemId":"B0000A989Y","ProductIndex":164588}
{"itemId":"B00G049NO4","ProductIndex":137688}
{"itemId":"B00006RZ1E","ProductIndex":208078}
{"itemId":"B0007MU1J6","ProductIndex":39447}
{"itemId":"B004HCO9UY","ProductIndex":43000}
{"itemId":"B00EZ7MXRW","ProductIndex":155407}
{"itemId":"B000YL2RMO","ProductIndex":171813}
{"itemId":"B000XJ5CWE","ProductIndex":94630}
{"itemId":"B00006HNBI","ProductIndex":169033}
{"itemId":"B00BT919HO","ProductIndex":184510}
{"itemId":"B009HMNIP6","ProductIndex":35247}
{"itemId":"B004GUY13W","ProductIndex":48826}
{"itemId":"B008OJYQ18","ProductIndex":66184}
{"itemId":"B0043BXA86","ProductIndex":162970}
{"itemId":"B00HTAXZJW","ProductIndex":175770}
{"itemId":"B00005UJYF","ProductIndex":163199}
{"itemId":"B00069QSH4","ProductIndex":92376}
{"itemId":"B007N4CBEO","ProductIndex":186755}
{"itemId":"B00CIQJZNM","ProductIndex":129298}
{"itemId":"B000BC8VV2","ProductIndex":72872}
{"itemId":"B002LDHIDG","ProductIndex":159470}
{"itemId":"B00004RG7M","ProductIndex":205031}
{"itemId":"B005X13PX0","ProductIndex":104449}
{"itemId":"B00CYT4I2Q","ProductIndex":101370}
{"itemId":"B003PLF8JO","ProductIndex":109158}
{"itemId":"B002C0P37G","ProductIndex":103425}
{"itemId":"B007JSCH0W","ProductIndex":123144}
{"itemId":"B005LRZ8NG","ProductIndex":127319}
{"itemId":"B003Q9VYXY","ProductIndex":85288}
{"itemId":"B004Q9SXU0","ProductIndex":50455}
{"itemId":"B004QPXSHW","ProductIndex":47824}
{"itemId":"B00IB17BFW","ProductIndex":113015}
{"itemId":"B004608CPA","ProductIndex":145669}
{"itemId":"B000F08EGM","ProductIndex":168967}
{"itemId":"B002NGRNG8","ProductIndex":60581}
{"itemId":"B00BC6NUK8","ProductIndex":108127}
{"itemId":"B00198QHDQ","ProductIndex":79483}
{"itemId":"B008I64F0Y","ProductIndex":135948}
{"itemId":"B005OZMOKU","ProductIndex":96862}
{"itemId":"B0013Z5RAO","ProductIndex":88999}
{"itemId":"B0019R3IWA","ProductIndex":196810}
{"itemId":"B008A01IOE","ProductIndex":95715}
{"itemId":"B000NV7VRQ","ProductIndex":170977}
{"itemId":"B000COPEOQ","ProductIndex":167297}
{"itemId":"B00740Q08A","ProductIndex":139406}
{"itemId":"B004VGSREA","ProductIndex":178674}
{"itemId":"B00G7HLCV6","ProductIndex":96785}
{"itemId":"B000I3MHCS","ProductIndex":143678}
{"itemId":"B001PI4BHO","ProductIndex":74002}
{"itemId":"B0098UEDBU","ProductIndex":127051}
{"itemId":"B0043D2L8E","ProductIndex":110371}
{"itemId":"B003SHD1F8","ProductIndex":82119}
{"itemId":"B004LE7DCY","ProductIndex":117912}
{"itemId":"B000068RNX","ProductIndex":109263}
{"itemId":"B009E56CUE","ProductIndex":161941}
{"itemId":"B000FVAXR4","ProductIndex":203743}
{"itemId":"B000EPM9NC","ProductIndex":79027}
{"itemId":"B008YZKA94","ProductIndex":89598}
{"itemId":"B0057QKZS4","ProductIndex":172304}
{"itemId":"B00EUMZ92S","ProductIndex":168323}
{"itemId":"B004B0H7CO","ProductIndex":139544}
{"itemId":"B000S5QIPS","ProductIndex":67819}
{"itemId":"B002P8M8FK","ProductIndex":149042}
{"itemId":"B002OOWD46","ProductIndex":153630}
{"itemId":"B00B5R5BOC","ProductIndex":37848}
{"itemId":"B003RDN2V6","ProductIndex":128975}
{"itemId":"B00G6BBORK","ProductIndex":161521}
{"itemId":"B0016CJK2K","ProductIndex":171852}
{"itemId":"B00B3EJH7E","ProductIndex":129818}
{"itemId":"B00C10V6BO","ProductIndex":119225}
{"itemId":"B002T75HAU","ProductIndex":165744}
{"itemId":"B00A529J2I","ProductIndex":139771}
{"itemId":"B000JTDP1I","ProductIndex":73422}
{"itemId":"B00CSYA0CO","ProductIndex":151376}
{"itemId":"B00CPCEIWM","ProductIndex":186553}
{"itemId":"B008BUQ4JC","ProductIndex":117956}
{"itemId":"B001UJEYKC","ProductIndex":96600}
{"itemId":"B00GX4Y1RK","ProductIndex":201973}
{"itemId":"B000B7925Q","ProductIndex":62811}
{"itemId":"B00722Y9G0","ProductIndex":83817}
{"itemId":"B0087L16XE","ProductIndex":115828}
{"itemId":"B001OF4HKO","ProductIndex":193943}
{"itemId":"B000W2ST9K","ProductIndex":147829}
{"itemId":"B002O0KM2K","ProductIndex":168893}
{"itemId":"B001R23JM6","ProductIndex":178306}
{"itemId":"B004HO58J8","ProductIndex":73320}
{"itemId":"B004TDCYMG","ProductIndex":202524}
{"itemId":"B000FJ4HS2","ProductIndex":207699}
{"itemId":"B004O3XKD8","ProductIndex":189671}
{"itemId":"B00IMUAYRY","ProductIndex":88573}
{"itemId":"B000BHZXNQ","ProductIndex":160413}
{"itemId":"B0059UGSIO","ProductIndex":64480}
{"itemId":"B001NJVRKO","ProductIndex":116077}
{"itemId":"B00DKNIV2I","ProductIndex":206041}
{"itemId":"B000HDLA22","ProductIndex":170905}
{"itemId":"B00FHFZF58","ProductIndex":204475}
{"itemId":"B0001OWN64","ProductIndex":174086}
{"itemId":"B00065WNRW","ProductIndex":157534}
{"itemId":"B007GN2OLM","ProductIndex":83449}
{"itemId":"B003YH8ELI","ProductIndex":167649}
{"itemId":"B006YN18FS","ProductIndex":101012}
{"itemId":"B006J6YU46","ProductIndex":206530}
{"itemId":"B008RFA3BQ","ProductIndex":97809}
{"itemId":"B00DP5LSEO","ProductIndex":148712}
{"itemId":"B0002YTJRY","ProductIndex":122833}
{"itemId":"B00GNKQ974","ProductIndex":164161}
{"itemId":"B008GQ09JW","ProductIndex":108683}
{"itemId":"B000INYYDI","ProductIndex":98934}
{"itemId":"B008CC44SM","ProductIndex":172681}
{"itemId":"B0041O5WV8","ProductIndex":91716}
{"itemId":"B003IDRG8K","ProductIndex":193201}
{"itemId":"B00C3JYZY8","ProductIndex":155890}
{"itemId":"B00006HMPG","ProductIndex":42959}
{"itemId":"B0050PGYJQ","ProductIndex":174077}
{"itemId":"B0002KRBT6","ProductIndex":177970}
{"itemId":"B004JX5FR2","ProductIndex":201823}
{"itemId":"B000JT7OYC","ProductIndex":112435}
{"itemId":"B0015ZUJLE","ProductIndex":140502}
{"itemId":"B00EOGGSRA","ProductIndex":197589}
{"itemId":"B0051GN91U","ProductIndex":130232}
{"itemId":"B0068XS0BE","ProductIndex":150700}
{"itemId":"B001EYU73Q","ProductIndex":172510}
{"itemId":"B00432S0L2","ProductIndex":191599}
{"itemId":"B003D4C6IE","ProductIndex":203390}
{"itemId":"B002BH8IY0","ProductIndex":197097}
{"itemId":"B000F6KPYK","ProductIndex":78010}
{"itemId":"B003ZAIEQY","ProductIndex":163714}
{"itemId":"B005GBKWBK","ProductIndex":101694}
{"itemId":"B007DBJ4OW","ProductIndex":173345}
{"itemId":"B008G3OC48","ProductIndex":178389}
{"itemId":"B0079RZYCG","ProductIndex":198001}
{"itemId":"B0055P3JWQ","ProductIndex":80591}
{"itemId":"B000I3ZDEC","ProductIndex":149545}
{"itemId":"B003E1Z44E","ProductIndex":145668}
{"itemId":"B004TXP34W","ProductIndex":147930}
{"itemId":"B009NG7HU8","ProductIndex":177248}
{"itemId":"B000Y1RS7S","ProductIndex":92947}
{"itemId":"B004BU4AAG","ProductIndex":107144}
{"itemId":"B0002JF5F4","ProductIndex":187942}
{"itemId":"B0000ZJDWQ","ProductIndex":149946}
{"itemId":"B00005RE3B","ProductIndex":186187}
{"itemId":"B00D8IQPA0","ProductIndex":106710}
{"itemId":"B00000J51O","ProductIndex":135996}
{"itemId":"B004TB7GGC","ProductIndex":167041}
{"itemId":"B0002AER84","ProductIndex":113824}
{"itemId":"B005TD7I1M","ProductIndex":130906}
{"itemId":"B00DWOYTIK","ProductIndex":83085}
{"itemId":"B007B5XP9A","ProductIndex":135939}
{"itemId":"B00000K3YE","ProductIndex":196984}
{"itemId":"B00009UTKL","ProductIndex":150701}
{"itemId":"B00A4E82DO","ProductIndex":123099}
{"itemId":"B0054EN48M","ProductIndex":148308}
{"itemId":"B00AIBDII2","ProductIndex":208041}
{"itemId":"B009XI4T6Q","ProductIndex":83627}
{"itemId":"B005HF6ERG","ProductIndex":191640}
{"itemId":"B000IIFRMK","ProductIndex":198853}
{"itemId":"B001E3VXSU","ProductIndex":122001}
{"itemId":"B00FWOWKS4","ProductIndex":107433}
{"itemId":"B002RHP0UO","ProductIndex":114785}
{"itemId":"B000KL351K","ProductIndex":184097}
{"itemId":"B003RDRSVG","ProductIndex":158099}
{"itemId":"B002LDLFKS","ProductIndex":144448}
{"itemId":"B000QDVNGG","ProductIndex":178423}
{"itemId":"B00000J1RN","ProductIndex":183836}
{"itemId":"B003ZX7VBU","ProductIndex":95961}
{"itemId":"B00ENQWWP8","ProductIndex":132837}
{"itemId":"B001ANZS4E","ProductIndex":199824}
{"itemId":"B0055A6IVK","ProductIndex":48150}
{"itemId":"B00005A46D","ProductIndex":140276}
{"itemId":"B00FADBHYA","ProductIndex":187542}
{"itemId":"B003ZM954C","ProductIndex":102125}
{"itemId":"B003CIBI0S","ProductIndex":115839}
{"itemId":"B000GIUXLC","ProductIndex":176757}
{"itemId":"B000JEGNWG","ProductIndex":160013}
{"itemId":"B000HC1PT6","ProductIndex":165732}
{"itemId":"B0000DK6CT","ProductIndex":152653}
{"itemId":"B009OUDAGS","ProductIndex":180899}
{"itemId":"B00AQKFSSI","ProductIndex":169042}
{"itemId":"B0051GNF14","ProductIndex":168520}
{"itemId":"B003UJ1SHC","ProductIndex":154487}
{"itemId":"B000M8RN1E","ProductIndex":174633}
{"itemId":"B0009VWYK4","ProductIndex":95941}
{"itemId":"B00CMQ4NYO","ProductIndex":105455}
{"itemId":"B000MXXHO6","ProductIndex":191251}
{"itemId":"B00AAHLWA0","ProductIndex":158791}
{"itemId":"B0028RXK96","ProductIndex":181482}
{"itemId":"B003KPTB9I","ProductIndex":82288}
{"itemId":"B003ATKHW4","ProductIndex":104170}
{"itemId":"B000CBRABE","ProductIndex":80742}
{"itemId":"B007XRDTKQ","ProductIndex":108984}
{"itemId":"B005I496WQ","ProductIndex":195339}
{"itemId":"B004Y7FG2C","ProductIndex":178661}
{"itemId":"B001VDGA7M","ProductIndex":192831}
{"itemId":"B003UGIYGI","ProductIndex":121196}
{"itemId":"B009MCS2UM","ProductIndex":201221}
{"itemId":"B005F79F7C","ProductIndex":150206}
{"itemId":"B005LWZKQ6","ProductIndex":114115}
{"itemId":"B001ANXN0A","ProductIndex":163986}
{"itemId":"B00BLV6Y9I","ProductIndex":111898}
{"itemId":"B007NTJ85Y","ProductIndex":120443}
{"itemId":"B0055XE74M","ProductIndex":175019}
{"itemId":"B000WQ2KD2","ProductIndex":177803}
{"itemId":"B00JJNQ8ZA","ProductIndex":129494}
{"itemId":"B003FG46EC","ProductIndex":154567}
{"itemId":"B0030BPK5Q","ProductIndex":137389}
{"itemId":"B008BQOSBC","ProductIndex":170496}
{"itemId":"B00E2UREOY","ProductIndex":192709}
{"itemId":"B002KCNYWC","ProductIndex":198450}
{"itemId":"B0056VOMHK","ProductIndex":110921}
{"itemId":"B0085T649Y","ProductIndex":136241}
{"itemId":"B007KUU3M8","ProductIndex":192354}
{"itemId":"B005ME8MOK","ProductIndex":178634}
{"itemId":"B003C1YF78","ProductIndex":107050}
{"itemId":"B003KKP7RS","ProductIndex":121744}
{"itemId":"B0088CJPEY","ProductIndex":150486}
{"itemId":"B001W9OTVY","ProductIndex":85206}
{"itemId":"B001TJR2XO","ProductIndex":159532}
{"itemId":"B00677HQFM","ProductIndex":129985}
{"itemId":"B00AWIYGO6","ProductIndex":116544}
{"itemId":"B006W5FHHS","ProductIndex":148720}
{"itemId":"B0090I485Q","ProductIndex":169828}
{"itemId":"B00DK7XRAA","ProductIndex":113976}
{"itemId":"B0000206GE","ProductIndex":159743}
{"itemId":"B00JLF74BI","ProductIndex":181977}
{"itemId":"B00K4DZ2RE","ProductIndex":192231}
{"itemId":"B006JHDW3U","ProductIndex":165459}
{"itemId":"B000XDF388","ProductIndex":177481}
{"itemId":"B008UI78YU","ProductIndex":165557}
{"itemId":"B0041EXD82","ProductIndex":182511}
{"itemId":"B00AI18MNI","ProductIndex":147545}
{"itemId":"B000EGUPE6","ProductIndex":136603}
{"itemId":"B0037J5ANI","ProductIndex":148878}
{"itemId":"B003YV5WM8","ProductIndex":149834}
{"itemId":"B0098SLGNU","ProductIndex":177534}
{"itemId":"B00005BAUO","ProductIndex":145456}
{"itemId":"B0041GYSAW","ProductIndex":109627}
{"itemId":"B00C7XGU8Y","ProductIndex":121024}
{"itemId":"B005E151O0","ProductIndex":200590}
{"itemId":"B000G7Z7KA","ProductIndex":195324}
{"itemId":"B00J59B9IE","ProductIndex":118982}
{"itemId":"B001RBSKVM","ProductIndex":151002}
{"itemId":"B0085NIVVE","ProductIndex":151184}
{"itemId":"B006JO22HU","ProductIndex":196009}
{"itemId":"B006LUG0EI","ProductIndex":121535}
{"itemId":"B000VRRCQC","ProductIndex":113283}
{"itemId":"B001AQZIZK","ProductIndex":135770}
{"itemId":"B002TLT6UI","ProductIndex":103823}
{"itemId":"B002V15S0S","ProductIndex":163228}
{"itemId":"B002T5JO8S","ProductIndex":208266}
{"itemId":"B000Q4FYN8","ProductIndex":139945}
{"itemId":"B009H622GI","ProductIndex":175900}
{"itemId":"B000E89D06","ProductIndex":185315}
{"itemId":"B00011F1KW","ProductIndex":197069}
{"itemId":"B000CQXYU0","ProductIndex":183713}
{"itemId":"B001TM0EY0","ProductIndex":158163}
{"itemId":"B0001B1AJS","ProductIndex":106015}
{"itemId":"B001LGZFZW","ProductIndex":159463}
{"itemId":"B000LV6UXO","ProductIndex":183466}
{"itemId":"B008XWHWMQ","ProductIndex":100425}
{"itemId":"B002MGT0UG","ProductIndex":120750}
{"itemId":"B003JJL224","ProductIndex":150956}
{"itemId":"B002VS63P0","ProductIndex":189280}
{"itemId":"B0024FA5DG","ProductIndex":121799}
{"itemId":"B000FA2HI8","ProductIndex":130638}
{"itemId":"B00D4V6Q28","ProductIndex":198286}
{"itemId":"B003N0Z48M","ProductIndex":191375}
{"itemId":"B005OUPC2W","ProductIndex":140883}
{"itemId":"B001LQ5XLS","ProductIndex":168696}
{"itemId":"B009PFIQ16","ProductIndex":192763}
{"itemId":"B0064EGHV2","ProductIndex":126339}
{"itemId":"B0013XVDXG","ProductIndex":150146}
{"itemId":"B002LYT9HI","ProductIndex":146008}
{"itemId":"B0006Q09JA","ProductIndex":164166}
{"itemId":"B000QFCJQ2","ProductIndex":165021}
{"itemId":"B007RPCMJ8","ProductIndex":161082}
{"itemId":"B00EH2C0HI","ProductIndex":160322}
{"itemId":"B000AM0HDI","ProductIndex":177514}
{"itemId":"B000L6KWAG","ProductIndex":207501}
{"itemId":"B000J19KCE","ProductIndex":182909}
{"itemId":"B008AAAL8I","ProductIndex":199874}
{"itemId":"B00CFGCHNA","ProductIndex":199235}
{"itemId":"B0038KNAE2","ProductIndex":196047}
{"itemId":"B000I8DUAG","ProductIndex":172292}
{"itemId":"B002N42XVA","ProductIndex":182566}
{"itemId":"B00A909BNI","ProductIndex":181929}
{"itemId":"B00005OTFW","ProductIndex":203254}
{"itemId":"B002MAPSAS","ProductIndex":88582}
{"itemId":"B00EN7U2DG","ProductIndex":170856}
{"itemId":"B00006HO35","ProductIndex":189971}
{"itemId":"B001CVL0VO","ProductIndex":151934}
{"itemId":"B000078XAK","ProductIndex":162792}
{"itemId":"B00FL3BQJ0","ProductIndex":159488}
{"itemId":"B00008KYRT","ProductIndex":186912}
{"itemId":"B00ARZ38RK","ProductIndex":204049}
{"itemId":"B00AAEF6V4","ProductIndex":190616}
{"itemId":"B002LF2LH2","ProductIndex":153066}
{"itemId":"B009EIBW4W","ProductIndex":194149}
{"itemId":"B004BOIWLU","ProductIndex":162157}
{"itemId":"B00BI7TQ5Y","ProductIndex":206016}
{"itemId":"B009P15QTA","ProductIndex":202072}
{"itemId":"B007QEF60C","ProductIndex":157196}
{"itemId":"B0058Y1VDI","ProductIndex":190497}
{"itemId":"B002Q48XXO","ProductIndex":162755}
{"itemId":"B007X6Q68O","ProductIndex":138011}
{"itemId":"B000BMRNYS","ProductIndex":165929}
{"itemId":"B008N035JW","ProductIndex":180212}
{"itemId":"B003T0VJM6","ProductIndex":201923}
{"itemId":"B0081420WS","ProductIndex":201649}
{"itemId":"B0059CTVB8","ProductIndex":163096}
{"itemId":"B0062FRM7Q","ProductIndex":180514}
{"itemId":"B00KH9H3EA","ProductIndex":156078}
{"itemId":"B004Y09WII","ProductIndex":144000}
{"itemId":"B000B5LZJE","ProductIndex":185771}
{"itemId":"B005GYRVCU","ProductIndex":172024}
{"itemId":"B0007VPKAC","ProductIndex":140296}
{"itemId":"B00CIRLN2C","ProductIndex":203493}
{"itemId":"B0007KQOI0","ProductIndex":149115}
{"itemId":"B000KL52IE","ProductIndex":198062}
{"itemId":"B002GZM8J8","ProductIndex":194055}
{"itemId":"B006GGHY8I","ProductIndex":160843}
{"itemId":"B001J1W6P6","ProductIndex":207598}
{"itemId":"B0014PYBJQ","ProductIndex":176229}
{"itemId":"B000AV6QR0","ProductIndex":178277}
{"itemId":"B004LJNY1S","ProductIndex":151429}
{"itemId":"B003HMTHKC","ProductIndex":186543}
{"itemId":"B0072H7Y9O","ProductIndex":157312}
{"itemId":"B00ESAYAQ8","ProductIndex":113447}
{"itemId":"B000ARISWU","ProductIndex":182549}
{"itemId":"B0078KTN2G","ProductIndex":187838}
{"itemId":"B002MJMVJ0","ProductIndex":187412}
{"itemId":"B000WLEZ0I","ProductIndex":156065}
{"itemId":"B00A34GO58","ProductIndex":203220}
{"itemId":"B0002472NM","ProductIndex":177785}
{"itemId":"B00AGATH6M","ProductIndex":196911}
{"itemId":"B008Z26K7M","ProductIndex":186849}
{"itemId":"B000VE0KNM","ProductIndex":135168}
{"itemId":"B006ZP42U8","ProductIndex":181273}
{"itemId":"B002B2WTD6","ProductIndex":186425}
{"itemId":"B0090848EM","ProductIndex":194098}
{"itemId":"B000S5MJ38","ProductIndex":147065}
{"itemId":"B0007LZENA","ProductIndex":201914}
{"itemId":"B003E2VROY","ProductIndex":187589}
{"itemId":"B00077IM60","ProductIndex":192670}
{"itemId":"B0059DRLSC","ProductIndex":171318}
{"itemId":"B000S35TAA","ProductIndex":187026}
{"itemId":"B004OA6YS4","ProductIndex":153874}
{"itemId":"B006OPIHB4","ProductIndex":183381}
{"itemId":"B00009UHDT","ProductIndex":181277}
{"itemId":"B005FIHOJ2","ProductIndex":189258}
{"itemId":"B005Z7MMOK","ProductIndex":168616}
{"itemId":"B005R41LOI","ProductIndex":202073}
{"itemId":"B00ENEMX68","ProductIndex":176925}
{"itemId":"B004QNXZ7C","ProductIndex":179043}
{"itemId":"B004O2F4MO","ProductIndex":208362}
{"itemId":"B004HIN828","ProductIndex":168650}
{"itemId":"B001638PHK","ProductIndex":194270}
{"itemId":"B004CM5D6S","ProductIndex":185848}
{"itemId":"B005CAQQGA","ProductIndex":192632}
{"itemId":"B0092OW2VK","ProductIndex":188822}
{"itemId":"B004990WBU","ProductIndex":203332}
{"itemId":"B00976YA36","ProductIndex":203742}
{"itemId":"B00AY6H0BC","ProductIndex":180375}
{"itemId":"B002VLYK5W","ProductIndex":138229}
{"itemId":"B000O50VC8","ProductIndex":159970}
{"itemId":"B00BC41AXE","ProductIndex":199325}
{"itemId":"B00EZM62WY","ProductIndex":199306}
{"itemId":"B0044D5VRG","ProductIndex":203176}
{"itemId":"B00IXMUTA8","ProductIndex":187723}
{"itemId":"B009E6J8W2","ProductIndex":125170}
{"itemId":"B004PN1YG2","ProductIndex":121997}
{"itemId":"B00J03PA7Q","ProductIndex":188874}
{"itemId":"B0000AUR26","ProductIndex":127699}
{"itemId":"B0082CVMIM","ProductIndex":168798}
{"itemId":"B00009MVGK","ProductIndex":175941}
{"itemId":"B0057QNGUS","ProductIndex":188756}
{"itemId":"B001JQTVI6","ProductIndex":169428}
{"itemId":"B003JFMRQS","ProductIndex":152468}
{"itemId":"B00068NF08","ProductIndex":181722}
{"itemId":"B00008S83P","ProductIndex":182484}
{"itemId":"B004U7MZF2","ProductIndex":184753}
{"itemId":"B009WV8LC2","ProductIndex":191973}
{"itemId":"B00294AOV0","ProductIndex":193982}
{"itemId":"B006NOGFDS","ProductIndex":190569}
{"itemId":"B00130JUIY","ProductIndex":177757}
{"itemId":"B0038WK7XW","ProductIndex":207460}
{"itemId":"B000JL8UP2","ProductIndex":189038}
{"itemId":"B002V15LSM","ProductIndex":178211}
