{"itemId":"B004U4XB62","ProductIndex":36112}
{"itemId":"B0097BEFWC","ProductIndex":3473}
{"itemId":"B003FSTAFK","ProductIndex":5486}
{"itemId":"B00C4P8E3E","ProductIndex":1813}
{"itemId":"B000BD1ADC","ProductIndex":46117}
{"itemId":"B003DZ9Z78","ProductIndex":4491}
{"itemId":"B00DIH8OW8","ProductIndex":10834}
{"itemId":"B00EOBXPXK","ProductIndex":91316}
{"itemId":"B008Y2QLEU","ProductIndex":165856}
{"itemId":"B001L1H0SC","ProductIndex":294}
{"itemId":"B002BU0DPE","ProductIndex":1684}
{"itemId":"B00685423M","ProductIndex":26484}
{"itemId":"B007P79R2I","ProductIndex":27904}
{"itemId":"B0006MD1Q2","ProductIndex":21829}
{"itemId":"B001Y3JLES","ProductIndex":5298}
{"itemId":"B000067REG","ProductIndex":15510}
{"itemId":"B005X1Y7I2","ProductIndex":140}
{"itemId":"B0051OPI1G","ProductIndex":106314}
{"itemId":"B005LJQO9G","ProductIndex":3998}
{"itemId":"B0024NKH0Y","ProductIndex":56911}
{"itemId":"B00632SB2I","ProductIndex":10554}
{"itemId":"B00005LLY4","ProductIndex":11074}
{"itemId":"B005PXOGWU","ProductIndex":12293}
{"itemId":"B00DIK37T0","ProductIndex":6166}
{"itemId":"B008BN75I8","ProductIndex":17178}
{"itemId":"B0036IJ6YE","ProductIndex":42345}
{"itemId":"B002MAPSDA","ProductIndex":1762}
{"itemId":"B0059ZPP9M","ProductIndex":92206}
{"itemId":"B0016MF7W2","ProductIndex":2684}
{"itemId":"B0001H4AYE","ProductIndex":59965}
{"itemId":"B001PNOH2I","ProductIndex":12060}
{"itemId":"B000RLBWJK","ProductIndex":37047}
{"itemId":"B003YH9EZ8","ProductIndex":3425}
{"itemId":"B00015Y0FK","ProductIndex":11560}
{"itemId":"B000EM2I3G","ProductIndex":32748}
{"itemId":"B0012XQBXY","ProductIndex":17723}
{"itemId":"B003BNY8B0","ProductIndex":11685}
{"itemId":"B0019M7WFY","ProductIndex":41064}
{"itemId":"B00009R6KK","ProductIndex":15489}
{"itemId":"B00000K135","ProductIndex":2866}
{"itemId":"B001QWX3G4","ProductIndex":147709}
{"itemId":"B008GVGP4A","ProductIndex":74981}
{"itemId":"B0051OM4ZO","ProductIndex":63304}
{"itemId":"B007XQRKD4","ProductIndex":18472}
{"itemId":"B002YF6ADU","ProductIndex":4977}
{"itemId":"B001FB6PJI","ProductIndex":8150}
{"itemId":"B006JXY0CQ","ProductIndex":22739}
{"itemId":"B005TCJJ9M","ProductIndex":4192}
{"itemId":"B001FVI91U","ProductIndex":1053}
{"itemId":"B00E5TP2MS","ProductIndex":36357}
{"itemId":"B007HE86UI","ProductIndex":10234}
{"itemId":"B005KUNU9I","ProductIndex":57850}
{"itemId":"B004BBHYBM","ProductIndex":72880}
{"itemId":"B005NGKR54","ProductIndex":448}
{"itemId":"B00003CWBX","ProductIndex":121358}
{"itemId":"B00426HI8U","ProductIndex":11747}
{"itemId":"B002HRFHVQ","ProductIndex":197693}
{"itemId":"B000068O6B","ProductIndex":6359}
{"itemId":"B0084M8C8S","ProductIndex":131807}
{"itemId":"B002R92CH6","ProductIndex":165184}
{"itemId":"B00BFDHVAS","ProductIndex":919}
{"itemId":"B001LUXQ4A","ProductIndex":59933}
{"itemId":"B00C9J195U","ProductIndex":95799}
{"itemId":"B00003CWDK","ProductIndex":9179}
{"itemId":"B004HNCRNO","ProductIndex":4716}
{"itemId":"B000FUVNX8","ProductIndex":12089}
{"itemId":"B0001LS154","ProductIndex":166430}
{"itemId":"B003960F7K","ProductIndex":11393}
{"itemId":"B004TS2AO8","ProductIndex":8831}
{"itemId":"B003BVVYSM","ProductIndex":2431}
{"itemId":"B0002Y6DGE","ProductIndex":39888}
{"itemId":"B0032G618O","ProductIndex":4012}
{"itemId":"B005KG3NQM","ProductIndex":29208}
{"itemId":"B000F78582","ProductIndex":2564}
{"itemId":"B007JTKM30","ProductIndex":18094}
{"itemId":"B0090A8TWW","ProductIndex":8371}
{"itemId":"B0037255F8","ProductIndex":90832}
{"itemId":"B007Q4EZEA","ProductIndex":70181}
{"itemId":"B005552V8E","ProductIndex":24527}
{"itemId":"B005WPD05U","ProductIndex":60884}
{"itemId":"B006MA8FWW","ProductIndex":19336}
{"itemId":"B003D8G8SY","ProductIndex":34023}
{"itemId":"B00CF5OHZ2","ProductIndex":2776}
{"itemId":"B004I43MGI","ProductIndex":78368}
{"itemId":"B0002HRBSU","ProductIndex":16008}
{"itemId":"B003MTT0ZW","ProductIndex":53366}
{"itemId":"B002F4RHYG","ProductIndex":32466}
{"itemId":"B008OE5E7S","ProductIndex":108661}
{"itemId":"B0016KJ9XW","ProductIndex":14529}
{"itemId":"B002WB433U","ProductIndex":4177}
{"itemId":"B0026NZNH4","ProductIndex":167774}
{"itemId":"B0058AFRZA","ProductIndex":10363}
{"itemId":"B0009NEUOU","ProductIndex":67238}
{"itemId":"B000PL3YCU","ProductIndex":89397}
{"itemId":"B009OV18SE","ProductIndex":6104}
{"itemId":"B005HB8AQI","ProductIndex":206385}
{"itemId":"B0001FTVEA","ProductIndex":804}
{"itemId":"B00336V9ZS","ProductIndex":118146}
{"itemId":"B008VHFON2","ProductIndex":166332}
{"itemId":"B000ET9788","ProductIndex":87089}
{"itemId":"B00538JZO6","ProductIndex":141836}
{"itemId":"B0006A7X2W","ProductIndex":28330}
{"itemId":"B0043YKWTS","ProductIndex":155215}
{"itemId":"B00AVLIQHW","ProductIndex":140985}
{"itemId":"B00200C7L8","ProductIndex":38750}
{"itemId":"B005HE0TAA","ProductIndex":111214}
{"itemId":"B00DDH4TYA","ProductIndex":8426}
{"itemId":"B0002BEQNE","ProductIndex":6855}
{"itemId":"B0032GTLH2","ProductIndex":4998}
{"itemId":"B001KW68QW","ProductIndex":128126}
{"itemId":"B00005NWQN","ProductIndex":33038}
{"itemId":"B006K54ZU0","ProductIndex":21185}
{"itemId":"B001UI4EQC","ProductIndex":2458}
{"itemId":"B00AAKLE4G","ProductIndex":5041}
{"itemId":"B003JOCR14","ProductIndex":4209}
{"itemId":"B007V1VZGE","ProductIndex":33207}
{"itemId":"B0058D8D3K","ProductIndex":13992}
{"itemId":"B002BDU6IU","ProductIndex":14756}
{"itemId":"B005CMP434","ProductIndex":12733}
{"itemId":"B00111JODG","ProductIndex":37909}
{"itemId":"B00A3TIVMW","ProductIndex":55532}
{"itemId":"B001LYPIIS","ProductIndex":5939}
{"itemId":"B004477D0K","ProductIndex":3645}
{"itemId":"B003YCW00E","ProductIndex":63908}
{"itemId":"B00008LUN6","ProductIndex":59061}
{"itemId":"B004YJFEJA","ProductIndex":9489}
{"itemId":"B003YNLWXE","ProductIndex":40903}
{"itemId":"B000DZTYYA","ProductIndex":149937}
{"itemId":"B005H3QG4O","ProductIndex":15748}
{"itemId":"B0030IXNXA","ProductIndex":89892}
{"itemId":"B003H3H690","ProductIndex":33428}
{"itemId":"B00BQ0RCQ8","ProductIndex":51158}
{"itemId":"B003XQPNXM","ProductIndex":58179}
{"itemId":"B00AEVCRME","ProductIndex":42575}
{"itemId":"B001A1TMTS","ProductIndex":60294}
{"itemId":"B007A4JTDI","ProductIndex":36849}
{"itemId":"B0055I183U","ProductIndex":11083}
{"itemId":"B0084L73QQ","ProductIndex":62170}
{"itemId":"B000PLSTXO","ProductIndex":27434}
{"itemId":"B000OQ9FI8","ProductIndex":85596}
{"itemId":"B000023VW2","ProductIndex":7602}
{"itemId":"B0050DXRES","ProductIndex":74815}
{"itemId":"B001NPEBME","ProductIndex":19966}
{"itemId":"B0009RML8S","ProductIndex":7238}
{"itemId":"B000VW6G9G","ProductIndex":50922}
{"itemId":"B000A42D2O","ProductIndex":34560}
{"itemId":"B00175YQT8","ProductIndex":68235}
{"itemId":"B000BHQCP4","ProductIndex":10541}
{"itemId":"B00HWO6CD6","ProductIndex":117241}
{"itemId":"B00006B8DX","ProductIndex":23969}
{"itemId":"B00194F9HK","ProductIndex":69401}
{"itemId":"B004X8FAY6","ProductIndex":68077}
{"itemId":"B0001D3K3A","ProductIndex":8527}
{"itemId":"B002LARY0Q","ProductIndex":49302}
{"itemId":"B00002SWHH","ProductIndex":11013}
{"itemId":"B002HSVNWM","ProductIndex":39776}
{"itemId":"B001PIY49O","ProductIndex":9989}
{"itemId":"B004U5UIWG","ProductIndex":121253}
{"itemId":"B00000JCTO","ProductIndex":13183}
{"itemId":"B004D1OBFW","ProductIndex":8236}
{"itemId":"B004D4917W","ProductIndex":4018}
{"itemId":"B000069K8N","ProductIndex":6024}
{"itemId":"B00026MSPC","ProductIndex":34808}
{"itemId":"B004X5XL3Q","ProductIndex":23736}
{"itemId":"B007B14HM8","ProductIndex":14395}
{"itemId":"B00AJF1J7O","ProductIndex":164372}
{"itemId":"B002KT5B62","ProductIndex":150069}
{"itemId":"B003I8G82U","ProductIndex":18843}
{"itemId":"B000U0UZT6","ProductIndex":109463}
{"itemId":"B00B2HUIWU","ProductIndex":78311}
{"itemId":"B004WJOL1E","ProductIndex":62670}
{"itemId":"B00CIVVT04","ProductIndex":36220}
{"itemId":"B003LY5RCS","ProductIndex":41260}
{"itemId":"B008K83ZH4","ProductIndex":52102}
{"itemId":"B000C1U8XG","ProductIndex":10132}
{"itemId":"B000GEQ0HW","ProductIndex":21738}
{"itemId":"B000LM7PCS","ProductIndex":35558}
{"itemId":"B008O4ZMT8","ProductIndex":169205}
{"itemId":"B00186R7M4","ProductIndex":24815}
{"itemId":"B007HOL92U","ProductIndex":79358}
{"itemId":"B008RHCQAA","ProductIndex":53258}
{"itemId":"B0053DPMVG","ProductIndex":171580}
{"itemId":"B00AG990GA","ProductIndex":93634}
{"itemId":"B004ZMC4TY","ProductIndex":93843}
{"itemId":"B007ZGAL6U","ProductIndex":28661}
{"itemId":"B000V01RLK","ProductIndex":7912}
{"itemId":"B0041BWT58","ProductIndex":31279}
{"itemId":"B009WG6JMG","ProductIndex":103169}
{"itemId":"B0006HU49E","ProductIndex":23624}
{"itemId":"B007FHIVZC","ProductIndex":195636}
{"itemId":"B002AQDRQQ","ProductIndex":64285}
{"itemId":"B007TSV4LK","ProductIndex":91155}
{"itemId":"B0057UAB2K","ProductIndex":13469}
{"itemId":"B00141AZR2","ProductIndex":11822}
{"itemId":"B007VIUSO2","ProductIndex":48412}
{"itemId":"B000EOM8NY","ProductIndex":67220}
{"itemId":"B00HWM5PMW","ProductIndex":93604}
{"itemId":"B008PABFX8","ProductIndex":57914}
{"itemId":"B005GVAWXS","ProductIndex":17223}
{"itemId":"B000QTGRK2","ProductIndex":79548}
{"itemId":"B009VP34IK","ProductIndex":25726}
{"itemId":"B002QD9KU0","ProductIndex":163941}
{"itemId":"B0013C9Y7E","ProductIndex":133444}
{"itemId":"B00004TIZW","ProductIndex":130791}
{"itemId":"B000088EDE","ProductIndex":63841}
{"itemId":"B00HM0IXLO","ProductIndex":44462}
{"itemId":"B00006YZ3Y","ProductIndex":12279}
{"itemId":"B005W1F6G0","ProductIndex":50521}
{"itemId":"B0007QN180","ProductIndex":48605}
{"itemId":"B000BO68NI","ProductIndex":69613}
{"itemId":"B004Z8G1XS","ProductIndex":194171}
{"itemId":"B00GVE7QEC","ProductIndex":87849}
{"itemId":"B004ETCLMI","ProductIndex":51033}
{"itemId":"B0040QE97A","ProductIndex":15525}
{"itemId":"B003JUT6D0","ProductIndex":143225}
{"itemId":"B00GGLANFY","ProductIndex":159673}
{"itemId":"B005WGFECQ","ProductIndex":8330}
{"itemId":"B0018KXFHQ","ProductIndex":58979}
{"itemId":"B009MML1UA","ProductIndex":26122}
{"itemId":"B0027ZAM9A","ProductIndex":26879}
{"itemId":"B005DIBIZ0","ProductIndex":31994}
{"itemId":"B003EG9A4E","ProductIndex":100256}
{"itemId":"B001G5ZTPY","ProductIndex":4134}
{"itemId":"B004SKC76S","ProductIndex":109603}
{"itemId":"B00BCS1EM2","ProductIndex":30209}
{"itemId":"B003SG9IOC","ProductIndex":34091}
{"itemId":"B00CWF63S4","ProductIndex":37227}
{"itemId":"B00EEBS9O0","ProductIndex":14497}
{"itemId":"B009FLHFNU","ProductIndex":65026}
{"itemId":"B00007LTBE","ProductIndex":148727}
{"itemId":"B008KGDSQO","ProductIndex":163203}
{"itemId":"B005GZ29BC","ProductIndex":57610}
{"itemId":"B0051JZGBI","ProductIndex":13164}
{"itemId":"B001T9NGOS","ProductIndex":79561}
{"itemId":"B004I5GY76","ProductIndex":71033}
{"itemId":"B0010BQWY6","ProductIndex":136462}
{"itemId":"B002TU59FA","ProductIndex":16267}
{"itemId":"B0007IP6YU","ProductIndex":57161}
{"itemId":"B002QJ626E","ProductIndex":28168}
{"itemId":"B000MT2N4U","ProductIndex":112474}
{"itemId":"B004Y11VLS","ProductIndex":103991}
{"itemId":"B002M3SO10","ProductIndex":10790}
{"itemId":"B00DKFFLMY","ProductIndex":70399}
{"itemId":"B0019M4FZE","ProductIndex":40068}
{"itemId":"B00345HIHQ","ProductIndex":112480}
{"itemId":"B00279V1KK","ProductIndex":16509}
{"itemId":"B00CST4LH4","ProductIndex":36716}
{"itemId":"B001T9N0V2","ProductIndex":126262}
{"itemId":"B005P7XTJ2","ProductIndex":139456}
{"itemId":"B00275F2GS","ProductIndex":11931}
{"itemId":"B007VA05HU","ProductIndex":11374}
{"itemId":"B004T45I0K","ProductIndex":25229}
{"itemId":"B000RL6XRG","ProductIndex":107306}
{"itemId":"B005EWTKS2","ProductIndex":143166}
{"itemId":"B000YFBQH2","ProductIndex":164842}
{"itemId":"B007ZHXFJY","ProductIndex":6479}
{"itemId":"B00IOS19E6","ProductIndex":72986}
{"itemId":"B00A771ZJG","ProductIndex":17521}
{"itemId":"B003KDCGHO","ProductIndex":17142}
{"itemId":"B00KI180XK","ProductIndex":103525}
{"itemId":"B000JCXUB0","ProductIndex":172643}
{"itemId":"B001N3KRH4","ProductIndex":188671}
{"itemId":"B0002E514E","ProductIndex":131394}
{"itemId":"B002BIQC6K","ProductIndex":73023}
{"itemId":"B004HO59XS","ProductIndex":10739}
{"itemId":"B0007PC4DY","ProductIndex":91999}
{"itemId":"B005HN237S","ProductIndex":41509}
{"itemId":"B0096KKLW2","ProductIndex":128367}
{"itemId":"B005HZMRI6","ProductIndex":152361}
{"itemId":"B003ICWB36","ProductIndex":192526}
{"itemId":"B0016P7HSG","ProductIndex":60666}
{"itemId":"B0009M1O9A","ProductIndex":20463}
{"itemId":"B00064V6SK","ProductIndex":10075}
{"itemId":"B000JKERJG","ProductIndex":19367}
{"itemId":"B00716310M","ProductIndex":119057}
{"itemId":"B005GLXO0Q","ProductIndex":66863}
{"itemId":"B004649W1Y","ProductIndex":35759}
{"itemId":"B0012NETFG","ProductIndex":72045}
{"itemId":"B007F88V5Q","ProductIndex":68121}
{"itemId":"B00B93TD1E","ProductIndex":147283}
{"itemId":"B002NX13NA","ProductIndex":64852}
{"itemId":"B0076GK4A2","ProductIndex":39766}
{"itemId":"B004L0K3KW","ProductIndex":33249}
{"itemId":"B001RNO92Y","ProductIndex":9264}
{"itemId":"B000292DO0","ProductIndex":14252}
{"itemId":"B000HDJXNA","ProductIndex":15649}
{"itemId":"B00FIOTK04","ProductIndex":51773}
{"itemId":"B00457X10A","ProductIndex":21838}
{"itemId":"B008OGEQU2","ProductIndex":33400}
{"itemId":"B007DC89OW","ProductIndex":21323}
{"itemId":"B003PBLKKU","ProductIndex":28957}
{"itemId":"B001F4YWH2","ProductIndex":26239}
{"itemId":"B009EM694G","ProductIndex":16032}
{"itemId":"B0019LX84E","ProductIndex":42930}
{"itemId":"B001H0GGYG","ProductIndex":30401}
{"itemId":"B004FJFBEC","ProductIndex":172387}
{"itemId":"B00AOGWQNY","ProductIndex":52932}
{"itemId":"B008KWPHGM","ProductIndex":95186}
{"itemId":"B00FP0GFJA","ProductIndex":96806}
{"itemId":"B00J3O9DYI","ProductIndex":40773}
{"itemId":"B0019U67Y8","ProductIndex":22877}
{"itemId":"B00FXOTJAA","ProductIndex":71844}
{"itemId":"B000TX904U","ProductIndex":117240}
{"itemId":"B00008YGFB","ProductIndex":139933}
{"itemId":"B005TJA3LI","ProductIndex":42872}
{"itemId":"B002P4KOCS","ProductIndex":46118}
{"itemId":"B008FKDK2M","ProductIndex":29924}
{"itemId":"B001QVLD8A","ProductIndex":15073}
{"itemId":"B00F0RD9QA","ProductIndex":75614}
{"itemId":"B005EQS5NY","ProductIndex":72988}
{"itemId":"B00CIDIOO6","ProductIndex":108624}
{"itemId":"B009AF4YRG","ProductIndex":56648}
{"itemId":"B004P7GAPI","ProductIndex":29836}
{"itemId":"B000792SA4","ProductIndex":18562}
{"itemId":"B00012BYXO","ProductIndex":38907}
{"itemId":"B006SRUNXS","ProductIndex":18178}
{"itemId":"B004CTY19Q","ProductIndex":202383}
{"itemId":"B00AJY7PB4","ProductIndex":171679}
{"itemId":"B007PJ2E8U","ProductIndex":41549}
{"itemId":"B003MG78HC","ProductIndex":95845}
{"itemId":"B002KKCNGM","ProductIndex":67625}
{"itemId":"B002ZV6YMA","ProductIndex":45007}
{"itemId":"B000P584UI","ProductIndex":43616}
{"itemId":"B000SE6LF6","ProductIndex":35531}
{"itemId":"B0000CC756","ProductIndex":124992}
{"itemId":"B004UBULSG","ProductIndex":80106}
{"itemId":"B00409GA2O","ProductIndex":149595}
{"itemId":"B00A47AGDK","ProductIndex":73464}
{"itemId":"B004COGM52","ProductIndex":90371}
{"itemId":"B001TK3DWC","ProductIndex":115914}
{"itemId":"B001R6TPW0","ProductIndex":59656}
{"itemId":"B000M0HUNI","ProductIndex":57451}
{"itemId":"B0006PKY5A","ProductIndex":21174}
{"itemId":"B0001FZCPM","ProductIndex":78945}
{"itemId":"B00B290M42","ProductIndex":28851}
{"itemId":"B007YPJMAI","ProductIndex":41991}
{"itemId":"B0018YXP5Y","ProductIndex":29337}
{"itemId":"B003U8K0N6","ProductIndex":30034}
{"itemId":"B00091SCZK","ProductIndex":199551}
{"itemId":"B002JAIFEC","ProductIndex":167093}
{"itemId":"B0007UPMJ2","ProductIndex":64401}
{"itemId":"B000I1DNE6","ProductIndex":97079}
{"itemId":"B001B2LPVE","ProductIndex":90027}
{"itemId":"B0000523XH","ProductIndex":193516}
{"itemId":"B009AJMOYC","ProductIndex":19812}
{"itemId":"B000CGG8LW","ProductIndex":74511}
{"itemId":"B008RN8MIY","ProductIndex":67510}
{"itemId":"B002NL9M62","ProductIndex":102724}
{"itemId":"B001DSVPNY","ProductIndex":72007}
{"itemId":"B000RTWBG0","ProductIndex":28638}
{"itemId":"B002QEBK7A","ProductIndex":111856}
{"itemId":"B009VUHTQI","ProductIndex":32703}
{"itemId":"B005VNJPXE","ProductIndex":208059}
{"itemId":"B005GCC5UA","ProductIndex":75661}
{"itemId":"B0050Q7E44","ProductIndex":126473}
{"itemId":"B003JC1FB4","ProductIndex":92779}
{"itemId":"B00A6G2LM8","ProductIndex":83605}
{"itemId":"B00067KRTG","ProductIndex":31001}
{"itemId":"B00009K3QF","ProductIndex":139419}
{"itemId":"B001N7PZRM","ProductIndex":109585}
{"itemId":"B008CS68R6","ProductIndex":182135}
{"itemId":"B001IVM51C","ProductIndex":148774}
{"itemId":"B0001XGQBS","ProductIndex":38805}
{"itemId":"B000UX0F0C","ProductIndex":138166}
{"itemId":"B000H92QXI","ProductIndex":88408}
{"itemId":"B0014CFSWS","ProductIndex":167728}
{"itemId":"B000P0OTNY","ProductIndex":103296}
{"itemId":"B004XNZNNO","ProductIndex":145162}
{"itemId":"B00004YYPR","ProductIndex":131982}
{"itemId":"B00GXFXAEE","ProductIndex":126606}
{"itemId":"B003SGRASS","ProductIndex":97754}
{"itemId":"B00CBD2X5E","ProductIndex":21368}
{"itemId":"B00BBFZPZ8","ProductIndex":177602}
{"itemId":"B0000CD08Z","ProductIndex":67042}
{"itemId":"B002HSXR5S","ProductIndex":107130}
{"itemId":"B0071C1J5K","ProductIndex":112970}
{"itemId":"B003FQVPXM","ProductIndex":34606}
{"itemId":"B001MRVG6M","ProductIndex":25422}
{"itemId":"B00BJ8PPC0","ProductIndex":191009}
{"itemId":"B000HI7P0I","ProductIndex":33542}
{"itemId":"B004YXJWMG","ProductIndex":93792}
{"itemId":"B0044UUYB2","ProductIndex":68271}
{"itemId":"B00AH7KN1W","ProductIndex":35219}
{"itemId":"B008EQZ4VM","ProductIndex":69230}
{"itemId":"B00BWYGPWU","ProductIndex":117660}
{"itemId":"B00EAYW9WE","ProductIndex":137515}
{"itemId":"B007XH6Y94","ProductIndex":36367}
{"itemId":"B002RGLP9U","ProductIndex":135716}
{"itemId":"B000VEHR2O","ProductIndex":162720}
{"itemId":"B00FMHLIXY","ProductIndex":147580}
{"itemId":"B00B49LQLI","ProductIndex":145390}
{"itemId":"B000138968","ProductIndex":158096}
{"itemId":"B005AXS0TK","ProductIndex":54157}
{"itemId":"B00FERPM0W","ProductIndex":104337}
{"itemId":"B0030DAV4O","ProductIndex":54659}
{"itemId":"B002Z0X9H4","ProductIndex":83875}
{"itemId":"B000EXHYKW","ProductIndex":69845}
{"itemId":"B003XQIZKK","ProductIndex":75510}
{"itemId":"B002NU5O24","ProductIndex":90423}
{"itemId":"B000Q2QHHM","ProductIndex":101425}
{"itemId":"B003N569UE","ProductIndex":49816}
{"itemId":"B00CBNZC2K","ProductIndex":21663}
{"itemId":"B002AVXDWE","ProductIndex":21129}
{"itemId":"B004FQDCUK","ProductIndex":114972}
{"itemId":"B000BPCWEQ","ProductIndex":34055}
{"itemId":"B00GTMBA7K","ProductIndex":76013}
{"itemId":"B00DHBDDX0","ProductIndex":73790}
{"itemId":"B001M5I7A2","ProductIndex":72491}
{"itemId":"B0018EDLCG","ProductIndex":26413}
{"itemId":"B002XH6IJK","ProductIndex":112496}
{"itemId":"B005UFCBL6","ProductIndex":79686}
{"itemId":"B000OY6CVI","ProductIndex":21549}
{"itemId":"B007Q5GUJC","ProductIndex":115957}
{"itemId":"B00007MIKM","ProductIndex":81858}
{"itemId":"B004YTPQDY","ProductIndex":144605}
{"itemId":"B001LMXMG0","ProductIndex":74292}
{"itemId":"B000HZF10W","ProductIndex":90584}
{"itemId":"B00C4QXZ6E","ProductIndex":141405}
{"itemId":"B006QYGFNA","ProductIndex":163492}
{"itemId":"B0029L6I3G","ProductIndex":131478}
{"itemId":"B00005AY8Q","ProductIndex":38051}
{"itemId":"B000I1VJHO","ProductIndex":31072}
{"itemId":"B004NBZ8BI","ProductIndex":48357}
{"itemId":"B002HEQDHG","ProductIndex":13146}
{"itemId":"B00K2MASE4","ProductIndex":50361}
{"itemId":"B0006ZBHOW","ProductIndex":62083}
{"itemId":"B0035V0UUQ","ProductIndex":24739}
{"itemId":"B008ILMAME","ProductIndex":111705}
{"itemId":"B00009XVOF","ProductIndex":79463}
{"itemId":"B000OOSITC","ProductIndex":139680}
{"itemId":"B00D06LX3Y","ProductIndex":39718}
{"itemId":"B00CEW3AF4","ProductIndex":144739}
{"itemId":"B003F2K42O","ProductIndex":96462}
{"itemId":"B002QY6MA0","ProductIndex":85974}
{"itemId":"B0000TQEEM","ProductIndex":146416}
{"itemId":"B00009V2OW","ProductIndex":122428}
{"itemId":"B005OK6N0M","ProductIndex":34772}
{"itemId":"B00121QIA2","ProductIndex":58893}
{"itemId":"B008EX26U2","ProductIndex":80445}
{"itemId":"B006ALDTRO","ProductIndex":80097}
{"itemId":"B0054RJ870","ProductIndex":30946}
{"itemId":"B00CDRVHNM","ProductIndex":142539}
{"itemId":"B004ET6R50","ProductIndex":130778}
{"itemId":"B002BSHD7W","ProductIndex":112525}
{"itemId":"B0073WDPEQ","ProductIndex":51087}
{"itemId":"B00FEZ3PCQ","ProductIndex":119926}
{"itemId":"B0034L90GM","ProductIndex":87555}
{"itemId":"B00657GBBO","ProductIndex":77829}
{"itemId":"B004BV4KI2","ProductIndex":35567}
{"itemId":"B0019M0G9I","ProductIndex":90650}
{"itemId":"B00BHZL6FA","ProductIndex":98846}
{"itemId":"B000VXWOAK","ProductIndex":63669}
{"itemId":"B002BW6DQ0","ProductIndex":103553}
{"itemId":"B009JBGR80","ProductIndex":12833}
{"itemId":"B0041O5ZHE","ProductIndex":98189}
{"itemId":"B008R535XE","ProductIndex":136541}
{"itemId":"B009GU97F4","ProductIndex":37769}
{"itemId":"B00CPR2E4Q","ProductIndex":135677}
{"itemId":"B0088QZSYQ","ProductIndex":68347}
{"itemId":"B0001QNLVS","ProductIndex":49576}
{"itemId":"B00741ICP8","ProductIndex":141196}
{"itemId":"B0007LCKLE","ProductIndex":128917}
{"itemId":"B000G69AYU","ProductIndex":172764}
{"itemId":"B007TXWQ8K","ProductIndex":195484}
{"itemId":"B007OJKQGI","ProductIndex":94288}
{"itemId":"B002U4KXRO","ProductIndex":165058}
{"itemId":"B005N9EQQC","ProductIndex":126772}
{"itemId":"B0008IVXH8","ProductIndex":88747}
{"itemId":"B000FZDIF4","ProductIndex":58502}
{"itemId":"B00009XZX0","ProductIndex":114421}
{"itemId":"B0001407XU","ProductIndex":31833}
{"itemId":"B00A9VW1W0","ProductIndex":186981}
{"itemId":"B0090SGLCO","ProductIndex":99877}
{"itemId":"B007ULT3EQ","ProductIndex":117053}
{"itemId":"B0006VY4KU","ProductIndex":84927}
{"itemId":"B0029U2XE0","ProductIndex":79715}
{"itemId":"B0071ORMPE","ProductIndex":148964}
{"itemId":"B0024G48MY","ProductIndex":83163}
{"itemId":"B002ZJILD2","ProductIndex":113229}
{"itemId":"B00006JQEJ","ProductIndex":82375}
{"itemId":"B002LC2ZP8","ProductIndex":65965}
{"itemId":"B00006B9W0","ProductIndex":144199}
{"itemId":"B00AKSS9M8","ProductIndex":69290}
{"itemId":"B0036VNPF2","ProductIndex":82796}
{"itemId":"B000WHANIA","ProductIndex":136823}
{"itemId":"B009IF2M3G","ProductIndex":44098}
{"itemId":"B00004Y2ZX","ProductIndex":74322}
{"itemId":"B00022RV9Y","ProductIndex":86103}
{"itemId":"B0070DG2Y8","ProductIndex":152064}
{"itemId":"B004KNO5R2","ProductIndex":122933}
{"itemId":"B000FJMMMK","ProductIndex":86268}
{"itemId":"B008533QCI","ProductIndex":83223}
{"itemId":"B0043B7WC6","ProductIndex":57842}
{"itemId":"B00067TYEK","ProductIndex":33101}
{"itemId":"B008MOIPM6","ProductIndex":137949}
{"itemId":"B008PVD5FS","ProductIndex":39452}
{"itemId":"B005H442GM","ProductIndex":104832}
{"itemId":"B000KKVFD6","ProductIndex":35963}
{"itemId":"B0062P5NFY","ProductIndex":123847}
{"itemId":"B006DJUNP4","ProductIndex":91785}
{"itemId":"B000JIGJR6","ProductIndex":92719}
{"itemId":"B0006DRQ76","ProductIndex":141634}
{"itemId":"B0046UXOMQ","ProductIndex":89393}
{"itemId":"B001JD8JP0","ProductIndex":139696}
{"itemId":"B0013N0U8U","ProductIndex":57073}
{"itemId":"B00CUMJ2KA","ProductIndex":40033}
{"itemId":"B000NPR1D6","ProductIndex":59269}
{"itemId":"B0064C0UJO","ProductIndex":71729}
{"itemId":"B0016BPNWW","ProductIndex":68061}
{"itemId":"B00INXAHCW","ProductIndex":124855}
{"itemId":"B0019FJJZ2","ProductIndex":154968}
{"itemId":"B008UE96L2","ProductIndex":12250}
{"itemId":"B002X4EUPC","ProductIndex":137574}
{"itemId":"B004Z4BYN4","ProductIndex":55438}
{"itemId":"B00581F43Y","ProductIndex":45491}
{"itemId":"B00166YVJS","ProductIndex":201943}
{"itemId":"B00006881L","ProductIndex":138621}
{"itemId":"B00B8UMMF2","ProductIndex":126825}
{"itemId":"B00EUU9XJU","ProductIndex":170181}
{"itemId":"B001RJQHZK","ProductIndex":37970}
{"itemId":"B004DP8ZFK","ProductIndex":170413}
{"itemId":"B003K1CZOK","ProductIndex":57359}
{"itemId":"B006TPPVKE","ProductIndex":75149}
{"itemId":"B0024NKGD2","ProductIndex":199736}
{"itemId":"B00DJEQLXY","ProductIndex":107250}
{"itemId":"B0041EQZAA","ProductIndex":97334}
{"itemId":"B00005MEP4","ProductIndex":67675}
{"itemId":"B000TR7AIO","ProductIndex":48107}
{"itemId":"B0036BOLHS","ProductIndex":172970}
{"itemId":"B003YFM7B8","ProductIndex":142589}
{"itemId":"B0029X44ZI","ProductIndex":170992}
{"itemId":"B000SJQ1TC","ProductIndex":167445}
{"itemId":"B001AWBN5S","ProductIndex":114392}
{"itemId":"B000B8ULM8","ProductIndex":133894}
{"itemId":"B00076QA56","ProductIndex":54504}
{"itemId":"B0069QZDTW","ProductIndex":187788}
{"itemId":"B000VXQZ82","ProductIndex":165520}
{"itemId":"B005ODKJCM","ProductIndex":137097}
{"itemId":"B001LQPLHO","ProductIndex":63094}
{"itemId":"B00008Y1AB","ProductIndex":142507}
{"itemId":"B003E6NP3G","ProductIndex":35984}
{"itemId":"B000GA7688","ProductIndex":110595}
{"itemId":"B002UOMNO0","ProductIndex":189922}
{"itemId":"B001PPY1IG","ProductIndex":129034}
{"itemId":"B002H9XRVQ","ProductIndex":95392}
{"itemId":"B004GL87OA","ProductIndex":76417}
{"itemId":"B000FCYG1M","ProductIndex":99040}
{"itemId":"B0035ER1G4","ProductIndex":58341}
{"itemId":"B000GC9210","ProductIndex":89292}
{"itemId":"B0080E1S2C","ProductIndex":174063}
{"itemId":"B003UOKLJI","ProductIndex":30813}
{"itemId":"B005Q02TTO","ProductIndex":202711}
{"itemId":"B00361ET5W","ProductIndex":175304}
{"itemId":"B00425XUEM","ProductIndex":104043}
{"itemId":"B002LITGA4","ProductIndex":81881}
{"itemId":"B000EH8OC0","ProductIndex":199799}
{"itemId":"B00020M092","ProductIndex":132672}
{"itemId":"B002WRIBOQ","ProductIndex":85182}
{"itemId":"B00JIK1QTM","ProductIndex":155755}
{"itemId":"B005GD01OQ","ProductIndex":128511}
{"itemId":"B000KDNZDQ","ProductIndex":137926}
{"itemId":"B000PFGQ44","ProductIndex":55582}
{"itemId":"B000BTDH0K","ProductIndex":50914}
{"itemId":"B006X25X4C","ProductIndex":91387}
{"itemId":"B002DVWN18","ProductIndex":42770}
{"itemId":"B00AA0VLM6","ProductIndex":153455}
{"itemId":"B000FU6MH0","ProductIndex":94601}
{"itemId":"B00005UKB9","ProductIndex":121170}
{"itemId":"B004FOR4I8","ProductIndex":186995}
{"itemId":"B000PDN428","ProductIndex":205058}
{"itemId":"B00DGE6C86","ProductIndex":85802}
{"itemId":"B0089CFWKE","ProductIndex":192938}
{"itemId":"B0082PW08A","ProductIndex":174068}
{"itemId":"B00GN5K45C","ProductIndex":80082}
{"itemId":"B004GHYAAE","ProductIndex":183112}
{"itemId":"B00008DD4W","ProductIndex":100539}
{"itemId":"9875918571","ProductIndex":194312}
{"itemId":"B002P33J76","ProductIndex":108417}
{"itemId":"B0063E404Y","ProductIndex":129514}
{"itemId":"B004CYMTM2","ProductIndex":171033}
{"itemId":"B00F4O196Q","ProductIndex":76138}
{"itemId":"B007MDFOOA","ProductIndex":145647}
{"itemId":"B003XTCFRQ","ProductIndex":63713}
{"itemId":"B003DREEWW","ProductIndex":127852}
{"itemId":"B00JFTGKAQ","ProductIndex":159398}
{"itemId":"B003U8ERVW","ProductIndex":40321}
{"itemId":"B00CTPQZI0","ProductIndex":185998}
{"itemId":"B00077IS32","ProductIndex":75195}
{"itemId":"B00CM4P0MK","ProductIndex":73945}
{"itemId":"B003EYVF3A","ProductIndex":138236}
{"itemId":"B0089NP528","ProductIndex":101074}
{"itemId":"B00HV2NQG0","ProductIndex":197335}
{"itemId":"B007NLE2YE","ProductIndex":142830}
{"itemId":"B002XW0KYO","ProductIndex":41155}
{"itemId":"B000NY64KI","ProductIndex":136278}
{"itemId":"B001F06OQS","ProductIndex":144790}
{"itemId":"B001HVOJT4","ProductIndex":97084}
{"itemId":"B0010DTOT4","ProductIndex":164806}
{"itemId":"B005SEMY34","ProductIndex":98869}
{"itemId":"B002RCIKL0","ProductIndex":116848}
{"itemId":"B000X2MH7Y","ProductIndex":107562}
{"itemId":"B00005NWQZ","ProductIndex":105881}
{"itemId":"B006VX52Q2","ProductIndex":67282}
{"itemId":"B008H3NXK6","ProductIndex":153636}
{"itemId":"B009OQYQ1K","ProductIndex":190940}
{"itemId":"B006HCR4H2","ProductIndex":66355}
{"itemId":"B000YDLMSW","ProductIndex":157617}
{"itemId":"B00GMEUEM2","ProductIndex":99907}
{"itemId":"B008AZU1CE","ProductIndex":141117}
{"itemId":"B006W1D5KS","ProductIndex":168419}
{"itemId":"B008OGNM9I","ProductIndex":113163}
{"itemId":"B003KJS2OE","ProductIndex":81640}
{"itemId":"B008YSF7WQ","ProductIndex":102560}
{"itemId":"B004N0IMPS","ProductIndex":159756}
{"itemId":"B004FP7F72","ProductIndex":93885}
{"itemId":"B00B7UME9M","ProductIndex":126255}
{"itemId":"B0098CVPBY","ProductIndex":109485}
{"itemId":"B004YW2P8U","ProductIndex":83478}
{"itemId":"B0019OUTCU","ProductIndex":190614}
{"itemId":"B007SJJL8I","ProductIndex":80529}
{"itemId":"B0019BGDM8","ProductIndex":125167}
{"itemId":"B0055UFJRE","ProductIndex":114718}
{"itemId":"B00B829SWA","ProductIndex":137262}
{"itemId":"B00005B9AE","ProductIndex":148470}
{"itemId":"B000U10XHY","ProductIndex":113627}
{"itemId":"B00GD4G1VO","ProductIndex":159935}
{"itemId":"B00852F9GU","ProductIndex":127338}
{"itemId":"B000KL36XC","ProductIndex":152436}
{"itemId":"B004AM6PHG","ProductIndex":187402}
{"itemId":"B000EHJD9S","ProductIndex":159126}
{"itemId":"B008FUCYQ0","ProductIndex":119258}
{"itemId":"B000IXD8HQ","ProductIndex":69092}
{"itemId":"B000QJ6UPO","ProductIndex":70638}
{"itemId":"B004AOB9YI","ProductIndex":62330}
{"itemId":"B00009R9E8","ProductIndex":103081}
{"itemId":"B000LKGL5C","ProductIndex":104599}
{"itemId":"B009GU98KI","ProductIndex":169166}
{"itemId":"B00JTHKB04","ProductIndex":46315}
{"itemId":"B00ADIJBD6","ProductIndex":203862}
{"itemId":"B00CB4KEXQ","ProductIndex":114241}
{"itemId":"B000RE4HB2","ProductIndex":113036}
{"itemId":"B0007LVJBQ","ProductIndex":63188}
{"itemId":"B0000AE678","ProductIndex":179490}
{"itemId":"B003KRQUG8","ProductIndex":133544}
{"itemId":"B00FYJHJMY","ProductIndex":178321}
{"itemId":"B00426BV1K","ProductIndex":77603}
{"itemId":"B00D3F7F4I","ProductIndex":46841}
{"itemId":"B0026KTZCG","ProductIndex":114040}
{"itemId":"B00857IL1A","ProductIndex":105379}
{"itemId":"B005M23XOG","ProductIndex":73066}
{"itemId":"B004UGOV1Y","ProductIndex":125159}
{"itemId":"B00005T3XM","ProductIndex":189268}
{"itemId":"B007AF73FS","ProductIndex":183914}
{"itemId":"B0083C1YCU","ProductIndex":97668}
{"itemId":"B00022EWLE","ProductIndex":57637}
{"itemId":"B00BZC09G2","ProductIndex":146669}
{"itemId":"B000J54JDK","ProductIndex":75310}
{"itemId":"B00CUM50YW","ProductIndex":63213}
{"itemId":"B00007J5VV","ProductIndex":193416}
{"itemId":"B001PDTDAY","ProductIndex":138789}
{"itemId":"B00AJVGLJ4","ProductIndex":196363}
{"itemId":"B00GWT3UOG","ProductIndex":118737}
{"itemId":"B001VIV8J2","ProductIndex":176115}
{"itemId":"B00CRF9UCU","ProductIndex":185360}
{"itemId":"B003TP8M7Q","ProductIndex":140556}
{"itemId":"B00A1EN0Y8","ProductIndex":187371}
{"itemId":"B0053F5TOY","ProductIndex":107666}
{"itemId":"B000CSQE0A","ProductIndex":178500}
{"itemId":"B003WO18Y8","ProductIndex":155331}
{"itemId":"B009H3MR9I","ProductIndex":52615}
{"itemId":"B004UVBOVE","ProductIndex":141467}
{"itemId":"B008DW8ZVS","ProductIndex":90280}
{"itemId":"B005LV2ZBA","ProductIndex":83396}
{"itemId":"B0030BNESG","ProductIndex":77357}
{"itemId":"B000OYJYGI","ProductIndex":87780}
{"itemId":"B000MVI3VK","ProductIndex":56038}
{"itemId":"B007JMYXEG","ProductIndex":128357}
{"itemId":"B00B1WRGGM","ProductIndex":77393}
{"itemId":"B004DMFJLG","ProductIndex":90977}
{"itemId":"B001MEC5NS","ProductIndex":193212}
{"itemId":"B001CU48MI","ProductIndex":31374}
{"itemId":"B001D21LGQ","ProductIndex":185617}
{"itemId":"B002W4NT7S","ProductIndex":111168}
{"itemId":"B005GTEERA","ProductIndex":138497}
{"itemId":"B0067I4Z4Q","ProductIndex":67822}
{"itemId":"B00H9411GC","ProductIndex":109642}
{"itemId":"B00F5HUYN6","ProductIndex":100791}
{"itemId":"B000063S3Z","ProductIndex":182498}
{"itemId":"B00DU6RY3W","ProductIndex":137421}
{"itemId":"B00GH35C6Q","ProductIndex":126243}
{"itemId":"B00005T3ZQ","ProductIndex":165788}
{"itemId":"B004JFAQEC","ProductIndex":65212}
{"itemId":"B00008N6RV","ProductIndex":53581}
{"itemId":"B00870XV9M","ProductIndex":192693}
{"itemId":"B004C45GZ4","ProductIndex":163313}
{"itemId":"B000H43ZQU","ProductIndex":125775}
{"itemId":"B000B6JQA8","ProductIndex":188917}
{"itemId":"B001NXE0X6","ProductIndex":98748}
{"itemId":"B008GPYVAG","ProductIndex":122419}
{"itemId":"B0002ZCJ8O","ProductIndex":119655}
{"itemId":"B00081GF8M","ProductIndex":89383}
{"itemId":"B004SN0UR8","ProductIndex":62939}
{"itemId":"B000165CBA","ProductIndex":108796}
{"itemId":"B00006BBGG","ProductIndex":198933}
{"itemId":"B002JPOK6E","ProductIndex":157806}
{"itemId":"B0035PS5AO","ProductIndex":66059}
{"itemId":"B004FVE8W6","ProductIndex":128413}
{"itemId":"B008MHWIBM","ProductIndex":83308}
{"itemId":"B00030FB7O","ProductIndex":98110}
{"itemId":"B0009824K2","ProductIndex":201652}
{"itemId":"B0011MZUII","ProductIndex":136651}
{"itemId":"B00114PN24","ProductIndex":61986}
{"itemId":"B001BQ9IIW","ProductIndex":199229}
{"itemId":"B00558OP9O","ProductIndex":47022}
{"itemId":"B006VYWHPU","ProductIndex":173339}
{"itemId":"B00068U3I0","ProductIndex":125624}
{"itemId":"B004DX5TAQ","ProductIndex":121918}
{"itemId":"B0054K8V7U","ProductIndex":96701}
{"itemId":"B007UXUV3G","ProductIndex":83099}
{"itemId":"B002IKLJRS","ProductIndex":112933}
{"itemId":"B00AB62KZ6","ProductIndex":174398}
{"itemId":"B0080PKQYW","ProductIndex":60301}
{"itemId":"B00BUAH6H4","ProductIndex":171270}
{"itemId":"B002XNQHNQ","ProductIndex":45305}
{"itemId":"B002KQ5JLW","ProductIndex":108116}
{"itemId":"B000GHVFJM","ProductIndex":130936}
{"itemId":"B002B5HT9M","ProductIndex":68058}
{"itemId":"B0067DPGF8","ProductIndex":115802}
{"itemId":"B0000636RZ","ProductIndex":112351}
{"itemId":"B00GME1WAK","ProductIndex":122548}
{"itemId":"B000XSU0DQ","ProductIndex":86032}
{"itemId":"B009DNLKFO","ProductIndex":184320}
{"itemId":"B006WAQJFC","ProductIndex":141881}
{"itemId":"B000GE9XRQ","ProductIndex":107509}
{"itemId":"B003Z4HG1E","ProductIndex":74282}
{"itemId":"B00B2OSZIW","ProductIndex":54810}
{"itemId":"B00HJVVSYA","ProductIndex":202757}
{"itemId":"B0031RGGE8","ProductIndex":110417}
{"itemId":"B0000511Z8","ProductIndex":103983}
{"itemId":"B004AQMHT2","ProductIndex":162217}
{"itemId":"B002BZQEKW","ProductIndex":44221}
{"itemId":"B00A3K9WCO","ProductIndex":128222}
{"itemId":"B000ICLMCU","ProductIndex":100797}
{"itemId":"B003W9PUCO","ProductIndex":69681}
{"itemId":"B006C4NV2M","ProductIndex":158001}
{"itemId":"B00B9FDCL4","ProductIndex":88660}
{"itemId":"B0079LGGKQ","ProductIndex":200706}
{"itemId":"B00AN2PTSI","ProductIndex":148360}
{"itemId":"B000FQ7PDY","ProductIndex":170253}
{"itemId":"B000MARHB8","ProductIndex":175352}
{"itemId":"B00KK90R1I","ProductIndex":171221}
{"itemId":"B001N1FZA0","ProductIndex":146348}
{"itemId":"B00468F9GC","ProductIndex":97136}
{"itemId":"B00508FBSI","ProductIndex":188633}
{"itemId":"B003TYFEJG","ProductIndex":126306}
{"itemId":"B00CAIBQ9E","ProductIndex":168234}
{"itemId":"B002RL8V6A","ProductIndex":103561}
{"itemId":"B003O4CWX2","ProductIndex":152807}
{"itemId":"B00029D380","ProductIndex":157272}
{"itemId":"B00006HOLS","ProductIndex":124974}
{"itemId":"B00HJ0MDCM","ProductIndex":134033}
{"itemId":"B00DQYAJI0","ProductIndex":174467}
{"itemId":"B0037ABVMG","ProductIndex":90682}
{"itemId":"B002BXBZBM","ProductIndex":192667}
{"itemId":"B00029TNA2","ProductIndex":138590}
{"itemId":"B00K4PAP10","ProductIndex":78909}
{"itemId":"B000W8VWBQ","ProductIndex":118126}
{"itemId":"B0002R0YTS","ProductIndex":112973}
{"itemId":"B001JTS81Y","ProductIndex":188930}
{"itemId":"B003B72GIS","ProductIndex":124487}
{"itemId":"B00A3DJO2E","ProductIndex":142309}
{"itemId":"B001IWOB54","ProductIndex":202096}
{"itemId":"B000DZFT1C","ProductIndex":60364}
{"itemId":"B001FYLITC","ProductIndex":147752}
{"itemId":"B000VEPC6W","ProductIndex":92342}
{"itemId":"B00H7O7186","ProductIndex":162963}
{"itemId":"B004QEX0N0","ProductIndex":117396}
{"itemId":"B005L43ZF2","ProductIndex":75942}
{"itemId":"B00EUDXQB8","ProductIndex":127592}
{"itemId":"B000BN6460","ProductIndex":91329}
{"itemId":"B001THXWJ4","ProductIndex":136424}
{"itemId":"B003MCPZIK","ProductIndex":186663}
{"itemId":"B00ATVQEIW","ProductIndex":133781}
{"itemId":"B00A25T2LQ","ProductIndex":85581}
{"itemId":"B001GIPMNK","ProductIndex":173633}
{"itemId":"B00144ABN2","ProductIndex":108536}
{"itemId":"B007MPMYH8","ProductIndex":195123}
{"itemId":"B009377UDQ","ProductIndex":160130}
{"itemId":"B006WRBW34","ProductIndex":204324}
{"itemId":"B00E4LGWLW","ProductIndex":115336}
{"itemId":"B001BM26UI","ProductIndex":155793}
{"itemId":"B009ZM9R0I","ProductIndex":149292}
{"itemId":"B004P1IU3Y","ProductIndex":135901}
{"itemId":"B003NE5IWK","ProductIndex":129995}
{"itemId":"B004AB35PW","ProductIndex":182714}
{"itemId":"B00587FYUG","ProductIndex":136746}
{"itemId":"B005C1B3C6","ProductIndex":164617}
{"itemId":"B00C5NGOZA","ProductIndex":71823}
{"itemId":"B002T3TLR4","ProductIndex":167659}
{"itemId":"B006SMHYU8","ProductIndex":146848}
{"itemId":"B00E9AJYQS","ProductIndex":204974}
{"itemId":"B00F8JHPLK","ProductIndex":114499}
{"itemId":"B0088YRX8W","ProductIndex":130881}
{"itemId":"B001JJCI42","ProductIndex":155593}
{"itemId":"B0042JGLIU","ProductIndex":142419}
{"itemId":"B00GCIQ97M","ProductIndex":125653}
{"itemId":"B001C5AUAM","ProductIndex":67130}
{"itemId":"B007BGGCU8","ProductIndex":117616}
{"itemId":"B00EBREHLQ","ProductIndex":155167}
{"itemId":"B000B75TFS","ProductIndex":154073}
{"itemId":"B003U5ABJM","ProductIndex":174976}
{"itemId":"B0088PHLBU","ProductIndex":169863}
{"itemId":"B006OUAO2E","ProductIndex":140097}
{"itemId":"B008Q26IJG","ProductIndex":188594}
{"itemId":"B0014YZIK8","ProductIndex":134812}
{"itemId":"B0009RNATW","ProductIndex":99044}
{"itemId":"B0009ETWII","ProductIndex":141165}
{"itemId":"B002ZWERH8","ProductIndex":168739}
{"itemId":"B0035HINFO","ProductIndex":126161}
{"itemId":"B000H35H9O","ProductIndex":77790}
{"itemId":"B007HXBMIW","ProductIndex":125483}
{"itemId":"B003N3CERI","ProductIndex":123801}
{"itemId":"B0049ZEO5O","ProductIndex":198228}
{"itemId":"B00004TZGF","ProductIndex":202804}
{"itemId":"B00555R2XS","ProductIndex":158720}
{"itemId":"B00BAUAUVS","ProductIndex":154375}
{"itemId":"B000H5IOSS","ProductIndex":111579}
{"itemId":"B000NVDBJS","ProductIndex":131531}
{"itemId":"B003OBZQQA","ProductIndex":102484}
{"itemId":"B007L3WOZS","ProductIndex":90283}
{"itemId":"B009A6CW6U","ProductIndex":105361}
{"itemId":"B00004X0ZQ","ProductIndex":157889}
{"itemId":"B002NKM3EG","ProductIndex":117924}
{"itemId":"B0013MWT3U","ProductIndex":170440}
{"itemId":"B009QWWQ5K","ProductIndex":172968}
{"itemId":"B002J9HBUM","ProductIndex":123413}
{"itemId":"B0007854Y2","ProductIndex":195046}
{"itemId":"B001GQ2QJA","ProductIndex":139409}
{"itemId":"B000W9EZ6O","ProductIndex":86691}
{"itemId":"B0051RTL02","ProductIndex":137080}
{"itemId":"B00AJEDSA6","ProductIndex":134929}
{"itemId":"B00006IS40","ProductIndex":87720}
{"itemId":"B001Y93OPY","ProductIndex":148233}
{"itemId":"B005Y9CGT0","ProductIndex":149749}
{"itemId":"B0050JJX7W","ProductIndex":92830}
{"itemId":"B00C7FT4S0","ProductIndex":197986}
{"itemId":"B006Z105Z8","ProductIndex":148957}
{"itemId":"B0000DJEG2","ProductIndex":177106}
{"itemId":"B00001U0SK","ProductIndex":122998}
{"itemId":"B001OS6VM8","ProductIndex":98808}
{"itemId":"B003LUBC08","ProductIndex":103195}
{"itemId":"B001HAXLSA","ProductIndex":168027}
{"itemId":"B00609I9LC","ProductIndex":117682}
{"itemId":"B00BUK29V2","ProductIndex":99951}
{"itemId":"B003ZX680K","ProductIndex":129172}
{"itemId":"B003WQ4URS","ProductIndex":107435}
{"itemId":"B00EPKUUMY","ProductIndex":138134}
{"itemId":"B003ZSI93O","ProductIndex":114602}
{"itemId":"B006BSSPWK","ProductIndex":83245}
{"itemId":"B000JEW4RO","ProductIndex":91379}
{"itemId":"B004BWNK82","ProductIndex":153978}
{"itemId":"B006ZINNU0","ProductIndex":141299}
{"itemId":"B00JJ3RCQO","ProductIndex":197610}
{"itemId":"B00A8MQ0OK","ProductIndex":163364}
{"itemId":"B008B264UE","ProductIndex":82177}
{"itemId":"B001MQ88BY","ProductIndex":166324}
{"itemId":"B00004T8RH","ProductIndex":165095}
{"itemId":"B003YVEZGM","ProductIndex":171787}
{"itemId":"B004C515BC","ProductIndex":188801}
{"itemId":"B0002E3JI4","ProductIndex":147593}
{"itemId":"B00083B8N2","ProductIndex":134574}
{"itemId":"B000TJSS1U","ProductIndex":170288}
{"itemId":"B00870WA3A","ProductIndex":173094}
{"itemId":"B008PTSDHU","ProductIndex":167373}
{"itemId":"B0095ZK448","ProductIndex":197634}
{"itemId":"B006BTLF58","ProductIndex":208267}
{"itemId":"B00006JQ5U","ProductIndex":133408}
{"itemId":"B000CNNCSC","ProductIndex":176499}
{"itemId":"B007C52WM0","ProductIndex":130528}
{"itemId":"B006A4OD4O","ProductIndex":193082}
{"itemId":"B000MX9R18","ProductIndex":195874}
{"itemId":"B002ZHHHX4","ProductIndex":123878}
{"itemId":"B008H67F84","ProductIndex":179324}
{"itemId":"B0058SKD4M","ProductIndex":177744}
{"itemId":"B00980P0IK","ProductIndex":169088}
{"itemId":"B001TUYUFQ","ProductIndex":198971}
{"itemId":"B0079T9WN6","ProductIndex":139990}
{"itemId":"B000MCGEQ0","ProductIndex":164878}
{"itemId":"B004IURUDS","ProductIndex":173906}
{"itemId":"B001AO2S78","ProductIndex":78504}
{"itemId":"B000LRJTMW","ProductIndex":108071}
{"itemId":"B00CXWWC40","ProductIndex":200128}
{"itemId":"B000KC0XPU","ProductIndex":89339}
{"itemId":"B0050BK3RO","ProductIndex":123468}
{"itemId":"B00FJXV4CQ","ProductIndex":175345}
{"itemId":"B00AO7AIFQ","ProductIndex":189371}
{"itemId":"B006OBE6OA","ProductIndex":127304}
{"itemId":"B002Y6RSI0","ProductIndex":206222}
{"itemId":"B002E1LOG2","ProductIndex":167530}
{"itemId":"B00AORTO6U","ProductIndex":202640}
{"itemId":"B000023VUD","ProductIndex":134743}
{"itemId":"B00004TDA2","ProductIndex":122924}
{"itemId":"B004SOM2U0","ProductIndex":136100}
{"itemId":"B008HUFTJW","ProductIndex":173369}
{"itemId":"B004P0OOFS","ProductIndex":153818}
{"itemId":"B003TMQYUQ","ProductIndex":126135}
{"itemId":"B00004W1TW","ProductIndex":99024}
{"itemId":"B0079PD6QE","ProductIndex":132224}
{"itemId":"B0057EJOTC","ProductIndex":189513}
{"itemId":"B0016D3AGQ","ProductIndex":154727}
{"itemId":"B007CUQWQW","ProductIndex":176539}
{"itemId":"B000EHI2PE","ProductIndex":208095}
{"itemId":"B00007CJO8","ProductIndex":171602}
{"itemId":"B00BQQNB0S","ProductIndex":161438}
{"itemId":"B00IMYMKO0","ProductIndex":200817}
{"itemId":"B002EA1F9E","ProductIndex":161694}
{"itemId":"B002KF2HAE","ProductIndex":192114}
{"itemId":"B006TOAY02","ProductIndex":113395}
{"itemId":"B0055AKL7M","ProductIndex":142431}
{"itemId":"B008D6FEHW","ProductIndex":190112}
{"itemId":"B004XT6YQI","ProductIndex":179446}
{"itemId":"B005DJ0JL8","ProductIndex":179271}
{"itemId":"B00FQI4PNO","ProductIndex":201627}
{"itemId":"B0068RCCRI","ProductIndex":181909}
{"itemId":"B009WS7VU8","ProductIndex":208054}
{"itemId":"B0080KO1GQ","ProductIndex":207475}
{"itemId":"B007W34VTE","ProductIndex":191538}
{"itemId":"B00GWQZQX2","ProductIndex":203237}
{"itemId":"B000OVA7S0","ProductIndex":200518}
{"itemId":"B0002J27OQ","ProductIndex":151684}
{"itemId":"B002Q0TKRQ","ProductIndex":115734}
{"itemId":"B00GEEJR8M","ProductIndex":202232}
{"itemId":"B001FWEE4K","ProductIndex":198803}
{"itemId":"B0030EWST4","ProductIndex":101752}
{"itemId":"B00009R8DC","ProductIndex":119818}
{"itemId":"B0007KK29C","ProductIndex":189455}
{"itemId":"B001WLM3VK","ProductIndex":162511}
{"itemId":"B0017LZIRQ","ProductIndex":207755}
{"itemId":"B00HVCXWAU","ProductIndex":134091}
{"itemId":"B003AHWTLI","ProductIndex":169641}
{"itemId":"B0039HS79C","ProductIndex":189126}
{"itemId":"B005B0RVLA","ProductIndex":87928}
{"itemId":"B002V1F2A4","ProductIndex":140414}
{"itemId":"B004WLOCQQ","ProductIndex":199154}
{"itemId":"B009C1VGWY","ProductIndex":180916}
{"itemId":"B00EO80ORI","ProductIndex":194060}
{"itemId":"B000FFS0JI","ProductIndex":125128}
{"itemId":"B007DFUKW8","ProductIndex":202256}
{"itemId":"B005SFK3MM","ProductIndex":188151}
{"itemId":"B003SOS5I4","ProductIndex":192837}
{"itemId":"B0019LXUC4","ProductIndex":154345}
{"itemId":"B003V829A2","ProductIndex":180600}
{"itemId":"B00CESSVKC","ProductIndex":129128}
{"itemId":"B0037QF7MU","ProductIndex":180248}
{"itemId":"B0000B3OTI","ProductIndex":196486}
{"itemId":"B004Z3WJBG","ProductIndex":168022}
{"itemId":"B00IO9KG1M","ProductIndex":196712}
{"itemId":"B00CE2DP0E","ProductIndex":139393}
{"itemId":"B003BWNGL4","ProductIndex":179881}
{"itemId":"B001TUYN2Q","ProductIndex":152019}
{"itemId":"B004VZ33Q8","ProductIndex":180990}
{"itemId":"B001H3PJCI","ProductIndex":161332}
{"itemId":"B00CDJZTPC","ProductIndex":206570}
{"itemId":"B00004SD9C","ProductIndex":164790}
{"itemId":"B004AL8LDS","ProductIndex":191105}
{"itemId":"B00GS9GKPG","ProductIndex":207986}
{"itemId":"B002N7XL22","ProductIndex":153346}
{"itemId":"B00ACNL6OY","ProductIndex":178177}
{"itemId":"B003XSL0FA","ProductIndex":135591}
{"itemId":"B002USKPJG","ProductIndex":194221}
{"itemId":"B000A61ONQ","ProductIndex":196321}
{"itemId":"B003MEY4OE","ProductIndex":182344}
{"itemId":"B009D5Q8FY","ProductIndex":189972}
{"itemId":"B00C9KUVWQ","ProductIndex":198554}
{"itemId":"B00735ZBS6","ProductIndex":204298}
{"itemId":"B00AIBHI0G","ProductIndex":202331}
{"itemId":"B001714UVG","ProductIndex":200396}
{"itemId":"B0013O4UZ8","ProductIndex":189770}
{"itemId":"B005GQEXME","ProductIndex":115909}
{"itemId":"B006SF6ACS","ProductIndex":167348}
{"itemId":"B0002060F2","ProductIndex":201728}
{"itemId":"B00G2KCFNW","ProductIndex":204516}
{"itemId":"B00744UTH4","ProductIndex":129616}
{"itemId":"B0057556ZC","ProductIndex":134527}
{"itemId":"B004G47I7Y","ProductIndex":137459}
{"itemId":"B001J55J4C","ProductIndex":184366}
{"itemId":"B003EIBERS","ProductIndex":179610}
{"itemId":"B001PYKFPU","ProductIndex":204426}
{"itemId":"B001VFOCK2","ProductIndex":196609}
{"itemId":"B008O53M12","ProductIndex":200387}
{"itemId":"B007BHE0ZG","ProductIndex":189241}
{"itemId":"B009RSEXG8","ProductIndex":197158}
{"itemId":"B00DTL8432","ProductIndex":194538}
{"itemId":"B0001NYK2U","ProductIndex":205049}
{"itemId":"B000MSFS48","ProductIndex":160070}
{"itemId":"B0014E9JWQ","ProductIndex":156418}
{"itemId":"B001JBDSI0","ProductIndex":181385}
{"itemId":"B00DZD5X38","ProductIndex":178807}
{"itemId":"B000TXZ990","ProductIndex":176607}
{"itemId":"B004EIMU8Y","ProductIndex":175246}
{"itemId":"B008SA57KC","ProductIndex":185912}
{"itemId":"B004ZKP5SI","ProductIndex":205818}
{"itemId":"B00GNKZKS8","ProductIndex":181054}
{"itemId":"B008Y7VADW","ProductIndex":198261}
{"itemId":"B000092P2O","ProductIndex":183555}
{"itemId":"B00B5RAGDS","ProductIndex":175801}
{"itemId":"B0072IB6HE","ProductIndex":182949}
{"itemId":"B000RPTT1O","ProductIndex":112518}
{"itemId":"B005D5HBZO","ProductIndex":203183}
{"itemId":"B006P24ROM","ProductIndex":204160}
{"itemId":"B00B2MMU1M","ProductIndex":183574}
{"itemId":"B001ADUE7U","ProductIndex":198812}
{"itemId":"B00DPAQL8W","ProductIndex":190409}
{"itemId":"B00C2JJ2P6","ProductIndex":204788}
{"itemId":"B001AO4KGA","ProductIndex":201097}
{"itemId":"B007M8SGPE","ProductIndex":182042}
