{"itemId":"B002XMP7K6","ProductIndex":13561}
{"itemId":"B00007IFED","ProductIndex":451}
{"itemId":"B00005B4BJ","ProductIndex":29285}
{"itemId":"B005WY3TD4","ProductIndex":1205}
{"itemId":"B003L9P3F4","ProductIndex":28603}
{"itemId":"B000MXTFXS","ProductIndex":93864}
{"itemId":"B000XY6N5Y","ProductIndex":9251}
{"itemId":"B0054I4Z0E","ProductIndex":124075}
{"itemId":"B003ES5ZUU","ProductIndex":2}
{"itemId":"B008KSJQW2","ProductIndex":14370}
{"itemId":"B008FXPW5C","ProductIndex":201373}
{"itemId":"B000BJMBB6","ProductIndex":114518}
{"itemId":"B003KN2TF8","ProductIndex":4667}
{"itemId":"B0058P5S9A","ProductIndex":5881}
{"itemId":"B00IL7B2YM","ProductIndex":10355}
{"itemId":"B0053VZUW4","ProductIndex":5997}
{"itemId":"B001AAVA08","ProductIndex":359}
{"itemId":"B001MX5YWI","ProductIndex":527}
{"itemId":"B00AZBMOPI","ProductIndex":28798}
{"itemId":"B004RJJMBI","ProductIndex":1535}
{"itemId":"B000E6G9RI","ProductIndex":421}
{"itemId":"B000IHVLNU","ProductIndex":121520}
{"itemId":"B008F4NL04","ProductIndex":456}
{"itemId":"B005CPGHAA","ProductIndex":133}
{"itemId":"B003WJR69E","ProductIndex":1505}
{"itemId":"B00B8YHJ3S","ProductIndex":145209}
{"itemId":"B0006G0IHI","ProductIndex":40407}
{"itemId":"B006ZH0JQM","ProductIndex":11588}
{"itemId":"B001U3YJMQ","ProductIndex":51941}
{"itemId":"B001OAUP3W","ProductIndex":33839}
{"itemId":"B000E39V9O","ProductIndex":4937}
{"itemId":"B000I97N1C","ProductIndex":56252}
{"itemId":"B003Y7PXSK","ProductIndex":2063}
{"itemId":"B00348SM82","ProductIndex":146032}
{"itemId":"B00GLJGJTA","ProductIndex":7895}
{"itemId":"B002L6937C","ProductIndex":11010}
{"itemId":"B0019FR68Y","ProductIndex":14166}
{"itemId":"B000MF7L46","ProductIndex":28093}
{"itemId":"B002SAJCYU","ProductIndex":6491}
{"itemId":"B00004Z68P","ProductIndex":11753}
{"itemId":"B002XN3OL4","ProductIndex":2533}
{"itemId":"B0019M3FXC","ProductIndex":131162}
{"itemId":"B004LNFJCQ","ProductIndex":5267}
{"itemId":"B004K6O3C6","ProductIndex":7571}
{"itemId":"B004R4F2X0","ProductIndex":106135}
{"itemId":"B004HIN97M","ProductIndex":8138}
{"itemId":"B0035AN31A","ProductIndex":6619}
{"itemId":"B00006JPRP","ProductIndex":12517}
{"itemId":"B00GDIIIPW","ProductIndex":25534}
{"itemId":"B008O7TPYI","ProductIndex":69481}
{"itemId":"B000PDD130","ProductIndex":45585}
{"itemId":"B004DJMCTG","ProductIndex":169962}
{"itemId":"B007Z92SKE","ProductIndex":44653}
{"itemId":"B00J58UBF2","ProductIndex":34818}
{"itemId":"B0032ALW5C","ProductIndex":16860}
{"itemId":"B004OYP634","ProductIndex":8853}
{"itemId":"B00EXK14S0","ProductIndex":4944}
{"itemId":"B002A6JX3C","ProductIndex":56535}
{"itemId":"B001J4HP9K","ProductIndex":52970}
{"itemId":"B007SZNY80","ProductIndex":32862}
{"itemId":"B000HCGAFK","ProductIndex":5257}
{"itemId":"B004PDY8QK","ProductIndex":11962}
{"itemId":"B00966OWKI","ProductIndex":14546}
{"itemId":"B0089KDCIU","ProductIndex":4728}
{"itemId":"B008V9USDQ","ProductIndex":59243}
{"itemId":"B0000W45A4","ProductIndex":108732}
{"itemId":"B00E8EE9DI","ProductIndex":41535}
{"itemId":"B00180DBY8","ProductIndex":30854}
{"itemId":"B00140B8JC","ProductIndex":11854}
{"itemId":"B0032XQP1K","ProductIndex":60400}
{"itemId":"B005H3AU1Y","ProductIndex":4148}
{"itemId":"B00020M1T6","ProductIndex":84754}
{"itemId":"B002O11LQA","ProductIndex":7992}
{"itemId":"B0029MGXGC","ProductIndex":47390}
{"itemId":"B000O7EXCA","ProductIndex":16718}
{"itemId":"B005I1UZEC","ProductIndex":45904}
{"itemId":"B002KETDNO","ProductIndex":67633}
{"itemId":"B000X1XP3U","ProductIndex":15076}
{"itemId":"B00267GDM4","ProductIndex":3892}
{"itemId":"B00AQX4T30","ProductIndex":7179}
{"itemId":"B006LG9R4M","ProductIndex":13515}
{"itemId":"B0003QER8C","ProductIndex":23142}
{"itemId":"B002TSHY64","ProductIndex":40537}
{"itemId":"B008V3TH48","ProductIndex":6080}
{"itemId":"B00520I9VA","ProductIndex":75368}
{"itemId":"B004AW6RUQ","ProductIndex":16958}
{"itemId":"B003BLQKI6","ProductIndex":1691}
{"itemId":"B0000CDJPQ","ProductIndex":9956}
{"itemId":"B00440D7W0","ProductIndex":8761}
{"itemId":"B000FG8KP6","ProductIndex":34951}
{"itemId":"B002RU92WI","ProductIndex":9122}
{"itemId":"B005M1777G","ProductIndex":10334}
{"itemId":"B000RWL33E","ProductIndex":160952}
{"itemId":"B00BXE3II8","ProductIndex":20892}
{"itemId":"B005RFOJT6","ProductIndex":1747}
{"itemId":"B002L6HEA0","ProductIndex":9545}
{"itemId":"B00DW4L7EE","ProductIndex":57454}
{"itemId":"B00ATGWDU0","ProductIndex":60362}
{"itemId":"B00GO1UV4E","ProductIndex":9481}
{"itemId":"B0002UUEXQ","ProductIndex":190518}
{"itemId":"B000XPSH70","ProductIndex":5036}
{"itemId":"B001N87XHG","ProductIndex":78708}
{"itemId":"B00752R9SM","ProductIndex":3211}
{"itemId":"B001P05N6U","ProductIndex":58947}
{"itemId":"B001AZP6O4","ProductIndex":4509}
{"itemId":"B00C46K0X0","ProductIndex":5239}
{"itemId":"B0085YH7JK","ProductIndex":28493}
{"itemId":"B004U65FM8","ProductIndex":22046}
{"itemId":"B006WBMA2C","ProductIndex":130688}
{"itemId":"B00CMLM7KG","ProductIndex":35180}
{"itemId":"B000PFA6PE","ProductIndex":5490}
{"itemId":"B0006ZLC3I","ProductIndex":104699}
{"itemId":"B0000CEOYI","ProductIndex":11541}
{"itemId":"B004Q81CKY","ProductIndex":2984}
{"itemId":"B002NXVNBC","ProductIndex":80463}
{"itemId":"B003H4QPJQ","ProductIndex":11363}
{"itemId":"B00CDS9HTM","ProductIndex":8631}
{"itemId":"B0029LA6QQ","ProductIndex":64162}
{"itemId":"B003633654","ProductIndex":65785}
{"itemId":"B008I62E5W","ProductIndex":166175}
{"itemId":"B00BYH3X8E","ProductIndex":28438}
{"itemId":"B003FZA1MY","ProductIndex":21639}
{"itemId":"B008XCM6Z4","ProductIndex":52744}
{"itemId":"B001MQ0ROU","ProductIndex":17940}
{"itemId":"B004GKZ75I","ProductIndex":102592}
{"itemId":"B0002KRCH2","ProductIndex":24340}
{"itemId":"B0028WT6WQ","ProductIndex":55049}
{"itemId":"B004LBXO2A","ProductIndex":48483}
{"itemId":"B000YIYPIG","ProductIndex":118650}
{"itemId":"B000GGWW2C","ProductIndex":89824}
{"itemId":"B005DNMJUI","ProductIndex":78405}
{"itemId":"B005HO1UHQ","ProductIndex":11212}
{"itemId":"B000R5LWRI","ProductIndex":3733}
{"itemId":"B003QADH9C","ProductIndex":71049}
{"itemId":"B000BPD330","ProductIndex":22714}
{"itemId":"B00AOLFDR0","ProductIndex":38396}
{"itemId":"B000LP4RMG","ProductIndex":13684}
{"itemId":"B004WY7VQQ","ProductIndex":158828}
{"itemId":"B009AOFNU4","ProductIndex":20659}
{"itemId":"B000068UXD","ProductIndex":90322}
{"itemId":"B00DHOBAQ4","ProductIndex":28044}
{"itemId":"B006QMM9XM","ProductIndex":33423}
{"itemId":"B003WGNPKQ","ProductIndex":19280}
{"itemId":"B006EK9O4I","ProductIndex":16424}
{"itemId":"B0031VXZIE","ProductIndex":127746}
{"itemId":"B003M5OXSK","ProductIndex":81619}
{"itemId":"B001E032VY","ProductIndex":43530}
{"itemId":"B00HHFSN9Q","ProductIndex":101276}
{"itemId":"B001716LMM","ProductIndex":21908}
{"itemId":"B004MMEI3W","ProductIndex":66422}
{"itemId":"B00DQZSFSA","ProductIndex":15569}
{"itemId":"B009DWIF4E","ProductIndex":128950}
{"itemId":"B000OH99JW","ProductIndex":20559}
{"itemId":"B005KP5MS0","ProductIndex":136400}
{"itemId":"B004EG0LS2","ProductIndex":13153}
{"itemId":"B0026IBI1O","ProductIndex":23290}
{"itemId":"B0093LINT2","ProductIndex":23399}
{"itemId":"B00EU9V3S0","ProductIndex":20375}
{"itemId":"B009NXOKOM","ProductIndex":14895}
{"itemId":"B006BZTVQM","ProductIndex":4027}
{"itemId":"B00073MP6W","ProductIndex":70229}
{"itemId":"B00008LUMV","ProductIndex":40526}
{"itemId":"B00477GK9W","ProductIndex":68534}
{"itemId":"B0000X5XQ8","ProductIndex":33403}
{"itemId":"B00CXKHSJG","ProductIndex":92068}
{"itemId":"B005552VPC","ProductIndex":75494}
{"itemId":"B000JDJJ82","ProductIndex":28345}
{"itemId":"B00009W3SK","ProductIndex":69469}
{"itemId":"B000LXXPS0","ProductIndex":169020}
{"itemId":"B000YHGAMG","ProductIndex":22630}
{"itemId":"B000AA2IC8","ProductIndex":7636}
{"itemId":"B003VIKF30","ProductIndex":37714}
{"itemId":"B00BUDVAW8","ProductIndex":89809}
{"itemId":"B0012X43P2","ProductIndex":2277}
{"itemId":"B004HGTO46","ProductIndex":154832}
{"itemId":"B002PJUNZQ","ProductIndex":93325}
{"itemId":"B0050KZ7C6","ProductIndex":107507}
{"itemId":"B000NAWJSI","ProductIndex":19832}
{"itemId":"B000GRU2ZK","ProductIndex":145696}
{"itemId":"B005JXAEGS","ProductIndex":5733}
{"itemId":"B0083PQ8B4","ProductIndex":23886}
{"itemId":"B009071UNA","ProductIndex":67199}
{"itemId":"B001OQC0H0","ProductIndex":26561}
{"itemId":"B000CDE6IW","ProductIndex":145371}
{"itemId":"B00ADC5SPW","ProductIndex":33984}
{"itemId":"B0055851VA","ProductIndex":9190}
{"itemId":"B00ALNR3E2","ProductIndex":32816}
{"itemId":"B00EV8GZA6","ProductIndex":32654}
{"itemId":"B002PNHA8K","ProductIndex":177093}
{"itemId":"B004JRKLN6","ProductIndex":165636}
{"itemId":"B005CV9N28","ProductIndex":136494}
{"itemId":"B000196C34","ProductIndex":19272}
{"itemId":"B005HFJFHW","ProductIndex":11765}
{"itemId":"B001RCTA88","ProductIndex":47488}
{"itemId":"B0002YDZYW","ProductIndex":173822}
{"itemId":"B008AZSNW4","ProductIndex":200556}
{"itemId":"B002ISVK3S","ProductIndex":31771}
{"itemId":"B003WV8PKG","ProductIndex":8187}
{"itemId":"B00342UT7K","ProductIndex":81923}
{"itemId":"B000FJRLNK","ProductIndex":52368}
{"itemId":"B003QL2EVI","ProductIndex":77284}
{"itemId":"B004BQDWIQ","ProductIndex":64063}
{"itemId":"B003LYTXPK","ProductIndex":39784}
{"itemId":"B0069ABLF8","ProductIndex":39873}
{"itemId":"B001CSAHKW","ProductIndex":152700}
{"itemId":"B0028ZCXQ4","ProductIndex":36459}
{"itemId":"B0039MXWZG","ProductIndex":134357}
{"itemId":"B00H06VXGC","ProductIndex":143326}
{"itemId":"B00BAQKWIS","ProductIndex":44197}
{"itemId":"B000VIA4CA","ProductIndex":16798}
{"itemId":"B000WEHWKK","ProductIndex":33201}
{"itemId":"B001P85IV2","ProductIndex":34568}
{"itemId":"B000IHBZHC","ProductIndex":17549}
{"itemId":"B004WK3G50","ProductIndex":21316}
{"itemId":"B005ZN90IA","ProductIndex":20238}
{"itemId":"B004MUBXO6","ProductIndex":44848}
{"itemId":"B00352LU5E","ProductIndex":135653}
{"itemId":"B009EPHE60","ProductIndex":54535}
{"itemId":"B003ZSHNH2","ProductIndex":24878}
{"itemId":"B000LP0R3E","ProductIndex":4564}
{"itemId":"B00066I4OC","ProductIndex":139901}
{"itemId":"B001E1OQL8","ProductIndex":113787}
{"itemId":"B00BIYG6U0","ProductIndex":14440}
{"itemId":"B00935X8EI","ProductIndex":27335}
{"itemId":"B00F2NSWGY","ProductIndex":69887}
{"itemId":"B009L7EEZA","ProductIndex":4868}
{"itemId":"B007AAUTG8","ProductIndex":20291}
{"itemId":"B009R9F8HU","ProductIndex":195804}
{"itemId":"B008L2QAXK","ProductIndex":20284}
{"itemId":"B005D0AE8K","ProductIndex":36771}
{"itemId":"B005HGSEFA","ProductIndex":45987}
{"itemId":"B00C771XD2","ProductIndex":131936}
{"itemId":"B006HVIS2S","ProductIndex":172432}
{"itemId":"B004ICQNHA","ProductIndex":112458}
{"itemId":"B0071EHL7S","ProductIndex":20107}
{"itemId":"B00IGM7YP8","ProductIndex":78435}
{"itemId":"B00GJ3Z9SA","ProductIndex":65663}
{"itemId":"B000VX9I3G","ProductIndex":65456}
{"itemId":"B001T9NGNY","ProductIndex":28687}
{"itemId":"B004ABC6U2","ProductIndex":55988}
{"itemId":"B005OMU95U","ProductIndex":152163}
{"itemId":"B004MWL6AA","ProductIndex":11763}
{"itemId":"B00008GU7R","ProductIndex":73723}
{"itemId":"B0000ACCJA","ProductIndex":31659}
{"itemId":"B00023T6WI","ProductIndex":165691}
{"itemId":"B00504G0U0","ProductIndex":20932}
{"itemId":"B002VMKU1O","ProductIndex":47655}
{"itemId":"B0047XWATK","ProductIndex":137768}
{"itemId":"B001BBR4MO","ProductIndex":124997}
{"itemId":"B000L9SCIW","ProductIndex":27552}
{"itemId":"B005J42CZ8","ProductIndex":30443}
{"itemId":"B00IVIHDRQ","ProductIndex":180332}
{"itemId":"B000I419SK","ProductIndex":154648}
{"itemId":"B003BEWI9I","ProductIndex":171628}
{"itemId":"B00BTY9NPE","ProductIndex":34899}
{"itemId":"B000PT94V2","ProductIndex":117171}
{"itemId":"B00465ZYJ2","ProductIndex":32828}
{"itemId":"B002BXDB28","ProductIndex":39510}
{"itemId":"B004RCNKCC","ProductIndex":109874}
{"itemId":"B004YCELVO","ProductIndex":142817}
{"itemId":"B0050JZD30","ProductIndex":81377}
{"itemId":"B0069LY4KG","ProductIndex":22969}
{"itemId":"B000YC380S","ProductIndex":30242}
{"itemId":"B007YDAARE","ProductIndex":43910}
{"itemId":"B004K4TUT4","ProductIndex":75256}
{"itemId":"B000V4YQGY","ProductIndex":34196}
{"itemId":"B003E2PQVY","ProductIndex":89247}
{"itemId":"B00F3V836Y","ProductIndex":174425}
{"itemId":"B00D1KX2JC","ProductIndex":54309}
{"itemId":"B00AN5J4RW","ProductIndex":43921}
{"itemId":"B003GAMQ1C","ProductIndex":43177}
{"itemId":"B000BOPEOW","ProductIndex":126502}
{"itemId":"B005ODJKCC","ProductIndex":69538}
{"itemId":"B004RAU3OC","ProductIndex":31006}
{"itemId":"B006D4D9C8","ProductIndex":77855}
{"itemId":"B0090A5DYO","ProductIndex":99552}
{"itemId":"B008P8LPF8","ProductIndex":78334}
{"itemId":"B003YV3W98","ProductIndex":135411}
{"itemId":"B0063AJYCG","ProductIndex":195598}
{"itemId":"B003GVMQ2U","ProductIndex":157679}
{"itemId":"B00418QLNW","ProductIndex":48160}
{"itemId":"B008O6HCOO","ProductIndex":134753}
{"itemId":"B0012UCO88","ProductIndex":14363}
{"itemId":"B007SY2CYS","ProductIndex":138447}
{"itemId":"B005HQ5BYW","ProductIndex":163966}
{"itemId":"B009AEP6YM","ProductIndex":109891}
{"itemId":"B00D12OBEA","ProductIndex":45111}
{"itemId":"B00AZ3OO9U","ProductIndex":138583}
{"itemId":"B003G546NS","ProductIndex":47154}
{"itemId":"B00CHGUJII","ProductIndex":23222}
{"itemId":"B00DTPQDQI","ProductIndex":35478}
{"itemId":"B006U64VT4","ProductIndex":45958}
{"itemId":"B00000DMA4","ProductIndex":146647}
{"itemId":"B001MRVGYY","ProductIndex":43546}
{"itemId":"B000AQE78A","ProductIndex":65240}
{"itemId":"B00025G08E","ProductIndex":90948}
{"itemId":"B000WG31SU","ProductIndex":77151}
{"itemId":"B00336EH8Y","ProductIndex":14364}
{"itemId":"B003UW8S1S","ProductIndex":32194}
{"itemId":"B0000899ZE","ProductIndex":49637}
{"itemId":"B00EY24CCC","ProductIndex":29517}
{"itemId":"B002X8VF4C","ProductIndex":25404}
{"itemId":"B00748IJ2M","ProductIndex":24039}
{"itemId":"B0093KD0KA","ProductIndex":172074}
{"itemId":"B0010DK37G","ProductIndex":24667}
{"itemId":"B006JHK864","ProductIndex":53873}
{"itemId":"B00ARSNT7Q","ProductIndex":16941}
{"itemId":"B00008XOH6","ProductIndex":46481}
{"itemId":"B00A8MAUF0","ProductIndex":102100}
{"itemId":"B004WOBOL4","ProductIndex":30258}
{"itemId":"B002ANWSX2","ProductIndex":85631}
{"itemId":"B0045XQHU0","ProductIndex":183076}
{"itemId":"B0092MHSPM","ProductIndex":207158}
{"itemId":"B009SJR8RM","ProductIndex":129570}
{"itemId":"B00B8ZKN2Q","ProductIndex":92159}
{"itemId":"B00BFFDF3I","ProductIndex":58629}
{"itemId":"B00EU9V3VW","ProductIndex":19413}
{"itemId":"B002BH4Q5K","ProductIndex":50579}
{"itemId":"B00AW4J35W","ProductIndex":28453}
{"itemId":"B006LX2PXK","ProductIndex":132142}
{"itemId":"B00CTGCPMY","ProductIndex":131364}
{"itemId":"B002KO63X2","ProductIndex":32106}
{"itemId":"B003G5ML9Y","ProductIndex":24420}
{"itemId":"B003GDFJSG","ProductIndex":73669}
{"itemId":"B00AJY3RDY","ProductIndex":91195}
{"itemId":"B00HUHGK1E","ProductIndex":88087}
{"itemId":"B004P1ITVC","ProductIndex":23101}
{"itemId":"B00I4OBXWI","ProductIndex":66514}
{"itemId":"B001FWCCUI","ProductIndex":81743}
{"itemId":"B00AALK34C","ProductIndex":150279}
{"itemId":"B001710LX2","ProductIndex":66872}
{"itemId":"B0000BVDG8","ProductIndex":28313}
{"itemId":"B004MCJOPO","ProductIndex":121448}
{"itemId":"B0091BRP8E","ProductIndex":79900}
{"itemId":"B0046QXYS4","ProductIndex":100598}
{"itemId":"B002NZFGKE","ProductIndex":114490}
{"itemId":"B0007WLOUG","ProductIndex":172462}
{"itemId":"B003TVDVO4","ProductIndex":28621}
{"itemId":"B005KPECL8","ProductIndex":92713}
{"itemId":"B00CTSW9Z0","ProductIndex":172529}
{"itemId":"B0038YX39A","ProductIndex":18377}
{"itemId":"B0098TMNL8","ProductIndex":84688}
{"itemId":"B003L1AG8G","ProductIndex":30218}
{"itemId":"B0026K5SVS","ProductIndex":54324}
{"itemId":"B0093RM5QI","ProductIndex":16696}
{"itemId":"B003YV21KY","ProductIndex":55956}
{"itemId":"B0015AAYZA","ProductIndex":32011}
{"itemId":"B003ZQWQKI","ProductIndex":173776}
{"itemId":"B002MZZUQU","ProductIndex":81544}
{"itemId":"B00A487IC6","ProductIndex":18140}
{"itemId":"B008WVM6FG","ProductIndex":19655}
{"itemId":"B00770WRXO","ProductIndex":60649}
{"itemId":"B000EOF30E","ProductIndex":67630}
{"itemId":"B00005AK8T","ProductIndex":96099}
{"itemId":"B002Y0QV2K","ProductIndex":27521}
{"itemId":"B00GIYYVO8","ProductIndex":111115}
{"itemId":"B00AVYOG5K","ProductIndex":110641}
{"itemId":"B009M45AAA","ProductIndex":22377}
{"itemId":"B003E2VPM8","ProductIndex":45823}
{"itemId":"B00G237CYQ","ProductIndex":72211}
{"itemId":"B0086GCR7E","ProductIndex":65990}
{"itemId":"B00AJU7IBK","ProductIndex":45238}
{"itemId":"B007136CKQ","ProductIndex":26856}
{"itemId":"B004QI6IUI","ProductIndex":33394}
{"itemId":"B008AS7ELW","ProductIndex":170411}
{"itemId":"B000087BX8","ProductIndex":42396}
{"itemId":"B00EL0EIGC","ProductIndex":5833}
{"itemId":"B00A6TCBO8","ProductIndex":117180}
{"itemId":"B00005N5XN","ProductIndex":29356}
{"itemId":"B000068IH7","ProductIndex":125133}
{"itemId":"B002GHCZMG","ProductIndex":26719}
{"itemId":"B001RF8G4O","ProductIndex":175880}
{"itemId":"B00E24DA02","ProductIndex":79736}
{"itemId":"B000CFJZMW","ProductIndex":120597}
{"itemId":"B005GYATUG","ProductIndex":51049}
{"itemId":"B002HK6WYY","ProductIndex":92167}
{"itemId":"B009C97GNE","ProductIndex":69966}
{"itemId":"B0072LD4TY","ProductIndex":33373}
{"itemId":"B00BGSPW9Y","ProductIndex":34872}
{"itemId":"B004O6MOC8","ProductIndex":40573}
{"itemId":"B00000JFMK","ProductIndex":39257}
{"itemId":"B005YFBQEA","ProductIndex":161861}
{"itemId":"B0007WDH3I","ProductIndex":53528}
{"itemId":"B00834SJKS","ProductIndex":35006}
{"itemId":"B0074YRGIY","ProductIndex":20744}
{"itemId":"B00267B6KI","ProductIndex":180423}
{"itemId":"B00BP54LEA","ProductIndex":84724}
{"itemId":"B001NPEB7E","ProductIndex":34937}
{"itemId":"B000AZZ6MC","ProductIndex":123472}
{"itemId":"B0002J2ANE","ProductIndex":39699}
{"itemId":"B00ABW6L5K","ProductIndex":21239}
{"itemId":"B000FL2DTA","ProductIndex":119315}
{"itemId":"B007719D8U","ProductIndex":55733}
{"itemId":"B00BKFXZHY","ProductIndex":125475}
{"itemId":"B00688EY2S","ProductIndex":101717}
{"itemId":"B008581VS4","ProductIndex":183524}
{"itemId":"B00BSGOVPA","ProductIndex":77910}
{"itemId":"B002SNB420","ProductIndex":90341}
{"itemId":"B008FSEBDG","ProductIndex":26167}
{"itemId":"B0002ZPIXM","ProductIndex":74619}
{"itemId":"B0039LBL2I","ProductIndex":28213}
{"itemId":"B0040Z65VO","ProductIndex":71875}
{"itemId":"B00759YVPE","ProductIndex":162982}
{"itemId":"B00AFRBF8O","ProductIndex":61297}
{"itemId":"B00AVZITR0","ProductIndex":125129}
{"itemId":"B0054KEJ3K","ProductIndex":134084}
{"itemId":"B00A47QY6I","ProductIndex":47432}
{"itemId":"B004IS11V2","ProductIndex":88159}
{"itemId":"B003ZM9TMA","ProductIndex":55963}
{"itemId":"B0087XM74E","ProductIndex":94628}
{"itemId":"B004715ILE","ProductIndex":27046}
{"itemId":"B001KZH6O2","ProductIndex":49766}
{"itemId":"B000MTVWWO","ProductIndex":171461}
{"itemId":"B0006U6GES","ProductIndex":204392}
{"itemId":"B000W9BAI0","ProductIndex":175264}
{"itemId":"B00AR95H0M","ProductIndex":62074}
{"itemId":"B000NMOIOE","ProductIndex":144469}
{"itemId":"B001GLWV0O","ProductIndex":156346}
{"itemId":"B007RFZCTK","ProductIndex":133672}
{"itemId":"B002VAIWA2","ProductIndex":119224}
{"itemId":"B006YGCJOE","ProductIndex":105046}
{"itemId":"B0038KUO64","ProductIndex":90693}
{"itemId":"B001HS87D6","ProductIndex":29001}
{"itemId":"B000F6TPDM","ProductIndex":161248}
{"itemId":"B00C9S5F1U","ProductIndex":102991}
{"itemId":"B003JME8SG","ProductIndex":102158}
{"itemId":"B000VDPCD6","ProductIndex":78229}
{"itemId":"B004C3IWNS","ProductIndex":92833}
{"itemId":"B000PVJ0Z0","ProductIndex":68148}
{"itemId":"B004SP0NMI","ProductIndex":59066}
{"itemId":"B000KO3MDI","ProductIndex":178929}
{"itemId":"B00E0EYIV4","ProductIndex":14206}
{"itemId":"B0071CGUOK","ProductIndex":180526}
{"itemId":"B002N5JJVQ","ProductIndex":72950}
{"itemId":"B000MVTXJQ","ProductIndex":49676}
{"itemId":"B00061HVKU","ProductIndex":63727}
{"itemId":"B000V7H1HM","ProductIndex":45968}
{"itemId":"B004Z2F7PC","ProductIndex":87364}
{"itemId":"B0030RY182","ProductIndex":71107}
{"itemId":"B000LPWFFM","ProductIndex":56612}
{"itemId":"B001JEJ2P0","ProductIndex":189997}
{"itemId":"B001RCTATW","ProductIndex":35242}
{"itemId":"B00GH3EJBA","ProductIndex":177418}
{"itemId":"B005SECGYQ","ProductIndex":82352}
{"itemId":"B00008NRQY","ProductIndex":87080}
{"itemId":"B00196YB5Y","ProductIndex":99425}
{"itemId":"B00009MKHA","ProductIndex":38506}
{"itemId":"B003V7B6FC","ProductIndex":32421}
{"itemId":"B000QC59EY","ProductIndex":91630}
{"itemId":"B000SAB6K0","ProductIndex":84530}
{"itemId":"B001TH8ORE","ProductIndex":184219}
{"itemId":"B0001H2APU","ProductIndex":107538}
{"itemId":"B005N0YPNA","ProductIndex":103375}
{"itemId":"B0076SIJP2","ProductIndex":53855}
{"itemId":"B00G5T1AGS","ProductIndex":130131}
{"itemId":"B0043KDP32","ProductIndex":46767}
{"itemId":"B00HOXFCDQ","ProductIndex":99591}
{"itemId":"B004TNPA40","ProductIndex":92622}
{"itemId":"B008HOSNUU","ProductIndex":59455}
{"itemId":"B00D8Q3P0A","ProductIndex":83156}
{"itemId":"B00AQUFGB2","ProductIndex":83043}
{"itemId":"B002SW0256","ProductIndex":137116}
{"itemId":"B0024NKHA4","ProductIndex":88381}
{"itemId":"B007H31EP8","ProductIndex":65896}
{"itemId":"B005K22JHA","ProductIndex":67570}
{"itemId":"B009D1UQ6A","ProductIndex":169011}
{"itemId":"B00AEGNE4E","ProductIndex":198263}
{"itemId":"B007NUPXTS","ProductIndex":49765}
{"itemId":"B00EOMU1LI","ProductIndex":118176}
{"itemId":"B000B7A66K","ProductIndex":118385}
{"itemId":"B00ATRL3ZA","ProductIndex":168598}
{"itemId":"B000EIXX3E","ProductIndex":63376}
{"itemId":"B00CVB12RG","ProductIndex":92083}
{"itemId":"B000063V09","ProductIndex":92302}
{"itemId":"B0056I8X9Q","ProductIndex":112077}
{"itemId":"B001EAYZUG","ProductIndex":180861}
{"itemId":"B00697WN8U","ProductIndex":99274}
{"itemId":"B008CPQYWI","ProductIndex":156414}
{"itemId":"B004ZKXYA4","ProductIndex":99042}
{"itemId":"B0020LR73U","ProductIndex":127989}
{"itemId":"B00E9CRJQ8","ProductIndex":87399}
{"itemId":"B00B2CZ4XI","ProductIndex":61757}
{"itemId":"B002ZW0S1M","ProductIndex":128373}
{"itemId":"B001A1IY42","ProductIndex":103512}
{"itemId":"B00439MO8U","ProductIndex":71127}
{"itemId":"B007Q92GAU","ProductIndex":100548}
{"itemId":"B008MT9VZ6","ProductIndex":53229}
{"itemId":"B00CA23C1K","ProductIndex":52005}
{"itemId":"B00A1D8Z1M","ProductIndex":99090}
{"itemId":"B000UY4XHW","ProductIndex":171641}
{"itemId":"B00F5JMYS2","ProductIndex":194715}
{"itemId":"B0007YRQHE","ProductIndex":144623}
{"itemId":"B009JXHTNU","ProductIndex":42503}
{"itemId":"B00B8XNCW6","ProductIndex":39681}
{"itemId":"B001UREOPO","ProductIndex":55501}
{"itemId":"B004OSOWJE","ProductIndex":97505}
{"itemId":"B00AJ2W87C","ProductIndex":98926}
{"itemId":"B00007B9L0","ProductIndex":107786}
{"itemId":"B003MWLLSS","ProductIndex":164089}
{"itemId":"B00GWLLRMQ","ProductIndex":137319}
{"itemId":"B005GM6O02","ProductIndex":123986}
{"itemId":"B001F7HFJG","ProductIndex":124753}
{"itemId":"B005HFCRD6","ProductIndex":69957}
{"itemId":"B004CPC6X8","ProductIndex":136384}
{"itemId":"B00BTEZC7M","ProductIndex":206305}
{"itemId":"B002MVFUG4","ProductIndex":141033}
{"itemId":"B0057P46TE","ProductIndex":118938}
{"itemId":"B0052CHJBO","ProductIndex":51861}
{"itemId":"B002J4RUHQ","ProductIndex":165774}
{"itemId":"B004J57A3M","ProductIndex":79004}
{"itemId":"B003BFTPH0","ProductIndex":169169}
{"itemId":"B003E2PS4O","ProductIndex":66229}
{"itemId":"B00123UGTO","ProductIndex":54678}
{"itemId":"B0074CCDTS","ProductIndex":83060}
{"itemId":"B007TKTYY2","ProductIndex":181745}
{"itemId":"B001HBIYEA","ProductIndex":159540}
{"itemId":"B004QUIPXO","ProductIndex":57987}
{"itemId":"B00BIP0T4S","ProductIndex":167227}
{"itemId":"B0002KRCTU","ProductIndex":24997}
{"itemId":"B000VDCGBC","ProductIndex":49013}
{"itemId":"B001MRVH9I","ProductIndex":71573}
{"itemId":"B003LYG470","ProductIndex":156856}
{"itemId":"B009IBX7YS","ProductIndex":161711}
{"itemId":"B00GTV05XG","ProductIndex":42633}
{"itemId":"B0065815R8","ProductIndex":159825}
{"itemId":"B0008FUCL4","ProductIndex":145955}
{"itemId":"B0007V7ZU0","ProductIndex":121202}
{"itemId":"B00DC54FK6","ProductIndex":120956}
{"itemId":"B003O1WMTY","ProductIndex":134948}
{"itemId":"B007NNNXUG","ProductIndex":173034}
{"itemId":"B003QRQ5DK","ProductIndex":78277}
{"itemId":"B0082PTB0U","ProductIndex":116006}
{"itemId":"B0099TNGG8","ProductIndex":21363}
{"itemId":"B005WKFWG0","ProductIndex":90481}
{"itemId":"B004HXKWGS","ProductIndex":125774}
{"itemId":"B001AZJLY0","ProductIndex":125852}
{"itemId":"B004MKNC2C","ProductIndex":146494}
{"itemId":"B003FP8A5E","ProductIndex":136300}
{"itemId":"B008RMMVMI","ProductIndex":54718}
{"itemId":"B00006I58S","ProductIndex":26916}
{"itemId":"B0009A5LGO","ProductIndex":157195}
{"itemId":"B003XO9768","ProductIndex":68960}
{"itemId":"B00CLJVGJW","ProductIndex":185611}
{"itemId":"B002QHKE9W","ProductIndex":141419}
{"itemId":"B000TH51EY","ProductIndex":158432}
{"itemId":"B00009V2P6","ProductIndex":138658}
{"itemId":"B0002Z4572","ProductIndex":52347}
{"itemId":"B0015QV2YG","ProductIndex":27262}
{"itemId":"B000HDIYEO","ProductIndex":64506}
{"itemId":"B000ENON1A","ProductIndex":55753}
{"itemId":"B0045FQ6PE","ProductIndex":129686}
{"itemId":"B003TU06O8","ProductIndex":147673}
{"itemId":"B00G5R9YPY","ProductIndex":73613}
{"itemId":"B008MID2NY","ProductIndex":136174}
{"itemId":"B000VNKGKU","ProductIndex":155645}
{"itemId":"B009YDPLNU","ProductIndex":23098}
{"itemId":"B005711U9M","ProductIndex":103937}
{"itemId":"B004HJ7JX6","ProductIndex":63678}
{"itemId":"B000068BRK","ProductIndex":90656}
{"itemId":"B00004Y7Y2","ProductIndex":72481}
{"itemId":"B0001G6U4I","ProductIndex":70548}
{"itemId":"B004IKAPOO","ProductIndex":50266}
{"itemId":"B00006483M","ProductIndex":139219}
{"itemId":"B000RZBG1A","ProductIndex":151847}
{"itemId":"B0023RT0VS","ProductIndex":157299}
{"itemId":"B00445Z9X0","ProductIndex":173023}
{"itemId":"B00A743A06","ProductIndex":41626}
{"itemId":"B008IYPPPA","ProductIndex":172512}
{"itemId":"B0034CDKJY","ProductIndex":182039}
{"itemId":"B0036R9WSK","ProductIndex":75080}
{"itemId":"B004GIFYEE","ProductIndex":95584}
{"itemId":"B00CV9MNH6","ProductIndex":78384}
{"itemId":"B00CS8QEDO","ProductIndex":102649}
{"itemId":"B001AUUR34","ProductIndex":89303}
{"itemId":"B004DAN3GQ","ProductIndex":57929}
{"itemId":"B000V7ETRM","ProductIndex":57420}
{"itemId":"B001AHUPRA","ProductIndex":35647}
{"itemId":"B001HQA1FK","ProductIndex":54171}
{"itemId":"B00DOR95TS","ProductIndex":97692}
{"itemId":"B00857J2IQ","ProductIndex":52686}
{"itemId":"B004N8UT4M","ProductIndex":202097}
{"itemId":"B006GJDB4Q","ProductIndex":116610}
{"itemId":"B006UKCXZO","ProductIndex":208120}
{"itemId":"B00654MFXU","ProductIndex":79404}
{"itemId":"B0044KTNRS","ProductIndex":58681}
{"itemId":"B004J183L4","ProductIndex":116119}
{"itemId":"B00897BAS2","ProductIndex":37948}
{"itemId":"B00B18AMQW","ProductIndex":53795}
{"itemId":"B00067ZF4I","ProductIndex":202587}
{"itemId":"B00FA4UMYU","ProductIndex":102850}
{"itemId":"B005JU2PAY","ProductIndex":156164}
{"itemId":"B00007AKBP","ProductIndex":158895}
{"itemId":"B0040GJJ0M","ProductIndex":159417}
{"itemId":"B000ARIT5Q","ProductIndex":60145}
{"itemId":"B002RLE1P0","ProductIndex":115394}
{"itemId":"B0093GPTVC","ProductIndex":136915}
{"itemId":"B0019BJZA0","ProductIndex":79947}
{"itemId":"B00IB04M5K","ProductIndex":92748}
{"itemId":"B0087MP6VQ","ProductIndex":139900}
{"itemId":"B0033RH30C","ProductIndex":64664}
{"itemId":"B002VVOJTE","ProductIndex":159870}
{"itemId":"B0075814SC","ProductIndex":49052}
{"itemId":"B0006NAB9G","ProductIndex":23670}
{"itemId":"B007XDFO7G","ProductIndex":190727}
{"itemId":"B008O7TQWY","ProductIndex":58900}
{"itemId":"B0002P1A2K","ProductIndex":94935}
{"itemId":"B0046D3VNK","ProductIndex":160361}
{"itemId":"B004436EEU","ProductIndex":80949}
{"itemId":"B008ABL18G","ProductIndex":102593}
{"itemId":"B005HY4UHI","ProductIndex":39772}
{"itemId":"B000YCDPWO","ProductIndex":95600}
{"itemId":"B00F97BBZ2","ProductIndex":52155}
{"itemId":"B0035CQFDG","ProductIndex":113305}
{"itemId":"B0016WLSK2","ProductIndex":190731}
{"itemId":"B004MU9X0M","ProductIndex":127066}
{"itemId":"B003XUZD7Y","ProductIndex":141955}
{"itemId":"B00BEZ7BSO","ProductIndex":197028}
{"itemId":"B002KQ5KBQ","ProductIndex":79882}
{"itemId":"B000ND75BG","ProductIndex":60908}
{"itemId":"B008EEQ63E","ProductIndex":154912}
{"itemId":"B00H7TQDWQ","ProductIndex":118103}
{"itemId":"B00004ZCDV","ProductIndex":89395}
{"itemId":"B0079LGHRS","ProductIndex":87356}
{"itemId":"B000SXU21Q","ProductIndex":121904}
{"itemId":"B003JME4HQ","ProductIndex":35469}
{"itemId":"B001HBIZPI","ProductIndex":95240}
{"itemId":"B00CYP946K","ProductIndex":166370}
{"itemId":"B00A40QRXK","ProductIndex":157897}
{"itemId":"B0012XAUA4","ProductIndex":78195}
{"itemId":"B001OEXT36","ProductIndex":146380}
{"itemId":"B005UEB5TQ","ProductIndex":86005}
{"itemId":"B003RCP3WS","ProductIndex":129067}
{"itemId":"B001AEED8U","ProductIndex":100459}
{"itemId":"B003U8K388","ProductIndex":51858}
{"itemId":"B0026781LA","ProductIndex":126734}
{"itemId":"B00A5Y155K","ProductIndex":146305}
{"itemId":"B00BU7Q1JG","ProductIndex":90461}
{"itemId":"B00375LC5M","ProductIndex":83279}
{"itemId":"B00AQKFNHY","ProductIndex":164860}
{"itemId":"B009GHXMN0","ProductIndex":125902}
{"itemId":"B00D6VRUBM","ProductIndex":70213}
{"itemId":"B000E15B1S","ProductIndex":86869}
{"itemId":"B00JO64MY6","ProductIndex":133865}
{"itemId":"B0033C10DS","ProductIndex":181536}
{"itemId":"B002SLUTD2","ProductIndex":121043}
{"itemId":"B00943P9FA","ProductIndex":100263}
{"itemId":"B000ZHS9Y2","ProductIndex":130099}
{"itemId":"B004U29BL8","ProductIndex":63282}
{"itemId":"B001MSPLKS","ProductIndex":62854}
{"itemId":"B00008ANKZ","ProductIndex":76000}
{"itemId":"B00K3GICEC","ProductIndex":152198}
{"itemId":"B0002SLBQC","ProductIndex":166715}
{"itemId":"B005INAN06","ProductIndex":155286}
{"itemId":"B001EYV8IY","ProductIndex":59557}
{"itemId":"B004WI7HXE","ProductIndex":87102}
{"itemId":"B004M2RIJI","ProductIndex":65901}
{"itemId":"B003411CX6","ProductIndex":146223}
{"itemId":"B002WHFMN4","ProductIndex":105912}
{"itemId":"B0053VLNN4","ProductIndex":125620}
{"itemId":"B00183OX7Y","ProductIndex":79957}
{"itemId":"B00CSMAYPO","ProductIndex":90695}
{"itemId":"B00DZIALQC","ProductIndex":176413}
{"itemId":"B0068LBI4M","ProductIndex":130001}
{"itemId":"B00CMWRT08","ProductIndex":146819}
{"itemId":"B0062B2WB6","ProductIndex":65235}
{"itemId":"B00860R4AK","ProductIndex":100697}
{"itemId":"B000QEH0AS","ProductIndex":101082}
{"itemId":"B00APR79Z2","ProductIndex":144335}
{"itemId":"B0002MQGEU","ProductIndex":90532}
{"itemId":"B00965SMLO","ProductIndex":192942}
{"itemId":"B0002QNDL0","ProductIndex":108103}
{"itemId":"B0091YN9GI","ProductIndex":80972}
{"itemId":"B00E5NFVS4","ProductIndex":157143}
{"itemId":"B00FLZ4HNU","ProductIndex":79941}
{"itemId":"B00E8YLCWE","ProductIndex":199188}
{"itemId":"B00064FXTI","ProductIndex":47260}
{"itemId":"B002NCI708","ProductIndex":147734}
{"itemId":"B0055MYNWY","ProductIndex":101542}
{"itemId":"B0001GU882","ProductIndex":110153}
{"itemId":"B005MW2HY8","ProductIndex":149144}
{"itemId":"B0007KXW3U","ProductIndex":141409}
{"itemId":"B004MF0Z2C","ProductIndex":114984}
{"itemId":"B00445WUYG","ProductIndex":127866}
{"itemId":"B00DJDMBU2","ProductIndex":119534}
{"itemId":"B006TTQE3S","ProductIndex":97319}
{"itemId":"B00B4IU4JO","ProductIndex":156223}
{"itemId":"B007OULZEO","ProductIndex":170572}
{"itemId":"B00E3PCRTA","ProductIndex":121614}
{"itemId":"B003UT2FVK","ProductIndex":160537}
{"itemId":"B004ALCNKK","ProductIndex":175635}
{"itemId":"B001DZ9E7G","ProductIndex":49551}
{"itemId":"B0014BQTGI","ProductIndex":135550}
{"itemId":"B0042VM9KC","ProductIndex":43408}
{"itemId":"B00I38NPXA","ProductIndex":199144}
{"itemId":"B006TZO66E","ProductIndex":130036}
{"itemId":"B003K22JN6","ProductIndex":162546}
{"itemId":"B004USNQIG","ProductIndex":78762}
{"itemId":"B00DQ6YZTC","ProductIndex":172301}
{"itemId":"B003D8K2WM","ProductIndex":159562}
{"itemId":"B00AACBNZ4","ProductIndex":128362}
{"itemId":"B0035OWJI4","ProductIndex":154235}
{"itemId":"B00124T9B4","ProductIndex":187665}
{"itemId":"B004G2R362","ProductIndex":116240}
{"itemId":"B001AQYO96","ProductIndex":65935}
{"itemId":"B0002CZYFC","ProductIndex":108541}
{"itemId":"B000KB9WDK","ProductIndex":72686}
{"itemId":"B000EWKLQC","ProductIndex":154703}
{"itemId":"B000P6G6RK","ProductIndex":78620}
{"itemId":"B00E0MYOL0","ProductIndex":133073}
{"itemId":"B0001ZN4Z2","ProductIndex":119858}
{"itemId":"B00744UJQA","ProductIndex":96179}
{"itemId":"B000F7RHSG","ProductIndex":168472}
{"itemId":"B00433L252","ProductIndex":148325}
{"itemId":"B0009FUAOC","ProductIndex":124064}
{"itemId":"B003XIEH50","ProductIndex":109926}
{"itemId":"B004WP1GXO","ProductIndex":87454}
{"itemId":"B000GEWUL2","ProductIndex":137530}
{"itemId":"B001L1RZ00","ProductIndex":51723}
{"itemId":"B004A32CGI","ProductIndex":116272}
{"itemId":"B001F5DIFI","ProductIndex":91600}
{"itemId":"B004G8QPZQ","ProductIndex":57433}
{"itemId":"B000M8VMZM","ProductIndex":199513}
{"itemId":"B00BBEY3S4","ProductIndex":171825}
{"itemId":"B00JSB10P6","ProductIndex":140003}
{"itemId":"B00895FCLK","ProductIndex":61773}
{"itemId":"B00E8NFWBW","ProductIndex":168224}
{"itemId":"B000E3FD5U","ProductIndex":89793}
{"itemId":"B004V57I28","ProductIndex":91567}
{"itemId":"B008EX61SK","ProductIndex":151106}
{"itemId":"B0001CKX1I","ProductIndex":142532}
{"itemId":"B00BG40A4K","ProductIndex":106848}
{"itemId":"B0019CEJX2","ProductIndex":126895}
{"itemId":"B00GWEYCAW","ProductIndex":171157}
{"itemId":"B005TX3MUI","ProductIndex":172813}
{"itemId":"B007RQB6JY","ProductIndex":158645}
{"itemId":"B00HFEW4OY","ProductIndex":151971}
{"itemId":"B0000AGAWB","ProductIndex":116349}
{"itemId":"B005W3QIGK","ProductIndex":162701}
{"itemId":"B00CD4ANCQ","ProductIndex":140623}
{"itemId":"B000CD6B80","ProductIndex":155700}
{"itemId":"B001920Y1S","ProductIndex":159327}
{"itemId":"B005GURHYQ","ProductIndex":156567}
{"itemId":"B002ILOMC6","ProductIndex":119515}
{"itemId":"B00022O9VW","ProductIndex":94469}
{"itemId":"B00841PISQ","ProductIndex":175876}
{"itemId":"B009A8039G","ProductIndex":110515}
{"itemId":"B004G894NQ","ProductIndex":102740}
{"itemId":"B001F50UAE","ProductIndex":111138}
{"itemId":"B0028MKUEY","ProductIndex":96538}
{"itemId":"B00F0GXFYW","ProductIndex":112450}
{"itemId":"B005QNMLLM","ProductIndex":149326}
{"itemId":"B0043A7NGC","ProductIndex":162373}
{"itemId":"B00006BB9Q","ProductIndex":91093}
{"itemId":"B000J1BRXY","ProductIndex":163019}
{"itemId":"B00DHOMFD6","ProductIndex":145495}
{"itemId":"B0019CEUFE","ProductIndex":146832}
{"itemId":"B00IU6ZSUI","ProductIndex":165328}
{"itemId":"B00H23TNWE","ProductIndex":163158}
{"itemId":"B000KUYYAM","ProductIndex":71422}
{"itemId":"B0002DGAO0","ProductIndex":184787}
{"itemId":"B0014AWALM","ProductIndex":94454}
{"itemId":"B009Y0FVVU","ProductIndex":113362}
{"itemId":"B00007EE8M","ProductIndex":130961}
{"itemId":"B00FDNAPVI","ProductIndex":105268}
{"itemId":"B001NFC76Q","ProductIndex":181832}
{"itemId":"B003G8CPGA","ProductIndex":107065}
{"itemId":"B003GW10BC","ProductIndex":174043}
{"itemId":"B0001W1I58","ProductIndex":65411}
{"itemId":"B006HV97HI","ProductIndex":183032}
{"itemId":"B001IDRSWQ","ProductIndex":121339}
{"itemId":"B00IMNQLSC","ProductIndex":197570}
{"itemId":"B004XD5I6Q","ProductIndex":51567}
{"itemId":"B00EIPPTG8","ProductIndex":129475}
{"itemId":"B002L5CH2G","ProductIndex":107985}
{"itemId":"B000DZH3VQ","ProductIndex":92971}
{"itemId":"B0026K6XBW","ProductIndex":92037}
{"itemId":"B004S57F4M","ProductIndex":62880}
{"itemId":"B001F0RNXG","ProductIndex":63206}
{"itemId":"B001A5QLOS","ProductIndex":168568}
{"itemId":"B0009S9SU6","ProductIndex":92619}
{"itemId":"B005LHN7IO","ProductIndex":147649}
{"itemId":"B005ES5SFA","ProductIndex":150900}
{"itemId":"B001C3L4IQ","ProductIndex":86276}
{"itemId":"B006XIE94G","ProductIndex":158291}
{"itemId":"B008BHAV4Y","ProductIndex":120305}
{"itemId":"B009AAML58","ProductIndex":204251}
{"itemId":"B004576NGY","ProductIndex":156031}
{"itemId":"B000C4XWWM","ProductIndex":131710}
{"itemId":"B00006HODF","ProductIndex":107095}
{"itemId":"B0001EY1JQ","ProductIndex":136528}
{"itemId":"B001ATN94O","ProductIndex":205126}
{"itemId":"B005V64IQK","ProductIndex":117281}
{"itemId":"B005OZSWUQ","ProductIndex":133439}
{"itemId":"B007HHPKGI","ProductIndex":120061}
{"itemId":"B005J01J38","ProductIndex":117121}
{"itemId":"B00496LSH0","ProductIndex":81157}
{"itemId":"B008S7EZF8","ProductIndex":144918}
{"itemId":"B005OSZVPC","ProductIndex":135054}
{"itemId":"B000RN5ETC","ProductIndex":87218}
{"itemId":"B000K2GKFW","ProductIndex":136895}
{"itemId":"B00GSFXXM8","ProductIndex":149993}
{"itemId":"B001JJ4KSY","ProductIndex":173446}
{"itemId":"B00009V2TH","ProductIndex":161048}
{"itemId":"B000DZDP9A","ProductIndex":70211}
{"itemId":"B003MPRG4I","ProductIndex":141728}
{"itemId":"B00BU27L22","ProductIndex":184551}
{"itemId":"B0000A9DUJ","ProductIndex":155514}
{"itemId":"B007D4ZVAU","ProductIndex":69097}
{"itemId":"B0088XNZQW","ProductIndex":156916}
{"itemId":"B002678RY6","ProductIndex":157820}
{"itemId":"B009AVM6P2","ProductIndex":139638}
{"itemId":"B002ROABSI","ProductIndex":171414}
{"itemId":"B0002E3WKE","ProductIndex":114973}
{"itemId":"B004C4ZNG6","ProductIndex":190396}
{"itemId":"B000T7QQJS","ProductIndex":148738}
{"itemId":"B003QBGMPM","ProductIndex":106466}
{"itemId":"B004FPNECW","ProductIndex":195629}
{"itemId":"B0001OHGNY","ProductIndex":199704}
{"itemId":"B000IM6L58","ProductIndex":149448}
{"itemId":"B00BUZVNK0","ProductIndex":196831}
{"itemId":"B002MUVVOU","ProductIndex":167489}
{"itemId":"B000FR9EJG","ProductIndex":110156}
{"itemId":"B005HIRNFU","ProductIndex":154528}
{"itemId":"B00GURYZHG","ProductIndex":166615}
{"itemId":"B0058PXYZK","ProductIndex":84789}
{"itemId":"B003W1YH1M","ProductIndex":115152}
{"itemId":"B002O4HWAG","ProductIndex":181976}
{"itemId":"B009C8L6D6","ProductIndex":157122}
{"itemId":"B0042AJYG0","ProductIndex":151439}
{"itemId":"B0044XTLFY","ProductIndex":123169}
{"itemId":"B001E473GK","ProductIndex":117488}
{"itemId":"B0002KZPQM","ProductIndex":196384}
{"itemId":"B004FENG9O","ProductIndex":137705}
{"itemId":"B0096UH3KA","ProductIndex":206072}
{"itemId":"B0013N9MKM","ProductIndex":155757}
{"itemId":"B0015UER1C","ProductIndex":134750}
{"itemId":"B004JYUWYW","ProductIndex":165805}
{"itemId":"B00ABALGJS","ProductIndex":180882}
{"itemId":"B004DSEC2C","ProductIndex":149596}
{"itemId":"B00AKKGUXG","ProductIndex":175955}
{"itemId":"B00E0OADAE","ProductIndex":199038}
{"itemId":"B00GZI3WB0","ProductIndex":190835}
{"itemId":"B00684TG3E","ProductIndex":185503}
{"itemId":"B0014E5GNC","ProductIndex":172595}
{"itemId":"B000GL6M50","ProductIndex":111212}
{"itemId":"B00GO3LZ60","ProductIndex":204998}
{"itemId":"B00909IWUC","ProductIndex":63873}
{"itemId":"B0035GSGRK","ProductIndex":191593}
{"itemId":"B001YIKCPK","ProductIndex":95472}
{"itemId":"B0006ZRIVS","ProductIndex":157513}
{"itemId":"B008MZAZX2","ProductIndex":149878}
{"itemId":"B004V55F1O","ProductIndex":126408}
{"itemId":"B006ZOL3Z6","ProductIndex":191677}
{"itemId":"B00AHV7Q1S","ProductIndex":138736}
{"itemId":"B009390KZ4","ProductIndex":194953}
{"itemId":"B005H3DPGG","ProductIndex":191805}
{"itemId":"B000G7P606","ProductIndex":145560}
{"itemId":"B00009L3OF","ProductIndex":84167}
{"itemId":"B00004VWGK","ProductIndex":175385}
{"itemId":"B005FDXMCA","ProductIndex":198785}
{"itemId":"B004H2RZ46","ProductIndex":99603}
{"itemId":"B008TMD38W","ProductIndex":145298}
{"itemId":"B003AVGR1W","ProductIndex":139312}
{"itemId":"B0061SD9T4","ProductIndex":107410}
{"itemId":"B003BHNEH0","ProductIndex":93015}
{"itemId":"B003UOMWUY","ProductIndex":99287}
{"itemId":"B009SOVU08","ProductIndex":141871}
{"itemId":"B0031RGEOA","ProductIndex":145026}
{"itemId":"B001WTBCVY","ProductIndex":100312}
{"itemId":"B00BBDD2BE","ProductIndex":198472}
{"itemId":"B009RIK26I","ProductIndex":79520}
{"itemId":"B001ALZ70G","ProductIndex":114759}
{"itemId":"B00G4TB6RM","ProductIndex":197433}
{"itemId":"B008JD5RS0","ProductIndex":203264}
{"itemId":"B003CT08IA","ProductIndex":155179}
{"itemId":"B00005B43T","ProductIndex":194770}
{"itemId":"B00B3ZCWKM","ProductIndex":183741}
{"itemId":"B000H8FIWU","ProductIndex":57251}
{"itemId":"B005ETTNHS","ProductIndex":87582}
{"itemId":"B008Z0P3EU","ProductIndex":178042}
{"itemId":"B00DUW4XTE","ProductIndex":114218}
{"itemId":"B008H0GMWK","ProductIndex":164480}
{"itemId":"B001CRC1TI","ProductIndex":182737}
{"itemId":"B003YNCXSC","ProductIndex":207634}
{"itemId":"B0002H6MAS","ProductIndex":172429}
{"itemId":"B00FYOR4TC","ProductIndex":189548}
{"itemId":"B00358IN58","ProductIndex":130894}
{"itemId":"B004JYIFPK","ProductIndex":169506}
{"itemId":"B002ZG7NA2","ProductIndex":159482}
{"itemId":"B009GU9MTU","ProductIndex":150274}
{"itemId":"B00EJRLP5O","ProductIndex":184023}
{"itemId":"B003BYQNVW","ProductIndex":174123}
{"itemId":"B00E1CF3U0","ProductIndex":173932}
{"itemId":"B0028AZ0R8","ProductIndex":161760}
{"itemId":"B000ND74MQ","ProductIndex":110795}
{"itemId":"B004NPBBVU","ProductIndex":155176}
{"itemId":"B00CENAIYO","ProductIndex":125995}
{"itemId":"B00094NNCO","ProductIndex":190695}
{"itemId":"B002OS4I4A","ProductIndex":169194}
{"itemId":"B000C8443Y","ProductIndex":175288}
{"itemId":"B001EYU722","ProductIndex":76520}
{"itemId":"B0010YZVL8","ProductIndex":194989}
{"itemId":"B00FF9FG5A","ProductIndex":95150}
{"itemId":"B000KPTW68","ProductIndex":163897}
{"itemId":"B008O4ZCGG","ProductIndex":103879}
{"itemId":"B005EO545S","ProductIndex":118009}
{"itemId":"B0016BR17C","ProductIndex":106295}
{"itemId":"B00G625FYW","ProductIndex":151949}
{"itemId":"B003OSUETC","ProductIndex":155664}
{"itemId":"B00GG2DNZK","ProductIndex":175210}
{"itemId":"B004O42CTU","ProductIndex":176087}
{"itemId":"B0015ATVJU","ProductIndex":109184}
{"itemId":"B0003009H6","ProductIndex":157936}
{"itemId":"B0016L1FPQ","ProductIndex":195515}
{"itemId":"B00APL85JM","ProductIndex":164613}
{"itemId":"B002HOJ9XQ","ProductIndex":156763}
{"itemId":"B002MPTCBO","ProductIndex":172412}
{"itemId":"B009RGKEIG","ProductIndex":166035}
{"itemId":"B004IAGHSC","ProductIndex":98391}
{"itemId":"B005T6UZYG","ProductIndex":170199}
{"itemId":"B004IP34TC","ProductIndex":191766}
{"itemId":"B002TS1474","ProductIndex":122317}
{"itemId":"B009F7UCGG","ProductIndex":189273}
{"itemId":"B004WK51U8","ProductIndex":114448}
{"itemId":"B0081DQA0C","ProductIndex":123259}
{"itemId":"B000YA28QK","ProductIndex":203733}
{"itemId":"B00AN75H3A","ProductIndex":140358}
{"itemId":"B0007N72WE","ProductIndex":120491}
{"itemId":"B00C97ZYOO","ProductIndex":132385}
{"itemId":"B009PJMS2U","ProductIndex":179953}
{"itemId":"B000LMRT6A","ProductIndex":144956}
{"itemId":"B006QTRUQ6","ProductIndex":106227}
{"itemId":"B00ASWNEYY","ProductIndex":93773}
{"itemId":"B00FGKKCIO","ProductIndex":187485}
{"itemId":"B004RPKYT6","ProductIndex":135635}
{"itemId":"B006DXHESO","ProductIndex":140573}
{"itemId":"B0016CAT1G","ProductIndex":205691}
{"itemId":"B003NAUUFY","ProductIndex":131559}
{"itemId":"B008H2GQI8","ProductIndex":152764}
{"itemId":"B00DIL10OS","ProductIndex":97851}
{"itemId":"B00004Y3TN","ProductIndex":168694}
{"itemId":"B00GZCH1T0","ProductIndex":161353}
{"itemId":"B0007WBRXK","ProductIndex":172240}
{"itemId":"B005K3V8AI","ProductIndex":194468}
{"itemId":"B0036OA6GK","ProductIndex":173630}
{"itemId":"B00A342L78","ProductIndex":170492}
{"itemId":"B008JNJ8ZI","ProductIndex":158749}
{"itemId":"B003A7LY2I","ProductIndex":196649}
{"itemId":"B00C9QFYT0","ProductIndex":202663}
{"itemId":"B009VLBL66","ProductIndex":183541}
{"itemId":"B003JYAJYG","ProductIndex":114977}
{"itemId":"B001R6E55M","ProductIndex":129673}
{"itemId":"B000NLO2FU","ProductIndex":172659}
{"itemId":"B006ZBS2EO","ProductIndex":149985}
{"itemId":"B000087K5Y","ProductIndex":197800}
{"itemId":"B001MKE2HO","ProductIndex":204242}
{"itemId":"B0009JXOA0","ProductIndex":189384}
{"itemId":"B001FA09YQ","ProductIndex":175442}
{"itemId":"B000IEYW2U","ProductIndex":200957}
{"itemId":"B00CRF9UC0","ProductIndex":194323}
{"itemId":"B001AXWUYU","ProductIndex":145271}
{"itemId":"B008YX8F6Q","ProductIndex":195707}
{"itemId":"B002J1GCCS","ProductIndex":195288}
{"itemId":"B0007LBND0","ProductIndex":198521}
{"itemId":"B0026BAI4Y","ProductIndex":144065}
{"itemId":"B008MR6YWG","ProductIndex":191184}
{"itemId":"B003S66E44","ProductIndex":185353}
{"itemId":"B0098V3BLC","ProductIndex":188435}
{"itemId":"B0034FEB1W","ProductIndex":173033}
{"itemId":"B0056J2F0S","ProductIndex":175048}
{"itemId":"B0000AZJYX","ProductIndex":145195}
{"itemId":"B00266P876","ProductIndex":162548}
{"itemId":"B005OLZBYA","ProductIndex":136656}
{"itemId":"B00180FU6U","ProductIndex":164658}
{"itemId":"B004RPPLNK","ProductIndex":117944}
{"itemId":"B0011Y503G","ProductIndex":173743}
{"itemId":"B002IN9JZE","ProductIndex":171620}
{"itemId":"B008V6CVBG","ProductIndex":157290}
{"itemId":"B008BQGGRQ","ProductIndex":200621}
{"itemId":"B00000K3SR","ProductIndex":150463}
{"itemId":"B004IYJLDG","ProductIndex":168667}
{"itemId":"B003SJNGWO","ProductIndex":165429}
{"itemId":"B002BZWQ1S","ProductIndex":186701}
{"itemId":"B00E1TT55W","ProductIndex":200081}
{"itemId":"B007NDJ02G","ProductIndex":197855}
{"itemId":"B008TYTHZ8","ProductIndex":198696}
{"itemId":"B003U8G9AE","ProductIndex":194901}
{"itemId":"B001G8FOHY","ProductIndex":154465}
{"itemId":"B003EQ3TP0","ProductIndex":149893}
{"itemId":"B00009W3IW","ProductIndex":181921}
{"itemId":"B0001FSYPM","ProductIndex":178601}
{"itemId":"B0039HNFU8","ProductIndex":178360}
{"itemId":"B0051IUPTW","ProductIndex":151100}
{"itemId":"B001BTWMNC","ProductIndex":179592}
{"itemId":"B00192K9P4","ProductIndex":194834}
{"itemId":"B00F9EFQZG","ProductIndex":160897}
{"itemId":"B003KW3FIE","ProductIndex":118790}
{"itemId":"B000O71G6G","ProductIndex":168689}
{"itemId":"B007W5APVU","ProductIndex":204032}
{"itemId":"B00CAUQEY4","ProductIndex":199866}
{"itemId":"B007NLOH44","ProductIndex":143376}
{"itemId":"B000I42XQ2","ProductIndex":119696}
{"itemId":"B00744UUSC","ProductIndex":195010}
{"itemId":"B001M0BW8Q","ProductIndex":193305}
{"itemId":"B005JRICNG","ProductIndex":189554}
{"itemId":"B00000K1QU","ProductIndex":187891}
{"itemId":"B0032ANCDW","ProductIndex":166964}
{"itemId":"B00FVRXRVG","ProductIndex":206937}
{"itemId":"B000RHN1S4","ProductIndex":183486}
{"itemId":"B001SHEG5O","ProductIndex":205351}
{"itemId":"B004SGJAUS","ProductIndex":203279}
{"itemId":"B0049W687O","ProductIndex":140472}
{"itemId":"B00HX4A48Y","ProductIndex":179571}
{"itemId":"B0001HAJDA","ProductIndex":182761}
{"itemId":"B00CX21JUS","ProductIndex":205221}
{"itemId":"B00DQYBC6I","ProductIndex":165679}
{"itemId":"B0000ZP3NE","ProductIndex":204213}
{"itemId":"B007QZZ6CO","ProductIndex":184455}
{"itemId":"B00HZT8SO4","ProductIndex":176981}
{"itemId":"B005SSPPUY","ProductIndex":196088}
{"itemId":"B00489L6RA","ProductIndex":144642}
{"itemId":"B005XGQNM0","ProductIndex":189078}
{"itemId":"B007740GYM","ProductIndex":197772}
{"itemId":"B00005AAJT","ProductIndex":186941}
{"itemId":"B004V4K4WK","ProductIndex":198501}
{"itemId":"B0000560G2","ProductIndex":187369}
{"itemId":"B000MIMUDA","ProductIndex":192795}
{"itemId":"B0089EXBD2","ProductIndex":200233}
{"itemId":"B000HAQ8XG","ProductIndex":142342}
{"itemId":"B007715IJS","ProductIndex":203015}
{"itemId":"B00A2RY5Y8","ProductIndex":199570}
{"itemId":"B000XRTIJO","ProductIndex":171013}
{"itemId":"B000FZ9KKQ","ProductIndex":195102}
{"itemId":"B0030QZM0O","ProductIndex":183624}
