{"itemId":"B003Z9P45E","ProductIndex":138702}
{"itemId":"B008YRG5JQ","ProductIndex":820}
{"itemId":"B003L5D0OE","ProductIndex":3632}
{"itemId":"B004K4TE8G","ProductIndex":101140}
{"itemId":"B000KK1MAC","ProductIndex":12546}
{"itemId":"B002ZV51DI","ProductIndex":1110}
{"itemId":"B00A8ZZE9O","ProductIndex":94623}
{"itemId":"B001D60LG8","ProductIndex":227}
{"itemId":"B000FV8P24","ProductIndex":2269}
{"itemId":"B001Q9A69O","ProductIndex":13773}
{"itemId":"B000138TVS","ProductIndex":122125}
{"itemId":"B001T2CTSY","ProductIndex":22985}
{"itemId":"B004072372","ProductIndex":35845}
{"itemId":"B00FW6T36Y","ProductIndex":5262}
{"itemId":"B001ISK0DK","ProductIndex":59200}
{"itemId":"B005DEHVC8","ProductIndex":1998}
{"itemId":"B001D7REIK","ProductIndex":406}
{"itemId":"B002CCSSOY","ProductIndex":8204}
{"itemId":"B0058X0TFA","ProductIndex":11600}
{"itemId":"B005FM8UL4","ProductIndex":4227}
{"itemId":"B001BO7PHA","ProductIndex":24372}
{"itemId":"B002JPEX52","ProductIndex":130343}
{"itemId":"B000MC39F4","ProductIndex":87687}
{"itemId":"B000W8UIZW","ProductIndex":2345}
{"itemId":"B00777JIQG","ProductIndex":205189}
{"itemId":"B00006HVWU","ProductIndex":174316}
{"itemId":"B0013Q1XTM","ProductIndex":11849}
{"itemId":"B000WIK61I","ProductIndex":5777}
{"itemId":"B005GJC01C","ProductIndex":5626}
{"itemId":"B009BVDV5A","ProductIndex":4595}
{"itemId":"B00713B1KW","ProductIndex":39267}
{"itemId":"B005S1S8ZU","ProductIndex":158687}
{"itemId":"B00FE8MKTM","ProductIndex":9658}
{"itemId":"B00945RAQY","ProductIndex":3107}
{"itemId":"B00ISHG2MW","ProductIndex":79658}
{"itemId":"B004I8U1QI","ProductIndex":161599}
{"itemId":"B000FFYNS0","ProductIndex":25322}
{"itemId":"B007W66RCU","ProductIndex":5052}
{"itemId":"B00BVUQZZ2","ProductIndex":3677}
{"itemId":"B000V1LX6S","ProductIndex":59594}
{"itemId":"B000Z3GN8U","ProductIndex":139997}
{"itemId":"B0037FS8WM","ProductIndex":2071}
{"itemId":"B0083XTQ42","ProductIndex":12153}
{"itemId":"B008O0XOG0","ProductIndex":103541}
{"itemId":"B001H8DF0G","ProductIndex":17747}
{"itemId":"B000I3XIEE","ProductIndex":7691}
{"itemId":"B007HKT3Z4","ProductIndex":27003}
{"itemId":"B00244V5SQ","ProductIndex":47525}
{"itemId":"B002PK0SNM","ProductIndex":10659}
{"itemId":"B004GAR91S","ProductIndex":23107}
{"itemId":"B001U3DZMQ","ProductIndex":16616}
{"itemId":"B0077D1LTW","ProductIndex":4271}
{"itemId":"B0073ESYZO","ProductIndex":3139}
{"itemId":"B000WGJVIO","ProductIndex":39622}
{"itemId":"B002C6QE00","ProductIndex":23242}
{"itemId":"B0086SDU3M","ProductIndex":21320}
{"itemId":"B0058KJIPK","ProductIndex":105986}
{"itemId":"B001VNMSCS","ProductIndex":18011}
{"itemId":"B001R5FRMI","ProductIndex":13084}
{"itemId":"B0043VE26U","ProductIndex":7975}
{"itemId":"B0068TSUHC","ProductIndex":38493}
{"itemId":"B0039NIRIW","ProductIndex":57492}
{"itemId":"B00426C55G","ProductIndex":3825}
{"itemId":"B0000A2QBZ","ProductIndex":185209}
{"itemId":"B000P0UBPO","ProductIndex":70821}
{"itemId":"B00CQRBLJ4","ProductIndex":119411}
{"itemId":"B00009R6VO","ProductIndex":7036}
{"itemId":"B001TOD5EE","ProductIndex":89076}
{"itemId":"B00596NFOI","ProductIndex":20944}
{"itemId":"B000V1O1L2","ProductIndex":51546}
{"itemId":"B003UOSC9E","ProductIndex":20277}
{"itemId":"B0020LOJNQ","ProductIndex":39546}
{"itemId":"B005EOOT90","ProductIndex":13737}
{"itemId":"B00CJIFJRK","ProductIndex":64693}
{"itemId":"B000U3JR8S","ProductIndex":17077}
{"itemId":"B007VKII56","ProductIndex":113809}
{"itemId":"B001DJ64D4","ProductIndex":2113}
{"itemId":"B002IPHIFA","ProductIndex":15679}
{"itemId":"B004D39CH2","ProductIndex":11438}
{"itemId":"B004GHMU5G","ProductIndex":9309}
{"itemId":"B003Y89O6G","ProductIndex":5613}
{"itemId":"B001MRX3CW","ProductIndex":21591}
{"itemId":"B000C1DZOA","ProductIndex":162846}
{"itemId":"B00063RT82","ProductIndex":41141}
{"itemId":"B000NB05MO","ProductIndex":5353}
{"itemId":"B009AR2MQO","ProductIndex":5634}
{"itemId":"B003TPA25G","ProductIndex":121343}
{"itemId":"B006BU4TQY","ProductIndex":4851}
{"itemId":"B004M3XDAA","ProductIndex":58688}
{"itemId":"B0043IL9VO","ProductIndex":22937}
{"itemId":"B003CP0KCS","ProductIndex":8632}
{"itemId":"B009STMN9K","ProductIndex":2991}
{"itemId":"B00604YU4C","ProductIndex":8711}
{"itemId":"B00ATANTRW","ProductIndex":20793}
{"itemId":"B004S97UUM","ProductIndex":142295}
{"itemId":"B003AR5SVQ","ProductIndex":53437}
{"itemId":"B00153U1Z0","ProductIndex":9342}
{"itemId":"B00B8PS82I","ProductIndex":193611}
{"itemId":"B001EPUQAE","ProductIndex":3093}
{"itemId":"B003XKPI42","ProductIndex":71748}
{"itemId":"B003ZZRK1E","ProductIndex":7692}
{"itemId":"B0058REQNC","ProductIndex":27303}
{"itemId":"B000B5XU06","ProductIndex":5743}
{"itemId":"B00GGM6IYI","ProductIndex":95275}
{"itemId":"B0046EDK1C","ProductIndex":97712}
{"itemId":"B002AUW3OY","ProductIndex":86501}
{"itemId":"B000PDR230","ProductIndex":3418}
{"itemId":"B000ML4A2Q","ProductIndex":17221}
{"itemId":"B00009UTLD","ProductIndex":147111}
{"itemId":"B00C63Z8KQ","ProductIndex":42684}
{"itemId":"B000NOP9L8","ProductIndex":30776}
{"itemId":"B005005EEM","ProductIndex":7198}
{"itemId":"B000PLTX9S","ProductIndex":22050}
{"itemId":"B004VFI2DC","ProductIndex":28140}
{"itemId":"B001RNO8ZC","ProductIndex":21529}
{"itemId":"B00008OE6F","ProductIndex":12064}
{"itemId":"B005F7794S","ProductIndex":30122}
{"itemId":"B00160GOR6","ProductIndex":8318}
{"itemId":"B00005V52C","ProductIndex":27151}
{"itemId":"B009JXK23O","ProductIndex":28522}
{"itemId":"B0038BCPIS","ProductIndex":39646}
{"itemId":"B009SNL3I8","ProductIndex":161215}
{"itemId":"B0079SR568","ProductIndex":72420}
{"itemId":"B003CN5NXG","ProductIndex":26142}
{"itemId":"B004GTCA2C","ProductIndex":23434}
{"itemId":"B000WX9DWG","ProductIndex":37875}
{"itemId":"B0019495U2","ProductIndex":133308}
{"itemId":"B00070FHXS","ProductIndex":50760}
{"itemId":"B000067SOH","ProductIndex":2271}
{"itemId":"B0062GLZS2","ProductIndex":87132}
{"itemId":"B0056YNA1Q","ProductIndex":1678}
{"itemId":"B004E52VDG","ProductIndex":44589}
{"itemId":"B008DS10JQ","ProductIndex":42340}
{"itemId":"B004882OM2","ProductIndex":23189}
{"itemId":"B0032XJDJ6","ProductIndex":25162}
{"itemId":"B0093FIW4O","ProductIndex":51071}
{"itemId":"B00IDV38I4","ProductIndex":28338}
{"itemId":"B000UN3VT4","ProductIndex":21510}
{"itemId":"B005FNPFKC","ProductIndex":172342}
{"itemId":"B0002FO2IO","ProductIndex":25062}
{"itemId":"B003TSDWUA","ProductIndex":35364}
{"itemId":"B00432V0GY","ProductIndex":36503}
{"itemId":"B003Q9RERY","ProductIndex":2816}
{"itemId":"B006WHPQE0","ProductIndex":17026}
{"itemId":"B000MKFOKY","ProductIndex":152812}
{"itemId":"B004I3WB5M","ProductIndex":50701}
{"itemId":"B00AMVD9SC","ProductIndex":5065}
{"itemId":"B0097BPOAE","ProductIndex":7770}
{"itemId":"B000ESVGQK","ProductIndex":121817}
{"itemId":"B001O8WDRA","ProductIndex":169029}
{"itemId":"B00008IHOZ","ProductIndex":16495}
{"itemId":"B007SYKBL4","ProductIndex":3186}
{"itemId":"B007NPLVIU","ProductIndex":52020}
{"itemId":"B00005LP3I","ProductIndex":72670}
{"itemId":"B004LNMAAA","ProductIndex":9913}
{"itemId":"B002CJ8TDC","ProductIndex":60372}
{"itemId":"B0092F974E","ProductIndex":42293}
{"itemId":"B00B9QFFJA","ProductIndex":100985}
{"itemId":"B000VE0ME4","ProductIndex":7626}
{"itemId":"B007ZKEAS6","ProductIndex":9768}
{"itemId":"B00GJ36FCO","ProductIndex":27050}
{"itemId":"B000MGG6SC","ProductIndex":8913}
{"itemId":"B004FLESGW","ProductIndex":13582}
{"itemId":"B00009XVDP","ProductIndex":65137}
{"itemId":"B000J3G6PG","ProductIndex":47156}
{"itemId":"B002I9S9PE","ProductIndex":18315}
{"itemId":"B0092TWO7C","ProductIndex":61942}
{"itemId":"B001FA1NZU","ProductIndex":1759}
{"itemId":"B000T8SO4M","ProductIndex":23315}
{"itemId":"B0014KOI6M","ProductIndex":44935}
{"itemId":"B008BQ1Y8M","ProductIndex":31441}
{"itemId":"B004HX8VPW","ProductIndex":62047}
{"itemId":"B0009NEUO0","ProductIndex":3169}
{"itemId":"B008T93HRM","ProductIndex":140607}
{"itemId":"B009H1BI0O","ProductIndex":33975}
{"itemId":"B00DW0N46C","ProductIndex":22565}
{"itemId":"B004C4UG6I","ProductIndex":29406}
{"itemId":"B0012IYLMM","ProductIndex":7167}
{"itemId":"B0002ZCIY4","ProductIndex":92827}
{"itemId":"B006KTDXYU","ProductIndex":168653}
{"itemId":"B0000B35Y2","ProductIndex":52222}
{"itemId":"B004SCLWFS","ProductIndex":128648}
{"itemId":"B00931SA72","ProductIndex":174121}
{"itemId":"B0000DIACI","ProductIndex":62075}
{"itemId":"B000BOJYHU","ProductIndex":41598}
{"itemId":"B00EAHUP3Q","ProductIndex":191123}
{"itemId":"B000UVIEZC","ProductIndex":110698}
{"itemId":"B001544U0G","ProductIndex":83655}
{"itemId":"B0058RNCBY","ProductIndex":159472}
{"itemId":"B00BI4JXGO","ProductIndex":29057}
{"itemId":"B006Z69SG0","ProductIndex":28308}
{"itemId":"B004I1ZNQS","ProductIndex":194488}
{"itemId":"B0061UJ8AG","ProductIndex":109523}
{"itemId":"B001126PDM","ProductIndex":22235}
{"itemId":"B0042VQ1KQ","ProductIndex":109185}
{"itemId":"B007R0XF4Y","ProductIndex":103053}
{"itemId":"B004EZ7C2Q","ProductIndex":50363}
{"itemId":"B00GYN6KWO","ProductIndex":129284}
{"itemId":"B0017TTIRO","ProductIndex":65043}
{"itemId":"B0011MRCT8","ProductIndex":24765}
{"itemId":"B007I5B3EW","ProductIndex":35093}
{"itemId":"B004N8WLIY","ProductIndex":147095}
{"itemId":"B001G6TANU","ProductIndex":61540}
{"itemId":"B007VDGX5A","ProductIndex":175038}
{"itemId":"B0078RKRBA","ProductIndex":119691}
{"itemId":"B004IV6FYW","ProductIndex":5725}
{"itemId":"B002OUZJYG","ProductIndex":84756}
{"itemId":"B004GB8718","ProductIndex":54852}
{"itemId":"B00CKT8ZVK","ProductIndex":106813}
{"itemId":"B0053E9OSC","ProductIndex":49650}
{"itemId":"B008Y3T1J6","ProductIndex":121276}
{"itemId":"B0002P19OY","ProductIndex":123011}
{"itemId":"B0007CZ2UO","ProductIndex":58297}
{"itemId":"B0042BVSF4","ProductIndex":17208}
{"itemId":"B00E7L242A","ProductIndex":184283}
{"itemId":"B003LL17HK","ProductIndex":13591}
{"itemId":"B0089HPC22","ProductIndex":44854}
{"itemId":"B007YYBM2U","ProductIndex":77136}
{"itemId":"B00099E0S0","ProductIndex":66860}
{"itemId":"B001JT3QKC","ProductIndex":101227}
{"itemId":"B003KQ62SA","ProductIndex":108597}
{"itemId":"B000FKALWM","ProductIndex":28753}
{"itemId":"B001TOCZ7M","ProductIndex":85441}
{"itemId":"B000G0134G","ProductIndex":11249}
{"itemId":"B000KKNFMU","ProductIndex":26355}
{"itemId":"B004W80OGQ","ProductIndex":37649}
{"itemId":"B002IT4YFI","ProductIndex":148771}
{"itemId":"B00AJWM23W","ProductIndex":46532}
{"itemId":"B002YK1FFI","ProductIndex":10811}
{"itemId":"B000ROL6QQ","ProductIndex":106534}
{"itemId":"B00CKA5MLU","ProductIndex":118973}
{"itemId":"B004Y02TDS","ProductIndex":149229}
{"itemId":"B000P6W728","ProductIndex":173944}
{"itemId":"B000X6XMWY","ProductIndex":35068}
{"itemId":"B002W09G0Q","ProductIndex":50875}
{"itemId":"B000HZNPXM","ProductIndex":94088}
{"itemId":"B000G1QAE8","ProductIndex":61203}
{"itemId":"B00AI5LEJ8","ProductIndex":70428}
{"itemId":"B0006MQCWW","ProductIndex":88687}
{"itemId":"B004Z8M3X0","ProductIndex":80327}
{"itemId":"B004Z88WSK","ProductIndex":11299}
{"itemId":"B00CP8PFIC","ProductIndex":50472}
{"itemId":"B0045US6DE","ProductIndex":22518}
{"itemId":"B002QDBU4O","ProductIndex":25285}
{"itemId":"B007UNULT0","ProductIndex":8401}
{"itemId":"B003H2HCDG","ProductIndex":87866}
{"itemId":"B0097K45Z0","ProductIndex":88202}
{"itemId":"B000X1YZIY","ProductIndex":52966}
{"itemId":"B000ZMAS9G","ProductIndex":158117}
{"itemId":"B001CJ68KE","ProductIndex":52430}
{"itemId":"B000BC2RHQ","ProductIndex":93966}
{"itemId":"B008HYWLG2","ProductIndex":66585}
{"itemId":"B00EZ3SPCI","ProductIndex":113904}
{"itemId":"B006FTP2C6","ProductIndex":66883}
{"itemId":"B000QYJO7U","ProductIndex":98405}
{"itemId":"B00FXK8GJE","ProductIndex":157179}
{"itemId":"B0049SPA9K","ProductIndex":87043}
{"itemId":"B0090CVT3G","ProductIndex":180857}
{"itemId":"B00EZ08BMA","ProductIndex":172677}
{"itemId":"B004QNXK2C","ProductIndex":190753}
{"itemId":"B003Y2YN5O","ProductIndex":29977}
{"itemId":"B00117OV56","ProductIndex":45012}
{"itemId":"B001QXDSPE","ProductIndex":86339}
{"itemId":"B005M1AG4C","ProductIndex":32302}
{"itemId":"B00004UDQ1","ProductIndex":37178}
{"itemId":"B000Y69P7E","ProductIndex":77726}
{"itemId":"B000JWTIKC","ProductIndex":83227}
{"itemId":"B00EH6ZTI6","ProductIndex":37249}
{"itemId":"B00013UTP2","ProductIndex":101303}
{"itemId":"B00932TQ9C","ProductIndex":25796}
{"itemId":"B00ENBADH2","ProductIndex":116149}
{"itemId":"B00008Y1A5","ProductIndex":153566}
{"itemId":"B006J0BGIA","ProductIndex":44081}
{"itemId":"B0007VTU9Y","ProductIndex":45542}
{"itemId":"B000A4AW1S","ProductIndex":60341}
{"itemId":"B0000A0AE7","ProductIndex":16849}
{"itemId":"B00DKFELVQ","ProductIndex":116487}
{"itemId":"B000BV7ZPQ","ProductIndex":56132}
{"itemId":"B004JPKGY2","ProductIndex":28768}
{"itemId":"B000H3706C","ProductIndex":142059}
{"itemId":"B00BBHB5RI","ProductIndex":78153}
{"itemId":"B0041HUS8M","ProductIndex":66549}
{"itemId":"B001GXQRAC","ProductIndex":112029}
{"itemId":"B002UGAF2A","ProductIndex":97582}
{"itemId":"B0000C4DVX","ProductIndex":70474}
{"itemId":"B003WF4ISU","ProductIndex":191106}
{"itemId":"B007RNAKB2","ProductIndex":57837}
{"itemId":"B00C63Z8GU","ProductIndex":50576}
{"itemId":"B006JW6IAE","ProductIndex":44910}
{"itemId":"B003L2RFU2","ProductIndex":24003}
{"itemId":"B002LC3G24","ProductIndex":32848}
{"itemId":"B0007QBM36","ProductIndex":66265}
{"itemId":"B000KL4MX0","ProductIndex":65359}
{"itemId":"B009RT2BRA","ProductIndex":100925}
{"itemId":"B0068ZXZJY","ProductIndex":134284}
{"itemId":"B00BYOULKU","ProductIndex":65076}
{"itemId":"B005ZI3Z8G","ProductIndex":21381}
{"itemId":"B003EEMFWU","ProductIndex":37840}
{"itemId":"B005IVYZIY","ProductIndex":52443}
{"itemId":"B0000D898Q","ProductIndex":35415}
{"itemId":"B00BQX5M7Q","ProductIndex":12832}
{"itemId":"B0019F8MEG","ProductIndex":127330}
{"itemId":"B0014J7DEC","ProductIndex":38627}
{"itemId":"B000HSARGC","ProductIndex":76015}
{"itemId":"B004J68FFI","ProductIndex":92522}
{"itemId":"B00DGNZFHG","ProductIndex":19364}
{"itemId":"B002AQ7GO0","ProductIndex":31116}
{"itemId":"B0010UKDEW","ProductIndex":35973}
{"itemId":"B0088V3ZVO","ProductIndex":20326}
{"itemId":"B0015CZYR6","ProductIndex":120749}
{"itemId":"B005Z44NW2","ProductIndex":174658}
{"itemId":"B0098KAAPI","ProductIndex":114544}
{"itemId":"B00005AMDE","ProductIndex":41898}
{"itemId":"B0024NL3VQ","ProductIndex":145835}
{"itemId":"B00B9KGYBE","ProductIndex":41674}
{"itemId":"B0001OZ2K8","ProductIndex":35929}
{"itemId":"B0041G69EK","ProductIndex":127607}
{"itemId":"B001GDLYAU","ProductIndex":9954}
{"itemId":"B008ULPCB8","ProductIndex":12177}
{"itemId":"B001SVEISU","ProductIndex":49118}
{"itemId":"B007QVNQ1Q","ProductIndex":145403}
{"itemId":"B000XZCIX4","ProductIndex":6418}
{"itemId":"B005J7Y7UI","ProductIndex":17927}
{"itemId":"B007I9XVCK","ProductIndex":41996}
{"itemId":"B004284GD8","ProductIndex":126087}
{"itemId":"B0047UYEZ6","ProductIndex":99739}
{"itemId":"B006GYHA8O","ProductIndex":17273}
{"itemId":"B004FPS936","ProductIndex":80764}
{"itemId":"B0000AOWWT","ProductIndex":112812}
{"itemId":"B00AVTDBI8","ProductIndex":140921}
{"itemId":"B005CX68VU","ProductIndex":52054}
{"itemId":"B002E95P3C","ProductIndex":51801}
{"itemId":"B0035VFWNG","ProductIndex":12210}
{"itemId":"B005TUQIK2","ProductIndex":94146}
{"itemId":"B009VA5ICU","ProductIndex":80865}
{"itemId":"B0055V05ZO","ProductIndex":76743}
{"itemId":"B000EGLZU4","ProductIndex":14952}
{"itemId":"B001BTQI00","ProductIndex":49511}
{"itemId":"B0043BNWNE","ProductIndex":143362}
{"itemId":"B004K6L37Y","ProductIndex":123785}
{"itemId":"B002K450SG","ProductIndex":37741}
{"itemId":"B007ZTL5DK","ProductIndex":106961}
{"itemId":"B0007XV5KO","ProductIndex":117703}
{"itemId":"B00BJFMK1W","ProductIndex":73638}
{"itemId":"B00466SAQA","ProductIndex":134286}
{"itemId":"B007W4XJZK","ProductIndex":45748}
{"itemId":"B00198QUE2","ProductIndex":39816}
{"itemId":"B0007THIDQ","ProductIndex":24643}
{"itemId":"B0093HV4N8","ProductIndex":114627}
{"itemId":"B001OFJZDI","ProductIndex":38398}
{"itemId":"B000XQONSG","ProductIndex":27736}
{"itemId":"B003CVY8MA","ProductIndex":96890}
{"itemId":"B005SZA4US","ProductIndex":81537}
{"itemId":"B002OMTDK0","ProductIndex":133578}
{"itemId":"B002I9P9HU","ProductIndex":49080}
{"itemId":"B0062TB7FK","ProductIndex":34826}
{"itemId":"B00EOUF8AO","ProductIndex":127462}
{"itemId":"B0032HLONU","ProductIndex":197561}
{"itemId":"B0073XNCTI","ProductIndex":146193}
{"itemId":"B006PIU2KO","ProductIndex":24433}
{"itemId":"B00A771ZLO","ProductIndex":139081}
{"itemId":"B00009V39M","ProductIndex":47068}
{"itemId":"B00479TG3C","ProductIndex":19126}
{"itemId":"B00HI0TIX0","ProductIndex":86888}
{"itemId":"B003LXQZ5W","ProductIndex":68455}
{"itemId":"B000PKQDUG","ProductIndex":200751}
{"itemId":"B008XXTBB0","ProductIndex":53308}
{"itemId":"B008I656DE","ProductIndex":156581}
{"itemId":"B00GYLC9ZI","ProductIndex":25664}
{"itemId":"B000063Y71","ProductIndex":117494}
{"itemId":"B000OQ6RXE","ProductIndex":46670}
{"itemId":"B009SJO8C0","ProductIndex":83933}
{"itemId":"B000ISFJCS","ProductIndex":44873}
{"itemId":"B005BHAU5M","ProductIndex":92384}
{"itemId":"B003KWFWAI","ProductIndex":161904}
{"itemId":"B0041HUQBQ","ProductIndex":165493}
{"itemId":"B008U6ZBZA","ProductIndex":80536}
{"itemId":"B002M3SO1K","ProductIndex":18166}
{"itemId":"B003VQQVDA","ProductIndex":36217}
{"itemId":"B00403MGN2","ProductIndex":65840}
{"itemId":"B007TMSY3C","ProductIndex":86191}
{"itemId":"B0008ENC94","ProductIndex":161651}
{"itemId":"B00378XA5Y","ProductIndex":46439}
{"itemId":"B004Q3RE0G","ProductIndex":51883}
{"itemId":"B0000789TJ","ProductIndex":72925}
{"itemId":"B0019TZSJY","ProductIndex":49707}
{"itemId":"B008NCCOGA","ProductIndex":124184}
{"itemId":"B005HL54SA","ProductIndex":133310}
{"itemId":"B007XCKGFW","ProductIndex":33955}
{"itemId":"B004HDVG40","ProductIndex":135334}
{"itemId":"B00009R6OV","ProductIndex":166275}
{"itemId":"B00CUAVXAY","ProductIndex":91447}
{"itemId":"B00467X2ZS","ProductIndex":165392}
{"itemId":"B003WKXJE4","ProductIndex":74711}
{"itemId":"B0037NF836","ProductIndex":40105}
{"itemId":"B004Z941MU","ProductIndex":97641}
{"itemId":"B000JZ4H4Q","ProductIndex":77688}
{"itemId":"B000T9PP8E","ProductIndex":106795}
{"itemId":"B00COQGE8U","ProductIndex":93025}
{"itemId":"B005LN51JG","ProductIndex":24033}
{"itemId":"B0049TXXKW","ProductIndex":92432}
{"itemId":"B005OT0S36","ProductIndex":152222}
{"itemId":"B002NU5RMG","ProductIndex":63949}
{"itemId":"B007GPK976","ProductIndex":54574}
{"itemId":"B003Y3BJ8C","ProductIndex":50710}
{"itemId":"B002U6JVDO","ProductIndex":44250}
{"itemId":"B003GQRUJE","ProductIndex":17234}
{"itemId":"B002C1BBBC","ProductIndex":119385}
{"itemId":"B00CBJORJS","ProductIndex":98215}
{"itemId":"B001CE5LNY","ProductIndex":13452}
{"itemId":"B001JBWA7K","ProductIndex":72162}
{"itemId":"B000FBN13W","ProductIndex":58940}
{"itemId":"B000T0DXIW","ProductIndex":177489}
{"itemId":"B00AQTW8KK","ProductIndex":104183}
{"itemId":"B001P8181Q","ProductIndex":161460}
{"itemId":"B0003QB6DG","ProductIndex":105667}
{"itemId":"B001QSE1Z0","ProductIndex":93595}
{"itemId":"B001C22B1G","ProductIndex":76562}
{"itemId":"B003RC0AYO","ProductIndex":74268}
{"itemId":"B00DGQ0EVU","ProductIndex":31584}
{"itemId":"B00350X6MG","ProductIndex":53376}
{"itemId":"B00APADKJS","ProductIndex":86238}
{"itemId":"B003ULPCHM","ProductIndex":68444}
{"itemId":"B0038SNTY0","ProductIndex":49150}
{"itemId":"B003O9JA78","ProductIndex":130263}
{"itemId":"B0009XH94S","ProductIndex":182144}
{"itemId":"B005AW84AG","ProductIndex":95027}
{"itemId":"B000068MGO","ProductIndex":73951}
{"itemId":"B005MCXJHM","ProductIndex":75029}
{"itemId":"B000O9I6C6","ProductIndex":162550}
{"itemId":"B000I23TR6","ProductIndex":64065}
{"itemId":"B00008ZPJN","ProductIndex":68493}
{"itemId":"B00EU81IFE","ProductIndex":132942}
{"itemId":"B0000683A0","ProductIndex":75835}
{"itemId":"B00141PCZ2","ProductIndex":75858}
{"itemId":"B00139NUCM","ProductIndex":58167}
{"itemId":"B004P5F2JA","ProductIndex":159380}
{"itemId":"B003MQEJHO","ProductIndex":149793}
{"itemId":"B000EH0RYS","ProductIndex":198877}
{"itemId":"B001AJ19RS","ProductIndex":185272}
{"itemId":"B004OCW94A","ProductIndex":39107}
{"itemId":"B00FYNP9AY","ProductIndex":68572}
{"itemId":"B004D4L4UY","ProductIndex":128498}
{"itemId":"B0010OGW84","ProductIndex":66563}
{"itemId":"B000CHRJ8C","ProductIndex":33840}
{"itemId":"B00EW1M9BQ","ProductIndex":180793}
{"itemId":"B005SNKTKK","ProductIndex":42807}
{"itemId":"B0000W4U2C","ProductIndex":49188}
{"itemId":"B0009WH872","ProductIndex":170035}
{"itemId":"B000SKQODE","ProductIndex":100953}
{"itemId":"B000EYNLK8","ProductIndex":86098}
{"itemId":"B00B43LKEM","ProductIndex":80056}
{"itemId":"B00FF9081W","ProductIndex":46983}
{"itemId":"B00DVPJ7ZK","ProductIndex":68422}
{"itemId":"B00E4KPMC8","ProductIndex":204226}
{"itemId":"B008E06C8W","ProductIndex":179521}
{"itemId":"B001N0H8YW","ProductIndex":27002}
{"itemId":"B00E9XDXT4","ProductIndex":175148}
{"itemId":"B00065L5TO","ProductIndex":50778}
{"itemId":"B0090Z8FWQ","ProductIndex":34414}
{"itemId":"B000OF952U","ProductIndex":174221}
{"itemId":"B003HMNP5U","ProductIndex":128336}
{"itemId":"B00823O3P0","ProductIndex":81156}
{"itemId":"B0049UQYNE","ProductIndex":40930}
{"itemId":"B003Y052ZG","ProductIndex":42481}
{"itemId":"B0002CNYU4","ProductIndex":108108}
{"itemId":"B009SUUEO0","ProductIndex":36576}
{"itemId":"B0017TYBHQ","ProductIndex":188889}
{"itemId":"B004IUIULO","ProductIndex":73281}
{"itemId":"B005BZCN22","ProductIndex":178426}
{"itemId":"B0045N3H7Q","ProductIndex":121398}
{"itemId":"B0096TNVZW","ProductIndex":41207}
{"itemId":"B00CA7UF1A","ProductIndex":49960}
{"itemId":"B000BX1XGQ","ProductIndex":72524}
{"itemId":"B00005N5Y7","ProductIndex":106133}
{"itemId":"B0084IF8WK","ProductIndex":65638}
{"itemId":"B0078EFU42","ProductIndex":163139}
{"itemId":"B0016LNJY6","ProductIndex":37283}
{"itemId":"B00AE1M09E","ProductIndex":142552}
{"itemId":"B000FL4GCC","ProductIndex":106504}
{"itemId":"B001S0PWZO","ProductIndex":162515}
{"itemId":"B001JT3J7W","ProductIndex":33456}
{"itemId":"B005CFFJUE","ProductIndex":96191}
{"itemId":"B00020H3GM","ProductIndex":129733}
{"itemId":"B004NSUMNU","ProductIndex":38831}
{"itemId":"B004SH7CLQ","ProductIndex":65879}
{"itemId":"B0013NNPYG","ProductIndex":154731}
{"itemId":"B003CYL7OO","ProductIndex":125267}
{"itemId":"B00HUI8A20","ProductIndex":147674}
{"itemId":"B007RIFLX4","ProductIndex":96160}
{"itemId":"B007CE7XCU","ProductIndex":59289}
{"itemId":"B002HFOZ34","ProductIndex":72577}
{"itemId":"B000P6FQ94","ProductIndex":143122}
{"itemId":"B000ACRBT6","ProductIndex":51177}
{"itemId":"B000V6ZXT6","ProductIndex":146801}
{"itemId":"B008AKSV9Y","ProductIndex":137662}
{"itemId":"B001W38MNG","ProductIndex":67811}
{"itemId":"B004GW01E8","ProductIndex":84013}
{"itemId":"B002XB2FZ2","ProductIndex":57790}
{"itemId":"B00KOHKRXE","ProductIndex":45737}
{"itemId":"B0068QUIFM","ProductIndex":58440}
{"itemId":"B00HUV8FWW","ProductIndex":165722}
{"itemId":"B009YQN2L0","ProductIndex":70423}
{"itemId":"B003DKN50G","ProductIndex":56764}
{"itemId":"B001B3MJLS","ProductIndex":119923}
{"itemId":"B000U005PU","ProductIndex":131927}
{"itemId":"B003E47926","ProductIndex":58468}
{"itemId":"B0001YIA5W","ProductIndex":103386}
{"itemId":"B005CTN132","ProductIndex":121421}
{"itemId":"B0049P1YI4","ProductIndex":53545}
{"itemId":"B008BQGOYQ","ProductIndex":135223}
{"itemId":"B0007WW6EO","ProductIndex":164435}
{"itemId":"B000UD0GWY","ProductIndex":168779}
{"itemId":"B008XOBC16","ProductIndex":70660}
{"itemId":"B003LZT9ZS","ProductIndex":56270}
{"itemId":"B002VJJMSE","ProductIndex":65203}
{"itemId":"B00B1V14XO","ProductIndex":66605}
{"itemId":"B002IUAUI2","ProductIndex":26705}
{"itemId":"B0036CXZJ2","ProductIndex":66496}
{"itemId":"B00DBAHDH4","ProductIndex":58034}
{"itemId":"B001PLAG4I","ProductIndex":189061}
{"itemId":"B005QQF3YQ","ProductIndex":61278}
{"itemId":"B008J4FWBQ","ProductIndex":37774}
{"itemId":"B005IC68VA","ProductIndex":176510}
{"itemId":"B0062IP1EO","ProductIndex":187976}
{"itemId":"B00BFOZYWY","ProductIndex":74451}
{"itemId":"B0036UQSR0","ProductIndex":79373}
{"itemId":"B000MOF3IS","ProductIndex":87713}
{"itemId":"B00EZ2FRP2","ProductIndex":66103}
{"itemId":"B005JPGM12","ProductIndex":50679}
{"itemId":"B002RT6R2W","ProductIndex":166044}
{"itemId":"B008QZOI5Y","ProductIndex":104354}
{"itemId":"B003P7GT50","ProductIndex":70608}
{"itemId":"B0006FV760","ProductIndex":165350}
{"itemId":"B0001G6UGQ","ProductIndex":139193}
{"itemId":"B0016ZTT5K","ProductIndex":123673}
{"itemId":"B000085BD9","ProductIndex":103385}
{"itemId":"B00DKVY35O","ProductIndex":166702}
{"itemId":"B00G1YCYPS","ProductIndex":177560}
{"itemId":"B0023RROWK","ProductIndex":110109}
{"itemId":"B006W957TM","ProductIndex":110436}
{"itemId":"B002VRX4CQ","ProductIndex":101489}
{"itemId":"B0042BZMRO","ProductIndex":81503}
{"itemId":"B001TQL03K","ProductIndex":80427}
{"itemId":"B005GNXWRY","ProductIndex":88180}
{"itemId":"B009R9FHW6","ProductIndex":88847}
{"itemId":"B005GABE7W","ProductIndex":72164}
{"itemId":"B000GKI9FM","ProductIndex":164393}
{"itemId":"B004IRRD6K","ProductIndex":101709}
{"itemId":"B00AB1D75I","ProductIndex":131270}
{"itemId":"B00489Q60W","ProductIndex":153519}
{"itemId":"B002M3SHXU","ProductIndex":154897}
{"itemId":"B00HW7USJW","ProductIndex":160933}
{"itemId":"B00355CUKK","ProductIndex":93374}
{"itemId":"B00B95MZ44","ProductIndex":44556}
{"itemId":"B000QY2DBE","ProductIndex":84895}
{"itemId":"B00748E6AG","ProductIndex":161878}
{"itemId":"B00547FP72","ProductIndex":72552}
{"itemId":"B0063BWUKI","ProductIndex":71311}
{"itemId":"B0073XT3IC","ProductIndex":54864}
{"itemId":"B00009TT2W","ProductIndex":105423}
{"itemId":"B000VV3IMA","ProductIndex":105036}
{"itemId":"B0038A4DGQ","ProductIndex":69085}
{"itemId":"B000GLV1SI","ProductIndex":79121}
{"itemId":"B000OHL59E","ProductIndex":89685}
{"itemId":"B0007KK2R4","ProductIndex":204800}
{"itemId":"B003OA5292","ProductIndex":88853}
{"itemId":"B004FONJT6","ProductIndex":151570}
{"itemId":"B00A7KYH8E","ProductIndex":61983}
{"itemId":"B003E24AAM","ProductIndex":178581}
{"itemId":"B004P1ITTY","ProductIndex":85828}
{"itemId":"B0045JK8RM","ProductIndex":114801}
{"itemId":"B007HHBNXC","ProductIndex":89907}
{"itemId":"B0094JU1AW","ProductIndex":55731}
{"itemId":"B0041RSFNM","ProductIndex":130820}
{"itemId":"B00005OR5Z","ProductIndex":169643}
{"itemId":"B0001YAPLE","ProductIndex":103669}
{"itemId":"B0040L67QQ","ProductIndex":41294}
{"itemId":"B000NWNK7U","ProductIndex":73614}
{"itemId":"B00FE8MJIE","ProductIndex":118663}
{"itemId":"B0045DGTAI","ProductIndex":152336}
{"itemId":"B003XJAUVY","ProductIndex":120281}
{"itemId":"B004STY2Z8","ProductIndex":78073}
{"itemId":"B007YLUC3I","ProductIndex":153609}
{"itemId":"B001ANZSU8","ProductIndex":105122}
{"itemId":"B004V9GSTS","ProductIndex":57478}
{"itemId":"B0006MWPSM","ProductIndex":54259}
{"itemId":"B00CIZY4GG","ProductIndex":69307}
{"itemId":"B008OGBG6Y","ProductIndex":69133}
{"itemId":"B00EDTMK7U","ProductIndex":92231}
{"itemId":"B0009WKMT8","ProductIndex":120845}
{"itemId":"B0086KKT5C","ProductIndex":134746}
{"itemId":"B0032GX150","ProductIndex":95200}
{"itemId":"B0080BRSTM","ProductIndex":76296}
{"itemId":"B0007NC9QS","ProductIndex":145004}
{"itemId":"B002SXMRSA","ProductIndex":103046}
{"itemId":"B00007E7L5","ProductIndex":119295}
{"itemId":"B00019OWSQ","ProductIndex":94193}
{"itemId":"B002DH1P0W","ProductIndex":188155}
{"itemId":"B00657ZDL8","ProductIndex":189568}
{"itemId":"B004A8ZQIY","ProductIndex":109300}
{"itemId":"B00F37Z3DE","ProductIndex":90556}
{"itemId":"B00EAYCVFO","ProductIndex":196597}
{"itemId":"B001KNQ0N2","ProductIndex":28875}
{"itemId":"B004JKFXL8","ProductIndex":180407}
{"itemId":"B002MQ7PH6","ProductIndex":56404}
{"itemId":"B000GE2648","ProductIndex":174704}
{"itemId":"B006SJL4VG","ProductIndex":104981}
{"itemId":"B009DNXS0Y","ProductIndex":25337}
{"itemId":"B00G3RCH1E","ProductIndex":141678}
{"itemId":"B00BMIVFK8","ProductIndex":76601}
{"itemId":"B000KLX1RS","ProductIndex":108774}
{"itemId":"B0063CZAUY","ProductIndex":113718}
{"itemId":"B00E9LRH2K","ProductIndex":54403}
{"itemId":"B004GVWJ44","ProductIndex":134728}
{"itemId":"B000R3ARPI","ProductIndex":93399}
{"itemId":"B0009UR4JG","ProductIndex":100777}
{"itemId":"B002EQ8M0I","ProductIndex":153165}
{"itemId":"B003620M5M","ProductIndex":206210}
{"itemId":"B005D196GA","ProductIndex":116167}
{"itemId":"B00713RRSM","ProductIndex":73279}
{"itemId":"B00B8DFCGU","ProductIndex":134411}
{"itemId":"B0086D59YK","ProductIndex":182422}
{"itemId":"B00AV4W6UM","ProductIndex":101219}
{"itemId":"B00070QK2K","ProductIndex":102507}
{"itemId":"B0000632GL","ProductIndex":99226}
{"itemId":"B006VFT92S","ProductIndex":129056}
{"itemId":"B0009Q6IBA","ProductIndex":89466}
{"itemId":"B0030B4CZ0","ProductIndex":162716}
{"itemId":"B0000AMDXL","ProductIndex":156173}
{"itemId":"B00DZZB5U6","ProductIndex":99488}
{"itemId":"B000204SVU","ProductIndex":37801}
{"itemId":"B006GJLSQE","ProductIndex":136715}
{"itemId":"B009UXECPW","ProductIndex":52269}
{"itemId":"B001RNHEOE","ProductIndex":145470}
{"itemId":"B003ZYHSNK","ProductIndex":94692}
{"itemId":"B0045I383E","ProductIndex":170145}
{"itemId":"B00EXPIY60","ProductIndex":78681}
{"itemId":"B00GX1L6LW","ProductIndex":114679}
{"itemId":"B004QDXYOG","ProductIndex":93281}
{"itemId":"B00005MIUP","ProductIndex":136245}
{"itemId":"B002REBVU0","ProductIndex":73095}
{"itemId":"B004GXQM0E","ProductIndex":140483}
{"itemId":"B002GCR04Y","ProductIndex":39805}
{"itemId":"B0069J1W30","ProductIndex":48997}
{"itemId":"B008K7UONS","ProductIndex":128352}
{"itemId":"B001UF6IA0","ProductIndex":106798}
{"itemId":"B00B3PV47O","ProductIndex":36921}
{"itemId":"B000068PJC","ProductIndex":204368}
{"itemId":"B005JPLCYO","ProductIndex":168532}
{"itemId":"B0051ZQ7MO","ProductIndex":156708}
{"itemId":"B005OBYWMC","ProductIndex":148838}
{"itemId":"B000BMMOJM","ProductIndex":93895}
{"itemId":"B008AOWTG6","ProductIndex":172096}
{"itemId":"B005N58C70","ProductIndex":68660}
{"itemId":"B0018JV6X2","ProductIndex":178511}
{"itemId":"B003DS4AZM","ProductIndex":139506}
{"itemId":"B006ZDHGU8","ProductIndex":84999}
{"itemId":"B003QGE2XQ","ProductIndex":165333}
{"itemId":"B00JTNWW8C","ProductIndex":122650}
{"itemId":"B00C4CVSQW","ProductIndex":160153}
{"itemId":"B0043RTM28","ProductIndex":155160}
{"itemId":"B007H5J0H0","ProductIndex":120285}
{"itemId":"B001MQ6FPA","ProductIndex":191756}
{"itemId":"B000PQKG62","ProductIndex":120068}
{"itemId":"B000J45FXE","ProductIndex":165874}
{"itemId":"B00322QEZ8","ProductIndex":58196}
{"itemId":"B000I21WV6","ProductIndex":142525}
{"itemId":"B001OFNLTM","ProductIndex":114429}
{"itemId":"B0050DD3XS","ProductIndex":88326}
{"itemId":"B00DIGCD7G","ProductIndex":164199}
{"itemId":"B004YUIMRA","ProductIndex":138889}
{"itemId":"B00D42A3SA","ProductIndex":107717}
{"itemId":"B008IVQNEA","ProductIndex":175476}
{"itemId":"B00GT2B4R6","ProductIndex":85428}
{"itemId":"B0051GN884","ProductIndex":53271}
{"itemId":"B003N39KRA","ProductIndex":146259}
{"itemId":"B00HRO381U","ProductIndex":187569}
{"itemId":"B00298TUAM","ProductIndex":114216}
{"itemId":"B00JPZHVQ2","ProductIndex":77410}
{"itemId":"B003EYVOGS","ProductIndex":162240}
{"itemId":"B00BQONU0G","ProductIndex":68682}
{"itemId":"B00EMKDJYS","ProductIndex":116957}
{"itemId":"B008TYF14Y","ProductIndex":166667}
{"itemId":"B0000D15C5","ProductIndex":157991}
{"itemId":"B000HPLPWA","ProductIndex":151457}
{"itemId":"B00008Z1PX","ProductIndex":163479}
{"itemId":"B0010WR78K","ProductIndex":197547}
{"itemId":"B00061U8SM","ProductIndex":170703}
{"itemId":"B00622X1AG","ProductIndex":50543}
{"itemId":"B005HFNQAO","ProductIndex":138127}
{"itemId":"B00HYIIFLW","ProductIndex":118613}
{"itemId":"B00ABBB7RS","ProductIndex":101137}
{"itemId":"B000066SST","ProductIndex":145618}
{"itemId":"B0075729DM","ProductIndex":122906}
{"itemId":"B001LET0S2","ProductIndex":57416}
{"itemId":"B009NLF1OM","ProductIndex":76271}
{"itemId":"B006QYRVU6","ProductIndex":83397}
{"itemId":"B003ZUMRI0","ProductIndex":132959}
{"itemId":"B0047K3X1M","ProductIndex":85231}
{"itemId":"B0067O5FBW","ProductIndex":198840}
{"itemId":"B00ATZENR2","ProductIndex":175860}
{"itemId":"B005E2XOZW","ProductIndex":188335}
{"itemId":"B0042U7XLS","ProductIndex":119613}
{"itemId":"B00HQ75ZGE","ProductIndex":160062}
{"itemId":"B002KG8CNO","ProductIndex":115912}
{"itemId":"B00A3X9DC0","ProductIndex":147467}
{"itemId":"B00HYL6FX4","ProductIndex":136385}
{"itemId":"B00116VHMC","ProductIndex":89704}
{"itemId":"B00803J7JY","ProductIndex":85491}
{"itemId":"B00B1OZW7K","ProductIndex":147071}
{"itemId":"B002956FIK","ProductIndex":128431}
{"itemId":"B003JFS2EY","ProductIndex":154893}
{"itemId":"B005C4Z4CI","ProductIndex":100302}
{"itemId":"B000GGCS62","ProductIndex":128911}
{"itemId":"B001S0PWRC","ProductIndex":92537}
{"itemId":"B0057722KW","ProductIndex":126186}
{"itemId":"B00444V87C","ProductIndex":197623}
{"itemId":"B00EHAPFAO","ProductIndex":198483}
{"itemId":"B000093USU","ProductIndex":179481}
{"itemId":"B00AMYXEAM","ProductIndex":132690}
{"itemId":"B00BZBRFRE","ProductIndex":189604}
{"itemId":"B004FWH3QI","ProductIndex":155675}
{"itemId":"B0006SRV6W","ProductIndex":90447}
{"itemId":"B002P8M8M8","ProductIndex":124071}
{"itemId":"B00DUKLRCC","ProductIndex":59487}
{"itemId":"B00GWFNMGG","ProductIndex":178303}
{"itemId":"B00009VQJ9","ProductIndex":141804}
{"itemId":"B006JHA3L4","ProductIndex":131789}
{"itemId":"B000QCLX8A","ProductIndex":104429}
{"itemId":"B000NZ8GBC","ProductIndex":187937}
{"itemId":"B00A7XJDQM","ProductIndex":189872}
{"itemId":"B00713RT6C","ProductIndex":99974}
{"itemId":"B007ACTZXE","ProductIndex":97434}
{"itemId":"B008UCSMEQ","ProductIndex":149102}
{"itemId":"B00ASIAJGY","ProductIndex":161722}
{"itemId":"B000HIHBIO","ProductIndex":159040}
{"itemId":"B009A526ZI","ProductIndex":132248}
{"itemId":"B000G0LHG0","ProductIndex":167544}
{"itemId":"B000065VGU","ProductIndex":196845}
{"itemId":"B007UHFW4A","ProductIndex":126715}
{"itemId":"B000KZWR8S","ProductIndex":97328}
{"itemId":"B0063YDZRM","ProductIndex":91361}
{"itemId":"B0051UH3TK","ProductIndex":154545}
{"itemId":"B0009RORA8","ProductIndex":125965}
{"itemId":"B005DECMC2","ProductIndex":122073}
{"itemId":"B00004VXO1","ProductIndex":157456}
{"itemId":"B005LMZ87M","ProductIndex":175945}
{"itemId":"B004GEV6Q8","ProductIndex":165873}
{"itemId":"B000138TV8","ProductIndex":178100}
{"itemId":"B00DEKZ06W","ProductIndex":165570}
{"itemId":"B000QIYIRC","ProductIndex":72446}
{"itemId":"B00519E82Q","ProductIndex":180714}
{"itemId":"B004MM1SIA","ProductIndex":119683}
{"itemId":"B009S09KMW","ProductIndex":141759}
{"itemId":"B009ZWG4D6","ProductIndex":63945}
{"itemId":"B000HPX48S","ProductIndex":114149}
{"itemId":"B0016ZPJZE","ProductIndex":148288}
{"itemId":"B00C6D6ZA8","ProductIndex":199987}
{"itemId":"B004WLSTFG","ProductIndex":135026}
{"itemId":"B004Y6IEUO","ProductIndex":145818}
{"itemId":"B004TSN9XO","ProductIndex":152457}
{"itemId":"B005A2QDWC","ProductIndex":179654}
{"itemId":"B009H2CL22","ProductIndex":144204}
{"itemId":"B003S7R4EC","ProductIndex":85225}
{"itemId":"B0039Z5IUU","ProductIndex":123056}
{"itemId":"B001PQW812","ProductIndex":145111}
{"itemId":"B00003CWFU","ProductIndex":123339}
{"itemId":"B001PT9DS0","ProductIndex":130010}
{"itemId":"B004ZMX4ZM","ProductIndex":122994}
{"itemId":"B004Q0PW5S","ProductIndex":128543}
{"itemId":"B003CO5RCC","ProductIndex":147934}
{"itemId":"B001EY4OJE","ProductIndex":83690}
{"itemId":"B009GYQFJ6","ProductIndex":170832}
{"itemId":"B008CMBV06","ProductIndex":109258}
{"itemId":"B004I4YP7I","ProductIndex":112809}
{"itemId":"B003JJ3N5S","ProductIndex":180870}
{"itemId":"B00829T0AW","ProductIndex":126891}
{"itemId":"B00FEMHQZG","ProductIndex":196376}
{"itemId":"B004U7TDSY","ProductIndex":181085}
{"itemId":"B001QZATMM","ProductIndex":180673}
{"itemId":"B002Q8W5SY","ProductIndex":142925}
{"itemId":"B004YPJR06","ProductIndex":123450}
{"itemId":"B00028H8QY","ProductIndex":205559}
{"itemId":"B003D2FOOO","ProductIndex":167288}
{"itemId":"B007AMCC84","ProductIndex":136623}
{"itemId":"B0044CO90W","ProductIndex":140614}
{"itemId":"B004Y4ZHUQ","ProductIndex":108667}
{"itemId":"B007QUMENS","ProductIndex":203720}
{"itemId":"B00ARN19DM","ProductIndex":171536}
{"itemId":"B000GKNLNW","ProductIndex":184925}
{"itemId":"B003YKG8HW","ProductIndex":160499}
{"itemId":"B0009RW8OK","ProductIndex":152417}
{"itemId":"B00AAHKS0K","ProductIndex":156264}
{"itemId":"B003E2OARU","ProductIndex":207432}
{"itemId":"B00KTZNJ2C","ProductIndex":166320}
{"itemId":"B000JDJK8Q","ProductIndex":157600}
{"itemId":"B001MWEE48","ProductIndex":161737}
{"itemId":"B00A1D8YZO","ProductIndex":96332}
{"itemId":"B0030HW530","ProductIndex":103050}
{"itemId":"B00006ANZ7","ProductIndex":160318}
{"itemId":"B00005NBQH","ProductIndex":171731}
{"itemId":"B006P2709Q","ProductIndex":140478}
{"itemId":"B006Z9A96A","ProductIndex":207799}
{"itemId":"B00C7WC1W4","ProductIndex":172308}
{"itemId":"B003H2LAIE","ProductIndex":139661}
{"itemId":"B0012OOSQU","ProductIndex":91549}
{"itemId":"B004M10AO4","ProductIndex":57369}
{"itemId":"B000AA706C","ProductIndex":133113}
{"itemId":"B000117DFI","ProductIndex":206474}
{"itemId":"B002Z9JAIC","ProductIndex":138854}
{"itemId":"B00295C20U","ProductIndex":128422}
{"itemId":"B00774QA3S","ProductIndex":180421}
{"itemId":"B00004ZCCT","ProductIndex":124161}
{"itemId":"B00B2H74G8","ProductIndex":177908}
{"itemId":"B006CU7N66","ProductIndex":168202}
{"itemId":"B00683AMTW","ProductIndex":137473}
{"itemId":"B00AM1QBPA","ProductIndex":94176}
{"itemId":"B000RFVM3M","ProductIndex":160287}
{"itemId":"B001BKW15K","ProductIndex":170048}
{"itemId":"B003XE84KI","ProductIndex":171319}
{"itemId":"B0079IP2NQ","ProductIndex":162512}
{"itemId":"B00009L1V1","ProductIndex":197232}
{"itemId":"B007HRCJQW","ProductIndex":116955}
{"itemId":"B0037QGDI2","ProductIndex":141414}
{"itemId":"B003E3OY2A","ProductIndex":178838}
{"itemId":"B00009W3N4","ProductIndex":153238}
{"itemId":"B000GYW7ZQ","ProductIndex":96415}
{"itemId":"B0058FS2R0","ProductIndex":203538}
{"itemId":"B007FHHFCC","ProductIndex":180331}
{"itemId":"B000T6TOBG","ProductIndex":155418}
{"itemId":"B0018MAM4I","ProductIndex":132056}
{"itemId":"B001GIOKR4","ProductIndex":114497}
{"itemId":"B006WQC4KU","ProductIndex":166757}
{"itemId":"B000PBT4EM","ProductIndex":60565}
{"itemId":"B004NWF100","ProductIndex":86509}
{"itemId":"B0007LCKZA","ProductIndex":135848}
{"itemId":"B000035YC2","ProductIndex":119949}
{"itemId":"B000O3BTDA","ProductIndex":197377}
{"itemId":"B008FKNMG6","ProductIndex":161526}
{"itemId":"B004Y8SG82","ProductIndex":135507}
{"itemId":"B0019WSGS6","ProductIndex":125853}
{"itemId":"B0051BU42W","ProductIndex":148708}
{"itemId":"B004GNS8CE","ProductIndex":191160}
{"itemId":"B00CK9493S","ProductIndex":115361}
{"itemId":"B000M3NMHS","ProductIndex":113419}
{"itemId":"B001SEQPJC","ProductIndex":128838}
{"itemId":"B0069WTFJA","ProductIndex":89672}
{"itemId":"B003V74WG2","ProductIndex":79526}
{"itemId":"B000AQHOR6","ProductIndex":111305}
{"itemId":"B00C9U5AMC","ProductIndex":195232}
{"itemId":"B0079QM6PK","ProductIndex":130873}
{"itemId":"B00AEGGRUW","ProductIndex":76495}
{"itemId":"B0018CB43Q","ProductIndex":161924}
{"itemId":"B003ZZ7M6C","ProductIndex":131144}
{"itemId":"B003RC4L94","ProductIndex":201527}
{"itemId":"B000WKSXYS","ProductIndex":161132}
{"itemId":"B000FCR3OE","ProductIndex":138500}
{"itemId":"B001JT16VS","ProductIndex":185599}
{"itemId":"B008G1SWVE","ProductIndex":171441}
{"itemId":"B008QRABEY","ProductIndex":111667}
{"itemId":"B0028CE1IA","ProductIndex":84147}
{"itemId":"B004WK4TQA","ProductIndex":182598}
{"itemId":"B0090B62HK","ProductIndex":189392}
{"itemId":"B004L5AAJG","ProductIndex":199316}
{"itemId":"B000IVJXU4","ProductIndex":129300}
{"itemId":"B00DUSYEWY","ProductIndex":113285}
{"itemId":"B001I2RZ0W","ProductIndex":207722}
{"itemId":"B0000659T4","ProductIndex":122443}
{"itemId":"B00IFAP7QO","ProductIndex":171167}
{"itemId":"B001DGQQHG","ProductIndex":198557}
{"itemId":"B00BVUC45C","ProductIndex":103544}
{"itemId":"B0046HFUNA","ProductIndex":180969}
{"itemId":"B005051UWC","ProductIndex":140577}
{"itemId":"B00I4XZ0S2","ProductIndex":157303}
{"itemId":"B00AG3I9P4","ProductIndex":180030}
{"itemId":"B003LJGGNC","ProductIndex":208098}
{"itemId":"B001H8ZPJK","ProductIndex":89622}
{"itemId":"B005N57X20","ProductIndex":126205}
{"itemId":"B003C5RDH8","ProductIndex":140037}
{"itemId":"B000UK7HEC","ProductIndex":199090}
{"itemId":"B004ZF7TXW","ProductIndex":152489}
{"itemId":"B000053VWC","ProductIndex":115094}
{"itemId":"B00B8SQGFQ","ProductIndex":153579}
{"itemId":"B007X47THS","ProductIndex":141347}
{"itemId":"B000KL37NG","ProductIndex":193170}
{"itemId":"B003EWKPEC","ProductIndex":160581}
{"itemId":"B006NGI2RS","ProductIndex":118896}
{"itemId":"B0058EGQS8","ProductIndex":117869}
{"itemId":"B009WSLBJK","ProductIndex":132421}
{"itemId":"B00A93CSZS","ProductIndex":135112}
{"itemId":"B00151BZS4","ProductIndex":107501}
{"itemId":"B0084ZYHNE","ProductIndex":122776}
{"itemId":"B006CG3JF4","ProductIndex":205592}
{"itemId":"B004ATU9NU","ProductIndex":128279}
{"itemId":"B00AZ74OQE","ProductIndex":193997}
{"itemId":"B00666AODK","ProductIndex":206889}
{"itemId":"B0041G69FE","ProductIndex":160162}
{"itemId":"B006ZOYE7K","ProductIndex":138741}
{"itemId":"B00CM1MI2I","ProductIndex":111079}
{"itemId":"B000PDY3Y6","ProductIndex":146092}
{"itemId":"B00ADHI8W2","ProductIndex":151267}
{"itemId":"B0053NWOO4","ProductIndex":163111}
{"itemId":"B007ZYWH96","ProductIndex":193691}
{"itemId":"B003NGESYC","ProductIndex":143896}
{"itemId":"B001GGZLX8","ProductIndex":171696}
{"itemId":"B008UUKP6Q","ProductIndex":198136}
{"itemId":"B003YLWWLM","ProductIndex":116305}
{"itemId":"B002CQTX76","ProductIndex":151371}
{"itemId":"B00ATP9ZYI","ProductIndex":195984}
{"itemId":"B000W6O422","ProductIndex":201663}
{"itemId":"B0057MCPY0","ProductIndex":204045}
{"itemId":"B0065N4XSG","ProductIndex":100775}
{"itemId":"B000IEFKC6","ProductIndex":198134}
{"itemId":"B00E963AS0","ProductIndex":183703}
{"itemId":"B00CEJ7UF8","ProductIndex":179749}
{"itemId":"B000I5JJCC","ProductIndex":114095}
{"itemId":"B0083X8IM8","ProductIndex":183306}
{"itemId":"B00D1A2V4O","ProductIndex":159887}
{"itemId":"B005IQ65D2","ProductIndex":176069}
{"itemId":"B00C1BYENA","ProductIndex":127697}
{"itemId":"B004C04RA8","ProductIndex":161054}
{"itemId":"B0006L51CK","ProductIndex":195115}
{"itemId":"B00EHQMNGC","ProductIndex":195674}
{"itemId":"B003TLJKBW","ProductIndex":177923}
{"itemId":"B00AQUVQRU","ProductIndex":196567}
{"itemId":"B000F2YHTI","ProductIndex":176325}
{"itemId":"B00003CWGN","ProductIndex":207123}
{"itemId":"B00CYBN1V8","ProductIndex":204730}
{"itemId":"B0099ES96A","ProductIndex":198011}
{"itemId":"B005S004L2","ProductIndex":207322}
{"itemId":"B008SHY2QK","ProductIndex":127363}
{"itemId":"B0011N5VIQ","ProductIndex":146805}
{"itemId":"B00D8MJAOO","ProductIndex":207557}
{"itemId":"B00000JDHW","ProductIndex":199468}
{"itemId":"B000MY5O3W","ProductIndex":101136}
{"itemId":"B004FL9JTI","ProductIndex":173186}
{"itemId":"B003ZG14DI","ProductIndex":119882}
{"itemId":"B004PYV6RS","ProductIndex":146335}
{"itemId":"B005SQH1WG","ProductIndex":195631}
{"itemId":"B0084Y25BQ","ProductIndex":149345}
{"itemId":"B0055R21AA","ProductIndex":199391}
{"itemId":"B009CCYVYS","ProductIndex":181520}
{"itemId":"B0000513JV","ProductIndex":190693}
{"itemId":"B00541ML4S","ProductIndex":170908}
{"itemId":"B0060XRYKK","ProductIndex":151719}
{"itemId":"B00006HOL2","ProductIndex":196792}
{"itemId":"B00006HUDC","ProductIndex":192960}
{"itemId":"B0009M1738","ProductIndex":200636}
{"itemId":"B00004TS7R","ProductIndex":205869}
{"itemId":"B001H33Q9G","ProductIndex":202344}
{"itemId":"B00EE1Z6DM","ProductIndex":156403}
{"itemId":"B001QXDTG2","ProductIndex":203060}
{"itemId":"B008Z6W0CM","ProductIndex":203343}
{"itemId":"B0083MR2OO","ProductIndex":159071}
{"itemId":"B0002V2410","ProductIndex":191548}
{"itemId":"B007RJ1V0K","ProductIndex":183955}
{"itemId":"B009POJSCS","ProductIndex":203330}
{"itemId":"B00CC9V6J6","ProductIndex":144457}
{"itemId":"B0084C37SI","ProductIndex":173950}
{"itemId":"B00CW8B04S","ProductIndex":185277}
{"itemId":"B00744SPUW","ProductIndex":192288}
{"itemId":"B002833G76","ProductIndex":122579}
{"itemId":"B00A6IYK20","ProductIndex":191006}
{"itemId":"B009TCOIBC","ProductIndex":187590}
{"itemId":"B0000510OP","ProductIndex":145929}
{"itemId":"B00BNBQRYS","ProductIndex":196587}
{"itemId":"B001DUSY1I","ProductIndex":189226}
{"itemId":"B0050BTR9Y","ProductIndex":196281}
{"itemId":"B000ITN9P6","ProductIndex":169551}
{"itemId":"B004GZ2WN8","ProductIndex":193236}
{"itemId":"B007Z3EWKY","ProductIndex":203850}
{"itemId":"B006W0959Y","ProductIndex":188561}
{"itemId":"B001B7GA0A","ProductIndex":175024}
{"itemId":"B007X50WBC","ProductIndex":192858}
{"itemId":"B0071C79KO","ProductIndex":200505}
{"itemId":"B0007LCL54","ProductIndex":158706}
{"itemId":"B0049D09M8","ProductIndex":181551}
{"itemId":"B00008P9HZ","ProductIndex":195470}
{"itemId":"B00008JOMJ","ProductIndex":204899}
{"itemId":"B009L8PIRW","ProductIndex":201631}
{"itemId":"B002IUCRZQ","ProductIndex":164014}
{"itemId":"B000B6MSGC","ProductIndex":195969}
{"itemId":"B003R2TJ78","ProductIndex":175087}
{"itemId":"B006LABOEE","ProductIndex":190285}
{"itemId":"B00008ICP8","ProductIndex":154097}
{"itemId":"B007LRPB4K","ProductIndex":197815}
{"itemId":"B005ESP1V6","ProductIndex":182038}
{"itemId":"B0094I9WTE","ProductIndex":207177}
{"itemId":"B00005MO4Y","ProductIndex":117746}
{"itemId":"B009LTUB0U","ProductIndex":183910}
{"itemId":"B000AME71G","ProductIndex":182200}
{"itemId":"B009XF99TG","ProductIndex":144799}
{"itemId":"B0015UJAK0","ProductIndex":177155}
{"itemId":"B0009V0ZJ6","ProductIndex":177386}
{"itemId":"B006C4S77Q","ProductIndex":175848}
{"itemId":"B003Y9ROTY","ProductIndex":182292}
{"itemId":"B00EGGZBP8","ProductIndex":198307}
{"itemId":"B001R2L6KS","ProductIndex":199128}
{"itemId":"B0058H2GK2","ProductIndex":179773}
{"itemId":"B000TYIVMQ","ProductIndex":194717}
{"itemId":"B004NVQXXA","ProductIndex":170476}
{"itemId":"B0007L72N0","ProductIndex":202604}
{"itemId":"B000GEWUAS","ProductIndex":193223}
{"itemId":"B004XE5OLY","ProductIndex":182764}
{"itemId":"B002GQ3PB2","ProductIndex":178130}
{"itemId":"B0006GDC0S","ProductIndex":184917}
{"itemId":"B00CPZJIDS","ProductIndex":196508}
{"itemId":"B0096SM9CE","ProductIndex":150748}
{"itemId":"B002O6FGLG","ProductIndex":203678}
{"itemId":"B00DDNKCNQ","ProductIndex":206146}
{"itemId":"B006ZIS59E","ProductIndex":199631}
{"itemId":"B004VIAS04","ProductIndex":183349}
{"itemId":"B002CN0BQG","ProductIndex":200673}
{"itemId":"B0018LNAFM","ProductIndex":178137}
{"itemId":"B000KL30LK","ProductIndex":192312}
{"itemId":"B00DUDHN36","ProductIndex":185540}
{"itemId":"B003VC7LZG","ProductIndex":190599}
{"itemId":"B002CJBPGU","ProductIndex":202291}
{"itemId":"B002MC7D90","ProductIndex":183828}
