{"itemId":"B00GPH6T8E","ProductIndex":1845}
{"itemId":"B003OQUIIG","ProductIndex":16568}
{"itemId":"B00CHRSAYW","ProductIndex":10445}
{"itemId":"B0007POE6O","ProductIndex":4131}
{"itemId":"B000A46R8U","ProductIndex":57038}
{"itemId":"B001TH7T2U","ProductIndex":130}
{"itemId":"B000Z80ICM","ProductIndex":223}
{"itemId":"B000WYVBR0","ProductIndex":78}
{"itemId":"B001MW6ZKO","ProductIndex":46417}
{"itemId":"B00FD5L646","ProductIndex":3152}
{"itemId":"B001AQWLTQ","ProductIndex":24393}
{"itemId":"B004H1NS7A","ProductIndex":54527}
{"itemId":"B000XPOOHC","ProductIndex":43561}
{"itemId":"B001QMRRZC","ProductIndex":70320}
{"itemId":"B005LS27HK","ProductIndex":43371}
{"itemId":"B001F4TF9W","ProductIndex":34198}
{"itemId":"B0027FGW3K","ProductIndex":532}
{"itemId":"B00F4B2SV4","ProductIndex":91927}
{"itemId":"B00H9BEC8E","ProductIndex":3499}
{"itemId":"B00IEXTOMA","ProductIndex":150795}
{"itemId":"B005MM7CUC","ProductIndex":136337}
{"itemId":"B000JKHXPQ","ProductIndex":4111}
{"itemId":"B000MDZWUS","ProductIndex":7903}
{"itemId":"B004DBD4TG","ProductIndex":1596}
{"itemId":"B00B0CQCCC","ProductIndex":2184}
{"itemId":"B0090Y9OPE","ProductIndex":35118}
{"itemId":"B000EZKAHO","ProductIndex":31931}
{"itemId":"B002USUMPI","ProductIndex":21434}
{"itemId":"B001X3MGFU","ProductIndex":29083}
{"itemId":"B009GX689O","ProductIndex":81356}
{"itemId":"B004OOVIDQ","ProductIndex":10640}
{"itemId":"B0095VPBFY","ProductIndex":12081}
{"itemId":"B005DHL3GK","ProductIndex":18015}
{"itemId":"B00AJERVG8","ProductIndex":145194}
{"itemId":"B0054QGNKG","ProductIndex":91678}
{"itemId":"B001AMOTAY","ProductIndex":6516}
{"itemId":"B0000DD7P2","ProductIndex":26603}
{"itemId":"B003U9VMUU","ProductIndex":64668}
{"itemId":"B00505F01E","ProductIndex":2994}
{"itemId":"B005EIGUD4","ProductIndex":1021}
{"itemId":"B000UV4EUG","ProductIndex":3442}
{"itemId":"B0000C16R8","ProductIndex":158371}
{"itemId":"B002VWJU56","ProductIndex":44173}
{"itemId":"B001BIKBHM","ProductIndex":134754}
{"itemId":"B009XNBFJK","ProductIndex":1218}
{"itemId":"B002DDZ7OG","ProductIndex":16155}
{"itemId":"B00CKUEGJ4","ProductIndex":32141}
{"itemId":"B00004Z5KA","ProductIndex":15097}
{"itemId":"B009HNFJHU","ProductIndex":71068}
{"itemId":"B000U94A7U","ProductIndex":35417}
{"itemId":"B006OSQALU","ProductIndex":5320}
{"itemId":"B005XDGJB8","ProductIndex":65361}
{"itemId":"B003ULP9Q6","ProductIndex":111245}
{"itemId":"B00425FH3E","ProductIndex":124928}
{"itemId":"B00CTUIT20","ProductIndex":593}
{"itemId":"B0043GGDGC","ProductIndex":38056}
{"itemId":"B006ZH0LW4","ProductIndex":17432}
{"itemId":"B002D5XY8A","ProductIndex":10190}
{"itemId":"B007M506WS","ProductIndex":290}
{"itemId":"B0019DKOVW","ProductIndex":12875}
{"itemId":"B0078XGE3Y","ProductIndex":4967}
{"itemId":"B003A4Z3SC","ProductIndex":133473}
{"itemId":"B001GS8FZM","ProductIndex":2486}
{"itemId":"B001RPEJA4","ProductIndex":5450}
{"itemId":"B00E8PAAUS","ProductIndex":22823}
{"itemId":"B00FK0ELM8","ProductIndex":11277}
{"itemId":"B000NB2GF8","ProductIndex":15162}
{"itemId":"B007PPYXOC","ProductIndex":1939}
{"itemId":"B000QXNAH6","ProductIndex":114290}
{"itemId":"B001OMGVII","ProductIndex":1453}
{"itemId":"B00114162K","ProductIndex":3399}
{"itemId":"B001M4ZQBQ","ProductIndex":197515}
{"itemId":"B002K450QI","ProductIndex":9136}
{"itemId":"B000BYJFYW","ProductIndex":40344}
{"itemId":"B0015LOWD4","ProductIndex":6714}
{"itemId":"B0079TOET8","ProductIndex":10405}
{"itemId":"B001AVRD62","ProductIndex":2055}
{"itemId":"B00365E1H4","ProductIndex":24399}
{"itemId":"B00028CAJ4","ProductIndex":168261}
{"itemId":"B007QIXSVM","ProductIndex":2541}
{"itemId":"B008DI8KV2","ProductIndex":177890}
{"itemId":"B003LY3IJC","ProductIndex":27912}
{"itemId":"B00B70KYOO","ProductIndex":32078}
{"itemId":"B0010CEWDI","ProductIndex":20116}
{"itemId":"B004MMEHYM","ProductIndex":41098}
{"itemId":"B0068ZWZY0","ProductIndex":10629}
{"itemId":"B0013BCFEE","ProductIndex":39808}
{"itemId":"B003JME322","ProductIndex":28612}
{"itemId":"B003VIQ4TO","ProductIndex":43947}
{"itemId":"B000E7XM68","ProductIndex":28159}
{"itemId":"B00BPAOUYG","ProductIndex":79661}
{"itemId":"B00HCDB3GI","ProductIndex":91439}
{"itemId":"B007YXA5S8","ProductIndex":3726}
{"itemId":"B0032BM0NO","ProductIndex":82675}
{"itemId":"B00067TYWW","ProductIndex":173671}
{"itemId":"B00B8A43CC","ProductIndex":4063}
{"itemId":"B004DNA0HI","ProductIndex":20597}
{"itemId":"B0014K4YU2","ProductIndex":84671}
{"itemId":"B007FGX1US","ProductIndex":55598}
{"itemId":"B00846Z34K","ProductIndex":1644}
{"itemId":"B001H1JF16","ProductIndex":26787}
{"itemId":"B001TKJ7XQ","ProductIndex":13132}
{"itemId":"B003NEPHAI","ProductIndex":18153}
{"itemId":"B0068Y7FXC","ProductIndex":19731}
{"itemId":"B002UL7YG0","ProductIndex":14296}
{"itemId":"B001P06PXU","ProductIndex":15932}
{"itemId":"B001LIHGFC","ProductIndex":10455}
{"itemId":"B001LXA08C","ProductIndex":121118}
{"itemId":"B004CZ49DI","ProductIndex":38499}
{"itemId":"B00AWUR6EQ","ProductIndex":149256}
{"itemId":"B0023Y1INY","ProductIndex":13779}
{"itemId":"B0074FGNJ6","ProductIndex":54445}
{"itemId":"B00CELZD8C","ProductIndex":30531}
{"itemId":"B0009IHD6W","ProductIndex":69738}
{"itemId":"B00462HX6W","ProductIndex":128492}
{"itemId":"B0051CK5FM","ProductIndex":58856}
{"itemId":"B00CW7VQNY","ProductIndex":25973}
{"itemId":"B003OSR6E8","ProductIndex":13660}
{"itemId":"B004F3DICU","ProductIndex":123955}
{"itemId":"B0098KGJ2Q","ProductIndex":140207}
{"itemId":"B005KFRO8Q","ProductIndex":17196}
{"itemId":"B00204ZCES","ProductIndex":24744}
{"itemId":"B00067R5XW","ProductIndex":21433}
{"itemId":"B0061XSBYM","ProductIndex":23749}
{"itemId":"B000068P8W","ProductIndex":2626}
{"itemId":"B00005Y3OM","ProductIndex":4980}
{"itemId":"B009WGSBN6","ProductIndex":83814}
{"itemId":"B003CJTQJW","ProductIndex":11308}
{"itemId":"B00BD3209M","ProductIndex":82591}
{"itemId":"B00GANGND4","ProductIndex":173642}
{"itemId":"B00E40L6FK","ProductIndex":90890}
{"itemId":"B006R7DNWM","ProductIndex":61367}
{"itemId":"B00ACF8XWA","ProductIndex":2972}
{"itemId":"B001LGIMN4","ProductIndex":67763}
{"itemId":"B0047UNI62","ProductIndex":127267}
{"itemId":"B003ZJHUSS","ProductIndex":73094}
{"itemId":"B00J3696KM","ProductIndex":131167}
{"itemId":"B00140U1EK","ProductIndex":88867}
{"itemId":"B00IBR189Q","ProductIndex":22589}
{"itemId":"B0045506LE","ProductIndex":47924}
{"itemId":"B009NGFQYC","ProductIndex":151981}
{"itemId":"B00AWF5ZWQ","ProductIndex":57168}
{"itemId":"B000V6W8E4","ProductIndex":42422}
{"itemId":"B001PNGCT4","ProductIndex":113906}
{"itemId":"B0062W50OG","ProductIndex":23110}
{"itemId":"B00BU1KGGG","ProductIndex":11956}
{"itemId":"B0003NN81M","ProductIndex":8451}
{"itemId":"B001GR909S","ProductIndex":107843}
{"itemId":"B002SE8J9K","ProductIndex":22440}
{"itemId":"B007W7PK04","ProductIndex":13851}
{"itemId":"B009WX4OEE","ProductIndex":33192}
{"itemId":"B000GZUN9W","ProductIndex":17180}
{"itemId":"B008O37MO2","ProductIndex":93669}
{"itemId":"B004HW73TI","ProductIndex":36183}
{"itemId":"B000V4OSMQ","ProductIndex":64703}
{"itemId":"B000ECZ4PK","ProductIndex":119140}
{"itemId":"B007CEARM8","ProductIndex":199184}
{"itemId":"B00C5UHKSI","ProductIndex":18105}
{"itemId":"B0006HQ2VI","ProductIndex":36409}
{"itemId":"B0000659U0","ProductIndex":159729}
{"itemId":"B003IHUHGE","ProductIndex":5856}
{"itemId":"B008FQNRG0","ProductIndex":31457}
{"itemId":"B00C0K6ND6","ProductIndex":148873}
{"itemId":"B005C8MJ8G","ProductIndex":76063}
{"itemId":"B000MCKAGK","ProductIndex":59885}
{"itemId":"B002TLSW9O","ProductIndex":30202}
{"itemId":"B001T21DU4","ProductIndex":65987}
{"itemId":"B004DTVJG8","ProductIndex":16959}
{"itemId":"B00009XV77","ProductIndex":181171}
{"itemId":"B0072B0T2O","ProductIndex":30360}
{"itemId":"B00H948RKU","ProductIndex":90999}
{"itemId":"B00B0QRBM8","ProductIndex":81184}
{"itemId":"B005IU2FD2","ProductIndex":34253}
{"itemId":"B002VVITG8","ProductIndex":23824}
{"itemId":"B00BPYR8S2","ProductIndex":172062}
{"itemId":"B008VJ9BUW","ProductIndex":48104}
{"itemId":"B004W2NE5K","ProductIndex":138118}
{"itemId":"B0036VO4M0","ProductIndex":12391}
{"itemId":"B0006Z61EI","ProductIndex":35031}
{"itemId":"B0011FV3PY","ProductIndex":67420}
{"itemId":"B009AJFUOI","ProductIndex":29247}
{"itemId":"B00009R9BF","ProductIndex":44009}
{"itemId":"B005NN8V3M","ProductIndex":33142}
{"itemId":"B00FVWQ6XC","ProductIndex":39062}
{"itemId":"B005U2VC8M","ProductIndex":29127}
{"itemId":"B008I62AYC","ProductIndex":82776}
{"itemId":"B009XEB68E","ProductIndex":77527}
{"itemId":"B00D1A5OR0","ProductIndex":29750}
{"itemId":"B003ES54BU","ProductIndex":17024}
{"itemId":"B000Q5KDF6","ProductIndex":21176}
{"itemId":"B009J0S1P8","ProductIndex":53956}
{"itemId":"B00598CUFQ","ProductIndex":24234}
{"itemId":"B00C0TJJ4M","ProductIndex":129708}
{"itemId":"B00DOIAFY6","ProductIndex":44438}
{"itemId":"B000IBDWNS","ProductIndex":49479}
{"itemId":"B000QEDE76","ProductIndex":33270}
{"itemId":"B000UTTJLW","ProductIndex":118806}
{"itemId":"B003XTRU58","ProductIndex":10213}
{"itemId":"B007KCV0RS","ProductIndex":14002}
{"itemId":"B0051GN88O","ProductIndex":19873}
{"itemId":"B000I4H1HS","ProductIndex":149275}
{"itemId":"B00E6LJ1RW","ProductIndex":31997}
{"itemId":"B000XB4P8Y","ProductIndex":58898}
{"itemId":"B004PAA876","ProductIndex":16493}
{"itemId":"B00FAVIB3W","ProductIndex":8115}
{"itemId":"B000ENIYOC","ProductIndex":58537}
{"itemId":"B0092SX9B8","ProductIndex":34063}
{"itemId":"B009M2QY4S","ProductIndex":66704}
{"itemId":"B000F38GS0","ProductIndex":21692}
{"itemId":"B004G813UI","ProductIndex":202355}
{"itemId":"B008L0G1TU","ProductIndex":17283}
{"itemId":"B002V15OJI","ProductIndex":114484}
{"itemId":"B0044L6IXY","ProductIndex":12886}
{"itemId":"B003R2QHVY","ProductIndex":162514}
{"itemId":"B00F26LG1E","ProductIndex":93638}
{"itemId":"B007GFYHPG","ProductIndex":25254}
{"itemId":"B003VNKN7S","ProductIndex":111461}
{"itemId":"B000NKCGVI","ProductIndex":62828}
{"itemId":"B00020KPB2","ProductIndex":30993}
{"itemId":"B004BVALYY","ProductIndex":11048}
{"itemId":"B0008D76L0","ProductIndex":4436}
{"itemId":"B0002SQ0AE","ProductIndex":14077}
{"itemId":"B003QK1VK4","ProductIndex":37476}
{"itemId":"B001C213JM","ProductIndex":187310}
{"itemId":"B007HJ3NLK","ProductIndex":68934}
{"itemId":"B001UG37QC","ProductIndex":35446}
{"itemId":"B0017TIHQW","ProductIndex":59635}
{"itemId":"B002CQOT8Y","ProductIndex":206077}
{"itemId":"B0012TZJZE","ProductIndex":174368}
{"itemId":"B00CZGAA2K","ProductIndex":96404}
{"itemId":"B00005MNFF","ProductIndex":104841}
{"itemId":"B004E8Z57C","ProductIndex":55491}
{"itemId":"B0071TY5B8","ProductIndex":49311}
{"itemId":"B00007CJMT","ProductIndex":61836}
{"itemId":"B004IYJX0M","ProductIndex":16302}
{"itemId":"B006E5NP48","ProductIndex":37747}
{"itemId":"B00008Z1QJ","ProductIndex":43452}
{"itemId":"B00B3PLPEQ","ProductIndex":46916}
{"itemId":"B000BFYPM8","ProductIndex":16029}
{"itemId":"B0000CH58M","ProductIndex":34227}
{"itemId":"B007POE1PO","ProductIndex":28314}
{"itemId":"B006V9AUMC","ProductIndex":14353}
{"itemId":"B003TY9S2A","ProductIndex":37216}
{"itemId":"B001MRX318","ProductIndex":47410}
{"itemId":"B004O6JKVQ","ProductIndex":75267}
{"itemId":"B00C3BD72M","ProductIndex":30398}
{"itemId":"B00009PZX4","ProductIndex":93842}
{"itemId":"B00FSDKBYY","ProductIndex":10133}
{"itemId":"B003F3E6P4","ProductIndex":68773}
{"itemId":"B000CCS440","ProductIndex":29319}
{"itemId":"B00C4Q0DS2","ProductIndex":117071}
{"itemId":"B000M9GFOE","ProductIndex":65205}
{"itemId":"B006J8SAWM","ProductIndex":157819}
{"itemId":"B009YN5MKW","ProductIndex":43362}
{"itemId":"B009TCKD8O","ProductIndex":65192}
{"itemId":"B00FXLML8U","ProductIndex":79464}
{"itemId":"B003O5FOWC","ProductIndex":33977}
{"itemId":"B009IAMJWA","ProductIndex":66246}
{"itemId":"B001588IUK","ProductIndex":26802}
{"itemId":"B001GOUXW4","ProductIndex":20752}
{"itemId":"B0081TSZCC","ProductIndex":9188}
{"itemId":"B00478PFTM","ProductIndex":207230}
{"itemId":"B004MC1ZRE","ProductIndex":146067}
{"itemId":"B007MLH27O","ProductIndex":42726}
{"itemId":"B005OQJVP0","ProductIndex":56022}
{"itemId":"B009AU2IA6","ProductIndex":29223}
{"itemId":"B002N7X2B2","ProductIndex":139447}
{"itemId":"B004JK1UX8","ProductIndex":73201}
{"itemId":"B0083S3OWW","ProductIndex":25358}
{"itemId":"B0016N8BII","ProductIndex":111234}
{"itemId":"B008O0IC0I","ProductIndex":106090}
{"itemId":"B000MKGOMQ","ProductIndex":130389}
{"itemId":"B005FYFGN2","ProductIndex":100624}
{"itemId":"B00553E5OO","ProductIndex":34293}
{"itemId":"B0044D3R7M","ProductIndex":50116}
{"itemId":"B004EBUN2Q","ProductIndex":21858}
{"itemId":"B0039D831S","ProductIndex":142195}
{"itemId":"B000N4Z39G","ProductIndex":20856}
{"itemId":"B004Y7K8TI","ProductIndex":99087}
{"itemId":"B001FOMZO4","ProductIndex":83290}
{"itemId":"B009X7C29I","ProductIndex":96895}
{"itemId":"B00001ZUGH","ProductIndex":106740}
{"itemId":"B005SIJS4I","ProductIndex":37330}
{"itemId":"B0045ZEU52","ProductIndex":24866}
{"itemId":"B0073W281W","ProductIndex":36333}
{"itemId":"B004RE3CFU","ProductIndex":31509}
{"itemId":"B001HC6UJ0","ProductIndex":57342}
{"itemId":"B00HCB5FPK","ProductIndex":69653}
{"itemId":"B00FQRK70U","ProductIndex":134561}
{"itemId":"B00JMC9CLK","ProductIndex":20670}
{"itemId":"B001ACN99G","ProductIndex":73500}
{"itemId":"B0084JFM2U","ProductIndex":35010}
{"itemId":"B00E8ONRBS","ProductIndex":82156}
{"itemId":"B0006688ZW","ProductIndex":156538}
{"itemId":"B002R7QJN6","ProductIndex":73573}
{"itemId":"B006E916QI","ProductIndex":190710}
{"itemId":"B00AW6HO8S","ProductIndex":32814}
{"itemId":"B00DGP65QE","ProductIndex":138325}
{"itemId":"B0002GWXLQ","ProductIndex":41538}
{"itemId":"B005MJ6F80","ProductIndex":10269}
{"itemId":"B004UK4F0C","ProductIndex":66857}
{"itemId":"B006OAZ9LU","ProductIndex":85836}
{"itemId":"B007NG3Z2E","ProductIndex":49213}
{"itemId":"B002OOWC42","ProductIndex":17047}
{"itemId":"B005HFJFLI","ProductIndex":110701}
{"itemId":"B008FVP96G","ProductIndex":136427}
{"itemId":"B009GUP6O0","ProductIndex":39659}
{"itemId":"B003G1I4O4","ProductIndex":41254}
{"itemId":"B0030UKPNE","ProductIndex":41892}
{"itemId":"B0000B16F7","ProductIndex":90291}
{"itemId":"B00316TM22","ProductIndex":91649}
{"itemId":"B0012G990I","ProductIndex":47559}
{"itemId":"B0011YK14E","ProductIndex":105814}
{"itemId":"B005PRWXZ8","ProductIndex":103092}
{"itemId":"B004TO2IAI","ProductIndex":86894}
{"itemId":"B003GMNPEC","ProductIndex":48637}
{"itemId":"B002FI7GWK","ProductIndex":28131}
{"itemId":"B000V0BUX0","ProductIndex":62473}
{"itemId":"B003V1VJGY","ProductIndex":128796}
{"itemId":"B003IV4Q4O","ProductIndex":62093}
{"itemId":"B001MRX4JO","ProductIndex":94561}
{"itemId":"B00006HZ22","ProductIndex":151686}
{"itemId":"B0084HI44U","ProductIndex":126000}
{"itemId":"B000BYBD74","ProductIndex":168190}
{"itemId":"B00CMMGHLA","ProductIndex":97451}
{"itemId":"B001CJVV6A","ProductIndex":37331}
{"itemId":"B000FLPBQW","ProductIndex":187200}
{"itemId":"B008ATNW7G","ProductIndex":10177}
{"itemId":"B007S6JMI0","ProductIndex":154104}
{"itemId":"B005TMXODE","ProductIndex":30126}
{"itemId":"B0089I0YQK","ProductIndex":53683}
{"itemId":"B0084BX96Y","ProductIndex":116265}
{"itemId":"B0009PD0ZI","ProductIndex":60259}
{"itemId":"B007RPMU68","ProductIndex":86003}
{"itemId":"B005N8W1H4","ProductIndex":198323}
{"itemId":"B004YVH6HG","ProductIndex":30623}
{"itemId":"B009DP5RV0","ProductIndex":122591}
{"itemId":"B000BZ4TYM","ProductIndex":27495}
{"itemId":"B00APSF3E0","ProductIndex":84143}
{"itemId":"B0081N3VQI","ProductIndex":115467}
{"itemId":"B001QZ5PDK","ProductIndex":106521}
{"itemId":"B00017LRDQ","ProductIndex":118716}
{"itemId":"B000VVJPC2","ProductIndex":57583}
{"itemId":"B001C53RT8","ProductIndex":116086}
{"itemId":"B009SNIU66","ProductIndex":160257}
{"itemId":"B00007E8D2","ProductIndex":7698}
{"itemId":"B005T44LES","ProductIndex":49325}
{"itemId":"B0023NVYYI","ProductIndex":51176}
{"itemId":"B0056XFS5S","ProductIndex":35355}
{"itemId":"B005C32NMS","ProductIndex":54713}
{"itemId":"B00CXV4956","ProductIndex":110890}
{"itemId":"B008VUCIWY","ProductIndex":30314}
{"itemId":"B00ENZE05Y","ProductIndex":39439}
{"itemId":"B003AIL2FQ","ProductIndex":26602}
{"itemId":"B000W3PH08","ProductIndex":67582}
{"itemId":"B003KE3SJI","ProductIndex":18160}
{"itemId":"B003C2B1O2","ProductIndex":28930}
{"itemId":"B00570BUKC","ProductIndex":69808}
{"itemId":"B003ZHZIUC","ProductIndex":66837}
{"itemId":"B001J7CV3C","ProductIndex":55741}
{"itemId":"B00B4HQOSK","ProductIndex":55070}
{"itemId":"B00BEUCNNC","ProductIndex":171443}
{"itemId":"B009F1DT80","ProductIndex":71295}
{"itemId":"B0007KK22Y","ProductIndex":27226}
{"itemId":"B00ANAS8HO","ProductIndex":132692}
{"itemId":"B0010SHW98","ProductIndex":135302}
{"itemId":"B005JW6X1E","ProductIndex":112627}
{"itemId":"B009SE5IYC","ProductIndex":112980}
{"itemId":"B002ONCC98","ProductIndex":29229}
{"itemId":"B005AIR2TE","ProductIndex":27439}
{"itemId":"B005D92WD6","ProductIndex":112457}
{"itemId":"B002BGVSCK","ProductIndex":32832}
{"itemId":"B0026ACUQ4","ProductIndex":16407}
{"itemId":"B0081WWS8G","ProductIndex":85575}
{"itemId":"B000063W8X","ProductIndex":61461}
{"itemId":"B009GET534","ProductIndex":138994}
{"itemId":"B00ATTBP1U","ProductIndex":67882}
{"itemId":"B00DNGDJ1A","ProductIndex":81801}
{"itemId":"B004YVZ16Y","ProductIndex":30338}
{"itemId":"B00DIFO1GI","ProductIndex":146410}
{"itemId":"B0000633DX","ProductIndex":105240}
{"itemId":"B000IMSFCU","ProductIndex":103108}
{"itemId":"B007VBQ3LQ","ProductIndex":85145}
{"itemId":"B007RUKB8C","ProductIndex":80712}
{"itemId":"B004E2MLL6","ProductIndex":89403}
{"itemId":"B001JPFHY4","ProductIndex":53555}
{"itemId":"B0091YWS2O","ProductIndex":55186}
{"itemId":"B005HSCQK2","ProductIndex":174561}
{"itemId":"B001NKGWGM","ProductIndex":50098}
{"itemId":"B00FHBH5SC","ProductIndex":156525}
{"itemId":"B00CYLOTPK","ProductIndex":20233}
{"itemId":"B005BJGWC0","ProductIndex":80388}
{"itemId":"B000JMBJ7W","ProductIndex":204447}
{"itemId":"B00ASE6SJ0","ProductIndex":96485}
{"itemId":"B002EVPCRO","ProductIndex":65266}
{"itemId":"B006XYZMHS","ProductIndex":55063}
{"itemId":"B000K8AL8I","ProductIndex":102272}
{"itemId":"B000FO2DRY","ProductIndex":82823}
{"itemId":"B0036WT4H4","ProductIndex":11951}
{"itemId":"B0069J13IE","ProductIndex":31915}
{"itemId":"B004M677U4","ProductIndex":71995}
{"itemId":"B008SA63Y6","ProductIndex":57885}
{"itemId":"B00D02MIXM","ProductIndex":184059}
{"itemId":"B00AOYX2DO","ProductIndex":22287}
{"itemId":"B000O1AVLS","ProductIndex":34925}
{"itemId":"B00903F1AM","ProductIndex":30868}
{"itemId":"B008N6YGG2","ProductIndex":74377}
{"itemId":"B000CS15YA","ProductIndex":60188}
{"itemId":"B00E1OOTVW","ProductIndex":150155}
{"itemId":"B0014CC9FW","ProductIndex":77299}
{"itemId":"B00BXE61AK","ProductIndex":62625}
{"itemId":"B007LOSZ64","ProductIndex":204936}
{"itemId":"B002VKDODC","ProductIndex":86810}
{"itemId":"B0055BJCZS","ProductIndex":31095}
{"itemId":"B007ZD735U","ProductIndex":61502}
{"itemId":"B006K556L2","ProductIndex":40308}
{"itemId":"B003AUCNWK","ProductIndex":116882}
{"itemId":"B004H2K5UC","ProductIndex":80470}
{"itemId":"B004MPR3XQ","ProductIndex":95759}
{"itemId":"B0015KT276","ProductIndex":115602}
{"itemId":"B003LJGIWQ","ProductIndex":142015}
{"itemId":"B003CSM4AQ","ProductIndex":22852}
{"itemId":"B000EIUD6Y","ProductIndex":66112}
{"itemId":"B003BIFNMI","ProductIndex":114431}
{"itemId":"B000KV33BC","ProductIndex":34182}
{"itemId":"B000G80THA","ProductIndex":62009}
{"itemId":"B004TA7QJA","ProductIndex":67120}
{"itemId":"B0050ODQEI","ProductIndex":55234}
{"itemId":"B00BPM5J30","ProductIndex":79533}
{"itemId":"B001LIK6LI","ProductIndex":81399}
{"itemId":"B000VEKQMM","ProductIndex":116197}
{"itemId":"B002WDJRMA","ProductIndex":67429}
{"itemId":"B00515PBTY","ProductIndex":69479}
{"itemId":"B002AUP15M","ProductIndex":112936}
{"itemId":"B006EXACW8","ProductIndex":36834}
{"itemId":"B000KNHKTG","ProductIndex":38512}
{"itemId":"B006W2IJNA","ProductIndex":102247}
{"itemId":"B00A4NKK5S","ProductIndex":179044}
{"itemId":"B004ULQI24","ProductIndex":72328}
{"itemId":"B000SKTUNU","ProductIndex":164584}
{"itemId":"B003OX4ZLK","ProductIndex":149260}
{"itemId":"B001TEFZLU","ProductIndex":49355}
{"itemId":"B001MS2QJC","ProductIndex":80677}
{"itemId":"B0046UN2FA","ProductIndex":112100}
{"itemId":"B003V3IULY","ProductIndex":192430}
{"itemId":"B007PCP2QI","ProductIndex":88985}
{"itemId":"B005K8AUQ6","ProductIndex":79057}
{"itemId":"B0000ALFEV","ProductIndex":127929}
{"itemId":"B0085T0WVA","ProductIndex":194601}
{"itemId":"B005CI2166","ProductIndex":98858}
{"itemId":"B005CRFPCY","ProductIndex":154849}
{"itemId":"B004H9P2BC","ProductIndex":110655}
{"itemId":"B00CH6AZ2S","ProductIndex":133119}
{"itemId":"B000YC8HYA","ProductIndex":182248}
{"itemId":"B001QFZM92","ProductIndex":101177}
{"itemId":"B000OE1RGI","ProductIndex":50422}
{"itemId":"B002608OW8","ProductIndex":49453}
{"itemId":"B00597MBTM","ProductIndex":108524}
{"itemId":"B004BLIP2Y","ProductIndex":171924}
{"itemId":"B00ABB7M1S","ProductIndex":186107}
{"itemId":"B0033V4DJC","ProductIndex":48429}
{"itemId":"B0007XO7A4","ProductIndex":95563}
{"itemId":"B008UNSPO2","ProductIndex":47821}
{"itemId":"B0018C5MA2","ProductIndex":135952}
{"itemId":"B000EUCN38","ProductIndex":198692}
{"itemId":"B001FA0BKI","ProductIndex":71662}
{"itemId":"B003GSLDJ0","ProductIndex":24239}
{"itemId":"B000A1IUFQ","ProductIndex":118088}
{"itemId":"B008CPLOLO","ProductIndex":127773}
{"itemId":"B005OBCI32","ProductIndex":70807}
{"itemId":"B0085J99CI","ProductIndex":64916}
{"itemId":"B00A72T39K","ProductIndex":90124}
{"itemId":"B00E87E1ME","ProductIndex":29437}
{"itemId":"B00C3UKE88","ProductIndex":84860}
{"itemId":"B003ATIFGY","ProductIndex":53559}
{"itemId":"B003S3RJVO","ProductIndex":93633}
{"itemId":"B003HA2MGA","ProductIndex":151912}
{"itemId":"B000VNMK6I","ProductIndex":80138}
{"itemId":"B008RM8GGS","ProductIndex":69189}
{"itemId":"B000VDF5VK","ProductIndex":20035}
{"itemId":"B00607JLWU","ProductIndex":47209}
{"itemId":"B0082ZJNW6","ProductIndex":116429}
{"itemId":"B00A7NYXP8","ProductIndex":94271}
{"itemId":"B00080B0KQ","ProductIndex":27473}
{"itemId":"B002YFP8BK","ProductIndex":20112}
{"itemId":"B004T9BBJC","ProductIndex":69062}
{"itemId":"B000O7UCF2","ProductIndex":106225}
{"itemId":"B001MT28D0","ProductIndex":139297}
{"itemId":"B003TMIQPW","ProductIndex":132578}
{"itemId":"B007JCNOGY","ProductIndex":180119}
{"itemId":"B009WESJEY","ProductIndex":84816}
{"itemId":"B002K9II44","ProductIndex":165716}
{"itemId":"B009F7ZPEK","ProductIndex":71711}
{"itemId":"B007PQ0LJW","ProductIndex":99053}
{"itemId":"B004LWD096","ProductIndex":121899}
{"itemId":"B0036VNX8G","ProductIndex":179952}
{"itemId":"B005OIFREW","ProductIndex":70455}
{"itemId":"B00748JQOW","ProductIndex":200731}
{"itemId":"B0000DCE1Z","ProductIndex":158641}
{"itemId":"B00001ZUHZ","ProductIndex":199268}
{"itemId":"B000S2W4L8","ProductIndex":93486}
{"itemId":"B009Z25GK8","ProductIndex":64183}
{"itemId":"B000CKBLBU","ProductIndex":36735}
{"itemId":"B006L0OKGI","ProductIndex":59018}
{"itemId":"B006OI5X7C","ProductIndex":73532}
{"itemId":"B005APQDG0","ProductIndex":170289}
{"itemId":"B002LBO9CQ","ProductIndex":97989}
{"itemId":"B0021HIUOI","ProductIndex":68301}
{"itemId":"B0011WD9JU","ProductIndex":81453}
{"itemId":"B000BC2OBU","ProductIndex":105907}
{"itemId":"B0041436PW","ProductIndex":170882}
{"itemId":"B0058M0TN8","ProductIndex":137485}
{"itemId":"B00D3UBO0E","ProductIndex":88905}
{"itemId":"B000R97XOU","ProductIndex":70432}
{"itemId":"B0007YQO2W","ProductIndex":166524}
{"itemId":"B003HC8H26","ProductIndex":37194}
{"itemId":"B008350TJQ","ProductIndex":85312}
{"itemId":"B00744RAH6","ProductIndex":64089}
{"itemId":"B00003GPVF","ProductIndex":104978}
{"itemId":"B007VT0FT4","ProductIndex":52943}
{"itemId":"B0002ZQB7O","ProductIndex":56593}
{"itemId":"B000PH91OO","ProductIndex":123614}
{"itemId":"B00006HYUC","ProductIndex":66226}
{"itemId":"B008S978XW","ProductIndex":93790}
{"itemId":"B001B9BN5A","ProductIndex":146891}
{"itemId":"B005S5PZZ2","ProductIndex":197746}
{"itemId":"B000YAB63G","ProductIndex":191268}
{"itemId":"B000HGQK4C","ProductIndex":57248}
{"itemId":"B002OVVJJY","ProductIndex":196647}
{"itemId":"B004JAZG8S","ProductIndex":70756}
{"itemId":"B000G72TKQ","ProductIndex":192730}
{"itemId":"B00FEZB5TG","ProductIndex":111443}
{"itemId":"B001VYROSA","ProductIndex":82530}
{"itemId":"B003RCDRFS","ProductIndex":154315}
{"itemId":"B00004T2UW","ProductIndex":118761}
{"itemId":"B0039MYNBI","ProductIndex":27954}
{"itemId":"B004ZKP916","ProductIndex":197802}
{"itemId":"B00BJCHMBI","ProductIndex":52732}
{"itemId":"B003MVZ8UG","ProductIndex":168890}
{"itemId":"B003VX1PT8","ProductIndex":112102}
{"itemId":"B003HMTCM0","ProductIndex":131145}
{"itemId":"B00AA2DETM","ProductIndex":80476}
{"itemId":"B004GSJX9Q","ProductIndex":55447}
{"itemId":"B003SSQVPE","ProductIndex":35523}
{"itemId":"B00490BR3G","ProductIndex":106674}
{"itemId":"B001D3M47A","ProductIndex":76120}
{"itemId":"B0016QDHCK","ProductIndex":38442}
{"itemId":"B000M9DOUW","ProductIndex":187253}
{"itemId":"B000PQFQ94","ProductIndex":82631}
{"itemId":"B00CD5IN36","ProductIndex":153563}
{"itemId":"B003O9OFE6","ProductIndex":115647}
{"itemId":"B0002GRQR2","ProductIndex":45686}
{"itemId":"B005NHP9RO","ProductIndex":139458}
{"itemId":"B00004Z7XX","ProductIndex":78692}
{"itemId":"B001EC0224","ProductIndex":48515}
{"itemId":"B00A8SPVGC","ProductIndex":120688}
{"itemId":"B004H3Z8OO","ProductIndex":71557}
{"itemId":"B0076H2T68","ProductIndex":87086}
{"itemId":"B008AI1XCS","ProductIndex":69336}
{"itemId":"B00005AASP","ProductIndex":84330}
{"itemId":"B000060NXK","ProductIndex":26981}
{"itemId":"B00EVJVCWQ","ProductIndex":49290}
{"itemId":"B0026FCKBO","ProductIndex":81127}
{"itemId":"B004B661K2","ProductIndex":98426}
{"itemId":"B001GOPWDE","ProductIndex":29590}
{"itemId":"B008I5PI60","ProductIndex":195925}
{"itemId":"B00JJPFSTA","ProductIndex":156363}
{"itemId":"B00B7BAEE8","ProductIndex":77176}
{"itemId":"B00ETAQBZK","ProductIndex":107040}
{"itemId":"B004YNJUB4","ProductIndex":108114}
{"itemId":"B005NIVY4U","ProductIndex":117297}
{"itemId":"B00BGG3H1G","ProductIndex":178728}
{"itemId":"B004I4YP6O","ProductIndex":42745}
{"itemId":"B003O2RVGM","ProductIndex":33273}
{"itemId":"B001UE6LS0","ProductIndex":91507}
{"itemId":"B00A48JH02","ProductIndex":80392}
{"itemId":"B000B62NPS","ProductIndex":76810}
{"itemId":"B00FQC190W","ProductIndex":36903}
{"itemId":"B004CHCLEU","ProductIndex":111968}
{"itemId":"B0094FLYSY","ProductIndex":162462}
{"itemId":"B00J49ZH56","ProductIndex":49902}
{"itemId":"B005EJC064","ProductIndex":193454}
{"itemId":"B001OI2LQI","ProductIndex":80848}
{"itemId":"B000WDP2BW","ProductIndex":129095}
{"itemId":"B003GXFTZ4","ProductIndex":127173}
{"itemId":"B0000DZFYW","ProductIndex":183144}
{"itemId":"B000BONMPK","ProductIndex":75463}
{"itemId":"B004BO2H20","ProductIndex":36427}
{"itemId":"B00E8CEN36","ProductIndex":97031}
{"itemId":"B004CLY5B8","ProductIndex":35394}
{"itemId":"B002TLT98M","ProductIndex":130234}
{"itemId":"B000RLKLRO","ProductIndex":50919}
{"itemId":"B003DQKDCI","ProductIndex":114281}
{"itemId":"B002ZUV9IK","ProductIndex":77030}
{"itemId":"B0016LUOWG","ProductIndex":138655}
{"itemId":"B002R0DZWG","ProductIndex":138754}
{"itemId":"B001QWX6RA","ProductIndex":149172}
{"itemId":"B009POU86I","ProductIndex":74991}
{"itemId":"B00G4E2IRE","ProductIndex":31428}
{"itemId":"B003PN7W14","ProductIndex":145619}
{"itemId":"B004HKAIBU","ProductIndex":63168}
{"itemId":"B009QPW4GI","ProductIndex":190622}
{"itemId":"B002RW08E2","ProductIndex":147210}
{"itemId":"B005GGJ5X6","ProductIndex":147332}
{"itemId":"B000816CEY","ProductIndex":23207}
{"itemId":"B00BLZDK82","ProductIndex":66057}
{"itemId":"B0009VE22W","ProductIndex":124477}
{"itemId":"B0007INGLK","ProductIndex":140725}
{"itemId":"B00K7QDHK2","ProductIndex":162140}
{"itemId":"B009APBXA2","ProductIndex":83474}
{"itemId":"B004A8W7SQ","ProductIndex":136568}
{"itemId":"B00560ZL1W","ProductIndex":154943}
{"itemId":"B008D7LIX0","ProductIndex":171093}
{"itemId":"B007JPSCMC","ProductIndex":87516}
{"itemId":"B006DTWU9G","ProductIndex":106810}
{"itemId":"B0042F0JMS","ProductIndex":163990}
{"itemId":"B00BQM1WNA","ProductIndex":151506}
{"itemId":"B007ZZC3B2","ProductIndex":119662}
{"itemId":"B001IAMTZK","ProductIndex":114098}
{"itemId":"B006OS6HS6","ProductIndex":122464}
{"itemId":"B0055P3KOI","ProductIndex":76457}
{"itemId":"B0001656Z2","ProductIndex":131952}
{"itemId":"B00797PF7K","ProductIndex":203312}
{"itemId":"B004E4EOPA","ProductIndex":94671}
{"itemId":"B006OS6KU6","ProductIndex":103213}
{"itemId":"B00EVMSTWE","ProductIndex":33629}
{"itemId":"B001N3MVHS","ProductIndex":88904}
{"itemId":"B00ASBC6NU","ProductIndex":35781}
{"itemId":"B005HH0BSM","ProductIndex":69427}
{"itemId":"B000RBEV5C","ProductIndex":81457}
{"itemId":"B006P17PK6","ProductIndex":99779}
{"itemId":"B007HR5PQS","ProductIndex":147613}
{"itemId":"B004AQPI16","ProductIndex":148692}
{"itemId":"B007006ST0","ProductIndex":195092}
{"itemId":"B006OU1NJC","ProductIndex":137904}
{"itemId":"B000QS0ZVU","ProductIndex":62053}
{"itemId":"B00GWNHM32","ProductIndex":180572}
{"itemId":"B00AF5N0F2","ProductIndex":88925}
{"itemId":"B001UO4SQM","ProductIndex":120433}
{"itemId":"B008EOCXEA","ProductIndex":140808}
{"itemId":"B0044UHX1Q","ProductIndex":177456}
{"itemId":"B003DNS9FY","ProductIndex":109544}
{"itemId":"B000RZCFL0","ProductIndex":161338}
{"itemId":"B005SNVAOO","ProductIndex":40991}
{"itemId":"B0064XI3ME","ProductIndex":100943}
{"itemId":"B001TK3DZY","ProductIndex":179962}
{"itemId":"B007T40LKE","ProductIndex":84903}
{"itemId":"B001M5753C","ProductIndex":161249}
{"itemId":"B003FMVPGI","ProductIndex":77934}
{"itemId":"B001W9QCX2","ProductIndex":64022}
{"itemId":"B00D1VOS80","ProductIndex":113822}
{"itemId":"B004NPWFP6","ProductIndex":38015}
{"itemId":"B001BWJ52K","ProductIndex":140063}
{"itemId":"B000GBPMCO","ProductIndex":98699}
{"itemId":"B0050TMZ18","ProductIndex":168273}
{"itemId":"B00EPP9N90","ProductIndex":115773}
{"itemId":"B004KV8E1M","ProductIndex":91144}
{"itemId":"B00A1TRNCI","ProductIndex":127935}
{"itemId":"B0000631YK","ProductIndex":153397}
{"itemId":"B003UB1WRQ","ProductIndex":85654}
{"itemId":"B000WY0HUW","ProductIndex":95364}
{"itemId":"B00A9Y05W0","ProductIndex":119114}
{"itemId":"B002PIYVV4","ProductIndex":87918}
{"itemId":"B007S02HJW","ProductIndex":122304}
{"itemId":"B009W6AP0I","ProductIndex":169838}
{"itemId":"B00BPXWW0C","ProductIndex":126376}
{"itemId":"B001BBT3EG","ProductIndex":169732}
{"itemId":"B005M2KYLQ","ProductIndex":117612}
{"itemId":"B0000EI9VK","ProductIndex":77946}
{"itemId":"B0091DR5DC","ProductIndex":178070}
{"itemId":"B009JJBZSE","ProductIndex":196890}
{"itemId":"B009A4M8W0","ProductIndex":110231}
{"itemId":"B009DK9DVU","ProductIndex":171991}
{"itemId":"B0015G18O0","ProductIndex":181412}
{"itemId":"B00488AQ9U","ProductIndex":206752}
{"itemId":"B007PF3PY6","ProductIndex":73735}
{"itemId":"B002OOV9XM","ProductIndex":99821}
{"itemId":"B001NPC9SM","ProductIndex":91996}
{"itemId":"B00BDMSLRI","ProductIndex":108727}
{"itemId":"B005EJMRX0","ProductIndex":47414}
{"itemId":"B00B8I246G","ProductIndex":88817}
{"itemId":"B001EPRAMG","ProductIndex":159373}
{"itemId":"B001GQ2QH2","ProductIndex":117120}
{"itemId":"B002OT3RB4","ProductIndex":197655}
{"itemId":"B00008JTHL","ProductIndex":161586}
{"itemId":"B008HZ595G","ProductIndex":111686}
{"itemId":"B005WZJGJE","ProductIndex":80207}
{"itemId":"B00BB9OOHO","ProductIndex":93934}
{"itemId":"B0055865MY","ProductIndex":169612}
{"itemId":"B000EO7L36","ProductIndex":100241}
{"itemId":"B00113JK7Y","ProductIndex":71718}
{"itemId":"B00499DU78","ProductIndex":115744}
{"itemId":"B004EI02ZW","ProductIndex":139572}
{"itemId":"B00CF3U8H0","ProductIndex":152024}
{"itemId":"B0030EY5BI","ProductIndex":137643}
{"itemId":"B00465U2PS","ProductIndex":156709}
{"itemId":"B007JAPNUG","ProductIndex":46248}
{"itemId":"B001QFZETA","ProductIndex":77376}
{"itemId":"B0044ZVEMU","ProductIndex":57109}
{"itemId":"B005EWTJII","ProductIndex":92966}
{"itemId":"B003AJDGKE","ProductIndex":161955}
{"itemId":"B00I5HF0KU","ProductIndex":96420}
{"itemId":"B009HCDTW8","ProductIndex":117707}
{"itemId":"B00BMXHPSO","ProductIndex":141023}
{"itemId":"B00AWL1Y02","ProductIndex":96425}
{"itemId":"B004BV2UO8","ProductIndex":207233}
{"itemId":"B00007FS59","ProductIndex":138001}
{"itemId":"B000ROM3R2","ProductIndex":51303}
{"itemId":"B00BM8O6X6","ProductIndex":152551}
{"itemId":"B001F71LLO","ProductIndex":88179}
{"itemId":"B004CSXOUO","ProductIndex":124389}
{"itemId":"B00091R1OI","ProductIndex":114806}
{"itemId":"B000E22566","ProductIndex":143574}
{"itemId":"B00GRHEXPS","ProductIndex":148867}
{"itemId":"B006IFFV28","ProductIndex":137941}
{"itemId":"B00CDCDRYE","ProductIndex":120419}
{"itemId":"B003XU7AS4","ProductIndex":57320}
{"itemId":"B004VY8XD2","ProductIndex":116426}
{"itemId":"B001U5TH0I","ProductIndex":103105}
{"itemId":"B0037RFRSS","ProductIndex":183722}
{"itemId":"B006DCZTAU","ProductIndex":150686}
{"itemId":"B008AGUOW0","ProductIndex":130615}
{"itemId":"B00AQTXZBQ","ProductIndex":157943}
{"itemId":"B004A2P7DO","ProductIndex":73854}
{"itemId":"B000GFT424","ProductIndex":166818}
{"itemId":"B00260PUNY","ProductIndex":97562}
{"itemId":"B000RC7VBM","ProductIndex":131805}
{"itemId":"B00001YVI6","ProductIndex":75233}
{"itemId":"B0015OIKT8","ProductIndex":202033}
{"itemId":"B002ZFQM9G","ProductIndex":99451}
{"itemId":"B00E5YNHWA","ProductIndex":61117}
{"itemId":"B006V4NCKO","ProductIndex":151711}
{"itemId":"B008F28WB4","ProductIndex":101424}
{"itemId":"B00DI89NPE","ProductIndex":109274}
{"itemId":"B00E0O1DSK","ProductIndex":122284}
{"itemId":"B002BCZPTG","ProductIndex":68731}
{"itemId":"B004G4ZJZC","ProductIndex":105256}
{"itemId":"B004BN3AI6","ProductIndex":59368}
{"itemId":"B003LYHK7I","ProductIndex":156627}
{"itemId":"B000854ZYY","ProductIndex":182389}
{"itemId":"B001D1V91E","ProductIndex":51214}
{"itemId":"B002OW23LG","ProductIndex":96707}
{"itemId":"B003L781XC","ProductIndex":153129}
{"itemId":"B000FZX9I0","ProductIndex":29145}
{"itemId":"B000VDNE5O","ProductIndex":206155}
{"itemId":"B006OVW9J4","ProductIndex":74205}
{"itemId":"B008BDBZ4S","ProductIndex":171103}
{"itemId":"B00167RF8G","ProductIndex":50025}
{"itemId":"B00BZG7RTU","ProductIndex":192645}
{"itemId":"B003TO51LM","ProductIndex":162073}
{"itemId":"B001UHV59W","ProductIndex":54883}
{"itemId":"B001AYC3UK","ProductIndex":121527}
{"itemId":"B004H8FUNI","ProductIndex":77088}
{"itemId":"B0034G9BSE","ProductIndex":75635}
{"itemId":"B002PYN9ZC","ProductIndex":194858}
{"itemId":"B000O554KM","ProductIndex":123718}
{"itemId":"B004NHKCMM","ProductIndex":95820}
{"itemId":"B00164KQ94","ProductIndex":188806}
{"itemId":"B004DOX70O","ProductIndex":69004}
{"itemId":"B004GNXVRQ","ProductIndex":62100}
{"itemId":"B00HJB1QX8","ProductIndex":154442}
{"itemId":"B003VL6LNA","ProductIndex":161237}
{"itemId":"B005R4Y0N2","ProductIndex":185477}
{"itemId":"B000Z0A1Q8","ProductIndex":119286}
{"itemId":"B0035HD3DG","ProductIndex":57522}
{"itemId":"B008XM0480","ProductIndex":205675}
{"itemId":"B005EVPZNC","ProductIndex":96397}
{"itemId":"B003FP9I28","ProductIndex":116205}
{"itemId":"B007DCCJ6G","ProductIndex":132530}
{"itemId":"B00IRIJVAC","ProductIndex":163623}
{"itemId":"B0002UU0EY","ProductIndex":117663}
{"itemId":"B000M9H8O0","ProductIndex":190565}
{"itemId":"B00009EFRC","ProductIndex":98992}
{"itemId":"B009A525QS","ProductIndex":88780}
{"itemId":"B007MC2KR0","ProductIndex":70846}
{"itemId":"B009SMZAGA","ProductIndex":152813}
{"itemId":"B0098W1SQ6","ProductIndex":152062}
{"itemId":"B000BQW9OS","ProductIndex":106754}
{"itemId":"B004MX78UG","ProductIndex":133349}
{"itemId":"B00009KGKG","ProductIndex":97424}
{"itemId":"B003SM3HH0","ProductIndex":74757}
{"itemId":"B00BKONXWC","ProductIndex":187401}
{"itemId":"B00BHSI8CG","ProductIndex":160480}
{"itemId":"B0014KLZ0E","ProductIndex":204278}
{"itemId":"B00BKV3CXU","ProductIndex":107781}
{"itemId":"B002WKL5N2","ProductIndex":116653}
{"itemId":"B00EEJWT2K","ProductIndex":132902}
{"itemId":"B005KVPJSC","ProductIndex":196743}
{"itemId":"B001PRS0G8","ProductIndex":118443}
{"itemId":"B003OKZ7EW","ProductIndex":194819}
{"itemId":"B0046REA7W","ProductIndex":194999}
{"itemId":"B00H4F8E02","ProductIndex":34118}
{"itemId":"B00006RVNU","ProductIndex":67156}
{"itemId":"B005E2YCNA","ProductIndex":155284}
{"itemId":"B00B0MMTZ6","ProductIndex":115692}
{"itemId":"B0013UOSHC","ProductIndex":138555}
{"itemId":"B004HCHPLO","ProductIndex":139123}
{"itemId":"B004RFGKCQ","ProductIndex":62344}
{"itemId":"B006VCP0II","ProductIndex":135972}
{"itemId":"B000FJ5BGE","ProductIndex":66841}
{"itemId":"B005NB6SOS","ProductIndex":202999}
{"itemId":"B003DWCY56","ProductIndex":141910}
{"itemId":"B006OSXJFU","ProductIndex":148045}
{"itemId":"B00501NSZS","ProductIndex":117926}
{"itemId":"B0039OW0E8","ProductIndex":177313}
{"itemId":"B000PZHUQC","ProductIndex":155406}
{"itemId":"B000Y9YJK4","ProductIndex":76921}
{"itemId":"B001GGG8G2","ProductIndex":201473}
{"itemId":"B008K7X43U","ProductIndex":112013}
{"itemId":"B004YFBQ5K","ProductIndex":118327}
{"itemId":"B00005V23Y","ProductIndex":165322}
{"itemId":"B004GSMDT8","ProductIndex":157026}
{"itemId":"B001LRG07I","ProductIndex":170874}
{"itemId":"B0000CGKLS","ProductIndex":197115}
{"itemId":"B000V8RCSO","ProductIndex":173496}
{"itemId":"B004AKMIRY","ProductIndex":156751}
{"itemId":"B0000XMTTW","ProductIndex":65281}
{"itemId":"B00B9810U6","ProductIndex":97066}
{"itemId":"B008LNX0VE","ProductIndex":145446}
{"itemId":"B000ANETY0","ProductIndex":133753}
{"itemId":"B00006687W","ProductIndex":143194}
{"itemId":"B009DW2OY6","ProductIndex":171123}
{"itemId":"B00I3CF0YI","ProductIndex":157316}
{"itemId":"B0051TVPZE","ProductIndex":130594}
{"itemId":"B002D99HI2","ProductIndex":153379}
{"itemId":"B001VA1IDG","ProductIndex":148948}
{"itemId":"B000EY1LXW","ProductIndex":90616}
{"itemId":"B00HEIG2RG","ProductIndex":198044}
{"itemId":"B00H2BSX7M","ProductIndex":88297}
{"itemId":"B005M1A8OK","ProductIndex":100080}
{"itemId":"B00BOVJI02","ProductIndex":74466}
{"itemId":"B0017XLX6O","ProductIndex":89969}
{"itemId":"B0026MD8O0","ProductIndex":153501}
{"itemId":"B00CTL138G","ProductIndex":206879}
{"itemId":"B004UKPCNG","ProductIndex":173259}
{"itemId":"B007NV86NC","ProductIndex":148186}
{"itemId":"B008H67C1E","ProductIndex":201154}
{"itemId":"B00G13AQY0","ProductIndex":202134}
{"itemId":"B00H5BKHZA","ProductIndex":167962}
{"itemId":"B001IZZ7S6","ProductIndex":164822}
{"itemId":"B0001YIUX4","ProductIndex":198407}
{"itemId":"B00FE1PDH0","ProductIndex":139354}
{"itemId":"B001S3MP92","ProductIndex":132808}
{"itemId":"B004MUIHSG","ProductIndex":175124}
{"itemId":"B002LHNV6A","ProductIndex":90413}
{"itemId":"B000YQ45Z6","ProductIndex":188109}
{"itemId":"B002EC0EBC","ProductIndex":155821}
{"itemId":"B001DVUIRU","ProductIndex":165967}
{"itemId":"B0000VB7MY","ProductIndex":166496}
{"itemId":"B008U7SL8I","ProductIndex":84973}
{"itemId":"B000WNIZZW","ProductIndex":161783}
{"itemId":"B00B4XKYRG","ProductIndex":174731}
{"itemId":"B00H8CNNAW","ProductIndex":103106}
{"itemId":"B002MY6QZK","ProductIndex":96659}
{"itemId":"B003UDIHLI","ProductIndex":114225}
{"itemId":"B00K6KKPGI","ProductIndex":208038}
{"itemId":"B00005T7CB","ProductIndex":130395}
{"itemId":"B004FO49OK","ProductIndex":157759}
{"itemId":"B00AYHWUV6","ProductIndex":122900}
{"itemId":"B001R4KB66","ProductIndex":155970}
{"itemId":"B007I823A2","ProductIndex":115295}
{"itemId":"B000167OYI","ProductIndex":142804}
{"itemId":"B0057Y1AXA","ProductIndex":121743}
{"itemId":"B001CPRBTK","ProductIndex":169202}
{"itemId":"B000UW3KFA","ProductIndex":129169}
{"itemId":"B00006IS4Y","ProductIndex":163949}
{"itemId":"B002J16FES","ProductIndex":73348}
{"itemId":"B000R4D9AC","ProductIndex":101993}
{"itemId":"B0074CYYFE","ProductIndex":121944}
{"itemId":"B003OI60M2","ProductIndex":193297}
{"itemId":"B0024DLTDS","ProductIndex":144839}
{"itemId":"B004XZMGL4","ProductIndex":107209}
{"itemId":"B00HED7IBA","ProductIndex":173086}
{"itemId":"B00094OX3C","ProductIndex":173675}
{"itemId":"B000AV4NE8","ProductIndex":178180}
{"itemId":"B0056Y2M1A","ProductIndex":205294}
{"itemId":"B006LX2K3A","ProductIndex":128343}
{"itemId":"B008OF5FJE","ProductIndex":132428}
{"itemId":"B00H6STBT0","ProductIndex":160968}
{"itemId":"B00456URVC","ProductIndex":207468}
{"itemId":"B00E9D01GW","ProductIndex":124930}
{"itemId":"B0055E6UF0","ProductIndex":202007}
{"itemId":"B004OA85OA","ProductIndex":147289}
{"itemId":"B0010H8AJA","ProductIndex":114935}
{"itemId":"B00356M586","ProductIndex":119594}
{"itemId":"B0014J7FK4","ProductIndex":141642}
{"itemId":"B0027ELAVU","ProductIndex":161889}
{"itemId":"B000BW3NHE","ProductIndex":189229}
{"itemId":"B0054YV5S8","ProductIndex":144686}
{"itemId":"B006HVJW8W","ProductIndex":184078}
{"itemId":"B0066988P8","ProductIndex":200951}
{"itemId":"B0028AZFNW","ProductIndex":129658}
{"itemId":"B00CRGJENE","ProductIndex":98765}
{"itemId":"B008AETK9U","ProductIndex":201680}
{"itemId":"B00BBH4VVU","ProductIndex":127903}
{"itemId":"B002L450XU","ProductIndex":193487}
{"itemId":"B000Z88VXK","ProductIndex":171581}
{"itemId":"B000A2R8VM","ProductIndex":132064}
{"itemId":"B00F2ENJY8","ProductIndex":69516}
{"itemId":"B007C4T4ZO","ProductIndex":188034}
{"itemId":"B002TJHEMW","ProductIndex":91750}
{"itemId":"B004H7TX0A","ProductIndex":165654}
{"itemId":"B004XKZ2JC","ProductIndex":159802}
{"itemId":"B008BZB7OE","ProductIndex":166355}
{"itemId":"B0000A2U5M","ProductIndex":196398}
{"itemId":"B002P5H55Q","ProductIndex":82229}
{"itemId":"B006HGT2K0","ProductIndex":161350}
{"itemId":"B001P3OH3W","ProductIndex":142441}
{"itemId":"B00CFP1TB2","ProductIndex":206411}
{"itemId":"B002XUJDXU","ProductIndex":108656}
{"itemId":"B00178HIBI","ProductIndex":80518}
{"itemId":"B003W1QLYS","ProductIndex":156029}
{"itemId":"B003J7OPZC","ProductIndex":147493}
{"itemId":"B006JI22VM","ProductIndex":180337}
{"itemId":"B000LOMMOM","ProductIndex":194865}
{"itemId":"B00IPEEIOC","ProductIndex":170605}
{"itemId":"B000V4PZ2S","ProductIndex":99561}
{"itemId":"B002V1AUAQ","ProductIndex":206552}
{"itemId":"B000JIMYNO","ProductIndex":169186}
{"itemId":"B00355CYM4","ProductIndex":145244}
{"itemId":"B00887JDXW","ProductIndex":199574}
{"itemId":"B001N4BHJA","ProductIndex":169512}
{"itemId":"B007V7S8G8","ProductIndex":189927}
{"itemId":"B003B45FU2","ProductIndex":87779}
{"itemId":"B00AETYI14","ProductIndex":150658}
{"itemId":"B007P6XE1O","ProductIndex":142027}
{"itemId":"B005CSW382","ProductIndex":187881}
{"itemId":"B00068F4YS","ProductIndex":116421}
{"itemId":"B008BVRAL2","ProductIndex":196909}
{"itemId":"B0001M2ATQ","ProductIndex":138980}
{"itemId":"B0098RCGFI","ProductIndex":132717}
{"itemId":"B003JJ37GI","ProductIndex":154196}
{"itemId":"B00125L07O","ProductIndex":184326}
{"itemId":"B00HVLTRHI","ProductIndex":158025}
{"itemId":"B0028NNIK6","ProductIndex":194706}
{"itemId":"B00009T1QG","ProductIndex":176476}
{"itemId":"B004MEXB10","ProductIndex":157355}
{"itemId":"B00009X465","ProductIndex":116471}
{"itemId":"B00CQDXUZ6","ProductIndex":146766}
{"itemId":"B006WS8ZK6","ProductIndex":181964}
{"itemId":"B0013A7H3Y","ProductIndex":100934}
{"itemId":"B000RY0QFI","ProductIndex":126119}
{"itemId":"B009PHTX70","ProductIndex":153584}
{"itemId":"B004XT6WTW","ProductIndex":186486}
{"itemId":"B00IB6I48K","ProductIndex":191440}
{"itemId":"B001O7F6GQ","ProductIndex":96874}
{"itemId":"B005K0IWVO","ProductIndex":193843}
{"itemId":"B004H1XVC2","ProductIndex":156011}
{"itemId":"B000HZF16Q","ProductIndex":204642}
{"itemId":"B009ISRJHW","ProductIndex":142081}
{"itemId":"B00FDXMDZO","ProductIndex":114992}
{"itemId":"B000BVK1NY","ProductIndex":191932}
{"itemId":"B00004TZHN","ProductIndex":178928}
{"itemId":"B009IMQ79Y","ProductIndex":141988}
{"itemId":"B00AVXB4HE","ProductIndex":187036}
{"itemId":"B0067GKRR2","ProductIndex":95755}
{"itemId":"B0001G1142","ProductIndex":112996}
{"itemId":"B000FSAS1S","ProductIndex":169872}
{"itemId":"B00004Z5SV","ProductIndex":188002}
{"itemId":"B007JOAPFU","ProductIndex":145811}
{"itemId":"B001160L6K","ProductIndex":150977}
{"itemId":"B0002P19N0","ProductIndex":189363}
{"itemId":"B00B1AWVJ6","ProductIndex":159430}
{"itemId":"B005G5YI1Q","ProductIndex":168493}
{"itemId":"B003DKP5KY","ProductIndex":181925}
{"itemId":"B0001W1CY0","ProductIndex":147178}
{"itemId":"B005DWWJG8","ProductIndex":113060}
{"itemId":"B00B5R4XWI","ProductIndex":85373}
{"itemId":"B004TMXIKY","ProductIndex":168641}
{"itemId":"B000K8G57E","ProductIndex":180582}
{"itemId":"B004GYGC3A","ProductIndex":182428}
{"itemId":"B00539PSIW","ProductIndex":121896}
{"itemId":"B0068A7SSS","ProductIndex":156494}
{"itemId":"B00DMKIGLK","ProductIndex":167070}
{"itemId":"B009ZOMDIO","ProductIndex":186242}
{"itemId":"B000GYY6NC","ProductIndex":185780}
{"itemId":"B0007Y6AEE","ProductIndex":195347}
{"itemId":"B006W2IUC0","ProductIndex":147152}
{"itemId":"B002SIHDN4","ProductIndex":121968}
{"itemId":"B00JFLSBYC","ProductIndex":146464}
{"itemId":"B008AT6DMC","ProductIndex":164537}
{"itemId":"B000XOQ084","ProductIndex":189391}
{"itemId":"B004IJDPC4","ProductIndex":172197}
{"itemId":"B005HSOSPI","ProductIndex":146632}
{"itemId":"B00555R2VA","ProductIndex":187786}
{"itemId":"B00CPWA7Z4","ProductIndex":163920}
{"itemId":"B000BY5Y2Y","ProductIndex":165009}
{"itemId":"B004NZMR4A","ProductIndex":131533}
{"itemId":"B00FPQDJW0","ProductIndex":206106}
{"itemId":"B00009UTLS","ProductIndex":84943}
{"itemId":"B009HLPA6C","ProductIndex":197766}
{"itemId":"B0011X8YEO","ProductIndex":170929}
{"itemId":"B000C63WYS","ProductIndex":145948}
{"itemId":"B0058TX72G","ProductIndex":113370}
{"itemId":"B009LAK8UM","ProductIndex":162876}
{"itemId":"B001M23RQY","ProductIndex":192796}
{"itemId":"B00EMDP08I","ProductIndex":159121}
{"itemId":"B004GCK4MW","ProductIndex":153972}
{"itemId":"B0072LFBRC","ProductIndex":157738}
{"itemId":"B0050F3QWO","ProductIndex":150671}
{"itemId":"B004FOSHTI","ProductIndex":169763}
{"itemId":"B00CP80VVI","ProductIndex":142252}
{"itemId":"B0001IVB0Y","ProductIndex":136803}
{"itemId":"B005CSBH9I","ProductIndex":155986}
{"itemId":"B00HF3Z8U2","ProductIndex":176192}
{"itemId":"B003EUXDJ8","ProductIndex":207667}
{"itemId":"B005362A40","ProductIndex":156837}
{"itemId":"B007ANAYTC","ProductIndex":155386}
{"itemId":"B0033WSDXI","ProductIndex":156947}
{"itemId":"B00AQ2BV00","ProductIndex":155916}
{"itemId":"B000M5YNE2","ProductIndex":192923}
{"itemId":"B00B3PBBAE","ProductIndex":194112}
{"itemId":"B009YYFR1K","ProductIndex":99765}
{"itemId":"B0058A5H7S","ProductIndex":179215}
{"itemId":"B004ROMGAW","ProductIndex":206580}
{"itemId":"B005KHCATM","ProductIndex":163285}
{"itemId":"B0055U7KI0","ProductIndex":146928}
{"itemId":"B000BH5OVW","ProductIndex":156972}
{"itemId":"B000Q02I7C","ProductIndex":184817}
{"itemId":"B00BZZMU48","ProductIndex":197430}
{"itemId":"B006XAUBV4","ProductIndex":175566}
{"itemId":"B0080E2S6M","ProductIndex":167984}
{"itemId":"B00513U6R8","ProductIndex":195244}
{"itemId":"B0071TYIFG","ProductIndex":185187}
{"itemId":"B0088KIR0O","ProductIndex":136897}
{"itemId":"B00C2JT3I2","ProductIndex":192746}
{"itemId":"B0046E39CC","ProductIndex":147898}
{"itemId":"B00006HRMH","ProductIndex":183172}
{"itemId":"B0000Y2RYI","ProductIndex":140174}
{"itemId":"B005GM5KZM","ProductIndex":203851}
{"itemId":"B00ASWPAT6","ProductIndex":140247}
{"itemId":"B00BIFWHO8","ProductIndex":202742}
{"itemId":"B007BG85DK","ProductIndex":146276}
{"itemId":"B0077PIJEA","ProductIndex":178214}
{"itemId":"B004TSJXZM","ProductIndex":184686}
{"itemId":"B003UWGTYQ","ProductIndex":206007}
{"itemId":"B00HRMYS0M","ProductIndex":207001}
{"itemId":"B00EWELQA8","ProductIndex":199455}
{"itemId":"B0018BO8YY","ProductIndex":165814}
{"itemId":"B001AZJJ9M","ProductIndex":147690}
{"itemId":"B003VRN22W","ProductIndex":115338}
{"itemId":"B003IT6Z8Q","ProductIndex":164175}
{"itemId":"B007X0QD6K","ProductIndex":205600}
{"itemId":"B00B76PNGW","ProductIndex":200136}
{"itemId":"B001NXN3UW","ProductIndex":206236}
{"itemId":"B006ZKOGFO","ProductIndex":144282}
{"itemId":"B00K3EPUZ8","ProductIndex":200753}
{"itemId":"B006X0Y7A0","ProductIndex":207013}
{"itemId":"B00FZZ3W1O","ProductIndex":175654}
{"itemId":"B00008PUL9","ProductIndex":191858}
{"itemId":"B000QD5BFU","ProductIndex":152823}
{"itemId":"B003M79JWS","ProductIndex":196692}
{"itemId":"B003U8I0KG","ProductIndex":154070}
{"itemId":"B0000300CZ","ProductIndex":206554}
{"itemId":"B00BFO4XTO","ProductIndex":162591}
{"itemId":"B004ZF94IU","ProductIndex":200908}
{"itemId":"B009RIK3EO","ProductIndex":200510}
{"itemId":"B001CTFYCM","ProductIndex":196751}
{"itemId":"B000J22BO2","ProductIndex":196144}
{"itemId":"B00AMJR6GK","ProductIndex":161571}
{"itemId":"B005F8LILW","ProductIndex":156357}
