{"itemId":"B00886XQO0","ProductIndex":9477}
{"itemId":"B0017S37IG","ProductIndex":4052}
{"itemId":"B00BGGDVOO","ProductIndex":11}
{"itemId":"B00008AWL2","ProductIndex":6512}
{"itemId":"B0028LK6IU","ProductIndex":4872}
{"itemId":"B00C2RPW8O","ProductIndex":9773}
{"itemId":"B004DS7IH8","ProductIndex":20530}
{"itemId":"B00BZR21V8","ProductIndex":41228}
{"itemId":"B009GF0J2Y","ProductIndex":426}
{"itemId":"B0009RKLMG","ProductIndex":8899}
{"itemId":"B00EA650XM","ProductIndex":24365}
{"itemId":"B00070LZ5W","ProductIndex":63118}
{"itemId":"B00008AWKZ","ProductIndex":2348}
{"itemId":"B002TMRZOQ","ProductIndex":1858}
{"itemId":"B005MED4J8","ProductIndex":86604}
{"itemId":"B00CIPM1DE","ProductIndex":7831}
{"itemId":"B008FC8DFY","ProductIndex":9534}
{"itemId":"B001P5QD2S","ProductIndex":6736}
{"itemId":"B000NE9BE4","ProductIndex":46962}
{"itemId":"B000BI7NHY","ProductIndex":1041}
{"itemId":"B002QEBM96","ProductIndex":11284}
{"itemId":"B00A2XYH2W","ProductIndex":7264}
{"itemId":"B00CIQQ1IO","ProductIndex":130135}
{"itemId":"B002ZG7WIA","ProductIndex":9449}
{"itemId":"B007W1QBO4","ProductIndex":2316}
{"itemId":"B000VD4JDA","ProductIndex":115558}
{"itemId":"B007XW5QC0","ProductIndex":28403}
{"itemId":"B004FVMKV2","ProductIndex":4727}
{"itemId":"B00FFKIUJS","ProductIndex":131605}
{"itemId":"B003JDN462","ProductIndex":18941}
{"itemId":"B00024ENES","ProductIndex":2171}
{"itemId":"B0098D9UAQ","ProductIndex":40515}
{"itemId":"B001BWLA8W","ProductIndex":5233}
{"itemId":"B005QFH86S","ProductIndex":348}
{"itemId":"B006G3DVZ6","ProductIndex":58927}
{"itemId":"B004R2VMWC","ProductIndex":970}
{"itemId":"B000B6MLPU","ProductIndex":2499}
{"itemId":"B00GALXXWU","ProductIndex":29724}
{"itemId":"B009EUWNH0","ProductIndex":7458}
{"itemId":"B003Y2ILES","ProductIndex":38840}
{"itemId":"B002T1OJZU","ProductIndex":3362}
{"itemId":"B004S5H0IS","ProductIndex":37866}
{"itemId":"B007ZZ6OW6","ProductIndex":3983}
{"itemId":"B0095VP8D4","ProductIndex":5442}
{"itemId":"B008GGH4OK","ProductIndex":3713}
{"itemId":"B001U5617K","ProductIndex":5381}
{"itemId":"B002OFJRW6","ProductIndex":51054}
{"itemId":"B002SFDJMQ","ProductIndex":2246}
{"itemId":"B002NGBYEA","ProductIndex":99129}
{"itemId":"B0041RSPR8","ProductIndex":3033}
{"itemId":"B000J45G9W","ProductIndex":45196}
{"itemId":"B00JC5Y6YA","ProductIndex":7194}
{"itemId":"B00006HTFS","ProductIndex":90766}
{"itemId":"B009M2YNWI","ProductIndex":10140}
{"itemId":"B002KMI8G4","ProductIndex":55218}
{"itemId":"B000ZEBOFG","ProductIndex":23147}
{"itemId":"B0037SRV5E","ProductIndex":9520}
{"itemId":"B0000AXKBI","ProductIndex":77128}
{"itemId":"B002LE8CPS","ProductIndex":12380}
{"itemId":"B001342KM8","ProductIndex":1059}
{"itemId":"B00DUQWBL2","ProductIndex":104272}
{"itemId":"B00D1FY5ZW","ProductIndex":55933}
{"itemId":"B007IIT8KU","ProductIndex":4022}
{"itemId":"B0063W923A","ProductIndex":17176}
{"itemId":"B003M3MI34","ProductIndex":95617}
{"itemId":"B000C0V5RU","ProductIndex":16960}
{"itemId":"B00B7I8HZ4","ProductIndex":11910}
{"itemId":"B00119L5NK","ProductIndex":150635}
{"itemId":"B006J1WSGI","ProductIndex":48420}
{"itemId":"B00429ZTCE","ProductIndex":17453}
{"itemId":"B0025T1HM4","ProductIndex":4119}
{"itemId":"B0017I3K9M","ProductIndex":5789}
{"itemId":"B002CGRR9C","ProductIndex":21964}
{"itemId":"B00AYB3OOY","ProductIndex":10713}
{"itemId":"B005CJODK2","ProductIndex":30999}
{"itemId":"B002IKEB14","ProductIndex":11294}
{"itemId":"B001DFS4BI","ProductIndex":7282}
{"itemId":"B002P3KY7E","ProductIndex":10552}
{"itemId":"B000A4AW1I","ProductIndex":58962}
{"itemId":"B003AIKPCW","ProductIndex":30621}
{"itemId":"B002PAQXDQ","ProductIndex":60961}
{"itemId":"B00B1FRRYA","ProductIndex":55994}
{"itemId":"B005585BO2","ProductIndex":71111}
{"itemId":"B00B4FH26K","ProductIndex":62819}
{"itemId":"B004VTRT1Y","ProductIndex":53052}
{"itemId":"B00G116BHS","ProductIndex":85919}
{"itemId":"B00DD0NKNS","ProductIndex":96954}
{"itemId":"B0030YUVL6","ProductIndex":173661}
{"itemId":"B000B898N6","ProductIndex":23999}
{"itemId":"B0028Y4H1O","ProductIndex":12032}
{"itemId":"B001M4HLV4","ProductIndex":186858}
{"itemId":"B002L5QGQ4","ProductIndex":6187}
{"itemId":"B0062EUE54","ProductIndex":1507}
{"itemId":"B004HW3KKE","ProductIndex":57847}
{"itemId":"B001IBFSJ8","ProductIndex":3653}
{"itemId":"B007OYAD3O","ProductIndex":52847}
{"itemId":"B007OWPBP6","ProductIndex":49785}
{"itemId":"B006LSQW4I","ProductIndex":27806}
{"itemId":"B000ZPP1AO","ProductIndex":168112}
{"itemId":"B000GT5FK0","ProductIndex":6026}
{"itemId":"B003819S8S","ProductIndex":8598}
{"itemId":"B000OG88NQ","ProductIndex":7955}
{"itemId":"B008YTX5EM","ProductIndex":118946}
{"itemId":"B000BKPK90","ProductIndex":59021}
{"itemId":"B00BX0TEEE","ProductIndex":57438}
{"itemId":"B003XJY0SI","ProductIndex":157048}
{"itemId":"B00080CXGG","ProductIndex":46587}
{"itemId":"B00CWIZ6KW","ProductIndex":49793}
{"itemId":"B00A2BWBNQ","ProductIndex":11467}
{"itemId":"B008XV7VTG","ProductIndex":682}
{"itemId":"B000NN4XJI","ProductIndex":76994}
{"itemId":"B006B7RFMW","ProductIndex":27481}
{"itemId":"B000KL6PE4","ProductIndex":169676}
{"itemId":"B005I7UQ4K","ProductIndex":7346}
{"itemId":"B007BL1R9O","ProductIndex":47932}
{"itemId":"B0033Q4O6O","ProductIndex":49837}
{"itemId":"B00FUV7OP8","ProductIndex":14180}
{"itemId":"B00DPTPEMC","ProductIndex":17933}
{"itemId":"B00GTYZBX2","ProductIndex":151993}
{"itemId":"B0048HUNSK","ProductIndex":2801}
{"itemId":"B003XPT86Q","ProductIndex":57269}
{"itemId":"B004RJJRGS","ProductIndex":31593}
{"itemId":"B00913KM14","ProductIndex":31498}
{"itemId":"B006GDY57O","ProductIndex":9830}
{"itemId":"B005X64MN2","ProductIndex":9855}
{"itemId":"B00006HOL6","ProductIndex":93998}
{"itemId":"B004NSUMN0","ProductIndex":49783}
{"itemId":"B0049U478S","ProductIndex":24679}
{"itemId":"B000E95SQS","ProductIndex":17971}
{"itemId":"B008F58U68","ProductIndex":37449}
{"itemId":"B005HZP9TA","ProductIndex":66420}
{"itemId":"B000NSJ4Q0","ProductIndex":21746}
{"itemId":"B00JZC972Q","ProductIndex":39353}
{"itemId":"B00DK0VBTQ","ProductIndex":23042}
{"itemId":"B003FJ69VC","ProductIndex":110986}
{"itemId":"B003FO23I0","ProductIndex":22756}
{"itemId":"B003H394V8","ProductIndex":19479}
{"itemId":"B0051RD2OI","ProductIndex":51794}
{"itemId":"B0036WT4KG","ProductIndex":5960}
{"itemId":"B0002MPM86","ProductIndex":87473}
{"itemId":"B005XOPE2M","ProductIndex":43054}
{"itemId":"B004PYDE1E","ProductIndex":6630}
{"itemId":"B0002F94UU","ProductIndex":199850}
{"itemId":"B0036UW4BY","ProductIndex":106646}
{"itemId":"B00EOQISPA","ProductIndex":157548}
{"itemId":"B009HPBPOY","ProductIndex":21131}
{"itemId":"B007P8I3K4","ProductIndex":5102}
{"itemId":"B0000AQR8T","ProductIndex":22738}
{"itemId":"B000234MHC","ProductIndex":70562}
{"itemId":"B000OCZAT0","ProductIndex":14025}
{"itemId":"B006L27EKK","ProductIndex":78780}
{"itemId":"B0091D44EK","ProductIndex":21508}
{"itemId":"B007P6RBK4","ProductIndex":204749}
{"itemId":"B0097WLXW6","ProductIndex":25428}
{"itemId":"B0009YN1G2","ProductIndex":49401}
{"itemId":"B00BZQLBG0","ProductIndex":21196}
{"itemId":"B000EUCMV6","ProductIndex":26653}
{"itemId":"B0007Y79E4","ProductIndex":6614}
{"itemId":"B007SP36ZG","ProductIndex":1249}
{"itemId":"B004PY0930","ProductIndex":59606}
{"itemId":"B0078LN0K6","ProductIndex":8839}
{"itemId":"B0071U6YYI","ProductIndex":67720}
{"itemId":"B0039RSYQS","ProductIndex":8837}
{"itemId":"B005BV7Z6U","ProductIndex":70182}
{"itemId":"B003VTZFNE","ProductIndex":17059}
{"itemId":"B009LTUDIA","ProductIndex":80048}
{"itemId":"B004IYBMWE","ProductIndex":62838}
{"itemId":"B00CXB63QO","ProductIndex":35695}
{"itemId":"B002VEBZGQ","ProductIndex":65574}
{"itemId":"B00CROTNGO","ProductIndex":28070}
{"itemId":"B005OEN3EM","ProductIndex":40253}
{"itemId":"B003NVLWN2","ProductIndex":24905}
{"itemId":"B000YA1XU2","ProductIndex":5669}
{"itemId":"B005PAIZNE","ProductIndex":43281}
{"itemId":"B00DN443K8","ProductIndex":12753}
{"itemId":"B009EQ60L4","ProductIndex":33427}
{"itemId":"B000V1R966","ProductIndex":16388}
{"itemId":"B00193QFFG","ProductIndex":62254}
{"itemId":"B006JS7PWI","ProductIndex":128654}
{"itemId":"B004K55BVE","ProductIndex":80204}
{"itemId":"B000090W8J","ProductIndex":51336}
{"itemId":"B002BINFDI","ProductIndex":77611}
{"itemId":"B003HF3A34","ProductIndex":66326}
{"itemId":"B0001IM95U","ProductIndex":13998}
{"itemId":"B005M2KQUA","ProductIndex":43116}
{"itemId":"B00AQ9RIAA","ProductIndex":24715}
{"itemId":"B0043M667C","ProductIndex":98606}
{"itemId":"B0019ASAY8","ProductIndex":20611}
{"itemId":"B0006VJ7TI","ProductIndex":11976}
{"itemId":"B00ALYXR7I","ProductIndex":73517}
{"itemId":"B002RL9XRG","ProductIndex":20544}
{"itemId":"B00000JD34","ProductIndex":19194}
{"itemId":"B0051UWBWY","ProductIndex":30980}
{"itemId":"B007C861WO","ProductIndex":15899}
{"itemId":"B00I11LW0W","ProductIndex":197110}
{"itemId":"B001EWE6VC","ProductIndex":74242}
{"itemId":"B00EH5TWT4","ProductIndex":23673}
{"itemId":"B00CO8KXX0","ProductIndex":58195}
{"itemId":"B004GV02OS","ProductIndex":62464}
{"itemId":"B00724YGYS","ProductIndex":102604}
{"itemId":"B009YIIVF0","ProductIndex":133179}
{"itemId":"B003II9G4M","ProductIndex":81606}
{"itemId":"B000JRKLIA","ProductIndex":95276}
{"itemId":"B0055PRIG4","ProductIndex":90293}
{"itemId":"B001870WB6","ProductIndex":136788}
{"itemId":"B009S4RDJU","ProductIndex":25757}
{"itemId":"B00BUQZBJ8","ProductIndex":47685}
{"itemId":"B000I2HAVW","ProductIndex":9837}
{"itemId":"B0000BVDM7","ProductIndex":13549}
{"itemId":"B0013BBUNG","ProductIndex":106931}
{"itemId":"B00005LL3T","ProductIndex":200382}
{"itemId":"B00017IX0Q","ProductIndex":59460}
{"itemId":"B00BXVOKTW","ProductIndex":12342}
{"itemId":"B000F6MOBC","ProductIndex":36189}
{"itemId":"B005Y58LSO","ProductIndex":68436}
{"itemId":"B005DCVGWG","ProductIndex":13928}
{"itemId":"B002NUCJ5E","ProductIndex":71335}
{"itemId":"B003U8I02Y","ProductIndex":192064}
{"itemId":"B002SQOZAK","ProductIndex":58588}
{"itemId":"B000I94F3G","ProductIndex":66660}
{"itemId":"B000I2M8XW","ProductIndex":189484}
{"itemId":"B009JXJJK6","ProductIndex":207184}
{"itemId":"B0000AC6GA","ProductIndex":53121}
{"itemId":"B0007XCT18","ProductIndex":14371}
{"itemId":"B005ODKCH4","ProductIndex":23116}
{"itemId":"B0000B0GMZ","ProductIndex":39049}
{"itemId":"B003YM0N3A","ProductIndex":71627}
{"itemId":"B000BPPRPC","ProductIndex":43723}
{"itemId":"B002N17ZSE","ProductIndex":24098}
{"itemId":"B005G2A9IA","ProductIndex":84448}
{"itemId":"B007X91JIS","ProductIndex":163352}
{"itemId":"B001ER0XIM","ProductIndex":127563}
{"itemId":"B001C1SJ6I","ProductIndex":94177}
{"itemId":"B001AG300A","ProductIndex":72155}
{"itemId":"B007PJACDO","ProductIndex":43475}
{"itemId":"B004F1MU6W","ProductIndex":40320}
{"itemId":"B003TR1RZS","ProductIndex":96577}
{"itemId":"B005JPJONA","ProductIndex":17949}
{"itemId":"B0026KEVE8","ProductIndex":33974}
{"itemId":"B003R73MPI","ProductIndex":29999}
{"itemId":"B002KCKX8K","ProductIndex":25082}
{"itemId":"B006A93M7I","ProductIndex":41876}
{"itemId":"B0065FH69W","ProductIndex":50195}
{"itemId":"B000068QIT","ProductIndex":37910}
{"itemId":"B0007Q3DEW","ProductIndex":108806}
{"itemId":"B007UXNHGY","ProductIndex":11734}
{"itemId":"B000P43IQY","ProductIndex":116692}
{"itemId":"B004YYS550","ProductIndex":116116}
{"itemId":"B00277PA36","ProductIndex":78966}
{"itemId":"B0082IYQW0","ProductIndex":28483}
{"itemId":"B000H175AK","ProductIndex":76424}
{"itemId":"B0069R7QAU","ProductIndex":88790}
{"itemId":"B002882NB6","ProductIndex":26290}
{"itemId":"B002RWJDRA","ProductIndex":81154}
{"itemId":"B008FJW5RE","ProductIndex":25166}
{"itemId":"B002VLYJYO","ProductIndex":65954}
{"itemId":"B008NNV604","ProductIndex":35794}
{"itemId":"B00C0R5YFW","ProductIndex":30329}
{"itemId":"B00005AUJC","ProductIndex":81062}
{"itemId":"B0027UK8I0","ProductIndex":84171}
{"itemId":"B002NKM4C2","ProductIndex":17516}
{"itemId":"B00AKY92B4","ProductIndex":37389}
{"itemId":"B00EL3SJN2","ProductIndex":57259}
{"itemId":"B003CYKYVQ","ProductIndex":9933}
{"itemId":"B003IT3BAQ","ProductIndex":154697}
{"itemId":"B000PGHCG4","ProductIndex":9323}
{"itemId":"B00B870U40","ProductIndex":84723}
{"itemId":"B001U3Y8QI","ProductIndex":15163}
{"itemId":"B00C27S3WG","ProductIndex":24987}
{"itemId":"B00005T3Q0","ProductIndex":103820}
{"itemId":"B000WOEY56","ProductIndex":99106}
{"itemId":"B001OAOZ2E","ProductIndex":33564}
{"itemId":"B000ODXD8E","ProductIndex":73449}
{"itemId":"B001MQ4LOM","ProductIndex":147885}
{"itemId":"B000EN8226","ProductIndex":72846}
{"itemId":"B00H8ODPWQ","ProductIndex":171425}
{"itemId":"B002N2Z062","ProductIndex":60823}
{"itemId":"B00005QXYM","ProductIndex":150581}
{"itemId":"B009O7XO1C","ProductIndex":40706}
{"itemId":"B00INXO85O","ProductIndex":31510}
{"itemId":"B000E39W20","ProductIndex":91907}
{"itemId":"B0002KRA2E","ProductIndex":173500}
{"itemId":"B00064FXS4","ProductIndex":168674}
{"itemId":"B005DSMXOA","ProductIndex":78233}
{"itemId":"B004OSOXP2","ProductIndex":119994}
{"itemId":"B00A9SR11Y","ProductIndex":49360}
{"itemId":"B00GUCAK70","ProductIndex":129020}
{"itemId":"B0098HUT0M","ProductIndex":41966}
{"itemId":"B002HXXHGW","ProductIndex":83355}
{"itemId":"B005OMOKN2","ProductIndex":26716}
{"itemId":"B000FI9VTS","ProductIndex":19207}
{"itemId":"B002I9J7JG","ProductIndex":104541}
{"itemId":"B00E4WULX6","ProductIndex":119720}
{"itemId":"B006UJXRK0","ProductIndex":99480}
{"itemId":"B001W3OM3A","ProductIndex":66812}
{"itemId":"B001I2SUS8","ProductIndex":74453}
{"itemId":"B002J9GG2G","ProductIndex":88078}
{"itemId":"B004S4XMH2","ProductIndex":6180}
{"itemId":"B001FSZUX8","ProductIndex":106649}
{"itemId":"B005Y4A98U","ProductIndex":75491}
{"itemId":"B005DJP5YY","ProductIndex":20188}
{"itemId":"B005H3DX2W","ProductIndex":42247}
{"itemId":"B00171IX6Y","ProductIndex":38684}
{"itemId":"B001QTXKF6","ProductIndex":10218}
{"itemId":"B0062LXP5S","ProductIndex":24685}
{"itemId":"B00A7FS3AW","ProductIndex":16306}
{"itemId":"B00F3J0RR4","ProductIndex":54494}
{"itemId":"B004VB9438","ProductIndex":105384}
{"itemId":"B0000CD0F4","ProductIndex":35098}
{"itemId":"B004QDFVF6","ProductIndex":60305}
{"itemId":"B00AKO3EVS","ProductIndex":26998}
{"itemId":"B001677XXI","ProductIndex":97903}
{"itemId":"B004HMR99M","ProductIndex":89092}
{"itemId":"B000TKIKC6","ProductIndex":49666}
{"itemId":"B00HP0FOFY","ProductIndex":65998}
{"itemId":"B004R94088","ProductIndex":30809}
{"itemId":"B001RCUGM2","ProductIndex":175051}
{"itemId":"B004PC9IC0","ProductIndex":56096}
{"itemId":"B000SAJUM6","ProductIndex":146219}
{"itemId":"B004HH5R3W","ProductIndex":56193}
{"itemId":"B00C8EOE8U","ProductIndex":115860}
{"itemId":"B004AXCL2S","ProductIndex":126438}
{"itemId":"B00006I55Z","ProductIndex":40121}
{"itemId":"B003LGMJ4U","ProductIndex":20273}
{"itemId":"B0050ZKEJM","ProductIndex":42091}
{"itemId":"B001AJHQD4","ProductIndex":10575}
{"itemId":"B0042AOAD2","ProductIndex":31667}
{"itemId":"B004BDOGKW","ProductIndex":76337}
{"itemId":"B006AZI5ME","ProductIndex":27945}
{"itemId":"B000R5IE9M","ProductIndex":87863}
{"itemId":"B002MECSM0","ProductIndex":198896}
{"itemId":"B00DYD1TBO","ProductIndex":32634}
{"itemId":"B00008W7LE","ProductIndex":81043}
{"itemId":"B0055537AU","ProductIndex":128942}
{"itemId":"B0051MVNNA","ProductIndex":37286}
{"itemId":"B0053HCOMM","ProductIndex":31132}
{"itemId":"B001TK0UG4","ProductIndex":111427}
{"itemId":"B00FO0V5L4","ProductIndex":85435}
{"itemId":"B00AG6NAF0","ProductIndex":201593}
{"itemId":"B00746U6MU","ProductIndex":23780}
{"itemId":"B00094NNA6","ProductIndex":57516}
{"itemId":"B002YO7A5I","ProductIndex":160783}
{"itemId":"B000BKPGQM","ProductIndex":59895}
{"itemId":"B003YL787U","ProductIndex":68556}
{"itemId":"B00B4GM5D4","ProductIndex":24769}
{"itemId":"B006O6PNXS","ProductIndex":43089}
{"itemId":"B000VVVNNQ","ProductIndex":35165}
{"itemId":"B0032FOJP2","ProductIndex":51527}
{"itemId":"B00A169TCI","ProductIndex":80296}
{"itemId":"B000EHHOOE","ProductIndex":64737}
{"itemId":"B0096KLPUY","ProductIndex":27826}
{"itemId":"B0053PSL4E","ProductIndex":73889}
{"itemId":"B000A1A86U","ProductIndex":75919}
{"itemId":"B00B1GAU52","ProductIndex":27948}
{"itemId":"B000EM10C6","ProductIndex":64751}
{"itemId":"B00HC07S24","ProductIndex":67884}
{"itemId":"B0040WMQ42","ProductIndex":60393}
{"itemId":"B003U2T9FM","ProductIndex":105506}
{"itemId":"B00DL4BKEW","ProductIndex":34156}
{"itemId":"B001UCVPQK","ProductIndex":88196}
{"itemId":"B004YF9KK8","ProductIndex":35712}
{"itemId":"B0020NL1IU","ProductIndex":31347}
{"itemId":"B002L5TUZI","ProductIndex":60497}
{"itemId":"B000UPX9YE","ProductIndex":83126}
{"itemId":"B0048CLFSC","ProductIndex":110839}
{"itemId":"B00001RME3","ProductIndex":143572}
{"itemId":"B007P4TFLO","ProductIndex":31640}
{"itemId":"B0009EVYUC","ProductIndex":40169}
{"itemId":"B005X7A6GS","ProductIndex":203904}
{"itemId":"B003Y3BHFC","ProductIndex":178155}
{"itemId":"B009RH9KOE","ProductIndex":18626}
{"itemId":"B007ZFNHUS","ProductIndex":59201}
{"itemId":"B0000ANEX1","ProductIndex":177112}
{"itemId":"B004ARY09Q","ProductIndex":36821}
{"itemId":"B000EH4Y56","ProductIndex":102898}
{"itemId":"B000ORK6L2","ProductIndex":23218}
{"itemId":"B006XG26GQ","ProductIndex":37158}
{"itemId":"B009XN0ZT6","ProductIndex":40304}
{"itemId":"B00CQ3ZP22","ProductIndex":35662}
{"itemId":"B00BXZASSA","ProductIndex":71550}
{"itemId":"B005E2Z9FK","ProductIndex":138742}
{"itemId":"B00006B9Q6","ProductIndex":110043}
{"itemId":"B00001XE07","ProductIndex":93941}
{"itemId":"B004P7VJWW","ProductIndex":26436}
{"itemId":"B0002EXFJW","ProductIndex":43828}
{"itemId":"B00CTESMC8","ProductIndex":90164}
{"itemId":"B000J2EWIK","ProductIndex":82331}
{"itemId":"B004I8U226","ProductIndex":46213}
{"itemId":"B000R3EM22","ProductIndex":163132}
{"itemId":"B0056G66LK","ProductIndex":45157}
{"itemId":"B00B8PFE8E","ProductIndex":161659}
{"itemId":"B006IARC2A","ProductIndex":126614}
{"itemId":"B006K7P78C","ProductIndex":71567}
{"itemId":"B00BSLSZ34","ProductIndex":150209}
{"itemId":"B002NQOMNU","ProductIndex":151036}
{"itemId":"B0036A4Y9O","ProductIndex":45834}
{"itemId":"B0015BJRD4","ProductIndex":102607}
{"itemId":"B004JHX3OK","ProductIndex":82554}
{"itemId":"B003YJC6II","ProductIndex":56586}
{"itemId":"B00GMTN96U","ProductIndex":21086}
{"itemId":"B000ABKMHA","ProductIndex":136863}
{"itemId":"B0006GWY4I","ProductIndex":26181}
{"itemId":"B0009XBB5G","ProductIndex":47809}
{"itemId":"B004JZ1RZY","ProductIndex":86776}
{"itemId":"B004820G2I","ProductIndex":64323}
{"itemId":"B006IMBN14","ProductIndex":63104}
{"itemId":"B0000510TJ","ProductIndex":95687}
{"itemId":"B00J7HOYRM","ProductIndex":111154}
{"itemId":"B00AJS5OC2","ProductIndex":89980}
{"itemId":"B009NVUN5Y","ProductIndex":76014}
{"itemId":"B00COF74G2","ProductIndex":18370}
{"itemId":"B004B35TGW","ProductIndex":121214}
{"itemId":"B001EVY5Y6","ProductIndex":53856}
{"itemId":"B009PHUR66","ProductIndex":137443}
{"itemId":"B00AKN69PM","ProductIndex":147635}
{"itemId":"B006A9ZFZ0","ProductIndex":105926}
{"itemId":"B0002W2SRO","ProductIndex":69740}
{"itemId":"B000G34MPU","ProductIndex":104292}
{"itemId":"B0006ZACJ8","ProductIndex":62981}
{"itemId":"B00ASQE5MU","ProductIndex":205073}
{"itemId":"B004L38VGM","ProductIndex":32022}
{"itemId":"B00BEJ1LTK","ProductIndex":110477}
{"itemId":"B00006HYMK","ProductIndex":38109}
{"itemId":"B00009V2XX","ProductIndex":59838}
{"itemId":"B002ITLCOO","ProductIndex":54081}
{"itemId":"B0000ABSX0","ProductIndex":111524}
{"itemId":"B005756IGS","ProductIndex":80229}
{"itemId":"B001KARQXI","ProductIndex":41665}
{"itemId":"B00008KX5V","ProductIndex":140894}
{"itemId":"B0030ZFPRU","ProductIndex":176346}
{"itemId":"B000JX1QT2","ProductIndex":134853}
{"itemId":"B001UN8WLK","ProductIndex":168381}
{"itemId":"B000EDLRF0","ProductIndex":72861}
{"itemId":"B008RO65UU","ProductIndex":165773}
{"itemId":"B00FXPL272","ProductIndex":51378}
{"itemId":"B0098SNECG","ProductIndex":108251}
{"itemId":"B000SIW5PC","ProductIndex":64831}
{"itemId":"B000OB6QTE","ProductIndex":52353}
{"itemId":"B0007Y6AKI","ProductIndex":110434}
{"itemId":"B00CKT47OE","ProductIndex":120516}
{"itemId":"B00488UCB2","ProductIndex":180353}
{"itemId":"B003IPZIEC","ProductIndex":149051}
{"itemId":"B0036UR7CK","ProductIndex":61436}
{"itemId":"B009URP68U","ProductIndex":37300}
{"itemId":"B0007PO3EM","ProductIndex":27950}
{"itemId":"B0018AMGNK","ProductIndex":75088}
{"itemId":"B007CB506Y","ProductIndex":71660}
{"itemId":"B0002G9NJ6","ProductIndex":38259}
{"itemId":"B001WB5WEU","ProductIndex":124550}
{"itemId":"B003WE9WV4","ProductIndex":43636}
{"itemId":"B000COB52G","ProductIndex":44956}
{"itemId":"B00CJHSHS4","ProductIndex":29955}
{"itemId":"B001534PKW","ProductIndex":133414}
{"itemId":"B009X4NEJI","ProductIndex":208287}
{"itemId":"B003WE9MJQ","ProductIndex":118602}
{"itemId":"B000ARQIB8","ProductIndex":104294}
{"itemId":"B00CKG6T9I","ProductIndex":52867}
{"itemId":"B000FBH35E","ProductIndex":25364}
{"itemId":"B000BD4TGM","ProductIndex":75214}
{"itemId":"B000CBRACS","ProductIndex":129688}
{"itemId":"B007EM7N7K","ProductIndex":103478}
{"itemId":"B0047CGHSG","ProductIndex":114924}
{"itemId":"B00DQGYHYK","ProductIndex":29929}
{"itemId":"B003Y069QC","ProductIndex":124958}
{"itemId":"B002KRV66I","ProductIndex":82100}
{"itemId":"B000LQPF9Y","ProductIndex":78089}
{"itemId":"B007Z7ZJ66","ProductIndex":80628}
{"itemId":"B00006BAHC","ProductIndex":197921}
{"itemId":"B000BW5TPS","ProductIndex":141248}
{"itemId":"B0006ZLTSQ","ProductIndex":199550}
{"itemId":"B004991ROQ","ProductIndex":67557}
{"itemId":"B001DFZ5G0","ProductIndex":30042}
{"itemId":"B004L7OVPI","ProductIndex":57684}
{"itemId":"B00070QHMI","ProductIndex":151878}
{"itemId":"B00H42KZC0","ProductIndex":144522}
{"itemId":"B006FJE8G2","ProductIndex":83165}
{"itemId":"B004I4YRMG","ProductIndex":171930}
{"itemId":"B00A0VG44U","ProductIndex":119737}
{"itemId":"B007WTCO10","ProductIndex":104411}
{"itemId":"B0036MDUKQ","ProductIndex":92350}
{"itemId":"B0061JPXIS","ProductIndex":121725}
{"itemId":"B00664KRJS","ProductIndex":63938}
{"itemId":"B000WOUWWU","ProductIndex":87839}
{"itemId":"B008PGJ70A","ProductIndex":53517}
{"itemId":"B000BM3ZBI","ProductIndex":42222}
{"itemId":"B0058JQ1QU","ProductIndex":185100}
{"itemId":"B000BJSEQW","ProductIndex":41054}
{"itemId":"B00065WTDU","ProductIndex":127019}
{"itemId":"B0047Q1B4W","ProductIndex":95928}
{"itemId":"B000246VJS","ProductIndex":205751}
{"itemId":"B003TUL34K","ProductIndex":82903}
{"itemId":"B0046720H4","ProductIndex":61771}
{"itemId":"B0081D02GA","ProductIndex":165584}
{"itemId":"B00471DLMC","ProductIndex":164379}
{"itemId":"B004T8IEL6","ProductIndex":116385}
{"itemId":"B00DQA3IC8","ProductIndex":142174}
{"itemId":"B006DPYPWK","ProductIndex":183882}
{"itemId":"B001DFQJLU","ProductIndex":58103}
{"itemId":"B000AAQQBC","ProductIndex":36681}
{"itemId":"B0009KVUAK","ProductIndex":61423}
{"itemId":"B00AR95ENW","ProductIndex":24960}
{"itemId":"B005N2P6EK","ProductIndex":149023}
{"itemId":"B00CTHR1EU","ProductIndex":149798}
{"itemId":"B0003QIXB4","ProductIndex":109576}
{"itemId":"B0000X4Q3O","ProductIndex":136646}
{"itemId":"B000FOE052","ProductIndex":87297}
{"itemId":"B002N05FTG","ProductIndex":67191}
{"itemId":"B00B3KULMI","ProductIndex":137044}
{"itemId":"B0067OZ76K","ProductIndex":121372}
{"itemId":"B00064OB3M","ProductIndex":42002}
{"itemId":"B00008VSJY","ProductIndex":174481}
{"itemId":"B00BF6I01O","ProductIndex":134641}
{"itemId":"B0006FUHXO","ProductIndex":92536}
{"itemId":"B008BRHPW0","ProductIndex":38440}
{"itemId":"B00JZ5NVWA","ProductIndex":88622}
{"itemId":"B003BQ60Y0","ProductIndex":72511}
{"itemId":"B002D1G850","ProductIndex":133580}
{"itemId":"B000WKY2M0","ProductIndex":56707}
{"itemId":"B00AHSNQNS","ProductIndex":47597}
{"itemId":"B001MS2SOK","ProductIndex":158754}
{"itemId":"B00FWNFMGM","ProductIndex":187235}
{"itemId":"B008J0ZOUE","ProductIndex":193173}
{"itemId":"B009IRLF5A","ProductIndex":156564}
{"itemId":"B00F0Y3IIW","ProductIndex":96428}
{"itemId":"B00D02ASI4","ProductIndex":92429}
{"itemId":"B00EVMIP78","ProductIndex":159893}
{"itemId":"B005I767RU","ProductIndex":54802}
{"itemId":"B0037AXZ3Y","ProductIndex":130051}
{"itemId":"B003YEVD32","ProductIndex":32221}
{"itemId":"B002VYJ64E","ProductIndex":110805}
{"itemId":"B000LPQ3NC","ProductIndex":131771}
{"itemId":"B0012ESR6M","ProductIndex":60434}
{"itemId":"B004CJ9NU8","ProductIndex":52672}
{"itemId":"B00013MRT8","ProductIndex":126505}
{"itemId":"B007JY84VC","ProductIndex":153672}
{"itemId":"B0009FHBBC","ProductIndex":115748}
{"itemId":"B00AFP89F8","ProductIndex":78090}
{"itemId":"B0015ASLNW","ProductIndex":78541}
{"itemId":"B00HF28RW4","ProductIndex":167187}
{"itemId":"B000V1R95W","ProductIndex":82980}
{"itemId":"B009GU8HFK","ProductIndex":36724}
{"itemId":"B004CZ3OC0","ProductIndex":98530}
{"itemId":"B00460I0YS","ProductIndex":151608}
{"itemId":"B0075XGIC4","ProductIndex":108776}
{"itemId":"B00009V3DI","ProductIndex":104641}
{"itemId":"B001V2R81A","ProductIndex":130694}
{"itemId":"B005DNBNEQ","ProductIndex":139665}
{"itemId":"B006KS6B9A","ProductIndex":113311}
{"itemId":"B005979I1Q","ProductIndex":101894}
{"itemId":"B005C9U464","ProductIndex":119836}
{"itemId":"B006ZOIJ0S","ProductIndex":59031}
{"itemId":"B007Y6QGCE","ProductIndex":104892}
{"itemId":"B000Q04GGS","ProductIndex":147234}
{"itemId":"B000MCVQ90","ProductIndex":62309}
{"itemId":"B00ASP1CTA","ProductIndex":141525}
{"itemId":"B0018Z9Y80","ProductIndex":62302}
{"itemId":"B0074F0ZTU","ProductIndex":114746}
{"itemId":"B00937WLLC","ProductIndex":37849}
{"itemId":"B001IZ1KDC","ProductIndex":159013}
{"itemId":"B005H3L1EO","ProductIndex":50173}
{"itemId":"B00AQ68QJK","ProductIndex":64356}
{"itemId":"B00D5EFQSY","ProductIndex":75126}
{"itemId":"B00F2KW6B4","ProductIndex":206643}
{"itemId":"B00462MCKO","ProductIndex":104482}
{"itemId":"B0009YIIY2","ProductIndex":135697}
{"itemId":"B007WIJQNA","ProductIndex":151610}
{"itemId":"B003V1974K","ProductIndex":86125}
{"itemId":"B000BSN8YQ","ProductIndex":146722}
{"itemId":"B007938DKA","ProductIndex":64878}
{"itemId":"B000M52JMU","ProductIndex":139600}
{"itemId":"B004GEC9A0","ProductIndex":131633}
{"itemId":"B009YYVNOU","ProductIndex":52568}
{"itemId":"B001DFMYQY","ProductIndex":91774}
{"itemId":"B00ISQPX7I","ProductIndex":172232}
{"itemId":"B003N3A6BE","ProductIndex":177536}
{"itemId":"B00471GEW6","ProductIndex":157025}
{"itemId":"B009XES5GU","ProductIndex":138947}
{"itemId":"B001QIRYQS","ProductIndex":40014}
{"itemId":"B003Z3K6AI","ProductIndex":77753}
{"itemId":"B009HHY8O6","ProductIndex":42442}
{"itemId":"B000ZMCFE2","ProductIndex":165710}
{"itemId":"B001XQ7ZP8","ProductIndex":45227}
{"itemId":"B00009R95W","ProductIndex":132243}
{"itemId":"B001MQ8A1C","ProductIndex":68395}
{"itemId":"B0082DCPQ4","ProductIndex":22208}
{"itemId":"B00383RA1S","ProductIndex":106654}
{"itemId":"B006P61KH0","ProductIndex":42184}
{"itemId":"B007QGBMF8","ProductIndex":86411}
{"itemId":"B007TLP9O0","ProductIndex":60979}
{"itemId":"B008MF40AQ","ProductIndex":181501}
{"itemId":"B003X8JFZ2","ProductIndex":95244}
{"itemId":"B0013SLEQM","ProductIndex":38725}
{"itemId":"B004OC28L4","ProductIndex":129395}
{"itemId":"B00022V2AI","ProductIndex":151301}
{"itemId":"B0060QZ0L2","ProductIndex":137879}
{"itemId":"B008J4OXPC","ProductIndex":116555}
{"itemId":"B001M4HY66","ProductIndex":76278}
{"itemId":"B006U5EWLM","ProductIndex":76623}
{"itemId":"B001VPI8IY","ProductIndex":88815}
{"itemId":"B00007EDYD","ProductIndex":77398}
{"itemId":"B003B90H4Q","ProductIndex":154732}
{"itemId":"B007V7GNPG","ProductIndex":50916}
{"itemId":"B004VJ0BJG","ProductIndex":129243}
{"itemId":"B0043D2L4I","ProductIndex":78567}
{"itemId":"B00395WIA8","ProductIndex":98873}
{"itemId":"B001C6IWNI","ProductIndex":156087}
{"itemId":"B00C7J9T68","ProductIndex":118647}
{"itemId":"B000ZX4YN6","ProductIndex":182104}
{"itemId":"B0009JB79U","ProductIndex":158686}
{"itemId":"B001C34JRY","ProductIndex":86319}
{"itemId":"B006I2WRSC","ProductIndex":26147}
{"itemId":"B004G8KCGO","ProductIndex":109355}
{"itemId":"B009CWCQZE","ProductIndex":122799}
{"itemId":"B006O3T4D6","ProductIndex":122754}
{"itemId":"B001M7896W","ProductIndex":122486}
{"itemId":"B001Q9ER6C","ProductIndex":119133}
{"itemId":"B00EXX0TN8","ProductIndex":93940}
{"itemId":"B001LP4YVO","ProductIndex":113506}
{"itemId":"B006KRINKG","ProductIndex":186461}
{"itemId":"B000X26LNU","ProductIndex":97767}
{"itemId":"B0059ETK62","ProductIndex":87341}
{"itemId":"B00007E6YC","ProductIndex":139111}
{"itemId":"B008R60FJA","ProductIndex":123362}
{"itemId":"B000F3LZWO","ProductIndex":191039}
{"itemId":"B003N6Q8UE","ProductIndex":152295}
{"itemId":"B00ARAAWPQ","ProductIndex":103565}
{"itemId":"B009D0XXPC","ProductIndex":163901}
{"itemId":"B00BZTU2EE","ProductIndex":176541}
{"itemId":"B000PIL9AM","ProductIndex":73171}
{"itemId":"B002PHMGN0","ProductIndex":52946}
{"itemId":"B000OH75G6","ProductIndex":77765}
{"itemId":"B004WN6FGO","ProductIndex":102611}
{"itemId":"B007W4VJG6","ProductIndex":112042}
{"itemId":"B00A9SI01E","ProductIndex":36664}
{"itemId":"B00DUH2PXA","ProductIndex":110177}
{"itemId":"B001IUIT40","ProductIndex":87562}
{"itemId":"B003BV4TCU","ProductIndex":175047}
{"itemId":"B005AUH8SM","ProductIndex":102028}
{"itemId":"B00CV9MP1K","ProductIndex":143926}
{"itemId":"B00D6JH262","ProductIndex":95667}
{"itemId":"B001MQ4PBQ","ProductIndex":87093}
{"itemId":"B00DFW0OUQ","ProductIndex":121579}
{"itemId":"B000NX5RNY","ProductIndex":156052}
{"itemId":"B008H57MNS","ProductIndex":130547}
{"itemId":"B006N21B8E","ProductIndex":123320}
{"itemId":"B001P86SJ8","ProductIndex":116618}
{"itemId":"B003VUCHXO","ProductIndex":94912}
{"itemId":"B003TXQT46","ProductIndex":157404}
{"itemId":"B0017S0WX4","ProductIndex":162270}
{"itemId":"B001M04EUO","ProductIndex":89689}
{"itemId":"B00HPR7VK8","ProductIndex":96878}
{"itemId":"B000JC5T82","ProductIndex":58375}
{"itemId":"B0017H4DYE","ProductIndex":99509}
{"itemId":"B0010KC4OE","ProductIndex":125940}
{"itemId":"B00B6YRH5A","ProductIndex":104493}
{"itemId":"B008C3BZ38","ProductIndex":112402}
{"itemId":"B0016P6ZCA","ProductIndex":81492}
{"itemId":"B001S2R91M","ProductIndex":121323}
{"itemId":"B002DN4U8U","ProductIndex":72712}
{"itemId":"B0082PRJFE","ProductIndex":125315}
{"itemId":"B0000ABVX0","ProductIndex":115869}
{"itemId":"B0097F1LW0","ProductIndex":65722}
{"itemId":"B00A9X38CK","ProductIndex":54075}
{"itemId":"B000JHH86I","ProductIndex":129313}
{"itemId":"B00FY863JA","ProductIndex":139811}
{"itemId":"B003MQ8W6S","ProductIndex":145587}
{"itemId":"B0088L24LQ","ProductIndex":138856}
{"itemId":"B0097ZE9TC","ProductIndex":53336}
{"itemId":"B004GV9C44","ProductIndex":201129}
{"itemId":"B00DR3Q1PA","ProductIndex":193592}
{"itemId":"B00BY5K9M4","ProductIndex":131483}
{"itemId":"B007B5WLGI","ProductIndex":100129}
{"itemId":"B00BWG757W","ProductIndex":187061}
{"itemId":"B000O3XT42","ProductIndex":204416}
{"itemId":"B001BMAID0","ProductIndex":154306}
{"itemId":"B000XRPV7M","ProductIndex":62833}
{"itemId":"B0072LF6T0","ProductIndex":78027}
{"itemId":"B00IIO3AQG","ProductIndex":201320}
{"itemId":"B003AIWO9O","ProductIndex":132558}
{"itemId":"B0064T1ORO","ProductIndex":166666}
{"itemId":"B004AV3EAI","ProductIndex":183210}
{"itemId":"B00125Y1JS","ProductIndex":125917}
{"itemId":"B00748HI9W","ProductIndex":190492}
{"itemId":"B004J15YHU","ProductIndex":92182}
{"itemId":"B004VM3KJQ","ProductIndex":143700}
{"itemId":"B009XP21GY","ProductIndex":166739}
{"itemId":"B00FA0Y5CE","ProductIndex":162709}
{"itemId":"B0009KF2QI","ProductIndex":112411}
{"itemId":"B00CL2FFA0","ProductIndex":142259}
{"itemId":"B005M1KMOG","ProductIndex":93639}
{"itemId":"B000QU8VQY","ProductIndex":193594}
{"itemId":"B005GDA4ES","ProductIndex":106310}
{"itemId":"B002SZUYOW","ProductIndex":189764}
{"itemId":"B000H5PCDS","ProductIndex":122631}
{"itemId":"B000F34IBE","ProductIndex":83851}
{"itemId":"B0001XAJ70","ProductIndex":74695}
{"itemId":"B004TUX97I","ProductIndex":110280}
{"itemId":"B0052HO0XO","ProductIndex":97932}
{"itemId":"B0071CYMZO","ProductIndex":182077}
{"itemId":"B0058NN1AK","ProductIndex":52993}
{"itemId":"B00005AWBI","ProductIndex":77243}
{"itemId":"B00HYEPDA2","ProductIndex":131433}
{"itemId":"B003T1Q8EO","ProductIndex":107654}
{"itemId":"B00DDNXLFW","ProductIndex":201960}
{"itemId":"B00481CFMI","ProductIndex":151017}
{"itemId":"B009IKCFRE","ProductIndex":48524}
{"itemId":"B00BMRDZFC","ProductIndex":184598}
{"itemId":"B009PFG4K6","ProductIndex":119776}
{"itemId":"B00CJ3JEGM","ProductIndex":134509}
{"itemId":"B00HEBQSGS","ProductIndex":155099}
{"itemId":"B00005R1AA","ProductIndex":129040}
{"itemId":"B004SLBWVS","ProductIndex":74686}
{"itemId":"B003RBVBF2","ProductIndex":167963}
{"itemId":"B00570HDSK","ProductIndex":69323}
{"itemId":"B001900I52","ProductIndex":96767}
{"itemId":"B005NF3MES","ProductIndex":198093}
{"itemId":"B008FLORBY","ProductIndex":149642}
{"itemId":"B009HFU770","ProductIndex":199555}
{"itemId":"B00F3ZNLJO","ProductIndex":76351}
{"itemId":"B000255IAK","ProductIndex":146870}
{"itemId":"B00007G32F","ProductIndex":110217}
{"itemId":"B004TQQYGK","ProductIndex":111316}
{"itemId":"B004GYVXRK","ProductIndex":76064}
{"itemId":"B001RIYMDK","ProductIndex":135620}
{"itemId":"B003FVWXQ0","ProductIndex":55832}
{"itemId":"B001S2RD8Q","ProductIndex":118823}
{"itemId":"B00C4LQ2IC","ProductIndex":152899}
{"itemId":"B00127OVD2","ProductIndex":137068}
{"itemId":"B0022NHQ46","ProductIndex":98637}
{"itemId":"B00DOE3C1S","ProductIndex":88017}
{"itemId":"B000X2LDAQ","ProductIndex":148160}
{"itemId":"B007E52MT6","ProductIndex":108230}
{"itemId":"B00AHGW79Y","ProductIndex":88431}
{"itemId":"B0000XMT60","ProductIndex":75761}
{"itemId":"B001LOY15O","ProductIndex":52068}
{"itemId":"B001Q91WH4","ProductIndex":77262}
{"itemId":"B003GACPTU","ProductIndex":131325}
{"itemId":"B004HWQZ92","ProductIndex":182821}
{"itemId":"B008LTKBHO","ProductIndex":109240}
{"itemId":"B00083JRB2","ProductIndex":93777}
{"itemId":"B009FX6K5W","ProductIndex":189947}
{"itemId":"B004M6AXLY","ProductIndex":140136}
{"itemId":"B00DHHOZBI","ProductIndex":62393}
{"itemId":"B00APL6QBQ","ProductIndex":91802}
{"itemId":"B001C1SESG","ProductIndex":50867}
{"itemId":"B00GWFNMJS","ProductIndex":135638}
{"itemId":"B0000EI9VG","ProductIndex":160010}
{"itemId":"B00JAPZRH2","ProductIndex":194938}
{"itemId":"B000A3WH8A","ProductIndex":170361}
{"itemId":"B001417674","ProductIndex":109589}
{"itemId":"B00BFNJBHO","ProductIndex":194519}
{"itemId":"B008HNQ01U","ProductIndex":95277}
{"itemId":"B008CC5B3O","ProductIndex":164851}
{"itemId":"B00D697QGI","ProductIndex":168536}
{"itemId":"B00851JHBO","ProductIndex":191460}
{"itemId":"B003G8CPEM","ProductIndex":73660}
{"itemId":"B00005T3GZ","ProductIndex":194321}
{"itemId":"B002XRB0Q6","ProductIndex":145154}
{"itemId":"B0015HQLIC","ProductIndex":91617}
{"itemId":"B000HBIUWW","ProductIndex":134630}
{"itemId":"B0016NMP26","ProductIndex":133690}
{"itemId":"B000068PJG","ProductIndex":137870}
{"itemId":"B003CI88PG","ProductIndex":196628}
{"itemId":"B009UC61ES","ProductIndex":123665}
{"itemId":"B00517B8E4","ProductIndex":197038}
{"itemId":"B0013BNZDE","ProductIndex":66343}
{"itemId":"B000V9USC0","ProductIndex":98779}
{"itemId":"B006YI289S","ProductIndex":195528}
{"itemId":"B001BR99LM","ProductIndex":171955}
{"itemId":"B003TG8XCE","ProductIndex":168789}
{"itemId":"B00AIG4VGK","ProductIndex":191931}
{"itemId":"B001TKUM7G","ProductIndex":97071}
{"itemId":"B009LT86HA","ProductIndex":129177}
{"itemId":"B0016D7WII","ProductIndex":147293}
{"itemId":"B00076PZMU","ProductIndex":176447}
{"itemId":"B004VFG8M4","ProductIndex":76804}
{"itemId":"B008EKJOFA","ProductIndex":138328}
{"itemId":"B000NPRH2G","ProductIndex":102573}
{"itemId":"B004S7YMUA","ProductIndex":59900}
{"itemId":"B005Q79UF8","ProductIndex":192549}
{"itemId":"B005D5LZJM","ProductIndex":102308}
{"itemId":"B000BB4MRU","ProductIndex":202665}
{"itemId":"B00119LGE8","ProductIndex":175161}
{"itemId":"B003D6WQUU","ProductIndex":176693}
{"itemId":"B005CPTSXI","ProductIndex":134419}
{"itemId":"B003YV0FNO","ProductIndex":150086}
{"itemId":"B000OZ5WW2","ProductIndex":147068}
{"itemId":"B004BLYJ6A","ProductIndex":66023}
{"itemId":"B0001OTLXC","ProductIndex":84652}
{"itemId":"B009PTN4JG","ProductIndex":175479}
{"itemId":"B00AYTDCV6","ProductIndex":121685}
{"itemId":"B0003009BW","ProductIndex":186145}
{"itemId":"B0001CNKBS","ProductIndex":89556}
{"itemId":"B000Z8TJU4","ProductIndex":167062}
{"itemId":"B0040GJJ3E","ProductIndex":95917}
{"itemId":"B0058ML7B6","ProductIndex":161627}
{"itemId":"B00APUU3NE","ProductIndex":118927}
{"itemId":"B004S944H4","ProductIndex":208005}
{"itemId":"B00866989Y","ProductIndex":197019}
{"itemId":"B00IJFEKUO","ProductIndex":184351}
{"itemId":"B000QHJBVQ","ProductIndex":199894}
{"itemId":"B00448KARC","ProductIndex":158429}
{"itemId":"B00CUM6JN8","ProductIndex":159259}
{"itemId":"B002YSN0HQ","ProductIndex":119364}
{"itemId":"B000HEA2OI","ProductIndex":133965}
{"itemId":"B000E9ZQ8I","ProductIndex":139678}
{"itemId":"B009FB2DG4","ProductIndex":131821}
{"itemId":"B004TCN0AW","ProductIndex":157347}
{"itemId":"B004TUANO0","ProductIndex":137717}
{"itemId":"B001R29ADS","ProductIndex":194682}
{"itemId":"B001ROVLWE","ProductIndex":73825}
{"itemId":"B00EOR10AO","ProductIndex":81704}
{"itemId":"B001QNCBPC","ProductIndex":132250}
{"itemId":"B00A0FXFBQ","ProductIndex":128083}
{"itemId":"B001JT3KR6","ProductIndex":123679}
{"itemId":"B0001AVUXK","ProductIndex":192719}
{"itemId":"B0025ZOD7O","ProductIndex":82982}
{"itemId":"B005GQTV1M","ProductIndex":172030}
{"itemId":"B0028P35KM","ProductIndex":187394}
{"itemId":"B001L2DPC6","ProductIndex":142745}
{"itemId":"B00008JOMG","ProductIndex":145242}
{"itemId":"B004L255VM","ProductIndex":177566}
{"itemId":"B00HRQB108","ProductIndex":121670}
{"itemId":"B00370I37M","ProductIndex":154269}
{"itemId":"B009D4YW5I","ProductIndex":73258}
{"itemId":"B000YKGZ3W","ProductIndex":106141}
{"itemId":"B003FVT7P0","ProductIndex":65609}
{"itemId":"B000ETIS10","ProductIndex":159351}
{"itemId":"B00ISDYZNY","ProductIndex":200512}
{"itemId":"B0038J77FG","ProductIndex":137696}
{"itemId":"B00HE61BEW","ProductIndex":67051}
{"itemId":"B0072L7DT6","ProductIndex":67495}
{"itemId":"B00746U40Y","ProductIndex":152601}
{"itemId":"B00JP05S6C","ProductIndex":195908}
{"itemId":"B0056X2HPC","ProductIndex":160180}
{"itemId":"B0041K3CGO","ProductIndex":61857}
{"itemId":"B001PN55MY","ProductIndex":165066}
{"itemId":"B002XK1338","ProductIndex":189990}
{"itemId":"B004GLBZC6","ProductIndex":188994}
{"itemId":"B0006BCC9U","ProductIndex":121991}
{"itemId":"B0007KS7DA","ProductIndex":197395}
{"itemId":"B001TK3D36","ProductIndex":134620}
{"itemId":"B0000X5XVS","ProductIndex":116214}
{"itemId":"B000TKA7OA","ProductIndex":122762}
{"itemId":"B0028Y4F5M","ProductIndex":150769}
{"itemId":"B003DMGTJS","ProductIndex":194895}
{"itemId":"B00BEYHYB4","ProductIndex":173796}
{"itemId":"B005G2HW08","ProductIndex":79501}
{"itemId":"B006WHG6TY","ProductIndex":148191}
{"itemId":"B004XD1GLM","ProductIndex":108458}
{"itemId":"B004G96M08","ProductIndex":129027}
{"itemId":"B006FRBAPG","ProductIndex":141755}
{"itemId":"B00F48HF5Q","ProductIndex":165210}
{"itemId":"B007VQV7QC","ProductIndex":85390}
{"itemId":"B000FLD2AO","ProductIndex":198891}
{"itemId":"B003D8ORPA","ProductIndex":179308}
{"itemId":"B007ZHHAV8","ProductIndex":177858}
{"itemId":"B00E81YOJU","ProductIndex":83301}
{"itemId":"B0043VE288","ProductIndex":130879}
{"itemId":"B00D400UGC","ProductIndex":90844}
{"itemId":"B009TU2F2S","ProductIndex":81374}
{"itemId":"B000078WX3","ProductIndex":98917}
{"itemId":"B0002BESPA","ProductIndex":159173}
{"itemId":"B00AAL25NO","ProductIndex":118151}
{"itemId":"B001C4R9PM","ProductIndex":154871}
{"itemId":"B00AYS5GHA","ProductIndex":148999}
{"itemId":"B00EV4SZYE","ProductIndex":207654}
{"itemId":"B0002L2RXK","ProductIndex":103494}
{"itemId":"B007QSKLM6","ProductIndex":137942}
{"itemId":"B00A7J33DA","ProductIndex":124710}
{"itemId":"B004R0YM7G","ProductIndex":114890}
{"itemId":"B0015YG4PU","ProductIndex":103326}
{"itemId":"B0007TSWY0","ProductIndex":187294}
{"itemId":"B00GRJHZEW","ProductIndex":189686}
{"itemId":"B002SR4Q9Y","ProductIndex":119433}
{"itemId":"B006CDDGFA","ProductIndex":185179}
{"itemId":"B007F9VP3A","ProductIndex":116078}
{"itemId":"B00C4KK978","ProductIndex":205945}
{"itemId":"B001O94F8E","ProductIndex":143854}
{"itemId":"B0049AYIFK","ProductIndex":189925}
{"itemId":"B005IMWWSS","ProductIndex":129133}
{"itemId":"B00181SJBW","ProductIndex":166154}
{"itemId":"B004EYSNFC","ProductIndex":117677}
{"itemId":"B00501OYGK","ProductIndex":160283}
{"itemId":"B003HA0OIS","ProductIndex":136907}
{"itemId":"B003J1CE1U","ProductIndex":182305}
{"itemId":"B0088LJYJQ","ProductIndex":181460}
{"itemId":"B000BJ5S20","ProductIndex":184754}
{"itemId":"B0028N786G","ProductIndex":100959}
{"itemId":"B00FDRT5J2","ProductIndex":83779}
{"itemId":"B000DZES5A","ProductIndex":145658}
{"itemId":"B00B470SSM","ProductIndex":199826}
{"itemId":"B00AN7ANMK","ProductIndex":152108}
{"itemId":"B00000JDEI","ProductIndex":154325}
{"itemId":"B004SPZ9L8","ProductIndex":146858}
{"itemId":"B005OMW070","ProductIndex":169565}
{"itemId":"B002JIN1G6","ProductIndex":67878}
{"itemId":"B00IUOU6MA","ProductIndex":95665}
{"itemId":"B009P3CNJE","ProductIndex":172341}
{"itemId":"B002V15POW","ProductIndex":185005}
{"itemId":"B00000K2Z1","ProductIndex":200336}
{"itemId":"B0007XHNO6","ProductIndex":155187}
{"itemId":"B005DVWCG6","ProductIndex":98597}
{"itemId":"B000W1ZM82","ProductIndex":189906}
{"itemId":"B00008YGMO","ProductIndex":99494}
{"itemId":"B0013FGBTA","ProductIndex":152139}
{"itemId":"B001E96J06","ProductIndex":159544}
{"itemId":"B000UTGJKQ","ProductIndex":178263}
{"itemId":"B000CGZQRY","ProductIndex":119082}
{"itemId":"B00658D9P4","ProductIndex":102772}
{"itemId":"B00CPL4UBW","ProductIndex":175441}
{"itemId":"B003KXUXMO","ProductIndex":191321}
{"itemId":"B00DG0LF2S","ProductIndex":146311}
{"itemId":"B004BH0UVC","ProductIndex":189854}
{"itemId":"B00CW1NBL0","ProductIndex":165863}
{"itemId":"B005VUL8AK","ProductIndex":194113}
{"itemId":"B00IIMQICG","ProductIndex":105026}
{"itemId":"B00HMD97YI","ProductIndex":117282}
{"itemId":"B003E3DN5O","ProductIndex":136659}
{"itemId":"B00A1DF678","ProductIndex":106036}
{"itemId":"B0052M6R9Y","ProductIndex":120471}
{"itemId":"B002AIBOS2","ProductIndex":199347}
{"itemId":"B009YFCBUE","ProductIndex":144870}
{"itemId":"B007XO3WRO","ProductIndex":171703}
{"itemId":"B00651C8XK","ProductIndex":189146}
{"itemId":"B00GLM50UQ","ProductIndex":183778}
{"itemId":"B00DUDUE6E","ProductIndex":165776}
{"itemId":"B001QTGOPY","ProductIndex":157881}
{"itemId":"B000I3TXW0","ProductIndex":207240}
{"itemId":"B0069T8N7I","ProductIndex":165051}
{"itemId":"B0000CEYXL","ProductIndex":163157}
{"itemId":"B003B6HPZS","ProductIndex":187694}
{"itemId":"B0095WLUUS","ProductIndex":154479}
{"itemId":"B00HJBI2L2","ProductIndex":205968}
{"itemId":"B000EMDVXM","ProductIndex":183704}
{"itemId":"B000MPO8RE","ProductIndex":156354}
{"itemId":"B003E1Q1KU","ProductIndex":138969}
{"itemId":"B005JUA4O8","ProductIndex":166216}
{"itemId":"B00D2P0T4W","ProductIndex":157551}
{"itemId":"B00DLPD4A4","ProductIndex":162275}
{"itemId":"B007RJHWKI","ProductIndex":159976}
{"itemId":"B00ERAIGI2","ProductIndex":150851}
{"itemId":"B00CIB1ZXA","ProductIndex":89774}
{"itemId":"B001NAFWEA","ProductIndex":182522}
{"itemId":"B000BS64EM","ProductIndex":149605}
{"itemId":"B002NU3OZ8","ProductIndex":195831}
{"itemId":"B002YDYIW2","ProductIndex":165537}
{"itemId":"B00021XICY","ProductIndex":136006}
{"itemId":"B000FFQVEY","ProductIndex":177398}
{"itemId":"B00006HX9C","ProductIndex":159784}
{"itemId":"B005F5PPLO","ProductIndex":99930}
{"itemId":"B000JI1OVM","ProductIndex":160710}
{"itemId":"B00A31IXVY","ProductIndex":198542}
{"itemId":"B000TQVONM","ProductIndex":188238}
{"itemId":"B004GCK4YA","ProductIndex":156431}
{"itemId":"B0032YW842","ProductIndex":188872}
{"itemId":"B005U5J85S","ProductIndex":169783}
{"itemId":"B006SRM2DC","ProductIndex":178814}
{"itemId":"B00CUBT2HY","ProductIndex":190430}
{"itemId":"B00GE4LE06","ProductIndex":197162}
{"itemId":"B000646MWA","ProductIndex":67594}
{"itemId":"B00CLOD9BU","ProductIndex":150770}
{"itemId":"B00005T3RV","ProductIndex":170040}
{"itemId":"B000KL144A","ProductIndex":175076}
{"itemId":"B0076DWDBI","ProductIndex":175548}
{"itemId":"B003SQMSJE","ProductIndex":200732}
{"itemId":"B00C9LT1XA","ProductIndex":205611}
{"itemId":"B000O7F0PO","ProductIndex":192758}
{"itemId":"B00DJ4BMG0","ProductIndex":180567}
{"itemId":"B005Z4574U","ProductIndex":176770}
{"itemId":"B0040QQZTK","ProductIndex":202760}
{"itemId":"B00146BLFC","ProductIndex":207307}
{"itemId":"B003BSQ8LI","ProductIndex":174105}
{"itemId":"B00A9BAD8E","ProductIndex":204232}
{"itemId":"B0075804OM","ProductIndex":192740}
{"itemId":"B00AL2JCVU","ProductIndex":203416}
{"itemId":"B005NT7IDU","ProductIndex":202020}
{"itemId":"B00BF1LFOS","ProductIndex":185352}
{"itemId":"B00763WU2U","ProductIndex":147914}
{"itemId":"B003BV6A1I","ProductIndex":167604}
{"itemId":"B00HFYMS5Y","ProductIndex":189582}
{"itemId":"B004OZLDVC","ProductIndex":154910}
{"itemId":"B003NYIN2W","ProductIndex":185648}
{"itemId":"B00974UYA6","ProductIndex":194464}
{"itemId":"B001YIYFF8","ProductIndex":192435}
{"itemId":"B0054M1828","ProductIndex":157627}
{"itemId":"B004UM85BK","ProductIndex":191203}
{"itemId":"B004XVW0QO","ProductIndex":194641}
{"itemId":"B00GQZ03FU","ProductIndex":203402}
{"itemId":"B004S95T28","ProductIndex":178813}
{"itemId":"B0074UBEUE","ProductIndex":202508}
{"itemId":"B000FFIYQC","ProductIndex":128376}
{"itemId":"B004YMQBSA","ProductIndex":200608}
{"itemId":"B00919CI7O","ProductIndex":207078}
{"itemId":"B0052SBQ3A","ProductIndex":99192}
{"itemId":"B007M4XQ9O","ProductIndex":186808}
{"itemId":"B009AQTQ5A","ProductIndex":206712}
{"itemId":"B003U5D13U","ProductIndex":171531}
{"itemId":"B004EOOAXQ","ProductIndex":187700}
{"itemId":"B00I6NC5OC","ProductIndex":198266}
{"itemId":"B001PZ335S","ProductIndex":186385}
{"itemId":"B0015T7DC8","ProductIndex":187025}
{"itemId":"B00FVV0Y4A","ProductIndex":161900}
{"itemId":"B000LWX6U8","ProductIndex":197428}
{"itemId":"B00A8VWRK2","ProductIndex":191834}
{"itemId":"B00104G2DY","ProductIndex":203714}
{"itemId":"B0042L66N8","ProductIndex":181922}
{"itemId":"B007OKE456","ProductIndex":193662}
{"itemId":"B0035LD0EO","ProductIndex":97013}
{"itemId":"B004ZKP4N4","ProductIndex":203671}
{"itemId":"B0089IHHOM","ProductIndex":115193}
{"itemId":"B002XISWVG","ProductIndex":204411}
{"itemId":"B0096JA2BI","ProductIndex":171846}
{"itemId":"B00BZBZM4W","ProductIndex":204763}
{"itemId":"B004SWS8X2","ProductIndex":206018}
{"itemId":"B003KX0BJE","ProductIndex":166817}
{"itemId":"B003M8I0N6","ProductIndex":177789}
{"itemId":"B007JWYSSM","ProductIndex":177591}
{"itemId":"B00HHY467U","ProductIndex":190315}
{"itemId":"B000VZCETO","ProductIndex":200994}
{"itemId":"B00A533S74","ProductIndex":175847}
{"itemId":"B00B4GH00C","ProductIndex":206303}
{"itemId":"B00BCSGXAA","ProductIndex":187314}
{"itemId":"B003L5IZ9E","ProductIndex":191150}
{"itemId":"B004LU8ZEI","ProductIndex":206982}
{"itemId":"B009WE7HBA","ProductIndex":205707}
{"itemId":"B0036RA45K","ProductIndex":184344}
{"itemId":"B008SP6DIW","ProductIndex":202751}
{"itemId":"B0098Q8CIO","ProductIndex":208166}
{"itemId":"B008R7IHE4","ProductIndex":183702}
{"itemId":"B000N5BN0I","ProductIndex":201406}
