{"itemId":"B006C64C6E","ProductIndex":10505}
{"itemId":"B009NTU5SG","ProductIndex":198752}
{"itemId":"B0009VU7TO","ProductIndex":15736}
{"itemId":"B004W2T2TM","ProductIndex":5407}
{"itemId":"B0091DQ79K","ProductIndex":13299}
{"itemId":"B003PHJJV6","ProductIndex":3056}
{"itemId":"B006TLMNAE","ProductIndex":18758}
{"itemId":"B00F9FCW7K","ProductIndex":1076}
{"itemId":"B001NZSAO4","ProductIndex":34396}
{"itemId":"B002LITT3S","ProductIndex":5045}
{"itemId":"B0026K41UM","ProductIndex":191194}
{"itemId":"B0001CNMFM","ProductIndex":2730}
{"itemId":"B000F3NIYM","ProductIndex":166429}
{"itemId":"B003NREDG4","ProductIndex":1485}
{"itemId":"B003ZBZ64Q","ProductIndex":96}
{"itemId":"B002RGDZ1Q","ProductIndex":21739}
{"itemId":"B000FPIUBQ","ProductIndex":17973}
{"itemId":"B0035LD0EY","ProductIndex":8860}
{"itemId":"B000F7QRTG","ProductIndex":743}
{"itemId":"B00170V91G","ProductIndex":25720}
{"itemId":"B003MDSQE4","ProductIndex":44711}
{"itemId":"B0066D608G","ProductIndex":4058}
{"itemId":"B00A9YQP8I","ProductIndex":7450}
{"itemId":"B000M4GT68","ProductIndex":54546}
{"itemId":"B001L34O8Y","ProductIndex":133631}
{"itemId":"B00020S7XK","ProductIndex":214}
{"itemId":"B00006IS4X","ProductIndex":2969}
{"itemId":"B005H3Q57M","ProductIndex":1388}
{"itemId":"B000BYCNM8","ProductIndex":7888}
{"itemId":"B00005T6GZ","ProductIndex":5373}
{"itemId":"B005FYNTIG","ProductIndex":5144}
{"itemId":"B0021L9HKK","ProductIndex":19412}
{"itemId":"B001TOD3IM","ProductIndex":26795}
{"itemId":"B003NE5UWI","ProductIndex":3951}
{"itemId":"B006K8V5M8","ProductIndex":118766}
{"itemId":"B00BEJDGOS","ProductIndex":6744}
{"itemId":"B009ZDLGL0","ProductIndex":176843}
{"itemId":"B000HGGA24","ProductIndex":15934}
{"itemId":"B003L76BJS","ProductIndex":2100}
{"itemId":"B006KYY0GA","ProductIndex":82695}
{"itemId":"B00006J05Y","ProductIndex":35300}
{"itemId":"B0041R8ODI","ProductIndex":15214}
{"itemId":"B001W0JOUO","ProductIndex":20554}
{"itemId":"B008XM50I4","ProductIndex":37153}
{"itemId":"B001TH7GUA","ProductIndex":1726}
{"itemId":"B00FFVYSKW","ProductIndex":2833}
{"itemId":"B00CXY9E0I","ProductIndex":105666}
{"itemId":"B0093XTHKE","ProductIndex":7484}
{"itemId":"B0029LHVL4","ProductIndex":83707}
{"itemId":"B002BNMPC0","ProductIndex":35231}
{"itemId":"B002C3XPQY","ProductIndex":37698}
{"itemId":"B00CAMCCLQ","ProductIndex":5212}
{"itemId":"B004M187ZI","ProductIndex":4523}
{"itemId":"B00544QYWA","ProductIndex":176878}
{"itemId":"B003UYEBE4","ProductIndex":46894}
{"itemId":"B000RT77I2","ProductIndex":9021}
{"itemId":"B000067FCS","ProductIndex":30527}
{"itemId":"B00006JPIX","ProductIndex":204198}
{"itemId":"B004TS1HH4","ProductIndex":23365}
{"itemId":"B002CU9UIO","ProductIndex":16262}
{"itemId":"B002I05VS6","ProductIndex":108052}
{"itemId":"B00CBD65TE","ProductIndex":16003}
{"itemId":"B004ILO9PY","ProductIndex":37838}
{"itemId":"B002HESEYQ","ProductIndex":81698}
{"itemId":"B003LYR014","ProductIndex":40129}
{"itemId":"B001QWFLMS","ProductIndex":33728}
{"itemId":"B008D9DVVK","ProductIndex":3426}
{"itemId":"B003F8G0KS","ProductIndex":27569}
{"itemId":"B0039S7L5C","ProductIndex":32104}
{"itemId":"B005J7YEW4","ProductIndex":46203}
{"itemId":"B00348HAKS","ProductIndex":22352}
{"itemId":"B003NYQHFW","ProductIndex":12781}
{"itemId":"B008SAOKQO","ProductIndex":151571}
{"itemId":"B001U3ZH7W","ProductIndex":1482}
{"itemId":"B004VY8STQ","ProductIndex":161667}
{"itemId":"B001M0JAVC","ProductIndex":1742}
{"itemId":"B008HIKSE0","ProductIndex":126039}
{"itemId":"B00310K9VQ","ProductIndex":9652}
{"itemId":"B003H05UXM","ProductIndex":12262}
{"itemId":"B0036WT3NO","ProductIndex":19178}
{"itemId":"B001UE6MJ8","ProductIndex":2192}
{"itemId":"B008D4X7Y6","ProductIndex":10762}
{"itemId":"B001AMSPAO","ProductIndex":9649}
{"itemId":"B002BGFELQ","ProductIndex":9945}
{"itemId":"B00CV9MIEE","ProductIndex":58879}
{"itemId":"B00GHHGKFE","ProductIndex":95281}
{"itemId":"B0002J24QM","ProductIndex":52408}
{"itemId":"B006U1VH2S","ProductIndex":3541}
{"itemId":"B004V93LX4","ProductIndex":79653}
{"itemId":"B002ZLOR56","ProductIndex":8232}
{"itemId":"B009O7XUU2","ProductIndex":19255}
{"itemId":"B00CPG7WGW","ProductIndex":78832}
{"itemId":"B007OQ2SXA","ProductIndex":24787}
{"itemId":"B008Q5Y7NM","ProductIndex":89016}
{"itemId":"B000K53VZQ","ProductIndex":202994}
{"itemId":"B0010M6T3Y","ProductIndex":32358}
{"itemId":"B0027CTQC2","ProductIndex":3528}
{"itemId":"B00004SPBX","ProductIndex":156149}
{"itemId":"B0002OZXGU","ProductIndex":11488}
{"itemId":"B0002ZPFD0","ProductIndex":12628}
{"itemId":"B0002BEQUM","ProductIndex":100865}
{"itemId":"B001LZSY06","ProductIndex":37450}
{"itemId":"B0069W345G","ProductIndex":23927}
{"itemId":"B0047EGUEU","ProductIndex":30912}
{"itemId":"B006ZZQ5EY","ProductIndex":15992}
{"itemId":"B001PNZ00G","ProductIndex":46407}
{"itemId":"B00D695GS8","ProductIndex":8530}
{"itemId":"B00EYABORK","ProductIndex":109318}
{"itemId":"B003FWHTTA","ProductIndex":3735}
{"itemId":"B00005I9Q0","ProductIndex":30787}
{"itemId":"B000FHQTNU","ProductIndex":18190}
{"itemId":"B000A6TN9I","ProductIndex":33078}
{"itemId":"B001CCJOGG","ProductIndex":38108}
{"itemId":"B001MS4W80","ProductIndex":67253}
{"itemId":"B00BC4SJEC","ProductIndex":3970}
{"itemId":"B004EG6FMI","ProductIndex":199380}
{"itemId":"B0002MPM9K","ProductIndex":95114}
{"itemId":"B000165O18","ProductIndex":19863}
{"itemId":"B009WC6RRC","ProductIndex":23662}
{"itemId":"B002L9B1L0","ProductIndex":21160}
{"itemId":"B0009Q4PH4","ProductIndex":3314}
{"itemId":"B0085B772A","ProductIndex":6821}
{"itemId":"B009SD74H2","ProductIndex":4374}
{"itemId":"B00177ZHAS","ProductIndex":61533}
{"itemId":"B00D1ZXVDY","ProductIndex":19072}
{"itemId":"B0011UEUOA","ProductIndex":15492}
{"itemId":"B000EGM7L0","ProductIndex":49336}
{"itemId":"B007FTJ9PQ","ProductIndex":30483}
{"itemId":"B007KAF5Y4","ProductIndex":50262}
{"itemId":"B004AHNBO6","ProductIndex":46738}
{"itemId":"B000CMIHCO","ProductIndex":87016}
{"itemId":"B004U403XQ","ProductIndex":10570}
{"itemId":"B002760Y1A","ProductIndex":34774}
{"itemId":"B00ANSQWSI","ProductIndex":45338}
{"itemId":"B0032B0XUG","ProductIndex":33825}
{"itemId":"B0077QVOV4","ProductIndex":22170}
{"itemId":"B0058J1QYC","ProductIndex":15961}
{"itemId":"B007ZT1Q3E","ProductIndex":24887}
{"itemId":"B001D1WJTU","ProductIndex":194961}
{"itemId":"B00BU99PZ6","ProductIndex":33320}
{"itemId":"B0049OP79M","ProductIndex":60186}
{"itemId":"B00BCGROEQ","ProductIndex":10294}
{"itemId":"B00GQFELIU","ProductIndex":70023}
{"itemId":"B00822FFUI","ProductIndex":113839}
{"itemId":"B0007YFQCG","ProductIndex":18386}
{"itemId":"B00009R6GE","ProductIndex":6652}
{"itemId":"B0084IELGE","ProductIndex":111644}
{"itemId":"B0082ZL1GC","ProductIndex":103466}
{"itemId":"B00026IB26","ProductIndex":81721}
{"itemId":"B0002J2DD6","ProductIndex":52907}
{"itemId":"B002D41HKS","ProductIndex":6927}
{"itemId":"B00067LYIE","ProductIndex":55370}
{"itemId":"B0009PLO0Q","ProductIndex":31682}
{"itemId":"B001DMXILM","ProductIndex":177582}
{"itemId":"B00E70IN9E","ProductIndex":33891}
{"itemId":"B00D13065M","ProductIndex":13406}
{"itemId":"B003N9L4MS","ProductIndex":157680}
{"itemId":"B006JRIDHK","ProductIndex":7140}
{"itemId":"B0015F0A8G","ProductIndex":5000}
{"itemId":"B003IRR0YQ","ProductIndex":5851}
{"itemId":"B003N6UINC","ProductIndex":5355}
{"itemId":"B001TK3D4K","ProductIndex":2778}
{"itemId":"B004YW5406","ProductIndex":11040}
{"itemId":"B007TGKLFC","ProductIndex":17782}
{"itemId":"B002N8A1E2","ProductIndex":141489}
{"itemId":"B002YPH5AW","ProductIndex":56351}
{"itemId":"B000EGLZTA","ProductIndex":40584}
{"itemId":"B00AU6GWQK","ProductIndex":105017}
{"itemId":"B004KRCNZ4","ProductIndex":63020}
{"itemId":"B0015UYEE2","ProductIndex":22493}
{"itemId":"B0057LA7KU","ProductIndex":98980}
{"itemId":"B00065WBF6","ProductIndex":34852}
{"itemId":"B007JLE84C","ProductIndex":4167}
{"itemId":"B00004RFB8","ProductIndex":58070}
{"itemId":"B003CJ6IMA","ProductIndex":17334}
{"itemId":"B0017VRGXU","ProductIndex":23251}
{"itemId":"B003WQ2T5S","ProductIndex":16994}
{"itemId":"B005YHC4LW","ProductIndex":11738}
{"itemId":"B0044DJVGS","ProductIndex":104927}
{"itemId":"B00DIGAO22","ProductIndex":76081}
{"itemId":"B002G53BCG","ProductIndex":81579}
{"itemId":"B002ZHUMWC","ProductIndex":175013}
{"itemId":"B00466ZAOA","ProductIndex":12311}
{"itemId":"B001FWXTK0","ProductIndex":7776}
{"itemId":"B00CTPZMN4","ProductIndex":62665}
{"itemId":"B005552Q3O","ProductIndex":69707}
{"itemId":"B00B5DHZMM","ProductIndex":7743}
{"itemId":"B0000AI1HN","ProductIndex":29239}
{"itemId":"B00065L062","ProductIndex":199056}
{"itemId":"B004X63D2E","ProductIndex":49200}
{"itemId":"B0006I09MK","ProductIndex":18846}
{"itemId":"B001TUPPU0","ProductIndex":87575}
{"itemId":"B004YYRYCK","ProductIndex":115294}
{"itemId":"B0045DNX48","ProductIndex":19362}
{"itemId":"B0029U2XH2","ProductIndex":38985}
{"itemId":"B001FB568E","ProductIndex":11397}
{"itemId":"B009I2TP7K","ProductIndex":16497}
{"itemId":"B004RI5EHA","ProductIndex":21970}
{"itemId":"B0018OT648","ProductIndex":63626}
{"itemId":"B004M5YI7A","ProductIndex":33751}
{"itemId":"B0010HDY9Q","ProductIndex":29004}
{"itemId":"B005UAUYKQ","ProductIndex":94353}
{"itemId":"B0036UTT4E","ProductIndex":8578}
{"itemId":"B003FX68S2","ProductIndex":33796}
{"itemId":"B0050JS1QG","ProductIndex":11092}
{"itemId":"B003TPA2OC","ProductIndex":55887}
{"itemId":"B001MQ6E3I","ProductIndex":45361}
{"itemId":"B00009ZY35","ProductIndex":145986}
{"itemId":"B007M7U608","ProductIndex":182025}
{"itemId":"B0012TZJXQ","ProductIndex":75144}
{"itemId":"B004HFMNGS","ProductIndex":13207}
{"itemId":"B000VS6SO8","ProductIndex":109743}
{"itemId":"B001OQQ01W","ProductIndex":9061}
{"itemId":"B0024NL3OI","ProductIndex":110886}
{"itemId":"B009ZOT6CU","ProductIndex":29931}
{"itemId":"B0035AMT8I","ProductIndex":48681}
{"itemId":"B00E11Z2B6","ProductIndex":196116}
{"itemId":"B007P77WAW","ProductIndex":50927}
{"itemId":"B00286O398","ProductIndex":67318}
{"itemId":"B000BUNY3E","ProductIndex":38004}
{"itemId":"B0002I5RHG","ProductIndex":27176}
{"itemId":"B009CYAKNC","ProductIndex":49181}
{"itemId":"B00B5MUJPS","ProductIndex":56585}
{"itemId":"B000I3NUQ0","ProductIndex":17192}
{"itemId":"B0007KPS3C","ProductIndex":54833}
{"itemId":"B007H29ECE","ProductIndex":86840}
{"itemId":"B003YSNRQ4","ProductIndex":23266}
{"itemId":"B001L6J3XC","ProductIndex":27667}
{"itemId":"B00HUW9KBG","ProductIndex":56283}
{"itemId":"B00FNJGLRO","ProductIndex":44704}
{"itemId":"B003JVTOA4","ProductIndex":53943}
{"itemId":"B002O1RGMS","ProductIndex":196021}
{"itemId":"B006YD6Q78","ProductIndex":83614}
{"itemId":"B005M4WZDO","ProductIndex":43189}
{"itemId":"B006VK6OC6","ProductIndex":116971}
{"itemId":"B003M3A1BK","ProductIndex":10971}
{"itemId":"B007AQ2YMO","ProductIndex":40605}
{"itemId":"B007JRV9TI","ProductIndex":143886}
{"itemId":"B000W91XBO","ProductIndex":6843}
{"itemId":"B009IBXIKG","ProductIndex":37955}
{"itemId":"B00384D67O","ProductIndex":22540}
{"itemId":"B00IJVQBS2","ProductIndex":205371}
{"itemId":"B005YT09H6","ProductIndex":44136}
{"itemId":"B004D3SKBQ","ProductIndex":37165}
{"itemId":"B000T9COJ2","ProductIndex":17349}
{"itemId":"B0002KR5Q0","ProductIndex":24821}
{"itemId":"B009X5BEGC","ProductIndex":33980}
{"itemId":"B007MYPB4C","ProductIndex":202781}
{"itemId":"B0000511TW","ProductIndex":201573}
{"itemId":"B00ACJGTKO","ProductIndex":101942}
{"itemId":"B005GK9OJC","ProductIndex":65151}
{"itemId":"B008K7GI4M","ProductIndex":46877}
{"itemId":"B00DJ69GSO","ProductIndex":32414}
{"itemId":"B008S94NTE","ProductIndex":45678}
{"itemId":"B0006NMSK6","ProductIndex":149264}
{"itemId":"B00ABE7IA0","ProductIndex":107129}
{"itemId":"B0057FOBJ4","ProductIndex":83820}
{"itemId":"B0007KQWGO","ProductIndex":29621}
{"itemId":"B00BWGQJUG","ProductIndex":195205}
{"itemId":"B00G2MCU30","ProductIndex":17912}
{"itemId":"B00D6O4SA0","ProductIndex":94115}
{"itemId":"B0052BX4LE","ProductIndex":38556}
{"itemId":"B004W77XUC","ProductIndex":154257}
{"itemId":"B000G37EZK","ProductIndex":203098}
{"itemId":"B001AHSNB0","ProductIndex":17367}
{"itemId":"B000C5MFZ6","ProductIndex":58292}
{"itemId":"B00009R6PW","ProductIndex":132126}
{"itemId":"B0094A1F3S","ProductIndex":18858}
{"itemId":"B0044WX232","ProductIndex":139629}
{"itemId":"B005WQE25G","ProductIndex":16201}
{"itemId":"B00AXE911W","ProductIndex":7482}
{"itemId":"B0053HD25K","ProductIndex":54183}
{"itemId":"B00009R6CO","ProductIndex":26824}
{"itemId":"B005IHDBUG","ProductIndex":21528}
{"itemId":"B008DBE32Y","ProductIndex":207996}
{"itemId":"B000YSONMO","ProductIndex":9349}
{"itemId":"B00BUAGTSQ","ProductIndex":19405}
{"itemId":"B000EUJBQU","ProductIndex":51636}
{"itemId":"B00AN6H1XK","ProductIndex":101210}
{"itemId":"B004E3LPO4","ProductIndex":93013}
{"itemId":"B00EKT7WA8","ProductIndex":158966}
{"itemId":"B003G8OVNA","ProductIndex":57325}
{"itemId":"B009WZRDNG","ProductIndex":92005}
{"itemId":"B0089KJSLK","ProductIndex":15299}
{"itemId":"B000W4RWEQ","ProductIndex":18405}
{"itemId":"B003H3L76I","ProductIndex":41347}
{"itemId":"B0080F26M2","ProductIndex":34586}
{"itemId":"B004BZN9DA","ProductIndex":23873}
{"itemId":"B009W79X9G","ProductIndex":85236}
{"itemId":"B00A3NIGBE","ProductIndex":63628}
{"itemId":"B0046TX58A","ProductIndex":135707}
{"itemId":"B000055XZA","ProductIndex":162302}
{"itemId":"B005S4HHVS","ProductIndex":27336}
{"itemId":"B004UJB1A0","ProductIndex":16704}
{"itemId":"B005BRE4OA","ProductIndex":19191}
{"itemId":"B001LWZ4BG","ProductIndex":93995}
{"itemId":"B000U5ROZE","ProductIndex":27969}
{"itemId":"B003R7PPWG","ProductIndex":159626}
{"itemId":"B0009JR4GK","ProductIndex":71130}
{"itemId":"B000067RVM","ProductIndex":51409}
{"itemId":"B000NVU8NK","ProductIndex":159275}
{"itemId":"B000K7LQUQ","ProductIndex":160210}
{"itemId":"B00BTIM8FC","ProductIndex":53596}
{"itemId":"B00HU74HPK","ProductIndex":110599}
{"itemId":"B0002RQU6E","ProductIndex":91653}
{"itemId":"B006OUAFIC","ProductIndex":121542}
{"itemId":"B00BPAIVKK","ProductIndex":168848}
{"itemId":"B004GKULFO","ProductIndex":74750}
{"itemId":"B0024MWQAO","ProductIndex":193095}
{"itemId":"B001UK13IW","ProductIndex":65553}
{"itemId":"B001P05NG0","ProductIndex":66439}
{"itemId":"B001UDRG4O","ProductIndex":61449}
{"itemId":"B003YFMSCG","ProductIndex":84277}
{"itemId":"B007MD32YY","ProductIndex":82483}
{"itemId":"B00099XBZ8","ProductIndex":33639}
{"itemId":"B0060M9F26","ProductIndex":35609}
{"itemId":"B00BZABGWK","ProductIndex":52906}
{"itemId":"B0007WRQOO","ProductIndex":91727}
{"itemId":"B001L9DU88","ProductIndex":17191}
{"itemId":"B00DNZ9IM0","ProductIndex":36413}
{"itemId":"B00EI69TAY","ProductIndex":53103}
{"itemId":"B003BIFNLY","ProductIndex":66886}
{"itemId":"B001U5Z2GQ","ProductIndex":45781}
{"itemId":"B008YG3IAG","ProductIndex":94490}
{"itemId":"B00B8Y0A66","ProductIndex":55354}
{"itemId":"B006X03UYO","ProductIndex":165603}
{"itemId":"B00G36G9ZA","ProductIndex":65583}
{"itemId":"B00CU4L4M2","ProductIndex":28327}
{"itemId":"B00DIBL7TQ","ProductIndex":178154}
{"itemId":"B00006412C","ProductIndex":123121}
{"itemId":"B00005ATMK","ProductIndex":54020}
{"itemId":"B0034XRDV4","ProductIndex":75068}
{"itemId":"B0000510VF","ProductIndex":49491}
{"itemId":"B00A84WZ1U","ProductIndex":75798}
{"itemId":"B000XWFS84","ProductIndex":34855}
{"itemId":"B001NUX2HO","ProductIndex":157003}
{"itemId":"B00HCBDV10","ProductIndex":37793}
{"itemId":"B000R3KD7K","ProductIndex":85688}
{"itemId":"B0000300GE","ProductIndex":99052}
{"itemId":"B005R3CGV6","ProductIndex":74820}
{"itemId":"B0054EORJC","ProductIndex":49322}
{"itemId":"B00125UBUG","ProductIndex":17268}
{"itemId":"B001DW0EWI","ProductIndex":12325}
{"itemId":"B00AWHCP18","ProductIndex":160346}
{"itemId":"B000ALJJ7Y","ProductIndex":114635}
{"itemId":"B000EINRA8","ProductIndex":51922}
{"itemId":"B000EQ0R1C","ProductIndex":154467}
{"itemId":"B007ZT4DO8","ProductIndex":137351}
{"itemId":"B004QC3COO","ProductIndex":44377}
{"itemId":"B0032FPVKE","ProductIndex":8756}
{"itemId":"B000KOV0K0","ProductIndex":102797}
{"itemId":"B00HGLX81O","ProductIndex":58411}
{"itemId":"B000YE2G7M","ProductIndex":48865}
{"itemId":"B003TLTNX2","ProductIndex":34272}
{"itemId":"B005B894JE","ProductIndex":93097}
{"itemId":"B00CPV07D2","ProductIndex":174847}
{"itemId":"B0058DATZ0","ProductIndex":70709}
{"itemId":"B0088GWEVG","ProductIndex":193708}
{"itemId":"B004XFGP3O","ProductIndex":45461}
{"itemId":"B007P74JZ8","ProductIndex":39762}
{"itemId":"B004WY9NGM","ProductIndex":116345}
{"itemId":"B0041DWTL0","ProductIndex":125398}
{"itemId":"B000K3IZGI","ProductIndex":127079}
{"itemId":"B0082MNB6I","ProductIndex":143910}
{"itemId":"B001QXDSPY","ProductIndex":126297}
{"itemId":"B0020ZFL0C","ProductIndex":70160}
{"itemId":"B0000225BD","ProductIndex":55765}
{"itemId":"B003QQN7DC","ProductIndex":98290}
{"itemId":"B000BZ1P3A","ProductIndex":65204}
{"itemId":"B00ICT1OG0","ProductIndex":179387}
{"itemId":"B0002M4HU0","ProductIndex":62159}
{"itemId":"B00009MVKV","ProductIndex":68190}
{"itemId":"B008ABL0OQ","ProductIndex":164561}
{"itemId":"B007FG94YK","ProductIndex":40234}
{"itemId":"B003ZFC910","ProductIndex":185321}
{"itemId":"B0056VMA38","ProductIndex":116442}
{"itemId":"B000I419S0","ProductIndex":194691}
{"itemId":"B0006A0CUM","ProductIndex":43715}
{"itemId":"B007XPMFGM","ProductIndex":27402}
{"itemId":"B0001L10Y8","ProductIndex":18289}
{"itemId":"B00APCVBWY","ProductIndex":134744}
{"itemId":"B005K8AUYI","ProductIndex":19481}
{"itemId":"B00CLW4BYG","ProductIndex":168771}
{"itemId":"B001V9KG12","ProductIndex":32487}
{"itemId":"B00DA1SN9Q","ProductIndex":176931}
{"itemId":"B00C7XH8WQ","ProductIndex":25930}
{"itemId":"B002EVPCSS","ProductIndex":18824}
{"itemId":"B003NY62QQ","ProductIndex":38905}
{"itemId":"B00004U8LO","ProductIndex":72422}
{"itemId":"B004TB0JI4","ProductIndex":66797}
{"itemId":"B0006OU3I4","ProductIndex":97542}
{"itemId":"B001EQTY42","ProductIndex":134707}
{"itemId":"B004S5ZDG4","ProductIndex":69334}
{"itemId":"B00AQDCZ7C","ProductIndex":46547}
{"itemId":"B00178JC1C","ProductIndex":24921}
{"itemId":"B006G5ABDY","ProductIndex":49517}
{"itemId":"B004QN9BHA","ProductIndex":85099}
{"itemId":"B00AVE54JW","ProductIndex":88860}
{"itemId":"B0002VS67G","ProductIndex":80142}
{"itemId":"B0030MHJ04","ProductIndex":51324}
{"itemId":"B0000A604S","ProductIndex":96004}
{"itemId":"B00007LI9D","ProductIndex":52553}
{"itemId":"B000P5XKWU","ProductIndex":101839}
{"itemId":"B007FDNLQA","ProductIndex":127738}
{"itemId":"B005BNQ2OY","ProductIndex":83470}
{"itemId":"B001VEJEGU","ProductIndex":23117}
{"itemId":"B002L6H7SE","ProductIndex":74515}
{"itemId":"B000J5RZUY","ProductIndex":110524}
{"itemId":"B007KTQU2Q","ProductIndex":53066}
{"itemId":"B002QEBGGA","ProductIndex":152329}
{"itemId":"B0039W3GN4","ProductIndex":57177}
{"itemId":"B0047PU4JG","ProductIndex":157474}
{"itemId":"B00DI8C6Y4","ProductIndex":173351}
{"itemId":"B003D5XK38","ProductIndex":36027}
{"itemId":"B001WAKDMC","ProductIndex":87376}
{"itemId":"B000VB3LO0","ProductIndex":133673}
{"itemId":"B0032FOJDY","ProductIndex":38992}
{"itemId":"B000N204EW","ProductIndex":20331}
{"itemId":"B004X4P3HO","ProductIndex":54260}
{"itemId":"B0060Y655Y","ProductIndex":90148}
{"itemId":"B00ESM3KOY","ProductIndex":57224}
{"itemId":"B0054MOB0Y","ProductIndex":139126}
{"itemId":"B001L8JTT8","ProductIndex":41487}
{"itemId":"B003NH61CS","ProductIndex":55822}
{"itemId":"B005BF5DWY","ProductIndex":86406}
{"itemId":"B0056DZNPI","ProductIndex":125107}
{"itemId":"B00264WCRM","ProductIndex":50178}
{"itemId":"B002Z1JV2U","ProductIndex":144211}
{"itemId":"B005CW8MGA","ProductIndex":73654}
{"itemId":"B001PF6WQA","ProductIndex":44765}
{"itemId":"B006UL00U8","ProductIndex":38947}
{"itemId":"B009OLJD0Y","ProductIndex":52596}
{"itemId":"B00B5FX5B0","ProductIndex":106761}
{"itemId":"B0050OHKKY","ProductIndex":73025}
{"itemId":"B00BBDKVSG","ProductIndex":64306}
{"itemId":"B00AA3G8S0","ProductIndex":96117}
{"itemId":"B005VG946E","ProductIndex":189540}
{"itemId":"B002SG7KCA","ProductIndex":97774}
{"itemId":"B00FKYZBRS","ProductIndex":151323}
{"itemId":"B002REP8JK","ProductIndex":52361}
{"itemId":"B00CPZLFBG","ProductIndex":69210}
{"itemId":"B0002A9CFM","ProductIndex":206328}
{"itemId":"B001PYHLJ8","ProductIndex":97646}
{"itemId":"B00C0T03HE","ProductIndex":66892}
{"itemId":"B004TA6YSO","ProductIndex":137586}
{"itemId":"B000068IGP","ProductIndex":59336}
{"itemId":"B006K567YW","ProductIndex":45893}
{"itemId":"B000EBPJFG","ProductIndex":62740}
{"itemId":"B003RXOMJW","ProductIndex":88030}
{"itemId":"B004UU89TU","ProductIndex":93269}
{"itemId":"B006REZ2VA","ProductIndex":89915}
{"itemId":"B00IJMWSPG","ProductIndex":86778}
{"itemId":"B006Q6TPLC","ProductIndex":85520}
{"itemId":"B000CBX2HK","ProductIndex":114338}
{"itemId":"B006VFHQ8M","ProductIndex":133737}
{"itemId":"B0007NS1EC","ProductIndex":124696}
{"itemId":"B00BD2Y9L0","ProductIndex":134738}
{"itemId":"B001HBIYHW","ProductIndex":48203}
{"itemId":"B003DM081I","ProductIndex":87445}
{"itemId":"B002E0KX2O","ProductIndex":196354}
{"itemId":"B003MVZ8DI","ProductIndex":62184}
{"itemId":"B0017XHLCO","ProductIndex":97343}
{"itemId":"B005NA31F8","ProductIndex":74949}
{"itemId":"B009VI4U5I","ProductIndex":150306}
{"itemId":"B008L472KI","ProductIndex":82482}
{"itemId":"B00564229M","ProductIndex":47348}
{"itemId":"B006QHQMUS","ProductIndex":128365}
{"itemId":"B00013ZI08","ProductIndex":63749}
{"itemId":"B003XX6M3A","ProductIndex":46618}
{"itemId":"B005441I2G","ProductIndex":35948}
{"itemId":"B002W2VUCQ","ProductIndex":39478}
{"itemId":"B002Q0UPY8","ProductIndex":144603}
{"itemId":"B00BJE3V52","ProductIndex":42900}
{"itemId":"B000VEPC7Q","ProductIndex":105662}
{"itemId":"B00004T70U","ProductIndex":144271}
{"itemId":"B004OOS370","ProductIndex":61515}
{"itemId":"B004UBUPVO","ProductIndex":173378}
{"itemId":"B002TUX862","ProductIndex":84214}
{"itemId":"B004GCJTQY","ProductIndex":144093}
{"itemId":"B0041PMDOQ","ProductIndex":60588}
{"itemId":"B00EABK3JS","ProductIndex":180132}
{"itemId":"B004CLYOG4","ProductIndex":23413}
{"itemId":"B000068OA5","ProductIndex":83432}
{"itemId":"B0013ANAQM","ProductIndex":64845}
{"itemId":"B00H2EIUYK","ProductIndex":88856}
{"itemId":"B00003G1QT","ProductIndex":173381}
{"itemId":"B00307RLZW","ProductIndex":57616}
{"itemId":"B001CH96QY","ProductIndex":171549}
{"itemId":"B000XE86KY","ProductIndex":181818}
{"itemId":"B00ASHQ4F0","ProductIndex":143119}
{"itemId":"B00DQ5SADA","ProductIndex":64465}
{"itemId":"B008P4H8TO","ProductIndex":167385}
{"itemId":"B005J2JLS6","ProductIndex":84984}
{"itemId":"B00442XOPS","ProductIndex":49958}
{"itemId":"B00556O4LK","ProductIndex":191791}
{"itemId":"B00BNK3JWM","ProductIndex":35395}
{"itemId":"B0034SPUVE","ProductIndex":119199}
{"itemId":"B004Q3R91K","ProductIndex":42909}
{"itemId":"B00IGMAYGE","ProductIndex":129629}
{"itemId":"B001AO4NUI","ProductIndex":53131}
{"itemId":"B0020JS5OW","ProductIndex":112031}
{"itemId":"B00822HGLE","ProductIndex":180710}
{"itemId":"B009AF1PSM","ProductIndex":37556}
{"itemId":"B008HIZ0FW","ProductIndex":22691}
{"itemId":"B004KMOVAY","ProductIndex":158186}
{"itemId":"B000KL31Q4","ProductIndex":136361}
{"itemId":"B00AIE33ZM","ProductIndex":75672}
{"itemId":"B004Q74KS6","ProductIndex":83574}
{"itemId":"B00ABDPMWM","ProductIndex":102375}
{"itemId":"B009W7R758","ProductIndex":169622}
{"itemId":"B001DTJYYK","ProductIndex":46642}
{"itemId":"B006VFQ6NS","ProductIndex":138462}
{"itemId":"B006RBDEW2","ProductIndex":52776}
{"itemId":"B0015IQ1XG","ProductIndex":88738}
{"itemId":"B000G6XZUA","ProductIndex":95047}
{"itemId":"B000H1FAPM","ProductIndex":167068}
{"itemId":"B002VK1LGO","ProductIndex":115327}
{"itemId":"B003KK6AEW","ProductIndex":83359}
{"itemId":"B00684JGWK","ProductIndex":52944}
{"itemId":"B000F6MOQC","ProductIndex":17236}
{"itemId":"B007P5TJEQ","ProductIndex":64378}
{"itemId":"B000E89A3G","ProductIndex":140587}
{"itemId":"B008G7VSNW","ProductIndex":72110}
{"itemId":"B001TK3EK8","ProductIndex":69088}
{"itemId":"B001UJPXG6","ProductIndex":81587}
{"itemId":"B001IADV5C","ProductIndex":52277}
{"itemId":"B000I05DM2","ProductIndex":88454}
{"itemId":"B002T77O4M","ProductIndex":196926}
{"itemId":"B001GIQO5U","ProductIndex":116353}
{"itemId":"B00022LD7A","ProductIndex":86587}
{"itemId":"B004VD7HQW","ProductIndex":20616}
{"itemId":"B00GIA8UXA","ProductIndex":163513}
{"itemId":"B00BXJTDZK","ProductIndex":128908}
{"itemId":"B000HEANHE","ProductIndex":50962}
{"itemId":"B003F453XC","ProductIndex":49314}
{"itemId":"B003QO5Z0C","ProductIndex":94130}
{"itemId":"B0030YDFY6","ProductIndex":75234}
{"itemId":"B00C9EXMN2","ProductIndex":158766}
{"itemId":"B0001I1I0M","ProductIndex":67782}
{"itemId":"B00GWVNK8A","ProductIndex":15333}
{"itemId":"B00DBY5XNQ","ProductIndex":27168}
{"itemId":"B00DE2EKSE","ProductIndex":64507}
{"itemId":"B00JNDFYIS","ProductIndex":137111}
{"itemId":"B005CWM05O","ProductIndex":110337}
{"itemId":"B0073CSR4O","ProductIndex":61316}
{"itemId":"B005M28TWW","ProductIndex":110219}
{"itemId":"B000MPIWHG","ProductIndex":81393}
{"itemId":"B007L708RK","ProductIndex":127124}
{"itemId":"B004I5574W","ProductIndex":138105}
{"itemId":"B002MQ8VLK","ProductIndex":113319}
{"itemId":"B000653HGI","ProductIndex":78689}
{"itemId":"B00AAGEEEM","ProductIndex":199016}
{"itemId":"B001AJUZAA","ProductIndex":176373}
{"itemId":"B000EONVZI","ProductIndex":62863}
{"itemId":"B001RJJ8VK","ProductIndex":52229}
{"itemId":"B00008ZLHA","ProductIndex":48652}
{"itemId":"B000YJ4R6U","ProductIndex":39366}
{"itemId":"B000PEITJ0","ProductIndex":164273}
{"itemId":"B0047XAMO0","ProductIndex":164309}
{"itemId":"B00GBFSOJC","ProductIndex":57119}
{"itemId":"B0081U0B14","ProductIndex":110869}
{"itemId":"B007O325JU","ProductIndex":140244}
{"itemId":"B00BIBBVEE","ProductIndex":204185}
{"itemId":"B002XA3E9Y","ProductIndex":82824}
{"itemId":"B0046V07WK","ProductIndex":142825}
{"itemId":"B004JHXWDC","ProductIndex":87328}
{"itemId":"B004SYOGU4","ProductIndex":170519}
{"itemId":"B0002CZRUO","ProductIndex":62578}
{"itemId":"B00C8SIXPQ","ProductIndex":139839}
{"itemId":"B007I8FVEW","ProductIndex":171733}
{"itemId":"B000JRLEO0","ProductIndex":65330}
{"itemId":"B003ANNRRW","ProductIndex":192994}
{"itemId":"B0007XGORS","ProductIndex":76939}
{"itemId":"B0021W90W4","ProductIndex":115538}
{"itemId":"B000VSWDW4","ProductIndex":78672}
{"itemId":"B0032FOJTI","ProductIndex":91449}
{"itemId":"B00B6ZKI50","ProductIndex":206913}
{"itemId":"B004477BQG","ProductIndex":164362}
{"itemId":"B00B8TVO8O","ProductIndex":82429}
{"itemId":"B002R8IZAA","ProductIndex":107310}
{"itemId":"B001DT2FD2","ProductIndex":63887}
{"itemId":"B005GMVOSY","ProductIndex":166050}
{"itemId":"B004E2J8J4","ProductIndex":162499}
{"itemId":"B00112JX68","ProductIndex":92216}
{"itemId":"B00BW76ZFO","ProductIndex":114808}
{"itemId":"B0010P3P56","ProductIndex":105416}
{"itemId":"B002V100LU","ProductIndex":37163}
{"itemId":"B003C0KDOI","ProductIndex":181667}
{"itemId":"B000GATQX6","ProductIndex":95661}
{"itemId":"B000093URG","ProductIndex":147308}
{"itemId":"B000K6PH0W","ProductIndex":197993}
{"itemId":"B0000AIS3B","ProductIndex":188878}
{"itemId":"B004T3IJC0","ProductIndex":44235}
{"itemId":"B0001MKU66","ProductIndex":106045}
{"itemId":"B00HALTD8W","ProductIndex":161404}
{"itemId":"B0066RH8WO","ProductIndex":159408}
{"itemId":"B0019VYCXU","ProductIndex":80541}
{"itemId":"B002POKVKS","ProductIndex":94296}
{"itemId":"B0085TDNVG","ProductIndex":190749}
{"itemId":"B00EG1S5N8","ProductIndex":48663}
{"itemId":"B004HIM3ZQ","ProductIndex":188444}
{"itemId":"B001V6PWSW","ProductIndex":123465}
{"itemId":"B0030ERQDW","ProductIndex":168067}
{"itemId":"B004M8ST3G","ProductIndex":98363}
{"itemId":"B001910O7I","ProductIndex":78950}
{"itemId":"B003Y62FVE","ProductIndex":169119}
{"itemId":"B000MY1EEA","ProductIndex":167061}
{"itemId":"B0027JNIIS","ProductIndex":49889}
{"itemId":"B00FZHWFEW","ProductIndex":64566}
{"itemId":"B007B5SKN6","ProductIndex":162787}
{"itemId":"B004LLPZUE","ProductIndex":156115}
{"itemId":"B0042UBPRG","ProductIndex":73668}
{"itemId":"B005E02O2S","ProductIndex":89155}
{"itemId":"B0058OGT26","ProductIndex":156421}
{"itemId":"B00A5HNSF2","ProductIndex":49116}
{"itemId":"B0009UDABW","ProductIndex":56621}
{"itemId":"B001CZWT7E","ProductIndex":103261}
{"itemId":"B0018S3XZC","ProductIndex":93079}
{"itemId":"B00B6ZTE7S","ProductIndex":178010}
{"itemId":"B0014CA6OI","ProductIndex":140542}
{"itemId":"B00KQ4EAU6","ProductIndex":178750}
{"itemId":"B00744UFEG","ProductIndex":86703}
{"itemId":"B001QWRYA0","ProductIndex":93303}
{"itemId":"B001AZKCVQ","ProductIndex":88927}
{"itemId":"B00FYKNCTC","ProductIndex":174072}
{"itemId":"B007N9F9UC","ProductIndex":56598}
{"itemId":"B006IOQJCK","ProductIndex":85820}
{"itemId":"B00CVXJ6XG","ProductIndex":100927}
{"itemId":"B004QWY644","ProductIndex":66026}
{"itemId":"B001FA09V4","ProductIndex":107817}
{"itemId":"B00H4EEH3Q","ProductIndex":93593}
{"itemId":"B000Q85WNQ","ProductIndex":47342}
{"itemId":"B0000C5RR7","ProductIndex":98948}
{"itemId":"B0055UFC94","ProductIndex":202270}
{"itemId":"B005DOKHLK","ProductIndex":47589}
{"itemId":"B00I4XMF5S","ProductIndex":183463}
{"itemId":"B002CXIA78","ProductIndex":49692}
{"itemId":"B0000512VR","ProductIndex":156470}
{"itemId":"B009PFBUCI","ProductIndex":125724}
{"itemId":"B0002X6JRI","ProductIndex":108611}
{"itemId":"B003SGQSZO","ProductIndex":85747}
{"itemId":"B0077L2WBK","ProductIndex":76605}
{"itemId":"B000BUCCAU","ProductIndex":131619}
{"itemId":"B0034CQR4O","ProductIndex":46870}
{"itemId":"B00188C4DE","ProductIndex":129958}
{"itemId":"B007CJP7H8","ProductIndex":88302}
{"itemId":"B00HZWW5TK","ProductIndex":93495}
{"itemId":"B003W2UYUO","ProductIndex":105123}
{"itemId":"B000NIGOCW","ProductIndex":82923}
{"itemId":"B004NTURTI","ProductIndex":201861}
{"itemId":"B003BYQN1W","ProductIndex":122055}
{"itemId":"B005HPHK92","ProductIndex":44297}
{"itemId":"B004DLKJPS","ProductIndex":132888}
{"itemId":"B000SSMYSA","ProductIndex":123803}
{"itemId":"B004I1J7VA","ProductIndex":62338}
{"itemId":"B003EHUL96","ProductIndex":193912}
{"itemId":"B004HL55C6","ProductIndex":142114}
{"itemId":"B004D1UPFM","ProductIndex":112529}
{"itemId":"B003OJPK36","ProductIndex":186957}
{"itemId":"B00803GUJE","ProductIndex":137828}
{"itemId":"B00AWHO9VW","ProductIndex":127631}
{"itemId":"B0045LBJPA","ProductIndex":120015}
{"itemId":"B004ZI99C8","ProductIndex":135521}
{"itemId":"B0032O3MB0","ProductIndex":62691}
{"itemId":"B003CCW4OS","ProductIndex":105714}
{"itemId":"B000KWKN14","ProductIndex":110617}
{"itemId":"B0047K7SPO","ProductIndex":61202}
{"itemId":"B00AT9ADPE","ProductIndex":90942}
{"itemId":"B007123UAC","ProductIndex":94796}
{"itemId":"B00858I4JI","ProductIndex":94052}
{"itemId":"B004H1KFBW","ProductIndex":123752}
{"itemId":"B001CYCK6A","ProductIndex":148356}
{"itemId":"B003554BPW","ProductIndex":30758}
{"itemId":"B000JBYE8O","ProductIndex":92768}
{"itemId":"B00DHEMM7K","ProductIndex":184885}
{"itemId":"B00GU14J00","ProductIndex":88349}
{"itemId":"B000W5ORW0","ProductIndex":164993}
{"itemId":"B005EM2C1E","ProductIndex":188132}
{"itemId":"B007MSXLHW","ProductIndex":193237}
{"itemId":"B007NF3O94","ProductIndex":173469}
{"itemId":"B00ENH9H78","ProductIndex":138613}
{"itemId":"B001ARYTSQ","ProductIndex":126371}
{"itemId":"B00788JW56","ProductIndex":68883}
{"itemId":"B00F3HRZ1C","ProductIndex":28480}
{"itemId":"B001D5PQSW","ProductIndex":96940}
{"itemId":"B001VRQIIY","ProductIndex":185390}
{"itemId":"B008RN4IVO","ProductIndex":152373}
{"itemId":"B001554HDU","ProductIndex":54083}
{"itemId":"B0045534K4","ProductIndex":113966}
{"itemId":"B00EJE17UU","ProductIndex":182359}
{"itemId":"B0043VTKQC","ProductIndex":50127}
{"itemId":"B00FATSTEU","ProductIndex":106648}
{"itemId":"B0000T71SA","ProductIndex":137154}
{"itemId":"B008M4U4E8","ProductIndex":147185}
{"itemId":"B003922SCY","ProductIndex":93080}
{"itemId":"B004TA7QJ0","ProductIndex":180028}
{"itemId":"B00AD7PLJU","ProductIndex":59196}
{"itemId":"B00AT6KRE4","ProductIndex":203399}
{"itemId":"B004V9CQD0","ProductIndex":170821}
{"itemId":"B000XYFIVE","ProductIndex":123692}
{"itemId":"B0063QIGQK","ProductIndex":52404}
{"itemId":"B00A2AQJ08","ProductIndex":88681}
{"itemId":"B0053ET3PQ","ProductIndex":122208}
{"itemId":"B00BF6L3XG","ProductIndex":113231}
{"itemId":"B0007RB2BM","ProductIndex":52953}
{"itemId":"B000IZVD3K","ProductIndex":99758}
{"itemId":"B004J192CS","ProductIndex":116923}
{"itemId":"B003S894R6","ProductIndex":61209}
{"itemId":"B001LNZJB0","ProductIndex":185173}
{"itemId":"B001JT99FS","ProductIndex":186109}
{"itemId":"B0055O8KXK","ProductIndex":134925}
{"itemId":"B0012N96FY","ProductIndex":192541}
{"itemId":"B0013L5P0U","ProductIndex":108854}
{"itemId":"B006MKREH4","ProductIndex":131119}
{"itemId":"B00EP7AERS","ProductIndex":185006}
{"itemId":"B001S2PYV4","ProductIndex":187679}
{"itemId":"B008IW0AE8","ProductIndex":60223}
{"itemId":"B009QLO8BQ","ProductIndex":62964}
{"itemId":"B0042VSEPQ","ProductIndex":91222}
{"itemId":"B009JHI26Y","ProductIndex":194640}
{"itemId":"B0033ZCZCU","ProductIndex":144330}
{"itemId":"B007HIQCBE","ProductIndex":145212}
{"itemId":"B00CK0S348","ProductIndex":116190}
{"itemId":"B003YFE180","ProductIndex":123626}
{"itemId":"B000GFYTX8","ProductIndex":132052}
{"itemId":"B0002XHBYS","ProductIndex":173188}
{"itemId":"B000FCR466","ProductIndex":189970}
{"itemId":"B00AVH6BE6","ProductIndex":127120}
{"itemId":"B00EN7U3H6","ProductIndex":70084}
{"itemId":"B00004TX74","ProductIndex":135855}
{"itemId":"B0025MAXJO","ProductIndex":152286}
{"itemId":"B0014FCATO","ProductIndex":197712}
{"itemId":"B000OBOGEQ","ProductIndex":70656}
{"itemId":"B00GA2PLDI","ProductIndex":90474}
{"itemId":"B003E2OQJ2","ProductIndex":111793}
{"itemId":"B0001I0WIQ","ProductIndex":149748}
{"itemId":"B001M4HXSU","ProductIndex":128992}
{"itemId":"B004EZQPII","ProductIndex":60164}
{"itemId":"B0091IOIW8","ProductIndex":202883}
{"itemId":"B00B20N2LG","ProductIndex":184958}
{"itemId":"B008C7B8J0","ProductIndex":194406}
{"itemId":"B000G0OQUY","ProductIndex":156493}
{"itemId":"B004CCQYMA","ProductIndex":81488}
{"itemId":"B001CX4C1C","ProductIndex":152790}
{"itemId":"B00725CSRO","ProductIndex":94244}
{"itemId":"B003A52KK0","ProductIndex":158566}
{"itemId":"B0006U624M","ProductIndex":84122}
{"itemId":"B00096ZSZ2","ProductIndex":106776}
{"itemId":"B00A6VYX5Q","ProductIndex":165452}
{"itemId":"B00016W75E","ProductIndex":69124}
{"itemId":"B008MF3GVA","ProductIndex":31161}
{"itemId":"B00A36AC7W","ProductIndex":142849}
{"itemId":"B006IY7RYO","ProductIndex":126863}
{"itemId":"B005BJ81F6","ProductIndex":179295}
{"itemId":"B00DZGVC76","ProductIndex":98073}
{"itemId":"B009DBVC2W","ProductIndex":71415}
{"itemId":"B00IDNGU7S","ProductIndex":165841}
{"itemId":"B0026ROJAM","ProductIndex":189787}
{"itemId":"B0019LXTKC","ProductIndex":135877}
{"itemId":"B001OSCE4W","ProductIndex":132117}
{"itemId":"B0051BU562","ProductIndex":115162}
{"itemId":"B005GQZDXM","ProductIndex":132989}
{"itemId":"B00008N6Y6","ProductIndex":193134}
{"itemId":"B00C9RKEOO","ProductIndex":158356}
{"itemId":"B001DNNC80","ProductIndex":127313}
{"itemId":"B000JENM1G","ProductIndex":113133}
{"itemId":"B00998QRT2","ProductIndex":108868}
{"itemId":"B00006B8DF","ProductIndex":179125}
{"itemId":"B00G31Q5C2","ProductIndex":146537}
{"itemId":"B003E1EH56","ProductIndex":64992}
{"itemId":"B005OYEU7G","ProductIndex":107081}
{"itemId":"B001VI1AR2","ProductIndex":69700}
{"itemId":"B00000J4DR","ProductIndex":192329}
{"itemId":"B0058GFRZY","ProductIndex":61217}
{"itemId":"B001P9QKTU","ProductIndex":139943}
{"itemId":"B004ILMS5W","ProductIndex":156516}
{"itemId":"B000HBWZQY","ProductIndex":183787}
{"itemId":"B001JEPCAE","ProductIndex":147725}
{"itemId":"B00E395L7Q","ProductIndex":62455}
{"itemId":"B0082X9EEU","ProductIndex":100830}
{"itemId":"B000BOPGQ8","ProductIndex":129349}
{"itemId":"B0032N19CA","ProductIndex":171208}
{"itemId":"B0049X2VRE","ProductIndex":76959}
{"itemId":"B00097AKJU","ProductIndex":184460}
{"itemId":"B00HNZJLG4","ProductIndex":174632}
{"itemId":"B009OWZBRW","ProductIndex":131786}
{"itemId":"B000FCP4TK","ProductIndex":123629}
{"itemId":"B001NDVR6O","ProductIndex":129433}
{"itemId":"B00BLH4WLY","ProductIndex":171193}
{"itemId":"B005UEED40","ProductIndex":106905}
{"itemId":"B003YFM5TC","ProductIndex":199960}
{"itemId":"B00D6LTR7M","ProductIndex":74437}
{"itemId":"B005FOU48Y","ProductIndex":165357}
{"itemId":"B000JQI5O8","ProductIndex":151117}
{"itemId":"B0095ZCSHY","ProductIndex":121916}
{"itemId":"B004PA7JYQ","ProductIndex":141622}
{"itemId":"B008R7PQSO","ProductIndex":98778}
{"itemId":"B0055UCK9Y","ProductIndex":205237}
{"itemId":"B009YE4DNS","ProductIndex":118194}
{"itemId":"B00069QSK6","ProductIndex":171624}
{"itemId":"B001FOQH5M","ProductIndex":130098}
{"itemId":"B000RFUMEM","ProductIndex":189377}
{"itemId":"B000BV7ZOM","ProductIndex":145278}
{"itemId":"B002N0G8I8","ProductIndex":132994}
{"itemId":"B00FRSXJKI","ProductIndex":107729}
{"itemId":"B004ZIA6UC","ProductIndex":110679}
{"itemId":"B001L7QC8K","ProductIndex":162630}
{"itemId":"B0071CIPYI","ProductIndex":130884}
{"itemId":"B00BYRJXGA","ProductIndex":199018}
{"itemId":"B001K0MOJ4","ProductIndex":119673}
{"itemId":"B00ABANME0","ProductIndex":200546}
{"itemId":"B000087LIC","ProductIndex":206614}
{"itemId":"B005QDFTB6","ProductIndex":155612}
{"itemId":"B00069NYZ8","ProductIndex":195031}
{"itemId":"B000JC435W","ProductIndex":92417}
{"itemId":"B003OSTEL6","ProductIndex":204149}
{"itemId":"B000VM9D9G","ProductIndex":163867}
{"itemId":"B00AEFPQK0","ProductIndex":163517}
{"itemId":"B004FTTNG4","ProductIndex":64133}
{"itemId":"B00746TZTA","ProductIndex":184747}
{"itemId":"B00006CXXB","ProductIndex":161416}
{"itemId":"B002VI1986","ProductIndex":133613}
{"itemId":"B0046RE02W","ProductIndex":77450}
{"itemId":"B0028SFHOQ","ProductIndex":174936}
{"itemId":"B00CPZJ5FY","ProductIndex":136085}
{"itemId":"B00332GU2Y","ProductIndex":196367}
{"itemId":"B0000BWE96","ProductIndex":102672}
{"itemId":"B005EDOWU2","ProductIndex":170738}
{"itemId":"B00ELIKNPE","ProductIndex":180263}
{"itemId":"B00CWINR08","ProductIndex":145901}
{"itemId":"B001TZQZBI","ProductIndex":155853}
{"itemId":"B002X76QKQ","ProductIndex":118292}
{"itemId":"B005D6OE9Y","ProductIndex":126277}
{"itemId":"B001UDIGAC","ProductIndex":69468}
{"itemId":"B00006I5ZQ","ProductIndex":140701}
{"itemId":"B0073WNN3E","ProductIndex":135337}
{"itemId":"B00005217L","ProductIndex":115520}
{"itemId":"B000VOY0MO","ProductIndex":142820}
{"itemId":"B005HFB0XO","ProductIndex":126068}
{"itemId":"B0007WTEL2","ProductIndex":156501}
{"itemId":"B001DNH6G4","ProductIndex":104301}
{"itemId":"B000VGUEEU","ProductIndex":79673}
{"itemId":"B006D9CIS4","ProductIndex":64372}
{"itemId":"B004K2SG0A","ProductIndex":176032}
{"itemId":"B00FA5H62U","ProductIndex":170612}
{"itemId":"B006SDIMDU","ProductIndex":109227}
{"itemId":"B007ZKQ9IA","ProductIndex":88785}
{"itemId":"B00638DRJE","ProductIndex":135868}
{"itemId":"B005H5UGFC","ProductIndex":97853}
{"itemId":"B00004U5FY","ProductIndex":187021}
{"itemId":"B001DFP8ZI","ProductIndex":135617}
{"itemId":"B003H7SYPQ","ProductIndex":191920}
{"itemId":"B003UEHURO","ProductIndex":162583}
{"itemId":"B00GD44Z1C","ProductIndex":92510}
{"itemId":"B00FIW92KY","ProductIndex":181766}
{"itemId":"B00B93RGN6","ProductIndex":166680}
{"itemId":"B003774LMG","ProductIndex":199518}
{"itemId":"B006KYY0TC","ProductIndex":99107}
{"itemId":"B000OMF7XY","ProductIndex":90014}
{"itemId":"B001V6YDMS","ProductIndex":146543}
{"itemId":"B006975VOI","ProductIndex":96438}
{"itemId":"B003KW7A26","ProductIndex":160823}
{"itemId":"B005ER3SBW","ProductIndex":182028}
{"itemId":"B007RZ8EW2","ProductIndex":89828}
{"itemId":"B000F52AWQ","ProductIndex":152253}
{"itemId":"B00944ROE8","ProductIndex":88562}
{"itemId":"B00BDCF69O","ProductIndex":162526}
{"itemId":"B003MUTKBU","ProductIndex":155812}
{"itemId":"B004G2QNFE","ProductIndex":152704}
{"itemId":"B001JI92KQ","ProductIndex":175667}
{"itemId":"B003RSGWUY","ProductIndex":168074}
{"itemId":"B003QIGVKQ","ProductIndex":95061}
{"itemId":"B000K7J1BC","ProductIndex":127787}
{"itemId":"B00BB44672","ProductIndex":175417}
{"itemId":"B003ULP9PM","ProductIndex":121073}
{"itemId":"B00FZLIVPU","ProductIndex":120582}
{"itemId":"B000A76ZRK","ProductIndex":174717}
{"itemId":"B000XPSLWG","ProductIndex":162829}
{"itemId":"B001A37V6M","ProductIndex":204114}
{"itemId":"B00176RP2M","ProductIndex":192664}
{"itemId":"B0079XWO6O","ProductIndex":81359}
{"itemId":"B00BIK06IC","ProductIndex":129456}
{"itemId":"B008YJZ9V4","ProductIndex":176840}
{"itemId":"B001584Q9C","ProductIndex":170517}
{"itemId":"B00C107FIM","ProductIndex":82924}
{"itemId":"B001E75IIW","ProductIndex":97312}
{"itemId":"B007G03B5I","ProductIndex":187690}
{"itemId":"B001FW5DIG","ProductIndex":176186}
{"itemId":"B009L7E5Q8","ProductIndex":135560}
{"itemId":"B000F2KYTK","ProductIndex":152481}
{"itemId":"B001AQGIE0","ProductIndex":104767}
{"itemId":"B0084FDRLM","ProductIndex":167208}
{"itemId":"B0057RFMR2","ProductIndex":180895}
{"itemId":"B000FBBH1A","ProductIndex":127356}
{"itemId":"B004C04PAA","ProductIndex":118840}
{"itemId":"B007P5TFFY","ProductIndex":181496}
{"itemId":"B0009DRHRW","ProductIndex":176573}
{"itemId":"B00FP5VKY0","ProductIndex":176594}
{"itemId":"B00BHKT8M8","ProductIndex":174190}
{"itemId":"B0065LSUSW","ProductIndex":84300}
{"itemId":"B003ZLRMT8","ProductIndex":140077}
{"itemId":"B004M7GMFY","ProductIndex":153284}
{"itemId":"B00FCXQN3I","ProductIndex":192597}
{"itemId":"B003UJ1JO4","ProductIndex":120019}
{"itemId":"B003DW5CIC","ProductIndex":198881}
{"itemId":"B00BEZWEYU","ProductIndex":124868}
{"itemId":"B005HJC886","ProductIndex":187756}
{"itemId":"B006SZVADC","ProductIndex":156448}
{"itemId":"B00HRMRNAE","ProductIndex":167926}
{"itemId":"B001AMKAS4","ProductIndex":157805}
{"itemId":"B00BTWC0QU","ProductIndex":143484}
{"itemId":"B0045CB38C","ProductIndex":137452}
{"itemId":"B00BH0GE02","ProductIndex":204274}
{"itemId":"B009MAWV3S","ProductIndex":182531}
{"itemId":"B005D6F89Y","ProductIndex":154760}
{"itemId":"B003T1TT5E","ProductIndex":142353}
{"itemId":"B00CLS5SSI","ProductIndex":116376}
{"itemId":"B00F69CF0I","ProductIndex":142245}
{"itemId":"B00005AYAA","ProductIndex":125314}
{"itemId":"B001MQ4JXK","ProductIndex":140525}
{"itemId":"B00FN95I4Q","ProductIndex":175841}
{"itemId":"B00GAHTLUW","ProductIndex":161840}
{"itemId":"B002AV3UR2","ProductIndex":102912}
{"itemId":"B00865MO1Y","ProductIndex":207751}
{"itemId":"B00G3OG11Y","ProductIndex":198014}
{"itemId":"B00ER7KO4O","ProductIndex":143150}
{"itemId":"B0042PUKIQ","ProductIndex":142165}
{"itemId":"B00DC2A53U","ProductIndex":160235}
{"itemId":"B00BR1QC4O","ProductIndex":204785}
{"itemId":"B002EN5K24","ProductIndex":108634}
{"itemId":"B005JN245M","ProductIndex":116985}
{"itemId":"B006GTCXG8","ProductIndex":86541}
{"itemId":"B00HVV9O8U","ProductIndex":166250}
{"itemId":"B00FVJDR0K","ProductIndex":179133}
{"itemId":"B006P1J31K","ProductIndex":171435}
{"itemId":"B0000511NA","ProductIndex":123035}
{"itemId":"B003NZMIYA","ProductIndex":195971}
{"itemId":"B007K8PO60","ProductIndex":178259}
{"itemId":"B000PHK6ES","ProductIndex":207980}
{"itemId":"B001T9N4VI","ProductIndex":194110}
{"itemId":"B00310SOLS","ProductIndex":176386}
{"itemId":"B0017J81GS","ProductIndex":196287}
{"itemId":"B00114LCT2","ProductIndex":142343}
{"itemId":"B000GTLQSU","ProductIndex":160104}
{"itemId":"B008M1DJVG","ProductIndex":188895}
{"itemId":"B00GMATFBC","ProductIndex":117880}
{"itemId":"B000BQO91O","ProductIndex":104971}
{"itemId":"B000MVJ1UM","ProductIndex":166277}
{"itemId":"B000165ERM","ProductIndex":140971}
{"itemId":"B008PPPFTI","ProductIndex":188448}
{"itemId":"B0008IV5EY","ProductIndex":204979}
{"itemId":"B001G3TZ0Q","ProductIndex":169267}
{"itemId":"B00435057G","ProductIndex":189985}
{"itemId":"B006P2XAJ0","ProductIndex":162237}
{"itemId":"B00006JQO8","ProductIndex":208290}
{"itemId":"B00AWKW970","ProductIndex":158933}
{"itemId":"B002LLQ5UK","ProductIndex":149431}
{"itemId":"B00B5T39DU","ProductIndex":199724}
{"itemId":"B002SQG1J8","ProductIndex":147334}
{"itemId":"B0031KMUO0","ProductIndex":168389}
{"itemId":"B0000DIEO6","ProductIndex":66646}
{"itemId":"B001M4HY52","ProductIndex":108725}
{"itemId":"B00D2ZPO5Q","ProductIndex":158232}
{"itemId":"B003LPUYJ8","ProductIndex":173998}
{"itemId":"B0071QL2K8","ProductIndex":206574}
{"itemId":"B009EDS7E0","ProductIndex":204605}
{"itemId":"B0081W4X98","ProductIndex":164188}
{"itemId":"B0015WJQ8E","ProductIndex":169109}
{"itemId":"B00744USXY","ProductIndex":178803}
{"itemId":"B00GD4E4MM","ProductIndex":101013}
{"itemId":"B000Q7LVXW","ProductIndex":141956}
{"itemId":"B000FW6MIW","ProductIndex":146628}
{"itemId":"B0012TXFAK","ProductIndex":140778}
{"itemId":"B003JF05Y4","ProductIndex":146322}
{"itemId":"B00ARJY654","ProductIndex":141649}
{"itemId":"B009H3YLMY","ProductIndex":132384}
{"itemId":"B00KKYGXUC","ProductIndex":173960}
{"itemId":"B0089OHDI6","ProductIndex":162130}
{"itemId":"B000KEOP8O","ProductIndex":186792}
{"itemId":"B002O1CBCI","ProductIndex":142133}
{"itemId":"B002758Y0Y","ProductIndex":171171}
{"itemId":"B002KLZWFA","ProductIndex":187851}
{"itemId":"B004HH7S8Y","ProductIndex":157277}
{"itemId":"B006J6YTWY","ProductIndex":192134}
{"itemId":"B000EHWSHW","ProductIndex":198977}
{"itemId":"B004C4XMHS","ProductIndex":168758}
{"itemId":"B000WS3MMI","ProductIndex":193339}
{"itemId":"B00547IVJ6","ProductIndex":129723}
{"itemId":"B000MSQ8XS","ProductIndex":164347}
{"itemId":"B003NB3BHM","ProductIndex":156397}
{"itemId":"B0013057GI","ProductIndex":182921}
{"itemId":"B0019HL8Q8","ProductIndex":201855}
{"itemId":"B00D6HBVG6","ProductIndex":145442}
{"itemId":"B00C1FZQVU","ProductIndex":179811}
{"itemId":"B001J097RW","ProductIndex":192627}
{"itemId":"B000FSU296","ProductIndex":198815}
{"itemId":"B0000D8D3X","ProductIndex":192534}
{"itemId":"B003O84LM8","ProductIndex":183291}
{"itemId":"B00BF3S83C","ProductIndex":158835}
{"itemId":"B00BP5N37G","ProductIndex":178097}
{"itemId":"B005L3U7H2","ProductIndex":144627}
{"itemId":"B004NW8B9I","ProductIndex":136302}
{"itemId":"B002R0DWP6","ProductIndex":74004}
{"itemId":"B002SNEA3A","ProductIndex":167789}
{"itemId":"B00685813O","ProductIndex":188715}
{"itemId":"B0043CXY8Q","ProductIndex":177915}
{"itemId":"B0087Y7ELE","ProductIndex":116046}
{"itemId":"B007KYGAOY","ProductIndex":176871}
{"itemId":"B000EXW4Y8","ProductIndex":170900}
{"itemId":"B008J9OSWK","ProductIndex":185596}
{"itemId":"B000F71URU","ProductIndex":116333}
{"itemId":"B000GHGCMW","ProductIndex":199553}
{"itemId":"B000ENORJI","ProductIndex":161532}
{"itemId":"B0034SMKMG","ProductIndex":143528}
{"itemId":"B0002FGV6A","ProductIndex":178964}
{"itemId":"B004JK76ZE","ProductIndex":185827}
{"itemId":"B00CC3TFS6","ProductIndex":182110}
{"itemId":"B005AI1B78","ProductIndex":192443}
{"itemId":"B005JQI34A","ProductIndex":189601}
{"itemId":"B00EEER7N6","ProductIndex":191808}
{"itemId":"B00HKMMW2A","ProductIndex":174359}
{"itemId":"B007OXJL92","ProductIndex":179384}
{"itemId":"B005JW8WV8","ProductIndex":194793}
{"itemId":"B00275LN34","ProductIndex":195067}
{"itemId":"B0026K0K5M","ProductIndex":194300}
{"itemId":"B0085F7CTO","ProductIndex":186860}
{"itemId":"B00BR0RJO2","ProductIndex":201219}
{"itemId":"B001MQ6AH8","ProductIndex":192047}
{"itemId":"B004U9674U","ProductIndex":183162}
{"itemId":"B004S0SIXO","ProductIndex":186783}
{"itemId":"B0067GM252","ProductIndex":194030}
{"itemId":"B0039HF466","ProductIndex":165499}
{"itemId":"B002D3KB56","ProductIndex":187546}
{"itemId":"B0036CTIFW","ProductIndex":186051}
{"itemId":"B00F2WAFEC","ProductIndex":203814}
{"itemId":"B005SR72G0","ProductIndex":159274}
{"itemId":"B00074ZZ3G","ProductIndex":176855}
{"itemId":"B004J2X886","ProductIndex":180096}
{"itemId":"B0055P1Z22","ProductIndex":156280}
{"itemId":"B002UIAQY0","ProductIndex":125119}
{"itemId":"B00005QXWJ","ProductIndex":169317}
{"itemId":"B00FZJG2O4","ProductIndex":198757}
{"itemId":"B00GS7F4L4","ProductIndex":204553}
{"itemId":"B003RFI660","ProductIndex":187491}
{"itemId":"B0098WD6UC","ProductIndex":202740}
{"itemId":"B0036RZHQQ","ProductIndex":185274}
{"itemId":"B000X27U44","ProductIndex":192038}
{"itemId":"B001OEOVRE","ProductIndex":199672}
{"itemId":"B006IC8WHM","ProductIndex":205366}
{"itemId":"B00I89RZDA","ProductIndex":208345}
{"itemId":"B003YY7PQG","ProductIndex":203541}
