{"itemId":"B00DVM8JS4","ProductIndex":72331}
{"itemId":"B00AVST3HC","ProductIndex":33011}
{"itemId":"B003DT4QM8","ProductIndex":25164}
{"itemId":"B00EL93M3S","ProductIndex":335}
{"itemId":"B003ZYF3M8","ProductIndex":1007}
{"itemId":"B00068NUM6","ProductIndex":10557}
{"itemId":"B00009YW8B","ProductIndex":15425}
{"itemId":"B001FB53NW","ProductIndex":21757}
{"itemId":"B001VHO5LQ","ProductIndex":10942}
{"itemId":"B0013MYX7A","ProductIndex":49684}
{"itemId":"B001V56JDA","ProductIndex":21664}
{"itemId":"B002UG8S42","ProductIndex":65186}
{"itemId":"B00005K483","ProductIndex":167740}
{"itemId":"B0002BG69Q","ProductIndex":10938}
{"itemId":"B007YXA5G0","ProductIndex":60170}
{"itemId":"B008BWA10I","ProductIndex":94450}
{"itemId":"B004G60AHM","ProductIndex":84503}
{"itemId":"B00001XDXV","ProductIndex":86306}
{"itemId":"B000X1MPSG","ProductIndex":50436}
{"itemId":"B001BKS3Z2","ProductIndex":9738}
{"itemId":"B0002IOIMQ","ProductIndex":2272}
{"itemId":"B0065RVN3U","ProductIndex":141002}
{"itemId":"B008AG6BBS","ProductIndex":27274}
{"itemId":"B0007MGFFU","ProductIndex":4844}
{"itemId":"B0037KLRC0","ProductIndex":45146}
{"itemId":"B00DQZOIOU","ProductIndex":11748}
{"itemId":"B005YXXTDS","ProductIndex":40111}
{"itemId":"B002XVBAKI","ProductIndex":2065}
{"itemId":"B000VXF2I6","ProductIndex":35761}
{"itemId":"B00749RRUQ","ProductIndex":9749}
{"itemId":"B003TM600U","ProductIndex":5074}
{"itemId":"B000VS2IHE","ProductIndex":98036}
{"itemId":"B00DYQQSSK","ProductIndex":7785}
{"itemId":"B001TQCSUE","ProductIndex":15986}
{"itemId":"B006WG140Q","ProductIndex":43838}
{"itemId":"B00462QT62","ProductIndex":24695}
{"itemId":"B0001XGQTA","ProductIndex":3650}
{"itemId":"B006LVZDSQ","ProductIndex":34559}
{"itemId":"B0015DC97S","ProductIndex":62034}
{"itemId":"B002XW1ZRA","ProductIndex":34845}
{"itemId":"B000IXNEKC","ProductIndex":10885}
{"itemId":"B001498LIO","ProductIndex":3004}
{"itemId":"B001UAB40E","ProductIndex":15968}
{"itemId":"B009CMN3W4","ProductIndex":4217}
{"itemId":"B001C1KJDY","ProductIndex":151346}
{"itemId":"B002WAZ0B0","ProductIndex":14620}
{"itemId":"B00GW5H73U","ProductIndex":8265}
{"itemId":"B000I2JI80","ProductIndex":35727}
{"itemId":"B0048NBPQS","ProductIndex":2372}
{"itemId":"B0073ESZ58","ProductIndex":4918}
{"itemId":"B00006B86N","ProductIndex":119549}
{"itemId":"B00EXPSEFQ","ProductIndex":5300}
{"itemId":"B0009XQPGQ","ProductIndex":17679}
{"itemId":"B001HU4ASU","ProductIndex":29800}
{"itemId":"B003VNKN0K","ProductIndex":68402}
{"itemId":"B00HHIPM5Q","ProductIndex":54000}
{"itemId":"B00004SYAG","ProductIndex":160019}
{"itemId":"B00456VUS6","ProductIndex":20550}
{"itemId":"B008R2UFL2","ProductIndex":103193}
{"itemId":"B008L1MIWI","ProductIndex":4427}
{"itemId":"B000290ZFY","ProductIndex":67607}
{"itemId":"B008YJRM0A","ProductIndex":80560}
{"itemId":"B003TP48CY","ProductIndex":187428}
{"itemId":"B004KKZ0J2","ProductIndex":2216}
{"itemId":"B009XESLEG","ProductIndex":91409}
{"itemId":"B007RLYP56","ProductIndex":42660}
{"itemId":"B0002INMK0","ProductIndex":30120}
{"itemId":"B004Y02R1W","ProductIndex":9615}
{"itemId":"B00000K2Z0","ProductIndex":60339}
{"itemId":"B00AWRD0S0","ProductIndex":181535}
{"itemId":"B00B89BN7G","ProductIndex":4842}
{"itemId":"B00AQDG99M","ProductIndex":13788}
{"itemId":"B00E3W19CE","ProductIndex":7839}
{"itemId":"B003W1QE9U","ProductIndex":50939}
{"itemId":"B00AI7ISOA","ProductIndex":141384}
{"itemId":"B0010Z28XG","ProductIndex":1932}
{"itemId":"B003IT6PH2","ProductIndex":13156}
{"itemId":"B00C9HW2DK","ProductIndex":3973}
{"itemId":"B000EIWCFE","ProductIndex":12149}
{"itemId":"B006T7QUA2","ProductIndex":20436}
{"itemId":"B0030UF24G","ProductIndex":9231}
{"itemId":"B002HUONKO","ProductIndex":118528}
{"itemId":"B00AZSZ0RU","ProductIndex":65946}
{"itemId":"B005GM5Q1K","ProductIndex":17605}
{"itemId":"B004VBEI0M","ProductIndex":17925}
{"itemId":"B007Y3EWZ0","ProductIndex":11939}
{"itemId":"B002L1MOLE","ProductIndex":18372}
{"itemId":"B0041UJVI2","ProductIndex":1969}
{"itemId":"B001D1WE54","ProductIndex":92580}
{"itemId":"B004XCC8ZG","ProductIndex":176724}
{"itemId":"B00DIHVL2I","ProductIndex":6847}
{"itemId":"B003E35XGQ","ProductIndex":22134}
{"itemId":"B0009WKBGC","ProductIndex":2808}
{"itemId":"B004QK8FBG","ProductIndex":3734}
{"itemId":"B008G9BUB0","ProductIndex":85962}
{"itemId":"B007IVCCIC","ProductIndex":57353}
{"itemId":"B000KBKBBM","ProductIndex":20175}
{"itemId":"B004HC9CFG","ProductIndex":84959}
{"itemId":"B000LTZ43S","ProductIndex":61764}
{"itemId":"B003RFRU1W","ProductIndex":59333}
{"itemId":"B0076LY7UK","ProductIndex":10551}
{"itemId":"B004MD804E","ProductIndex":193106}
{"itemId":"B004Y7AVTA","ProductIndex":126623}
{"itemId":"B005QBAGF2","ProductIndex":84692}
{"itemId":"B001UE8LRY","ProductIndex":12385}
{"itemId":"B0055WL75K","ProductIndex":15592}
{"itemId":"B0007IG20C","ProductIndex":52745}
{"itemId":"B00172XRZA","ProductIndex":41587}
{"itemId":"B000NFC0SW","ProductIndex":53114}
{"itemId":"B004LRO7FW","ProductIndex":23765}
{"itemId":"B002RXVP84","ProductIndex":85645}
{"itemId":"B000E4BA5Q","ProductIndex":66407}
{"itemId":"B00FW7KNYY","ProductIndex":19549}
{"itemId":"B0012Q9976","ProductIndex":45796}
{"itemId":"B0050IRQHC","ProductIndex":45835}
{"itemId":"B004FLC7YC","ProductIndex":23164}
{"itemId":"B000SMZ9E2","ProductIndex":33361}
{"itemId":"B00A2ORV5G","ProductIndex":12837}
{"itemId":"B000ES8C2G","ProductIndex":23206}
{"itemId":"B009GVPV4Y","ProductIndex":187736}
{"itemId":"B0052YYTMO","ProductIndex":44367}
{"itemId":"B0054YV934","ProductIndex":18179}
{"itemId":"B003DVJW3O","ProductIndex":20546}
{"itemId":"B003626T6S","ProductIndex":37530}
{"itemId":"B0021O9KCM","ProductIndex":16181}
{"itemId":"B0051U1XMS","ProductIndex":9515}
{"itemId":"B0075SUKIC","ProductIndex":4410}
{"itemId":"B004U7ZDSI","ProductIndex":47026}
{"itemId":"B002UXRG8Y","ProductIndex":35095}
{"itemId":"B001QWX0YO","ProductIndex":14919}
{"itemId":"B0042KVX2S","ProductIndex":38728}
{"itemId":"B00C94X8TA","ProductIndex":50230}
{"itemId":"B008HK1YAA","ProductIndex":12696}
{"itemId":"B00535CD5C","ProductIndex":9085}
{"itemId":"B002K8U0WI","ProductIndex":23422}
{"itemId":"B0002Y7DO0","ProductIndex":14654}
{"itemId":"B005NN0HOS","ProductIndex":35495}
{"itemId":"B008SEBQ2G","ProductIndex":22616}
{"itemId":"B008BQ233C","ProductIndex":26871}
{"itemId":"B00974V2MU","ProductIndex":28249}
{"itemId":"B004TJWI7Q","ProductIndex":70073}
{"itemId":"B00AA6CS86","ProductIndex":2424}
{"itemId":"B004TA70SC","ProductIndex":54496}
{"itemId":"B001CBPWT0","ProductIndex":17620}
{"itemId":"B002KTJWEE","ProductIndex":39426}
{"itemId":"B000AU3V0Q","ProductIndex":72067}
{"itemId":"B0013FL1XQ","ProductIndex":158610}
{"itemId":"B00006B828","ProductIndex":12655}
{"itemId":"B000SXWGAQ","ProductIndex":45815}
{"itemId":"B002MZZWT0","ProductIndex":10163}
{"itemId":"B003K1VABO","ProductIndex":8288}
{"itemId":"B009B8EJYU","ProductIndex":17814}
{"itemId":"B00004YMCA","ProductIndex":18120}
{"itemId":"B000MY086K","ProductIndex":19070}
{"itemId":"B004J0XLHQ","ProductIndex":21759}
{"itemId":"B0012JNQYK","ProductIndex":13303}
{"itemId":"B001HN5HOS","ProductIndex":29700}
{"itemId":"B005BZND94","ProductIndex":101215}
{"itemId":"B00IT8ZEMY","ProductIndex":100630}
{"itemId":"B002W2TZFA","ProductIndex":97320}
{"itemId":"B0036WT48S","ProductIndex":39737}
{"itemId":"B000YPE8W2","ProductIndex":197397}
{"itemId":"B003H4XDP0","ProductIndex":57209}
{"itemId":"B000J3HB78","ProductIndex":111431}
{"itemId":"B001NDYTKA","ProductIndex":11736}
{"itemId":"B00356Z5IS","ProductIndex":38804}
{"itemId":"B0010TTSIA","ProductIndex":34149}
{"itemId":"B00IU70DWK","ProductIndex":44745}
{"itemId":"B00KVNY2KA","ProductIndex":51990}
{"itemId":"B005IVYZKC","ProductIndex":92961}
{"itemId":"B0035ER1GO","ProductIndex":53309}
{"itemId":"B00EQ0FECE","ProductIndex":60726}
{"itemId":"B00076AT58","ProductIndex":45353}
{"itemId":"B0073XUAXY","ProductIndex":68543}
{"itemId":"B0085S33XK","ProductIndex":31774}
{"itemId":"B001TE5YWU","ProductIndex":28013}
{"itemId":"B00A41I0H0","ProductIndex":203529}
{"itemId":"B0027DPM1U","ProductIndex":16134}
{"itemId":"B0042ZYFPK","ProductIndex":33628}
{"itemId":"B00063KPTM","ProductIndex":108242}
{"itemId":"B007X0W2MO","ProductIndex":151170}
{"itemId":"B004X3TPJC","ProductIndex":34503}
{"itemId":"B003TQAHY6","ProductIndex":23544}
{"itemId":"B007Z3HZIA","ProductIndex":14547}
{"itemId":"B000GU77SC","ProductIndex":51309}
{"itemId":"B0085PR7DA","ProductIndex":48043}
{"itemId":"B002QVLBM2","ProductIndex":31378}
{"itemId":"B000SIAFCM","ProductIndex":30468}
{"itemId":"B003XREDVE","ProductIndex":33371}
{"itemId":"B000HCVR5S","ProductIndex":46903}
{"itemId":"B005KUIFQG","ProductIndex":59090}
{"itemId":"B007HV1P7W","ProductIndex":71459}
{"itemId":"B00A6YV97I","ProductIndex":78132}
{"itemId":"B005E2LX28","ProductIndex":11330}
{"itemId":"B00352LQYO","ProductIndex":21153}
{"itemId":"B000GYU9IS","ProductIndex":5377}
{"itemId":"B0001851PA","ProductIndex":86529}
{"itemId":"B00001R3VZ","ProductIndex":126584}
{"itemId":"B004Z4BSHG","ProductIndex":20224}
{"itemId":"B001AHALEC","ProductIndex":3326}
{"itemId":"B00CIITRKQ","ProductIndex":67028}
{"itemId":"B000YCDOU2","ProductIndex":98312}
{"itemId":"B004QJWIHY","ProductIndex":167804}
{"itemId":"B0061XSDJ0","ProductIndex":32983}
{"itemId":"B00005ABC5","ProductIndex":8275}
{"itemId":"B0000659UH","ProductIndex":77449}
{"itemId":"B001OZLJQE","ProductIndex":56094}
{"itemId":"B00DJ69XFA","ProductIndex":16691}
{"itemId":"B009PEW7KS","ProductIndex":40856}
{"itemId":"B00305N47S","ProductIndex":13396}
{"itemId":"B00FRS6W02","ProductIndex":47817}
{"itemId":"B0038JDJBW","ProductIndex":98242}
{"itemId":"B00FM1IRZM","ProductIndex":181807}
{"itemId":"B004W459J2","ProductIndex":89469}
{"itemId":"B00B7M7JHC","ProductIndex":63923}
{"itemId":"B008CQQKGC","ProductIndex":96830}
{"itemId":"B000EDOSFQ","ProductIndex":17092}
{"itemId":"B003WOWB5S","ProductIndex":14918}
{"itemId":"B00GNR7SKE","ProductIndex":137050}
{"itemId":"B00029U13A","ProductIndex":15278}
{"itemId":"B00499DZJG","ProductIndex":17985}
{"itemId":"B001BPV81I","ProductIndex":98284}
{"itemId":"B00CR64F74","ProductIndex":139782}
{"itemId":"B002P8HCFG","ProductIndex":54268}
{"itemId":"B0089FELB2","ProductIndex":30633}
{"itemId":"B002FQ2KW8","ProductIndex":52879}
{"itemId":"B0018CUQ3A","ProductIndex":141281}
{"itemId":"B00005AY8T","ProductIndex":94028}
{"itemId":"B0037255LC","ProductIndex":19517}
{"itemId":"B0069R7TAM","ProductIndex":23730}
{"itemId":"B007JNHXXI","ProductIndex":60622}
{"itemId":"B00DF7PKX2","ProductIndex":105287}
{"itemId":"B000WOFO96","ProductIndex":190756}
{"itemId":"B007QY7OZM","ProductIndex":26385}
{"itemId":"B000XFRP2S","ProductIndex":40776}
{"itemId":"B001U6YGN0","ProductIndex":40010}
{"itemId":"B00ATHNE66","ProductIndex":174317}
{"itemId":"B004YVZ16O","ProductIndex":76604}
{"itemId":"B004YIZW0W","ProductIndex":50115}
{"itemId":"B008HMW6AU","ProductIndex":163992}
{"itemId":"B005INALWG","ProductIndex":20125}
{"itemId":"B001ULCYHU","ProductIndex":19753}
{"itemId":"B00E17KTAE","ProductIndex":44940}
{"itemId":"B005YXXT7Y","ProductIndex":14036}
{"itemId":"B00B0L22HC","ProductIndex":75313}
{"itemId":"B003CYA0VK","ProductIndex":66721}
{"itemId":"B002RL8J94","ProductIndex":31823}
{"itemId":"B003YJQX1O","ProductIndex":49975}
{"itemId":"B002MZZX9E","ProductIndex":25165}
{"itemId":"B000KB6E7C","ProductIndex":207588}
{"itemId":"B005QF2MJG","ProductIndex":192279}
{"itemId":"B00358TPEQ","ProductIndex":37403}
{"itemId":"B004QBQNHS","ProductIndex":155769}
{"itemId":"B0001YFXMA","ProductIndex":50209}
{"itemId":"B00746ZSVO","ProductIndex":205072}
{"itemId":"B001D06DY8","ProductIndex":89844}
{"itemId":"B0009Y8A8G","ProductIndex":47138}
{"itemId":"B001X93VZ8","ProductIndex":75086}
{"itemId":"B003F44ZWC","ProductIndex":64430}
{"itemId":"B004LGYWH6","ProductIndex":119597}
{"itemId":"B0001DA0CO","ProductIndex":19229}
{"itemId":"B001CBTPKM","ProductIndex":71686}
{"itemId":"B00CCZWEHI","ProductIndex":88722}
{"itemId":"B00DMMPQ3O","ProductIndex":62929}
{"itemId":"B00CDJ6IP2","ProductIndex":25576}
{"itemId":"B00005LEOO","ProductIndex":12897}
{"itemId":"B003Y2Z6X2","ProductIndex":40762}
{"itemId":"B0000632T3","ProductIndex":22577}
{"itemId":"B004SBU1QA","ProductIndex":113954}
{"itemId":"B00ADE3XXY","ProductIndex":21453}
{"itemId":"B004KJE8HI","ProductIndex":111338}
{"itemId":"B00DHO2YK0","ProductIndex":9839}
{"itemId":"B00AOVUHE4","ProductIndex":76935}
{"itemId":"B006ON6JPM","ProductIndex":74894}
{"itemId":"B004COCCOM","ProductIndex":77076}
{"itemId":"B004NNZB4A","ProductIndex":49326}
{"itemId":"B001MQ4M46","ProductIndex":122106}
{"itemId":"B00DPC5UTQ","ProductIndex":149973}
{"itemId":"B005ODK5LC","ProductIndex":56933}
{"itemId":"B002YCIN9W","ProductIndex":34129}
{"itemId":"B008P5TZ7Q","ProductIndex":116055}
{"itemId":"B00CY9596U","ProductIndex":57322}
{"itemId":"B004ZI5T90","ProductIndex":69829}
{"itemId":"B005SRZATG","ProductIndex":42295}
{"itemId":"B0058RN24Q","ProductIndex":110555}
{"itemId":"B008G13EAS","ProductIndex":96811}
{"itemId":"B002C4Q0CO","ProductIndex":149666}
{"itemId":"B008VQWYKE","ProductIndex":95892}
{"itemId":"B0037NZ9YO","ProductIndex":119622}
{"itemId":"B002ZPV6HO","ProductIndex":29599}
{"itemId":"B00AT4UHGY","ProductIndex":170442}
{"itemId":"B0040PVCOO","ProductIndex":153656}
{"itemId":"B0039WTXK4","ProductIndex":14424}
{"itemId":"B007W6WURQ","ProductIndex":52252}
{"itemId":"B003KE1NX6","ProductIndex":106633}
{"itemId":"B007BYUVUW","ProductIndex":139451}
{"itemId":"B0043XD6MY","ProductIndex":155111}
{"itemId":"B00AMOOXIE","ProductIndex":106272}
{"itemId":"B000VWYYTU","ProductIndex":171118}
{"itemId":"B004UC45AK","ProductIndex":100675}
{"itemId":"B0016EOHXK","ProductIndex":77962}
{"itemId":"B004KM82LI","ProductIndex":54558}
{"itemId":"B00006B92A","ProductIndex":73040}
{"itemId":"B0083CA88G","ProductIndex":38269}
{"itemId":"B0036XX4G0","ProductIndex":17844}
{"itemId":"B0049XGD7S","ProductIndex":89252}
{"itemId":"B0026AG38K","ProductIndex":127042}
{"itemId":"B00E7SOD2W","ProductIndex":78823}
{"itemId":"B004NY9V04","ProductIndex":33618}
{"itemId":"B000N8QZ5I","ProductIndex":80489}
{"itemId":"B00ES5YZD6","ProductIndex":27382}
{"itemId":"B004YA4KKS","ProductIndex":128359}
{"itemId":"B007UXE5YC","ProductIndex":78227}
{"itemId":"B0054L4AR4","ProductIndex":105048}
{"itemId":"B000HLS9MI","ProductIndex":71846}
{"itemId":"B00D0SXLH8","ProductIndex":180216}
{"itemId":"B00141AYM8","ProductIndex":21360}
{"itemId":"B005AL8V7I","ProductIndex":131832}
{"itemId":"B00290S37Q","ProductIndex":48928}
{"itemId":"B004FV67XY","ProductIndex":24880}
{"itemId":"B000N5YF6C","ProductIndex":114001}
{"itemId":"B00005NVBO","ProductIndex":64883}
{"itemId":"B005K5I9QW","ProductIndex":38723}
{"itemId":"B004B8VO2U","ProductIndex":106532}
{"itemId":"B000EIZN3W","ProductIndex":159135}
{"itemId":"B00ASFYABW","ProductIndex":35425}
{"itemId":"B000Q1Q08Y","ProductIndex":102263}
{"itemId":"B0009UFJAM","ProductIndex":22126}
{"itemId":"B004EPJTV8","ProductIndex":84525}
{"itemId":"B003Q1FQA4","ProductIndex":32480}
{"itemId":"B00BHXTH12","ProductIndex":84243}
{"itemId":"B007R73WG8","ProductIndex":43341}
{"itemId":"B002XK2YDG","ProductIndex":61647}
{"itemId":"B00HWT8I24","ProductIndex":22044}
{"itemId":"B004I6U3KY","ProductIndex":55342}
{"itemId":"B0094FKNZO","ProductIndex":99842}
{"itemId":"B006U9C9JK","ProductIndex":129769}
{"itemId":"B000RNDXK4","ProductIndex":116936}
{"itemId":"B00017LSK8","ProductIndex":74020}
{"itemId":"B004MC3ON2","ProductIndex":38393}
{"itemId":"B000825B2C","ProductIndex":177322}
{"itemId":"B0019F5DLG","ProductIndex":91468}
{"itemId":"B001KZQNYQ","ProductIndex":152665}
{"itemId":"B005DWR4A4","ProductIndex":34598}
{"itemId":"B003U8GHVA","ProductIndex":171486}
{"itemId":"B002ROE9YK","ProductIndex":96925}
{"itemId":"B001ANJTKI","ProductIndex":78379}
{"itemId":"B0075AM7GI","ProductIndex":92666}
{"itemId":"B001RCTAHO","ProductIndex":98207}
{"itemId":"B00A44UIP4","ProductIndex":68043}
{"itemId":"B007Q4DG3G","ProductIndex":132477}
{"itemId":"B00C9HAVKG","ProductIndex":24663}
{"itemId":"B00FE7AWA2","ProductIndex":110616}
{"itemId":"B00BWJW7UO","ProductIndex":23136}
{"itemId":"B0049MOJ2U","ProductIndex":37836}
{"itemId":"B009F1IOJO","ProductIndex":16415}
{"itemId":"B00411BSRS","ProductIndex":59316}
{"itemId":"B0022NHQ9Q","ProductIndex":83418}
{"itemId":"B00068HK2W","ProductIndex":156645}
{"itemId":"B009L5Q5MW","ProductIndex":141627}
{"itemId":"B0037KN71O","ProductIndex":48097}
{"itemId":"B004LGIJFC","ProductIndex":41982}
{"itemId":"B000NOSQZY","ProductIndex":49047}
{"itemId":"B00B03ZFZQ","ProductIndex":43714}
{"itemId":"B00000J1SF","ProductIndex":124380}
{"itemId":"B003WSQVSM","ProductIndex":28172}
{"itemId":"B007DKYLVY","ProductIndex":47300}
{"itemId":"B007O16ZPM","ProductIndex":92091}
{"itemId":"B0042X3F76","ProductIndex":18655}
{"itemId":"B000V7G2X6","ProductIndex":143622}
{"itemId":"B00FK2XNB6","ProductIndex":25877}
{"itemId":"B000J4IGZS","ProductIndex":67486}
{"itemId":"B0082VBYY0","ProductIndex":47389}
{"itemId":"B00006JQ4L","ProductIndex":129913}
{"itemId":"B000J015EG","ProductIndex":87094}
{"itemId":"B008XJZY1A","ProductIndex":44697}
{"itemId":"B00AVIPNAS","ProductIndex":48270}
{"itemId":"B000068CNT","ProductIndex":30046}
{"itemId":"B006MIXRCC","ProductIndex":136618}
{"itemId":"B000G0L34G","ProductIndex":158784}
{"itemId":"B001O94HUA","ProductIndex":55634}
{"itemId":"B00IDG3NDY","ProductIndex":23708}
{"itemId":"B0044AOOIG","ProductIndex":147724}
{"itemId":"B005ZRO1EO","ProductIndex":106290}
{"itemId":"B0008JFHHO","ProductIndex":77344}
{"itemId":"B003C4K7F4","ProductIndex":131319}
{"itemId":"B006DWQSDM","ProductIndex":42183}
{"itemId":"B000MFE9QE","ProductIndex":110822}
{"itemId":"B006PK7D22","ProductIndex":75771}
{"itemId":"B00763WTXA","ProductIndex":30011}
{"itemId":"B005CPUFX0","ProductIndex":146104}
{"itemId":"B005LE4BAU","ProductIndex":169631}
{"itemId":"B000BQOPRC","ProductIndex":104123}
{"itemId":"B004RMSMJ8","ProductIndex":45486}
{"itemId":"B004923LQK","ProductIndex":35691}
{"itemId":"B00005AVCG","ProductIndex":173620}
{"itemId":"B007IQUC8O","ProductIndex":51196}
{"itemId":"B0006IA132","ProductIndex":83711}
{"itemId":"B004T4XKVY","ProductIndex":29771}
{"itemId":"B000Q6IC3A","ProductIndex":120909}
{"itemId":"B00BNK0P4M","ProductIndex":176762}
{"itemId":"B00GWB5Z9C","ProductIndex":101972}
{"itemId":"B004S78IX2","ProductIndex":137647}
{"itemId":"B006J2SFO6","ProductIndex":131701}
{"itemId":"B0067MRYDG","ProductIndex":194125}
{"itemId":"B0043QYJPO","ProductIndex":60356}
{"itemId":"B000OU7MVQ","ProductIndex":15272}
{"itemId":"B003E2PUK6","ProductIndex":132193}
{"itemId":"B005LZSRLI","ProductIndex":21431}
{"itemId":"B00141AZ0O","ProductIndex":62458}
{"itemId":"B00007DX3B","ProductIndex":70210}
{"itemId":"B009M5M4R6","ProductIndex":106077}
{"itemId":"B001O83X5Q","ProductIndex":74096}
{"itemId":"B008V4KEEE","ProductIndex":160382}
{"itemId":"B0067D82FO","ProductIndex":92139}
{"itemId":"B004U9ZHGO","ProductIndex":54748}
{"itemId":"B00006IS4W","ProductIndex":115716}
{"itemId":"B001HBJ1KQ","ProductIndex":85856}
{"itemId":"B001BEV0NU","ProductIndex":46999}
{"itemId":"B003K07O7E","ProductIndex":175925}
{"itemId":"B004AKJTK8","ProductIndex":23510}
{"itemId":"B001LDCAG2","ProductIndex":135345}
{"itemId":"B000P8ZMA0","ProductIndex":154402}
{"itemId":"B0037PJ6BY","ProductIndex":39013}
{"itemId":"B004A2O7YO","ProductIndex":43003}
{"itemId":"B00288BH9K","ProductIndex":66953}
{"itemId":"B004J2LFC2","ProductIndex":49560}
{"itemId":"B00ANG3T1S","ProductIndex":51148}
{"itemId":"B003JUMFCO","ProductIndex":51521}
{"itemId":"B004GVZONC","ProductIndex":49758}
{"itemId":"B00577CHIE","ProductIndex":190824}
{"itemId":"B009FX5OTU","ProductIndex":99404}
{"itemId":"B0015ZX3F8","ProductIndex":148276}
{"itemId":"B007TEKUYG","ProductIndex":79972}
{"itemId":"B00006HSB5","ProductIndex":195656}
{"itemId":"B0050751YS","ProductIndex":57796}
{"itemId":"B003QRHA48","ProductIndex":55714}
{"itemId":"B008VV4Z9W","ProductIndex":95883}
{"itemId":"B001VE5VDK","ProductIndex":92770}
{"itemId":"B000HM9A2A","ProductIndex":48349}
{"itemId":"B0018MC6SI","ProductIndex":138222}
{"itemId":"B0001GAOE0","ProductIndex":63719}
{"itemId":"B002EA5MUM","ProductIndex":37248}
{"itemId":"B003XT5JWE","ProductIndex":52200}
{"itemId":"B000FVCOGC","ProductIndex":47241}
{"itemId":"B003KR3Q4M","ProductIndex":36798}
{"itemId":"B003YT2FKW","ProductIndex":165104}
{"itemId":"B0050DRYEM","ProductIndex":78729}
{"itemId":"B00C7AG18Q","ProductIndex":200986}
{"itemId":"B00BW6LVW2","ProductIndex":28035}
{"itemId":"B004NBYHN8","ProductIndex":141795}
{"itemId":"B005STNV18","ProductIndex":199880}
{"itemId":"B0033N0LXW","ProductIndex":118615}
{"itemId":"B00EMB4K54","ProductIndex":75944}
{"itemId":"B00081IINW","ProductIndex":153967}
{"itemId":"B00APOLB4U","ProductIndex":80716}
{"itemId":"B0031R6FC6","ProductIndex":94065}
{"itemId":"B0036RH188","ProductIndex":89982}
{"itemId":"B0041HLGWE","ProductIndex":118923}
{"itemId":"B009DYCU6Q","ProductIndex":28090}
{"itemId":"B003GSLEB2","ProductIndex":157236}
{"itemId":"B001061J3A","ProductIndex":50062}
{"itemId":"B009198BCU","ProductIndex":118246}
{"itemId":"B004D1NSZQ","ProductIndex":145343}
{"itemId":"B00K7BEAJO","ProductIndex":202289}
{"itemId":"B004G90100","ProductIndex":65264}
{"itemId":"B007BD0HL6","ProductIndex":88156}
{"itemId":"B007X82ZPA","ProductIndex":41902}
{"itemId":"B008XYFZUK","ProductIndex":43584}
{"itemId":"B003CQGSG4","ProductIndex":58671}
{"itemId":"B002IBDM8G","ProductIndex":86067}
{"itemId":"B006D9GERA","ProductIndex":87633}
{"itemId":"B000LB54OU","ProductIndex":104011}
{"itemId":"B002SSA79G","ProductIndex":83402}
{"itemId":"B000NW11WQ","ProductIndex":62395}
{"itemId":"B001U4XEZI","ProductIndex":206542}
{"itemId":"B008189WEI","ProductIndex":152804}
{"itemId":"B004QC3CMG","ProductIndex":58402}
{"itemId":"B003T5U21A","ProductIndex":125347}
{"itemId":"B005OLF5UK","ProductIndex":196139}
{"itemId":"B000196C3E","ProductIndex":39457}
{"itemId":"B006CUSAOU","ProductIndex":197597}
{"itemId":"B0049J2XQ2","ProductIndex":67948}
{"itemId":"B005KYOE62","ProductIndex":46333}
{"itemId":"B007GP3JUA","ProductIndex":44259}
{"itemId":"B003TTUC3Y","ProductIndex":83325}
{"itemId":"B007NPMTMC","ProductIndex":67207}
{"itemId":"B00I58LNF0","ProductIndex":79751}
{"itemId":"B0098O6JSQ","ProductIndex":57756}
{"itemId":"B00128GKHG","ProductIndex":53726}
{"itemId":"B001R65MFO","ProductIndex":41581}
{"itemId":"B00GEBZ8EC","ProductIndex":160861}
{"itemId":"B003JDTG2S","ProductIndex":142404}
{"itemId":"B0034X9380","ProductIndex":47647}
{"itemId":"B002W2PS2E","ProductIndex":61930}
{"itemId":"B00A52676Y","ProductIndex":66798}
{"itemId":"B00BMXG6DE","ProductIndex":93024}
{"itemId":"B0017M0A0K","ProductIndex":143068}
{"itemId":"B004RE8I7W","ProductIndex":114131}
{"itemId":"B004MF56CG","ProductIndex":120369}
{"itemId":"B005KO4ZTI","ProductIndex":153574}
{"itemId":"B009F4BV8C","ProductIndex":41518}
{"itemId":"B00DSQQSAE","ProductIndex":188667}
{"itemId":"B0090SA7VK","ProductIndex":61236}
{"itemId":"B002JDVBYU","ProductIndex":88702}
{"itemId":"B004YWK2PI","ProductIndex":76679}
{"itemId":"B004G7IMP8","ProductIndex":41916}
{"itemId":"B003JLK46W","ProductIndex":86483}
{"itemId":"B000W9ZZUE","ProductIndex":125459}
{"itemId":"B0015RFJZI","ProductIndex":108153}
{"itemId":"B00001WBRA","ProductIndex":120047}
{"itemId":"B00370SACA","ProductIndex":111317}
{"itemId":"B004YIVX14","ProductIndex":163044}
{"itemId":"B0041O5Z9M","ProductIndex":82289}
{"itemId":"B0001YI7ZK","ProductIndex":126668}
{"itemId":"B004FLHPOO","ProductIndex":45632}
{"itemId":"B003EENZAQ","ProductIndex":74376}
{"itemId":"B00437GQPO","ProductIndex":167751}
{"itemId":"B006AR2ULO","ProductIndex":89124}
{"itemId":"B000S75KB4","ProductIndex":115323}
{"itemId":"B002068838","ProductIndex":38509}
{"itemId":"B0072BQS7E","ProductIndex":94045}
{"itemId":"B0083WAV38","ProductIndex":84888}
{"itemId":"B0096WDG6S","ProductIndex":96426}
{"itemId":"B005WSTKC4","ProductIndex":109246}
{"itemId":"B00BG9QASK","ProductIndex":101774}
{"itemId":"B0000AQNYT","ProductIndex":85690}
{"itemId":"B0056A0DBK","ProductIndex":68059}
{"itemId":"B003LYMHHQ","ProductIndex":51103}
{"itemId":"B0055IAF0M","ProductIndex":135326}
{"itemId":"B002WVDKZC","ProductIndex":53388}
{"itemId":"B00I3EKXDE","ProductIndex":58955}
{"itemId":"B00130IDXC","ProductIndex":196822}
{"itemId":"B009CHPS72","ProductIndex":56929}
{"itemId":"B004R6WWJA","ProductIndex":54146}
{"itemId":"B0006398PY","ProductIndex":14892}
{"itemId":"B000WEN7C2","ProductIndex":70677}
{"itemId":"B003N2OYN6","ProductIndex":37656}
{"itemId":"B0042YXNZO","ProductIndex":156367}
{"itemId":"B001FWKCXM","ProductIndex":65052}
{"itemId":"B00A3Z5UKM","ProductIndex":142451}
{"itemId":"B00EZK57UE","ProductIndex":44889}
{"itemId":"B00CXX9U9Y","ProductIndex":167759}
{"itemId":"B000Y8GFIE","ProductIndex":45977}
{"itemId":"B003TTJU9Q","ProductIndex":87103}
{"itemId":"B007SG98CA","ProductIndex":115626}
{"itemId":"B007BJT5BI","ProductIndex":183883}
{"itemId":"B002RJPJ6C","ProductIndex":35931}
{"itemId":"B008QJXPGS","ProductIndex":62318}
{"itemId":"B0077HM2FK","ProductIndex":187366}
{"itemId":"B0019BEJVU","ProductIndex":79566}
{"itemId":"B00009APBV","ProductIndex":89624}
{"itemId":"B00D7GTKQE","ProductIndex":75292}
{"itemId":"B0043KJAK4","ProductIndex":31838}
{"itemId":"B001E75PBM","ProductIndex":32966}
{"itemId":"B00BYQRPUW","ProductIndex":80065}
{"itemId":"B007KZR3VW","ProductIndex":193956}
{"itemId":"B008BPI378","ProductIndex":74142}
{"itemId":"B0044DEARS","ProductIndex":146290}
{"itemId":"B001DEYUK8","ProductIndex":161027}
{"itemId":"B002VY8Z8M","ProductIndex":154139}
{"itemId":"B002SQVYY0","ProductIndex":126598}
{"itemId":"B00AYJHNF2","ProductIndex":82146}
{"itemId":"B003E2O5WA","ProductIndex":129070}
{"itemId":"B000068O5T","ProductIndex":130793}
{"itemId":"B009PHTYCE","ProductIndex":108740}
{"itemId":"B009Z7E0CI","ProductIndex":154496}
{"itemId":"B0017HEZE2","ProductIndex":39221}
{"itemId":"B00C2KWFIQ","ProductIndex":142724}
{"itemId":"B007RB0VJK","ProductIndex":38127}
{"itemId":"B00E68QLDC","ProductIndex":178053}
{"itemId":"B007DBJ4P6","ProductIndex":140932}
{"itemId":"B0019CPYGI","ProductIndex":133317}
{"itemId":"B0000DGA9Z","ProductIndex":86962}
{"itemId":"B000EVLS3S","ProductIndex":71806}
{"itemId":"B005LIG4RE","ProductIndex":156973}
{"itemId":"B003E47FUM","ProductIndex":161790}
{"itemId":"B002W81KTI","ProductIndex":55612}
{"itemId":"B00B4NH72Q","ProductIndex":76787}
{"itemId":"B0055536HO","ProductIndex":105777}
{"itemId":"B0000ADY4L","ProductIndex":52497}
{"itemId":"B004HV9L8U","ProductIndex":207315}
{"itemId":"B0006HPCLY","ProductIndex":54010}
{"itemId":"B00A6N31TI","ProductIndex":167899}
{"itemId":"B00DI89RRS","ProductIndex":111977}
{"itemId":"B0007XCT1I","ProductIndex":170933}
{"itemId":"B001DM1LKM","ProductIndex":78800}
{"itemId":"B0009OTEK4","ProductIndex":113184}
{"itemId":"B00912W8OE","ProductIndex":134324}
{"itemId":"B000EZ7J7S","ProductIndex":129966}
{"itemId":"B0083XC0EA","ProductIndex":77589}
{"itemId":"B004B4593Y","ProductIndex":131424}
{"itemId":"B007FO0RHA","ProductIndex":158302}
{"itemId":"B0018BTVUK","ProductIndex":112953}
{"itemId":"B0006B0O8Q","ProductIndex":171351}
{"itemId":"B003VOOOKY","ProductIndex":69018}
{"itemId":"B0026T5QAC","ProductIndex":134433}
{"itemId":"B00HPS4AZ6","ProductIndex":86643}
{"itemId":"B000NJ7JZ2","ProductIndex":76163}
{"itemId":"B000GA7CZU","ProductIndex":156876}
{"itemId":"B000G1TPUE","ProductIndex":139790}
{"itemId":"B00ANX1VZM","ProductIndex":184058}
{"itemId":"B009VPUSB6","ProductIndex":78314}
{"itemId":"B007AIERQS","ProductIndex":154287}
{"itemId":"B00DX00DVA","ProductIndex":126479}
{"itemId":"B0034Y051I","ProductIndex":137041}
{"itemId":"B00017LTF2","ProductIndex":81183}
{"itemId":"B0064NQ47A","ProductIndex":74489}
{"itemId":"B00HA2086W","ProductIndex":120186}
{"itemId":"B008X3JIVS","ProductIndex":134009}
{"itemId":"B008FXQB66","ProductIndex":196081}
{"itemId":"B004A7FGP8","ProductIndex":56304}
{"itemId":"B005DFALM4","ProductIndex":106601}
{"itemId":"B0002LSPKO","ProductIndex":179990}
{"itemId":"B008O5AYAO","ProductIndex":91412}
{"itemId":"B002IT31YS","ProductIndex":112839}
{"itemId":"B003ICXD06","ProductIndex":101093}
{"itemId":"B001622L12","ProductIndex":104664}
{"itemId":"B005FGJ5FK","ProductIndex":170433}
{"itemId":"B0013XZX4Q","ProductIndex":174953}
{"itemId":"B0057IFFAK","ProductIndex":101017}
{"itemId":"B009EIXREA","ProductIndex":116601}
{"itemId":"B000WBMU2S","ProductIndex":157235}
{"itemId":"B0093H8KGM","ProductIndex":84422}
{"itemId":"B00333AXGM","ProductIndex":40643}
{"itemId":"B003U4TZDG","ProductIndex":99012}
{"itemId":"B00HCIDJ0G","ProductIndex":207314}
{"itemId":"B003V38IC0","ProductIndex":112005}
{"itemId":"B008MOTQT2","ProductIndex":125383}
{"itemId":"B000HD101I","ProductIndex":151703}
{"itemId":"B0061GLTOI","ProductIndex":171630}
{"itemId":"B00HZVHK50","ProductIndex":203883}
{"itemId":"B000QYDOZS","ProductIndex":108229}
{"itemId":"B0071WRA58","ProductIndex":136733}
{"itemId":"B0036SYTVY","ProductIndex":150793}
{"itemId":"B003XRAKLQ","ProductIndex":72877}
{"itemId":"B0051OLUAY","ProductIndex":135456}
{"itemId":"B004DANDWU","ProductIndex":139833}
{"itemId":"B0000513HD","ProductIndex":105422}
{"itemId":"B003MB3W4U","ProductIndex":208188}
{"itemId":"B003D9180Q","ProductIndex":164541}
{"itemId":"B001MQA8VW","ProductIndex":198642}
{"itemId":"B00FGLHN76","ProductIndex":202870}
{"itemId":"B0011DQXWO","ProductIndex":88928}
{"itemId":"B008LM94D8","ProductIndex":107179}
{"itemId":"B000TSZ51W","ProductIndex":68563}
{"itemId":"B003VUN7IS","ProductIndex":114742}
{"itemId":"B0000BZLAA","ProductIndex":60702}
{"itemId":"B001441YII","ProductIndex":46254}
{"itemId":"B001LQTMVU","ProductIndex":201536}
{"itemId":"B002XVTBB8","ProductIndex":162122}
{"itemId":"B009OMKCRG","ProductIndex":94610}
{"itemId":"B00640J08I","ProductIndex":200544}
{"itemId":"B00005QZ8B","ProductIndex":121816}
{"itemId":"B005OED6SK","ProductIndex":118895}
{"itemId":"B0049A76JK","ProductIndex":178475}
{"itemId":"B005KT79MI","ProductIndex":94637}
{"itemId":"B004W7DR5W","ProductIndex":49831}
{"itemId":"B0007LCMPI","ProductIndex":177554}
{"itemId":"B003HF4MQS","ProductIndex":129858}
{"itemId":"B004T0DNII","ProductIndex":74379}
{"itemId":"B007WZ8TLI","ProductIndex":121721}
{"itemId":"B005Q314O2","ProductIndex":170124}
{"itemId":"B003K7G3CE","ProductIndex":187817}
{"itemId":"B0000U7HL0","ProductIndex":98163}
{"itemId":"B0077POH4Q","ProductIndex":80798}
{"itemId":"B004H00X74","ProductIndex":93785}
{"itemId":"B008B8CVTQ","ProductIndex":54695}
{"itemId":"B005S0W7EY","ProductIndex":114660}
{"itemId":"B00029YYI8","ProductIndex":185773}
{"itemId":"B001DZJYW6","ProductIndex":144056}
{"itemId":"B000CR3RJW","ProductIndex":58819}
{"itemId":"B0002BEQV6","ProductIndex":182855}
{"itemId":"B0093ENIN0","ProductIndex":58321}
{"itemId":"B005IBVIDY","ProductIndex":85735}
{"itemId":"B00843ES0S","ProductIndex":127340}
{"itemId":"B008TX2IOG","ProductIndex":54109}
{"itemId":"B008YB30WW","ProductIndex":87996}
{"itemId":"B00C404VC2","ProductIndex":53878}
{"itemId":"B0034HQX8O","ProductIndex":174885}
{"itemId":"B003BGKOT2","ProductIndex":182969}
{"itemId":"B000GA3RSG","ProductIndex":96016}
{"itemId":"B003809QI6","ProductIndex":109652}
{"itemId":"B000WR8CHY","ProductIndex":48115}
{"itemId":"B0031KFOKM","ProductIndex":79446}
{"itemId":"B005ZBMMLY","ProductIndex":54826}
{"itemId":"B00AZNCKPA","ProductIndex":125022}
{"itemId":"B005426X7I","ProductIndex":112097}
{"itemId":"B00001ZSSU","ProductIndex":97483}
{"itemId":"B0017QXRQU","ProductIndex":122323}
{"itemId":"B000JF1OXS","ProductIndex":137728}
{"itemId":"9985537211","ProductIndex":95730}
{"itemId":"B0051SD7DI","ProductIndex":95204}
{"itemId":"B00G4GIMF4","ProductIndex":206803}
{"itemId":"B00I4BVCOK","ProductIndex":163667}
{"itemId":"B001IS3A5A","ProductIndex":149502}
{"itemId":"B00613038Y","ProductIndex":124940}
{"itemId":"B0007WLMXU","ProductIndex":122296}
{"itemId":"B00DQBWYMW","ProductIndex":169074}
{"itemId":"B000NWKHP8","ProductIndex":108073}
{"itemId":"B007GYU2P6","ProductIndex":120520}
{"itemId":"B001QWWX4C","ProductIndex":165284}
{"itemId":"B00004TH9M","ProductIndex":60822}
{"itemId":"B007C66770","ProductIndex":127788}
{"itemId":"B002TELV4O","ProductIndex":112491}
{"itemId":"B006U3ZJMK","ProductIndex":56761}
{"itemId":"B004C6OKK4","ProductIndex":69320}
{"itemId":"B009VMD0O6","ProductIndex":104578}
{"itemId":"B002HUOKTI","ProductIndex":107799}
{"itemId":"B004UO1IBC","ProductIndex":68900}
{"itemId":"B00417XUDW","ProductIndex":175828}
{"itemId":"B004KTMP32","ProductIndex":110006}
{"itemId":"B002G51F6A","ProductIndex":109546}
{"itemId":"B005HG65DI","ProductIndex":148340}
{"itemId":"B00005KHSM","ProductIndex":102821}
{"itemId":"B005F4WS2E","ProductIndex":160747}
{"itemId":"B00005AKM2","ProductIndex":95352}
{"itemId":"B000JF6168","ProductIndex":90818}
{"itemId":"B000N5UYHQ","ProductIndex":103717}
{"itemId":"B003U8CJT4","ProductIndex":160452}
{"itemId":"B0000C2KB4","ProductIndex":137397}
{"itemId":"B0086JSVOY","ProductIndex":67058}
{"itemId":"B00004WFZU","ProductIndex":183378}
{"itemId":"B007DCW858","ProductIndex":143891}
{"itemId":"B0064P0N6G","ProductIndex":60727}
{"itemId":"B0029ZA4ZK","ProductIndex":66699}
{"itemId":"B005CAQPT8","ProductIndex":51550}
{"itemId":"B009LE083U","ProductIndex":160312}
{"itemId":"B000E5YLL0","ProductIndex":186203}
{"itemId":"B003M76AFC","ProductIndex":96182}
{"itemId":"B004HW67MM","ProductIndex":98686}
{"itemId":"B003P2V05E","ProductIndex":96683}
{"itemId":"B009A1Z5YG","ProductIndex":203972}
{"itemId":"B00946GAKA","ProductIndex":160053}
{"itemId":"B00E0G6VTO","ProductIndex":165668}
{"itemId":"B003PB9DHM","ProductIndex":126350}
{"itemId":"B0010TPBK4","ProductIndex":110476}
{"itemId":"B0035UZPAC","ProductIndex":127619}
{"itemId":"B006WB1Y56","ProductIndex":126210}
{"itemId":"B005UHKYN6","ProductIndex":134913}
{"itemId":"B00AD7YINU","ProductIndex":166706}
{"itemId":"B004FF7XKQ","ProductIndex":160427}
{"itemId":"B007IV6A3U","ProductIndex":177666}
{"itemId":"B000GP0VH6","ProductIndex":160547}
{"itemId":"B005PP4ECK","ProductIndex":89485}
{"itemId":"B0037ENMMY","ProductIndex":115492}
{"itemId":"B00AIG8OCM","ProductIndex":182031}
{"itemId":"B001SHEFOG","ProductIndex":99635}
{"itemId":"B0096WGQ7O","ProductIndex":195813}
{"itemId":"B000A8PF1Q","ProductIndex":108066}
{"itemId":"B000UF24PE","ProductIndex":135473}
{"itemId":"B006J8NG2G","ProductIndex":141377}
{"itemId":"B007Y2L44I","ProductIndex":108845}
{"itemId":"B002OT4SUS","ProductIndex":138058}
{"itemId":"B0083EM4H2","ProductIndex":122745}
{"itemId":"B004YYSHOE","ProductIndex":185588}
{"itemId":"B002OHD9KA","ProductIndex":104790}
{"itemId":"B00FJVE5XI","ProductIndex":171505}
{"itemId":"B003G2YZ9Q","ProductIndex":131490}
{"itemId":"B0012E1SA4","ProductIndex":110191}
{"itemId":"B000O6KGH2","ProductIndex":144109}
{"itemId":"B003ANRTRQ","ProductIndex":121608}
{"itemId":"B00AXUHPT6","ProductIndex":101262}
{"itemId":"B0028FZPOG","ProductIndex":123709}
{"itemId":"B00004WJO4","ProductIndex":197022}
{"itemId":"B0038B8J4M","ProductIndex":114589}
{"itemId":"B0088Y75WG","ProductIndex":157655}
{"itemId":"B001F50UBS","ProductIndex":187299}
{"itemId":"B007WDWO2A","ProductIndex":56622}
{"itemId":"B000BL0ARQ","ProductIndex":135044}
{"itemId":"B005JRH9TE","ProductIndex":113688}
{"itemId":"B0007OW5CK","ProductIndex":140093}
{"itemId":"B0035N09VE","ProductIndex":125951}
{"itemId":"B00DD69D2O","ProductIndex":131731}
{"itemId":"B00004THDD","ProductIndex":100809}
{"itemId":"B00E19CBQW","ProductIndex":163564}
{"itemId":"B0058NR8N6","ProductIndex":205740}
{"itemId":"B006X3AQC0","ProductIndex":78613}
{"itemId":"B001582RZC","ProductIndex":59377}
{"itemId":"B000ANOXC8","ProductIndex":174312}
{"itemId":"B00E0O16Y6","ProductIndex":159290}
{"itemId":"B001RMIYBC","ProductIndex":115563}
{"itemId":"B00C03QQ4O","ProductIndex":92455}
{"itemId":"B006ZA3QN2","ProductIndex":139560}
{"itemId":"B007BFPLHY","ProductIndex":102367}
{"itemId":"B005HH16A4","ProductIndex":192260}
{"itemId":"B00HRMRNE0","ProductIndex":159624}
{"itemId":"B002IXDGSA","ProductIndex":161471}
{"itemId":"B001TX0F9I","ProductIndex":81671}
{"itemId":"B00186Z1EA","ProductIndex":198928}
{"itemId":"B0000A2UAK","ProductIndex":163054}
{"itemId":"B005UEMYVE","ProductIndex":113635}
{"itemId":"B005O3PLF2","ProductIndex":113529}
{"itemId":"B00008VU8X","ProductIndex":195397}
{"itemId":"B00570TRQG","ProductIndex":112810}
{"itemId":"B0029LB5ZM","ProductIndex":125120}
{"itemId":"B000RZ4O82","ProductIndex":106528}
{"itemId":"B005LYRXSC","ProductIndex":187818}
{"itemId":"B0052NL6JY","ProductIndex":122896}
{"itemId":"B007ZEI0LK","ProductIndex":197269}
{"itemId":"B00F5VYJBK","ProductIndex":118013}
{"itemId":"B00BG5CBJG","ProductIndex":139142}
{"itemId":"B00430G0N4","ProductIndex":201203}
{"itemId":"B000G2EUP8","ProductIndex":56023}
{"itemId":"B000CEBD2I","ProductIndex":205628}
{"itemId":"B00B19UV76","ProductIndex":208246}
{"itemId":"B00BHZTAQ2","ProductIndex":175504}
{"itemId":"B000EUH75M","ProductIndex":128136}
{"itemId":"B003ELYS3C","ProductIndex":167999}
{"itemId":"B004GB5Z6S","ProductIndex":75690}
{"itemId":"B00H95C0A2","ProductIndex":205006}
{"itemId":"B00B03ZMOK","ProductIndex":167494}
{"itemId":"B0017RT1SM","ProductIndex":118031}
{"itemId":"B0065668KO","ProductIndex":78178}
{"itemId":"B005EMQH8S","ProductIndex":159172}
{"itemId":"B002AUOEAA","ProductIndex":168189}
{"itemId":"B001VB4JY0","ProductIndex":140263}
{"itemId":"B00D1311CO","ProductIndex":197391}
{"itemId":"B008M38QMQ","ProductIndex":141362}
{"itemId":"B0002EXFCY","ProductIndex":175260}
{"itemId":"B006ZOUWU8","ProductIndex":174284}
{"itemId":"B007PENO0C","ProductIndex":160944}
{"itemId":"B0050IBSVM","ProductIndex":145569}
{"itemId":"B0044BXS82","ProductIndex":103094}
{"itemId":"B00JQ2Q4QC","ProductIndex":202186}
{"itemId":"B00AELIEI0","ProductIndex":200883}
{"itemId":"B00CDWALXE","ProductIndex":160193}
{"itemId":"B000BSJCGO","ProductIndex":80496}
{"itemId":"B0079T9X3U","ProductIndex":169544}
{"itemId":"B00BGMPVFU","ProductIndex":190758}
{"itemId":"B00004LMEC","ProductIndex":72693}
{"itemId":"B000AOIP9O","ProductIndex":122122}
{"itemId":"B00CWRX4DE","ProductIndex":193159}
{"itemId":"B004UAG3JI","ProductIndex":165065}
{"itemId":"B004M1NCYO","ProductIndex":114708}
{"itemId":"B0056XDAW6","ProductIndex":137014}
{"itemId":"B000ZH8FI2","ProductIndex":99082}
{"itemId":"B00094OXGE","ProductIndex":83713}
{"itemId":"B0006I5ILW","ProductIndex":121835}
{"itemId":"B00367A8NS","ProductIndex":186202}
{"itemId":"B003IYMA30","ProductIndex":123607}
{"itemId":"B005JQSIT0","ProductIndex":186474}
{"itemId":"B003BT66TG","ProductIndex":128761}
{"itemId":"B008I656NE","ProductIndex":118842}
{"itemId":"B00ET0H8FW","ProductIndex":170839}
{"itemId":"B007MUKAMO","ProductIndex":186762}
{"itemId":"B004AO85GS","ProductIndex":189593}
{"itemId":"B001F81G0Y","ProductIndex":114805}
{"itemId":"B00141G1L6","ProductIndex":161699}
{"itemId":"B001O218CW","ProductIndex":187808}
{"itemId":"B003ONWMYW","ProductIndex":181698}
{"itemId":"B000XYUJSG","ProductIndex":173359}
{"itemId":"B004L5MXVE","ProductIndex":147412}
{"itemId":"B003LJ6NC6","ProductIndex":114007}
{"itemId":"B004NNU8E8","ProductIndex":197970}
{"itemId":"B0065V45FO","ProductIndex":174938}
{"itemId":"B001HBHSWY","ProductIndex":144552}
{"itemId":"B000V0GXSW","ProductIndex":155751}
{"itemId":"B00HC021GC","ProductIndex":130571}
{"itemId":"B0097WP26Y","ProductIndex":164545}
{"itemId":"B00EKKKNJO","ProductIndex":188689}
{"itemId":"B009R9XLRE","ProductIndex":126533}
{"itemId":"B001GXJR4A","ProductIndex":124166}
{"itemId":"B00006HOML","ProductIndex":179531}
{"itemId":"B003062O0A","ProductIndex":177103}
{"itemId":"B00CWLWNWS","ProductIndex":153862}
{"itemId":"B00H6E9AUE","ProductIndex":198269}
{"itemId":"B005LLYD4W","ProductIndex":152196}
{"itemId":"B00005TZ9N","ProductIndex":130003}
{"itemId":"B000M2WNXS","ProductIndex":118096}
{"itemId":"B004TA7PFK","ProductIndex":183464}
{"itemId":"B0008D5FRC","ProductIndex":158884}
{"itemId":"B0096L2WA0","ProductIndex":203975}
{"itemId":"B004NDSQUQ","ProductIndex":172789}
{"itemId":"B004SJY2P8","ProductIndex":102668}
{"itemId":"B00I8S46MY","ProductIndex":202791}
{"itemId":"B003TPA5U8","ProductIndex":140040}
{"itemId":"B0000541NV","ProductIndex":191589}
{"itemId":"B003KIKXXI","ProductIndex":205957}
{"itemId":"B000N2Y87Q","ProductIndex":131863}
{"itemId":"B004DDDGCO","ProductIndex":155789}
{"itemId":"B003X496TQ","ProductIndex":176159}
{"itemId":"B008CMTPCC","ProductIndex":204586}
{"itemId":"B003HEKA56","ProductIndex":202403}
{"itemId":"B0002CZJ6Q","ProductIndex":191923}
{"itemId":"B004O8RI4A","ProductIndex":131704}
{"itemId":"B00BA06ZVW","ProductIndex":131338}
{"itemId":"B0009A33R8","ProductIndex":182526}
{"itemId":"B00E0CEDIE","ProductIndex":173658}
{"itemId":"B006I0NJJU","ProductIndex":109208}
{"itemId":"B001JTLLZ4","ProductIndex":172546}
{"itemId":"B0032GV8ZA","ProductIndex":134165}
{"itemId":"B0056IVE6U","ProductIndex":177058}
{"itemId":"B00D7IQNEY","ProductIndex":169100}
{"itemId":"B007D6VLC0","ProductIndex":154155}
{"itemId":"B001GL3CX4","ProductIndex":115195}
{"itemId":"B00G2FK0UM","ProductIndex":169491}
{"itemId":"B000077CEF","ProductIndex":206438}
{"itemId":"B003TLVNO4","ProductIndex":195818}
{"itemId":"B00FSWKX3E","ProductIndex":177441}
{"itemId":"B00511IUVY","ProductIndex":129565}
{"itemId":"B00004SZL3","ProductIndex":156771}
{"itemId":"B005ODKTA4","ProductIndex":128719}
{"itemId":"B009E93PEQ","ProductIndex":193397}
{"itemId":"B0002XZOVK","ProductIndex":198549}
{"itemId":"B00008IJYO","ProductIndex":191656}
{"itemId":"B002V1AWQI","ProductIndex":178343}
{"itemId":"B00D0ENYGU","ProductIndex":196854}
{"itemId":"B005JNLQG0","ProductIndex":147390}
{"itemId":"B000N7JZ5G","ProductIndex":156369}
{"itemId":"B0085LU146","ProductIndex":190538}
{"itemId":"B005QC342S","ProductIndex":207936}
{"itemId":"B005GKVK5I","ProductIndex":206950}
{"itemId":"B00A6W56PQ","ProductIndex":186879}
{"itemId":"B0002PZGMU","ProductIndex":135637}
{"itemId":"B004I03K78","ProductIndex":163870}
{"itemId":"B00604YS12","ProductIndex":141732}
{"itemId":"B004RK7EP8","ProductIndex":139416}
{"itemId":"B005H3N1CE","ProductIndex":172626}
{"itemId":"B005IQAJK2","ProductIndex":112656}
{"itemId":"B00BFU652G","ProductIndex":132967}
{"itemId":"B00744UNNY","ProductIndex":198927}
{"itemId":"B00004TZG6","ProductIndex":178941}
{"itemId":"B0051PC1LK","ProductIndex":124566}
{"itemId":"B00069DRQE","ProductIndex":143669}
{"itemId":"B0006ZM7VY","ProductIndex":55949}
{"itemId":"B00AKNSR1Q","ProductIndex":175962}
{"itemId":"B005FIHPXW","ProductIndex":183165}
{"itemId":"B001MS6NTG","ProductIndex":158383}
{"itemId":"B00AQMIE0K","ProductIndex":181289}
{"itemId":"B00006IW11","ProductIndex":176895}
{"itemId":"B0017KD0O0","ProductIndex":150476}
{"itemId":"B00JJAYWS8","ProductIndex":165304}
{"itemId":"B00CHJB3ZS","ProductIndex":134632}
{"itemId":"B00B7QVAKK","ProductIndex":140092}
{"itemId":"B000RAHUOW","ProductIndex":195792}
{"itemId":"B0041PJ8US","ProductIndex":182680}
{"itemId":"B007QE10WU","ProductIndex":166138}
{"itemId":"B004ZR2XG8","ProductIndex":194496}
{"itemId":"B003XJ224W","ProductIndex":167733}
{"itemId":"B009XKP4M2","ProductIndex":153977}
{"itemId":"B005UDIY8C","ProductIndex":173391}
{"itemId":"B004LLGPVW","ProductIndex":185080}
{"itemId":"B00F58L0H4","ProductIndex":200244}
{"itemId":"B00FEM9EY2","ProductIndex":201336}
{"itemId":"B0031U1J24","ProductIndex":205682}
{"itemId":"B0080XOL4U","ProductIndex":167383}
{"itemId":"B000BQ7TCA","ProductIndex":208328}
{"itemId":"B005ARFM10","ProductIndex":178993}
{"itemId":"B0001ACMXM","ProductIndex":179437}
{"itemId":"B004SP0J1S","ProductIndex":153642}
{"itemId":"B00APDCS0M","ProductIndex":153687}
{"itemId":"B00651C4EI","ProductIndex":162516}
{"itemId":"B006N5D5VW","ProductIndex":180111}
{"itemId":"B0000CARIL","ProductIndex":165315}
{"itemId":"B00011KM42","ProductIndex":153693}
{"itemId":"B006LWRO5A","ProductIndex":176438}
{"itemId":"B00E1TQK8M","ProductIndex":199504}
{"itemId":"B006E7Y1NA","ProductIndex":158578}
{"itemId":"B009MSECNC","ProductIndex":198547}
{"itemId":"B000MY08U6","ProductIndex":166230}
{"itemId":"B0000658BB","ProductIndex":136650}
{"itemId":"B005ZGJ5P0","ProductIndex":176326}
{"itemId":"B000GX7OBE","ProductIndex":191866}
{"itemId":"B004PLSEE4","ProductIndex":157628}
{"itemId":"B005B6N7IK","ProductIndex":195945}
{"itemId":"B00B4O1S9S","ProductIndex":166271}
{"itemId":"B004SFUJDG","ProductIndex":178927}
{"itemId":"B005EWTJYW","ProductIndex":179339}
{"itemId":"B006HO06WK","ProductIndex":180179}
{"itemId":"B00BJDSLHG","ProductIndex":159486}
{"itemId":"B0034V6HZE","ProductIndex":200290}
{"itemId":"B008MRVH0K","ProductIndex":196824}
{"itemId":"B001OMH1Q4","ProductIndex":152038}
{"itemId":"B00009W3ED","ProductIndex":125173}
{"itemId":"B00G4TVSIY","ProductIndex":179238}
{"itemId":"B006HY0H0Q","ProductIndex":179235}
{"itemId":"B0032F6Q2G","ProductIndex":151318}
{"itemId":"B00CVDKH4I","ProductIndex":206257}
{"itemId":"B00BC3PCG6","ProductIndex":100782}
{"itemId":"B00BHSTSO8","ProductIndex":126148}
{"itemId":"B00CLDVPG2","ProductIndex":190013}
{"itemId":"B00GUAJDKC","ProductIndex":206447}
{"itemId":"B00001RMDY","ProductIndex":182171}
{"itemId":"B004VTQVJU","ProductIndex":183435}
{"itemId":"B009A70YEQ","ProductIndex":186960}
{"itemId":"B004Z4UA7K","ProductIndex":202850}
{"itemId":"B0011LFIQI","ProductIndex":203811}
{"itemId":"B00I16VQOY","ProductIndex":187652}
{"itemId":"B005612O2A","ProductIndex":201497}
{"itemId":"B005P13NG2","ProductIndex":161551}
{"itemId":"B00194VYQK","ProductIndex":182585}
{"itemId":"B00FN6MERS","ProductIndex":191622}
{"itemId":"B001TR9FMC","ProductIndex":155126}
{"itemId":"B001602BYQ","ProductIndex":197254}
{"itemId":"B000EGY54W","ProductIndex":181041}
{"itemId":"B00H79JGTI","ProductIndex":181736}
{"itemId":"B008Z16IZM","ProductIndex":178551}
{"itemId":"B0080E7MFY","ProductIndex":195981}
{"itemId":"B002E9HBFW","ProductIndex":203518}
{"itemId":"B00456XPCU","ProductIndex":195647}
{"itemId":"B00005BHCU","ProductIndex":197927}
{"itemId":"B0009ETWHE","ProductIndex":178769}
