{"itemId":"B0042X9LC4","ProductIndex":519}
{"itemId":"B0029U0WZM","ProductIndex":127132}
{"itemId":"B000NMFCIA","ProductIndex":302}
{"itemId":"B003D5MZUW","ProductIndex":9577}
{"itemId":"B000GIT002","ProductIndex":2008}
{"itemId":"B006ALR3OE","ProductIndex":7750}
{"itemId":"B00GC1ZMYA","ProductIndex":7605}
{"itemId":"B007MDFN50","ProductIndex":17305}
{"itemId":"B006Y44DAY","ProductIndex":9181}
{"itemId":"B0002WPSCG","ProductIndex":3243}
{"itemId":"B000NDR2PA","ProductIndex":29283}
{"itemId":"B005FSLPKG","ProductIndex":27199}
{"itemId":"B006W41W7S","ProductIndex":1078}
{"itemId":"B0034CL2ZI","ProductIndex":172}
{"itemId":"B007K94I2U","ProductIndex":4003}
{"itemId":"B006P2594Y","ProductIndex":8940}
{"itemId":"B004JF9N1O","ProductIndex":10794}
{"itemId":"B0034G4YQS","ProductIndex":23616}
{"itemId":"B0038L54ZO","ProductIndex":3913}
{"itemId":"B003BDNNZ2","ProductIndex":55208}
{"itemId":"B0001FTVDQ","ProductIndex":1337}
{"itemId":"B0000TNZDK","ProductIndex":19761}
{"itemId":"B006DAD8HS","ProductIndex":18943}
{"itemId":"B003D15K44","ProductIndex":10237}
{"itemId":"B00H2X62I2","ProductIndex":164601}
{"itemId":"B0034SRYW2","ProductIndex":104495}
{"itemId":"B000KZBRG6","ProductIndex":32167}
{"itemId":"B0024OF15Y","ProductIndex":11522}
{"itemId":"B0001BVXI6","ProductIndex":2414}
{"itemId":"B005J7CHZA","ProductIndex":60484}
{"itemId":"B0092QJRPC","ProductIndex":13477}
{"itemId":"B006DJU6FG","ProductIndex":76730}
{"itemId":"B002VLYK7K","ProductIndex":106729}
{"itemId":"B007KTQU26","ProductIndex":15071}
{"itemId":"B000HI3HIC","ProductIndex":83255}
{"itemId":"B009LB2V3I","ProductIndex":2581}
{"itemId":"B000JFJDAE","ProductIndex":20665}
{"itemId":"B005G5053G","ProductIndex":30921}
{"itemId":"B0014JG5RI","ProductIndex":39954}
{"itemId":"B002AQSTXM","ProductIndex":9740}
{"itemId":"B002WLMDM8","ProductIndex":72483}
{"itemId":"B007IJ7T4G","ProductIndex":13569}
{"itemId":"B008Y2AQ32","ProductIndex":75351}
{"itemId":"B00032Q20W","ProductIndex":83551}
{"itemId":"B004N6L04C","ProductIndex":110556}
{"itemId":"B007F9B0BW","ProductIndex":34968}
{"itemId":"B00B7GAE98","ProductIndex":3098}
{"itemId":"B008X1BV9M","ProductIndex":4303}
{"itemId":"B003E2T13S","ProductIndex":7272}
{"itemId":"B001WRP4WE","ProductIndex":18704}
{"itemId":"B008VLQAQS","ProductIndex":4741}
{"itemId":"B003CIRRGC","ProductIndex":34241}
{"itemId":"B004K5AZAQ","ProductIndex":9803}
{"itemId":"B0010BK24W","ProductIndex":14390}
{"itemId":"B0074F5DMO","ProductIndex":9512}
{"itemId":"B00005NOKT","ProductIndex":15523}
{"itemId":"B009FLF1RW","ProductIndex":24111}
{"itemId":"B0019UDB1A","ProductIndex":40794}
{"itemId":"B008PQJXFO","ProductIndex":19208}
{"itemId":"B003L170GM","ProductIndex":58848}
{"itemId":"B001J8BPYM","ProductIndex":6831}
{"itemId":"B00012EYNG","ProductIndex":5246}
{"itemId":"B0007XB6TY","ProductIndex":21634}
{"itemId":"B0012QN3AA","ProductIndex":2561}
{"itemId":"B005EBLYAK","ProductIndex":44952}
{"itemId":"B000ME8R22","ProductIndex":8242}
{"itemId":"B005I6DU7G","ProductIndex":8564}
{"itemId":"B000G6M916","ProductIndex":4813}
{"itemId":"B004JMGMOS","ProductIndex":168795}
{"itemId":"B00AIL3SFU","ProductIndex":35238}
{"itemId":"B00004VX3A","ProductIndex":43455}
{"itemId":"B005H48SRQ","ProductIndex":10894}
{"itemId":"B003U8GI5U","ProductIndex":97561}
{"itemId":"B002QL3CX8","ProductIndex":125419}
{"itemId":"B0009RVG7K","ProductIndex":128960}
{"itemId":"B00AW1UJPI","ProductIndex":59056}
{"itemId":"B007QE03IM","ProductIndex":13353}
{"itemId":"B009RH9FR6","ProductIndex":2313}
{"itemId":"B002SSL920","ProductIndex":13287}
{"itemId":"B003YKG8YK","ProductIndex":38686}
{"itemId":"B005A2DP2I","ProductIndex":18441}
{"itemId":"B004G2F936","ProductIndex":63657}
{"itemId":"B00AA0X04I","ProductIndex":173910}
{"itemId":"B0032Y1BOU","ProductIndex":92547}
{"itemId":"B002UR36J8","ProductIndex":92079}
{"itemId":"B003HKRVAW","ProductIndex":2877}
{"itemId":"B0000DIK0U","ProductIndex":23865}
{"itemId":"B002CGSYM6","ProductIndex":17466}
{"itemId":"B0088QTSDI","ProductIndex":27015}
{"itemId":"B00005RI9K","ProductIndex":127825}
{"itemId":"B00G7LA7YU","ProductIndex":89331}
{"itemId":"B005H476S8","ProductIndex":10023}
{"itemId":"B0000AKA90","ProductIndex":5782}
{"itemId":"B000063Y9L","ProductIndex":186010}
{"itemId":"B0034PSKGY","ProductIndex":43235}
{"itemId":"B00FSB7BX0","ProductIndex":25405}
{"itemId":"B0043T7FHK","ProductIndex":4400}
{"itemId":"B00A6YQQS0","ProductIndex":101787}
{"itemId":"B0089WLZV4","ProductIndex":14880}
{"itemId":"B000RPTX0Q","ProductIndex":88878}
{"itemId":"B000NO13ZE","ProductIndex":195485}
{"itemId":"B000AA7MQA","ProductIndex":40969}
{"itemId":"B0081B58LG","ProductIndex":19997}
{"itemId":"B007VPBQRS","ProductIndex":170701}
{"itemId":"B001LJXZZG","ProductIndex":40635}
{"itemId":"B00161MNZW","ProductIndex":55099}
{"itemId":"B0058PYKNK","ProductIndex":36535}
{"itemId":"B000AS66QY","ProductIndex":82481}
{"itemId":"B00016V3VI","ProductIndex":19846}
{"itemId":"B000N2OBWS","ProductIndex":24601}
{"itemId":"B007I7GEBM","ProductIndex":100449}
{"itemId":"B006YBQ6Z2","ProductIndex":7096}
{"itemId":"B0032XLSLM","ProductIndex":22438}
{"itemId":"B003I4TGDC","ProductIndex":6621}
{"itemId":"B000JFAMZY","ProductIndex":34817}
{"itemId":"B000NPFQ24","ProductIndex":34543}
{"itemId":"B009HL556M","ProductIndex":59708}
{"itemId":"B00007KJYY","ProductIndex":157562}
{"itemId":"B001EXFETE","ProductIndex":86084}
{"itemId":"B000HX6SJM","ProductIndex":131744}
{"itemId":"B002CEMGUO","ProductIndex":54469}
{"itemId":"B006WI65RG","ProductIndex":15949}
{"itemId":"B001ENJ88W","ProductIndex":40224}
{"itemId":"B0002SQ2MU","ProductIndex":32974}
{"itemId":"B00C3BB1D4","ProductIndex":63676}
{"itemId":"B00009ZOIZ","ProductIndex":31283}
{"itemId":"B00B9GF5DQ","ProductIndex":54742}
{"itemId":"B000F5FKHI","ProductIndex":5411}
{"itemId":"B0000ULJWS","ProductIndex":15119}
{"itemId":"B001COCG9G","ProductIndex":19078}
{"itemId":"B007QWF9GK","ProductIndex":4692}
{"itemId":"B000E7VLPW","ProductIndex":82164}
{"itemId":"B005IQGUD2","ProductIndex":26289}
{"itemId":"B000FTLSR0","ProductIndex":12414}
{"itemId":"B00DLZWCV6","ProductIndex":12420}
{"itemId":"B00B9L816E","ProductIndex":57171}
{"itemId":"B007ZSV9XM","ProductIndex":7875}
{"itemId":"B000OWX0BA","ProductIndex":49919}
{"itemId":"B00HMTLMOK","ProductIndex":147953}
{"itemId":"B0093XAV4U","ProductIndex":39294}
{"itemId":"B00062N5AY","ProductIndex":41841}
{"itemId":"B002QPJSEG","ProductIndex":94715}
{"itemId":"B0035MDZKM","ProductIndex":21830}
{"itemId":"B003LL9R6S","ProductIndex":51917}
{"itemId":"B00335LX9G","ProductIndex":55059}
{"itemId":"B0009JVTMA","ProductIndex":33448}
{"itemId":"B001ICOIS4","ProductIndex":156729}
{"itemId":"B005LLS7WG","ProductIndex":89116}
{"itemId":"B005C2S1PW","ProductIndex":127246}
{"itemId":"B0031SWDKI","ProductIndex":9887}
{"itemId":"B00475KB08","ProductIndex":171471}
{"itemId":"B002C0SKBW","ProductIndex":6394}
{"itemId":"B00D45QLOW","ProductIndex":42457}
{"itemId":"B002N5CV8Y","ProductIndex":14213}
{"itemId":"B008BTSTU0","ProductIndex":25917}
{"itemId":"B003YMN3O6","ProductIndex":25761}
{"itemId":"B00A4ZXE40","ProductIndex":3571}
{"itemId":"B000M9SUC4","ProductIndex":89732}
{"itemId":"B000GGBQ0G","ProductIndex":115668}
{"itemId":"B002N8A1HO","ProductIndex":29581}
{"itemId":"B004MEXVOW","ProductIndex":24764}
{"itemId":"B001TR4SAG","ProductIndex":46019}
{"itemId":"B007BGGDXY","ProductIndex":53568}
{"itemId":"B001BSIXT0","ProductIndex":43105}
{"itemId":"B003C2T1IU","ProductIndex":6020}
{"itemId":"B007BY3OTW","ProductIndex":7085}
{"itemId":"B00CGUMR2Q","ProductIndex":1876}
{"itemId":"B000EN62WS","ProductIndex":74024}
{"itemId":"B004Z4UA5C","ProductIndex":96274}
{"itemId":"B002LIL37I","ProductIndex":43944}
{"itemId":"B00CGDGR74","ProductIndex":71353}
{"itemId":"B0014175OI","ProductIndex":6931}
{"itemId":"B0015LORCU","ProductIndex":45954}
{"itemId":"B004YI6N00","ProductIndex":12094}
{"itemId":"B000EEZCEG","ProductIndex":5341}
{"itemId":"B0076R7FWQ","ProductIndex":12312}
{"itemId":"B00DVEJA7G","ProductIndex":30356}
{"itemId":"B00EHA3WVS","ProductIndex":104298}
{"itemId":"B000MAM9MA","ProductIndex":25674}
{"itemId":"B009VBKGNA","ProductIndex":38753}
{"itemId":"B00BWUHJFQ","ProductIndex":104514}
{"itemId":"B008POKZOY","ProductIndex":75548}
{"itemId":"B005CWS5AS","ProductIndex":17278}
{"itemId":"B0002Q72U8","ProductIndex":56972}
{"itemId":"B0092TXK5C","ProductIndex":99474}
{"itemId":"B00005BAUP","ProductIndex":92420}
{"itemId":"B000MCXB7K","ProductIndex":28789}
{"itemId":"B00003CWGM","ProductIndex":107354}
{"itemId":"B001A1TMR0","ProductIndex":40000}
{"itemId":"B008D5DLZA","ProductIndex":49630}
{"itemId":"B003UEQW6E","ProductIndex":28269}
{"itemId":"B003ZHV978","ProductIndex":25154}
{"itemId":"B004I4YPFU","ProductIndex":39249}
{"itemId":"B0002ATWPW","ProductIndex":19080}
{"itemId":"B0016JK2W0","ProductIndex":56122}
{"itemId":"B0002E3WSQ","ProductIndex":183904}
{"itemId":"B0088L17ZK","ProductIndex":72909}
{"itemId":"B003214YBU","ProductIndex":23283}
{"itemId":"B00141CIZO","ProductIndex":24678}
{"itemId":"B00139OIRI","ProductIndex":11352}
{"itemId":"B0090UMDD8","ProductIndex":32008}
{"itemId":"B004CHLO8O","ProductIndex":83606}
{"itemId":"B00A1RW028","ProductIndex":63853}
{"itemId":"B002L6HDRE","ProductIndex":17979}
{"itemId":"B00BHQ5NVM","ProductIndex":23134}
{"itemId":"B005SCYHV8","ProductIndex":35806}
{"itemId":"B004XYM1IS","ProductIndex":41763}
{"itemId":"B005FFUMWG","ProductIndex":76653}
{"itemId":"B00022PTUC","ProductIndex":67154}
{"itemId":"B0034E2GXS","ProductIndex":60380}
{"itemId":"B001ABK19S","ProductIndex":82679}
{"itemId":"B002WPTMPK","ProductIndex":19360}
{"itemId":"B00BTMJ16W","ProductIndex":59941}
{"itemId":"B001BP7YFM","ProductIndex":17743}
{"itemId":"B000BSWE3M","ProductIndex":48333}
{"itemId":"B00ARQHWYE","ProductIndex":58721}
{"itemId":"B007HBYODY","ProductIndex":153270}
{"itemId":"B006GFDPOG","ProductIndex":28302}
{"itemId":"B00BSEVVWI","ProductIndex":97470}
{"itemId":"B0009WQFVC","ProductIndex":41739}
{"itemId":"B000EPHKUE","ProductIndex":162219}
{"itemId":"B001F6M0WY","ProductIndex":69364}
{"itemId":"B005CWID0A","ProductIndex":45465}
{"itemId":"B00281EII4","ProductIndex":28923}
{"itemId":"B001DDEJLE","ProductIndex":46404}
{"itemId":"B004MU8DIK","ProductIndex":59323}
{"itemId":"B00CPP6UO8","ProductIndex":131545}
{"itemId":"B00D7YRP3G","ProductIndex":163620}
{"itemId":"B003O7WHBG","ProductIndex":131993}
{"itemId":"B00HVBJPKW","ProductIndex":69708}
{"itemId":"B005TQ1X3I","ProductIndex":82595}
{"itemId":"B001BYHSI6","ProductIndex":130512}
{"itemId":"B00CDG65F8","ProductIndex":110972}
{"itemId":"B008RSH6NG","ProductIndex":30815}
{"itemId":"B00005219A","ProductIndex":18730}
{"itemId":"B002V1B35C","ProductIndex":51076}
{"itemId":"B00COLBNTK","ProductIndex":18833}
{"itemId":"B0088JK2ZI","ProductIndex":136050}
{"itemId":"B003U9PSIC","ProductIndex":25694}
{"itemId":"B00001W0DF","ProductIndex":92797}
{"itemId":"B000GKD146","ProductIndex":99731}
{"itemId":"B0084PKCA6","ProductIndex":61005}
{"itemId":"B00552PFDA","ProductIndex":89288}
{"itemId":"B004323D96","ProductIndex":75849}
{"itemId":"B000KDZ3GS","ProductIndex":103185}
{"itemId":"B007HJ5R32","ProductIndex":35581}
{"itemId":"B00E5XUGIO","ProductIndex":108791}
{"itemId":"B0044XKJ1E","ProductIndex":139334}
{"itemId":"B004ATOEYU","ProductIndex":41992}
{"itemId":"B0060QHPCO","ProductIndex":89246}
{"itemId":"B002CYRRM6","ProductIndex":69701}
{"itemId":"B004SWJJ6M","ProductIndex":66183}
{"itemId":"B003YCLB0E","ProductIndex":44117}
{"itemId":"B002BUXW1G","ProductIndex":124743}
{"itemId":"B008B09IBS","ProductIndex":75622}
{"itemId":"B007GB93DG","ProductIndex":180177}
{"itemId":"B003FPD3IS","ProductIndex":12307}
{"itemId":"B005PAJI4Y","ProductIndex":32665}
{"itemId":"B008FF84K0","ProductIndex":26698}
{"itemId":"B0097AU0I6","ProductIndex":95265}
{"itemId":"B00472AS7M","ProductIndex":110169}
{"itemId":"B005ODKOCC","ProductIndex":99438}
{"itemId":"B0054JGGD2","ProductIndex":14063}
{"itemId":"B00A02XI9I","ProductIndex":51344}
{"itemId":"B00I9V8D92","ProductIndex":36167}
{"itemId":"B002MZ4UP2","ProductIndex":73792}
{"itemId":"B00004Z4D3","ProductIndex":162068}
{"itemId":"B0058M3RXW","ProductIndex":17744}
{"itemId":"B002QPW9J2","ProductIndex":42852}
{"itemId":"B001CN9GEA","ProductIndex":13002}
{"itemId":"B00GSQUU6Y","ProductIndex":174204}
{"itemId":"B0002EXI80","ProductIndex":30196}
{"itemId":"B0030BLZEG","ProductIndex":57202}
{"itemId":"B000V0BVB6","ProductIndex":113019}
{"itemId":"B007PCP5II","ProductIndex":42695}
{"itemId":"B00H69QNKO","ProductIndex":85498}
{"itemId":"B000JLU1JU","ProductIndex":30847}
{"itemId":"B002665NXA","ProductIndex":100991}
{"itemId":"B006BGW0SC","ProductIndex":153311}
{"itemId":"B004KJE8GY","ProductIndex":32676}
{"itemId":"B00B4NZXWC","ProductIndex":137970}
{"itemId":"B000RYRATS","ProductIndex":110475}
{"itemId":"B000ORMBA6","ProductIndex":20722}
{"itemId":"B0043CET76","ProductIndex":54629}
{"itemId":"B007C8EG3K","ProductIndex":66532}
{"itemId":"B0043SKTJC","ProductIndex":86998}
{"itemId":"B0007X7VZW","ProductIndex":69106}
{"itemId":"B0039KQFVQ","ProductIndex":72291}
{"itemId":"B002PAR0BU","ProductIndex":111561}
{"itemId":"B0002XRPNA","ProductIndex":51370}
{"itemId":"B00BQ8V0EA","ProductIndex":35357}
{"itemId":"B005LDF6ZK","ProductIndex":38759}
{"itemId":"B0006N3EU4","ProductIndex":97219}
{"itemId":"B005GX4XVS","ProductIndex":121786}
{"itemId":"B007HF908O","ProductIndex":71050}
{"itemId":"B002WPUC5Y","ProductIndex":11656}
{"itemId":"B004I408OW","ProductIndex":24362}
{"itemId":"B0007WQ5NM","ProductIndex":39302}
{"itemId":"B008EFJAF4","ProductIndex":92643}
{"itemId":"B009TBLIIO","ProductIndex":133176}
{"itemId":"B001U0O5QE","ProductIndex":10160}
{"itemId":"B004GYWQ8U","ProductIndex":52388}
{"itemId":"B00AT4TN00","ProductIndex":24062}
{"itemId":"B00003L4EZ","ProductIndex":147639}
{"itemId":"B0039RV03C","ProductIndex":32968}
{"itemId":"B002ONCD4M","ProductIndex":33262}
{"itemId":"B00009QORL","ProductIndex":15617}
{"itemId":"B00CWDCGPA","ProductIndex":19205}
{"itemId":"B0093H4YDU","ProductIndex":162930}
{"itemId":"B006905U5A","ProductIndex":49262}
{"itemId":"B0031MJZ0K","ProductIndex":14753}
{"itemId":"B005QL1H3W","ProductIndex":12646}
{"itemId":"B007CKZ128","ProductIndex":207948}
{"itemId":"B000BMLI12","ProductIndex":49531}
{"itemId":"B000WVVX6W","ProductIndex":29930}
{"itemId":"B0040GJJ20","ProductIndex":114981}
{"itemId":"B003U8JX4I","ProductIndex":120010}
{"itemId":"B000KL4V40","ProductIndex":172259}
{"itemId":"B009XHC7F2","ProductIndex":53085}
{"itemId":"B002KXRS9Q","ProductIndex":61844}
{"itemId":"B004YUAGFG","ProductIndex":62239}
{"itemId":"B000W8W8PA","ProductIndex":49435}
{"itemId":"B00158R3G0","ProductIndex":30684}
{"itemId":"B007R1H6ZW","ProductIndex":170951}
{"itemId":"B000V5DK2O","ProductIndex":51899}
{"itemId":"B0029TNH3C","ProductIndex":49382}
{"itemId":"B0000TFCFO","ProductIndex":125869}
{"itemId":"B0084IU12W","ProductIndex":69805}
{"itemId":"B003SGEHKC","ProductIndex":60859}
{"itemId":"B006WC93AI","ProductIndex":109860}
{"itemId":"B000NTXG1S","ProductIndex":14302}
{"itemId":"B0031LE7AO","ProductIndex":152416}
{"itemId":"B00F7DO4K2","ProductIndex":70661}
{"itemId":"B00269SK6O","ProductIndex":29656}
{"itemId":"B0006VBTDA","ProductIndex":81775}
{"itemId":"B00004TZF9","ProductIndex":16177}
{"itemId":"B004OXV74M","ProductIndex":121456}
{"itemId":"B007MJSSQU","ProductIndex":201476}
{"itemId":"B00EZB50BO","ProductIndex":152705}
{"itemId":"B0069SHOPG","ProductIndex":175575}
{"itemId":"B0094KJWPQ","ProductIndex":50617}
{"itemId":"B004ZMF4OQ","ProductIndex":39576}
{"itemId":"B00008O35T","ProductIndex":21117}
{"itemId":"B0012NAT0A","ProductIndex":63518}
{"itemId":"B007ASCG02","ProductIndex":113081}
{"itemId":"B00FYM8LDW","ProductIndex":67266}
{"itemId":"B001FOM1T8","ProductIndex":27575}
{"itemId":"B00F37ZAYQ","ProductIndex":160368}
{"itemId":"B007ZZAMAQ","ProductIndex":33466}
{"itemId":"B00DTWHQUS","ProductIndex":66567}
{"itemId":"B00DDDP0MO","ProductIndex":181252}
{"itemId":"B007JWBXC6","ProductIndex":61929}
{"itemId":"B001H4ZCS8","ProductIndex":35749}
{"itemId":"B00848U5C8","ProductIndex":84197}
{"itemId":"B009NV35HW","ProductIndex":104679}
{"itemId":"B002W4XNQ0","ProductIndex":60050}
{"itemId":"B00BEYM8U6","ProductIndex":180866}
{"itemId":"B003ZTU0OO","ProductIndex":8965}
{"itemId":"B0085IZU7C","ProductIndex":86178}
{"itemId":"B0013ZGOYM","ProductIndex":16625}
{"itemId":"B0002F7BR8","ProductIndex":81389}
{"itemId":"B001NPEB6U","ProductIndex":67942}
{"itemId":"B0094C0DYI","ProductIndex":55268}
{"itemId":"B000067R8G","ProductIndex":37185}
{"itemId":"B00A0I97RY","ProductIndex":46194}
{"itemId":"B000IBMQVW","ProductIndex":66584}
{"itemId":"B000063ILB","ProductIndex":34165}
{"itemId":"B00BVA08XC","ProductIndex":172828}
{"itemId":"B0038KP3KQ","ProductIndex":61971}
{"itemId":"B0083SQ0Q4","ProductIndex":92015}
{"itemId":"B000ROQIB4","ProductIndex":198872}
{"itemId":"B0017T7GOG","ProductIndex":63806}
{"itemId":"B004U3Z2CE","ProductIndex":166670}
{"itemId":"B002KCTFLG","ProductIndex":49265}
{"itemId":"B001AM7BHC","ProductIndex":64340}
{"itemId":"B00CXMFP30","ProductIndex":18012}
{"itemId":"B000V7CPJG","ProductIndex":16830}
{"itemId":"B000OTKA1G","ProductIndex":174315}
{"itemId":"B0002WPRHW","ProductIndex":145336}
{"itemId":"B009ELURIG","ProductIndex":23264}
{"itemId":"B0081W28LI","ProductIndex":57534}
{"itemId":"B0006688X4","ProductIndex":151189}
{"itemId":"B007TUZ5KE","ProductIndex":63480}
{"itemId":"B00004Z591","ProductIndex":61094}
{"itemId":"B0000C6J5Q","ProductIndex":179606}
{"itemId":"B002NTMHTS","ProductIndex":152063}
{"itemId":"B00EHCY3AA","ProductIndex":67938}
{"itemId":"B0090CFY1E","ProductIndex":47434}
{"itemId":"B001YJTBJM","ProductIndex":103729}
{"itemId":"B009J1HOKK","ProductIndex":112022}
{"itemId":"B001HH4QQO","ProductIndex":153778}
{"itemId":"B000FIQAC4","ProductIndex":81075}
{"itemId":"B0011U64YE","ProductIndex":58046}
{"itemId":"B000H5EVYE","ProductIndex":172093}
{"itemId":"B0079T724W","ProductIndex":17414}
{"itemId":"B000IMFUEG","ProductIndex":114344}
{"itemId":"B007DK0FMI","ProductIndex":63463}
{"itemId":"B002EC37U2","ProductIndex":56399}
{"itemId":"B002HGXEMG","ProductIndex":117496}
{"itemId":"B00COQIX9I","ProductIndex":84710}
{"itemId":"B000HLZOIU","ProductIndex":39850}
{"itemId":"B0014SWPX2","ProductIndex":32826}
{"itemId":"B000E5XHGK","ProductIndex":49704}
{"itemId":"B00008VEK8","ProductIndex":59309}
{"itemId":"B001CK0BHO","ProductIndex":72338}
{"itemId":"B00BIY1Z5Q","ProductIndex":89153}
{"itemId":"B008YFD5G4","ProductIndex":21367}
{"itemId":"B00BLGUKEI","ProductIndex":25245}
{"itemId":"B006WR30DO","ProductIndex":55592}
{"itemId":"B002SJAKFQ","ProductIndex":169829}
{"itemId":"B00ASGICK6","ProductIndex":54161}
{"itemId":"B003LYWE0G","ProductIndex":32438}
{"itemId":"B002HYJS7I","ProductIndex":87786}
{"itemId":"B002T3JN0Y","ProductIndex":20730}
{"itemId":"B0021XOILG","ProductIndex":36349}
{"itemId":"B000L0Q9L8","ProductIndex":167717}
{"itemId":"B0044QPWGS","ProductIndex":96619}
{"itemId":"B0041D97KQ","ProductIndex":59687}
{"itemId":"B004TNAE3W","ProductIndex":129681}
{"itemId":"B004CAMGBK","ProductIndex":78661}
{"itemId":"B000FEE4T4","ProductIndex":72923}
{"itemId":"B00009ZV4S","ProductIndex":195613}
{"itemId":"B0041IVWTA","ProductIndex":44099}
{"itemId":"B002UKZ9K4","ProductIndex":43771}
{"itemId":"B000WKY2ZC","ProductIndex":64674}
{"itemId":"B002R0JJYE","ProductIndex":29365}
{"itemId":"B003SR3HJI","ProductIndex":52657}
{"itemId":"B0019VSU88","ProductIndex":38427}
{"itemId":"B009VY3S6Y","ProductIndex":95130}
{"itemId":"B00CJ27AVO","ProductIndex":39666}
{"itemId":"B0064L8NXU","ProductIndex":127695}
{"itemId":"B0010BK4ZY","ProductIndex":157002}
{"itemId":"B000Q69TH8","ProductIndex":124102}
{"itemId":"B006MVNBRK","ProductIndex":45333}
{"itemId":"B000FZXGWY","ProductIndex":105096}
{"itemId":"B00B2IC0VQ","ProductIndex":50476}
{"itemId":"B003WM4EZU","ProductIndex":205988}
{"itemId":"B006C2CYGI","ProductIndex":53081}
{"itemId":"B000JFMYFA","ProductIndex":60645}
{"itemId":"B000NLMGEO","ProductIndex":91489}
{"itemId":"B008LTB3O4","ProductIndex":92379}
{"itemId":"B0002IWIBE","ProductIndex":77425}
{"itemId":"B004PYKM1Y","ProductIndex":42409}
{"itemId":"B00CABN97I","ProductIndex":124948}
{"itemId":"B009P8KTPE","ProductIndex":36505}
{"itemId":"B007BXZI2O","ProductIndex":98906}
{"itemId":"B0013IO2CA","ProductIndex":170752}
{"itemId":"B004DPDCJO","ProductIndex":83991}
{"itemId":"B0007R7EHS","ProductIndex":108636}
{"itemId":"B00IGRNPVK","ProductIndex":155744}
{"itemId":"B0000BZL59","ProductIndex":136453}
{"itemId":"B003HPFAK0","ProductIndex":198525}
{"itemId":"B006HJ6FA2","ProductIndex":205657}
{"itemId":"B004P4PM50","ProductIndex":69605}
{"itemId":"B000K9UYAC","ProductIndex":46711}
{"itemId":"B00A9SR0YW","ProductIndex":58536}
{"itemId":"B0052IPCSK","ProductIndex":47697}
{"itemId":"B009DBVKT2","ProductIndex":145311}
{"itemId":"B005CJBUIK","ProductIndex":177006}
{"itemId":"B00BN5SXQE","ProductIndex":61357}
{"itemId":"B000V2KTU8","ProductIndex":44058}
{"itemId":"B004QGVXJQ","ProductIndex":146519}
{"itemId":"B006JHKNAU","ProductIndex":112445}
{"itemId":"B000ZBJDKM","ProductIndex":30697}
{"itemId":"B00LBIOQFA","ProductIndex":110422}
{"itemId":"B006NPYY4E","ProductIndex":74396}
{"itemId":"B00G3MP39M","ProductIndex":58615}
{"itemId":"B000EW86DM","ProductIndex":86352}
{"itemId":"B001RS50BI","ProductIndex":125879}
{"itemId":"B00B3JLXSA","ProductIndex":25066}
{"itemId":"B0056K52Q6","ProductIndex":125699}
{"itemId":"B00005MEMN","ProductIndex":97008}
{"itemId":"B006W8U2WU","ProductIndex":154275}
{"itemId":"B0028ACWKQ","ProductIndex":33066}
{"itemId":"B005B51KMQ","ProductIndex":65388}
{"itemId":"B005JWKCAM","ProductIndex":31662}
{"itemId":"B009F7EQPY","ProductIndex":55256}
{"itemId":"B001S2RCWS","ProductIndex":16909}
{"itemId":"B00B2B3HOC","ProductIndex":111161}
{"itemId":"B009NVMJGA","ProductIndex":63365}
{"itemId":"B004JKNHVG","ProductIndex":94855}
{"itemId":"B004Q73I2U","ProductIndex":141983}
{"itemId":"B005EJMYNS","ProductIndex":67874}
{"itemId":"B00GN63IMC","ProductIndex":116206}
{"itemId":"B009NAYOP0","ProductIndex":113616}
{"itemId":"B00BRI4YM4","ProductIndex":22289}
{"itemId":"B00DYD0M2Q","ProductIndex":106856}
{"itemId":"B00ANNF8VK","ProductIndex":116420}
{"itemId":"B00165FT7C","ProductIndex":67110}
{"itemId":"B003L14VTG","ProductIndex":48732}
{"itemId":"B000W8SUI4","ProductIndex":105184}
{"itemId":"B009D90JFA","ProductIndex":92542}
{"itemId":"B003YJ6KCQ","ProductIndex":160972}
{"itemId":"B007SJ9VCY","ProductIndex":55114}
{"itemId":"B004I3OI1M","ProductIndex":57373}
{"itemId":"B004303XMU","ProductIndex":36968}
{"itemId":"B0000AB4NQ","ProductIndex":118623}
{"itemId":"B00BL8GY6O","ProductIndex":53797}
{"itemId":"B0018AMET6","ProductIndex":63154}
{"itemId":"B00437GQBI","ProductIndex":169242}
{"itemId":"B00CF08R08","ProductIndex":149563}
{"itemId":"B00BB9OXM0","ProductIndex":31610}
{"itemId":"B003DKL55S","ProductIndex":20643}
{"itemId":"B008AE2XIK","ProductIndex":53064}
{"itemId":"B0062F3EZU","ProductIndex":63505}
{"itemId":"B009HK0SA6","ProductIndex":144509}
{"itemId":"B005IVYZMU","ProductIndex":92042}
{"itemId":"B000HS35L6","ProductIndex":169492}
{"itemId":"B007P1X7XY","ProductIndex":71173}
{"itemId":"B00006JPEP","ProductIndex":103624}
{"itemId":"B0030M2KR6","ProductIndex":154197}
{"itemId":"B002Q6ZFHO","ProductIndex":80211}
{"itemId":"B004ELA7TA","ProductIndex":20314}
{"itemId":"B000EO6SD0","ProductIndex":202835}
{"itemId":"B00D2SQ6W8","ProductIndex":109320}
{"itemId":"B000JL9BYQ","ProductIndex":146964}
{"itemId":"B00B620TOS","ProductIndex":109647}
{"itemId":"B00C39IPLW","ProductIndex":136616}
{"itemId":"B00CW7GJOU","ProductIndex":56133}
{"itemId":"B005SUHA32","ProductIndex":44038}
{"itemId":"B00AB25PIE","ProductIndex":39956}
{"itemId":"B007XHHRQ8","ProductIndex":70457}
{"itemId":"B000083EAI","ProductIndex":25884}
{"itemId":"B007TUZ0FE","ProductIndex":104957}
{"itemId":"B007A2WLSK","ProductIndex":96248}
{"itemId":"B003C23NR0","ProductIndex":116460}
{"itemId":"B007JBN6QI","ProductIndex":107003}
{"itemId":"B000MJD43Y","ProductIndex":207489}
{"itemId":"B00HJY3ACU","ProductIndex":59078}
{"itemId":"B003NBWTFW","ProductIndex":102791}
{"itemId":"B001T9N0F8","ProductIndex":41360}
{"itemId":"B0054YV92K","ProductIndex":85199}
{"itemId":"B003FMUL72","ProductIndex":39070}
{"itemId":"B00GYFLO14","ProductIndex":37240}
{"itemId":"B004GIIXF6","ProductIndex":111508}
{"itemId":"B00469ZREA","ProductIndex":175176}
{"itemId":"B005553BYM","ProductIndex":67653}
{"itemId":"B00006I5LQ","ProductIndex":115407}
{"itemId":"B004KTQT5C","ProductIndex":101511}
{"itemId":"B004RDIYHM","ProductIndex":168745}
{"itemId":"B007QBL54G","ProductIndex":164093}
{"itemId":"B00C40Z0AE","ProductIndex":141218}
{"itemId":"B000IN04EG","ProductIndex":50053}
{"itemId":"B0049FVMF4","ProductIndex":36137}
{"itemId":"B000R7QKTQ","ProductIndex":172631}
{"itemId":"B0044XU36A","ProductIndex":116709}
{"itemId":"B005212ZGE","ProductIndex":45765}
{"itemId":"B00IJKZMNS","ProductIndex":75219}
{"itemId":"B003JUMK3S","ProductIndex":133177}
{"itemId":"B000BJUJUG","ProductIndex":119296}
{"itemId":"B00006FDR3","ProductIndex":89986}
{"itemId":"B002WGJFF6","ProductIndex":94801}
{"itemId":"B001UG3GNG","ProductIndex":157326}
{"itemId":"B000Q8UCIG","ProductIndex":111931}
{"itemId":"B000KNAO8A","ProductIndex":146066}
{"itemId":"B0061SXQFG","ProductIndex":178898}
{"itemId":"B000WDT09C","ProductIndex":154281}
{"itemId":"B003C2QSEK","ProductIndex":136601}
{"itemId":"B002JH1ARY","ProductIndex":71504}
{"itemId":"B00DHNYJSQ","ProductIndex":170907}
{"itemId":"B008TO35EW","ProductIndex":70412}
{"itemId":"B00005JTVV","ProductIndex":183853}
{"itemId":"B00462R9WA","ProductIndex":152572}
{"itemId":"B00GBNMAD0","ProductIndex":143914}
{"itemId":"B00004TX6C","ProductIndex":73964}
{"itemId":"B0065D102S","ProductIndex":146228}
{"itemId":"B0080AOG02","ProductIndex":115600}
{"itemId":"B0046T44YO","ProductIndex":78045}
{"itemId":"B001IAX9AE","ProductIndex":115133}
{"itemId":"B002BSDLM8","ProductIndex":40359}
{"itemId":"B00EVVC8Q8","ProductIndex":146764}
{"itemId":"B004MBEE14","ProductIndex":145165}
{"itemId":"B0040HHFW0","ProductIndex":127864}
{"itemId":"B00EJW09CE","ProductIndex":170007}
{"itemId":"B0022UIBZ2","ProductIndex":106213}
{"itemId":"B009AAU9VQ","ProductIndex":72996}
{"itemId":"B001EWCGGE","ProductIndex":140013}
{"itemId":"B007VITFK0","ProductIndex":74814}
{"itemId":"B007PQ0KL6","ProductIndex":65851}
{"itemId":"B004ETSGIQ","ProductIndex":68260}
{"itemId":"B00005NIM7","ProductIndex":208133}
{"itemId":"B00912TH20","ProductIndex":113647}
{"itemId":"B00EQGBH4M","ProductIndex":130175}
{"itemId":"B00898K7C6","ProductIndex":79874}
{"itemId":"B00457R8H2","ProductIndex":196889}
{"itemId":"B000MN63DI","ProductIndex":89941}
{"itemId":"B007T93H6E","ProductIndex":77690}
{"itemId":"B004XUNW26","ProductIndex":93483}
{"itemId":"B00JCSLDAW","ProductIndex":75698}
{"itemId":"B00313LOQC","ProductIndex":52688}
{"itemId":"B00461Y3IO","ProductIndex":102606}
{"itemId":"B009KY5YOY","ProductIndex":137580}
{"itemId":"B004EX1B1G","ProductIndex":66035}
{"itemId":"B000K5YIE4","ProductIndex":193544}
{"itemId":"B0052ZKG4I","ProductIndex":63185}
{"itemId":"B00FE9OYZ4","ProductIndex":151148}
{"itemId":"B005D7V6YY","ProductIndex":106413}
{"itemId":"B008HK3SKY","ProductIndex":161113}
{"itemId":"B005RN0RWG","ProductIndex":143600}
{"itemId":"B00GSIHD30","ProductIndex":83295}
{"itemId":"B0065PH2PK","ProductIndex":152112}
{"itemId":"B001J6LQGG","ProductIndex":149764}
{"itemId":"B001FBO7LG","ProductIndex":115359}
{"itemId":"B008ERLFN2","ProductIndex":167165}
{"itemId":"B006SRM3IG","ProductIndex":74369}
{"itemId":"B001JEOS6I","ProductIndex":58712}
{"itemId":"B00F8GPMJU","ProductIndex":113380}
{"itemId":"B00AE8EC4S","ProductIndex":198962}
{"itemId":"B0087D1S8U","ProductIndex":68629}
{"itemId":"B005788TW6","ProductIndex":182784}
{"itemId":"B000V2LZOW","ProductIndex":45478}
{"itemId":"B00D875R5K","ProductIndex":59282}
{"itemId":"B004OI79XU","ProductIndex":157060}
{"itemId":"B004JRDRPK","ProductIndex":101366}
{"itemId":"B0060AVWRY","ProductIndex":207162}
{"itemId":"B0000ABPI2","ProductIndex":37810}
{"itemId":"B003SV6CIC","ProductIndex":65671}
{"itemId":"B009L8XE50","ProductIndex":98461}
{"itemId":"B002Q7Z1JA","ProductIndex":66873}
{"itemId":"B000YACTUA","ProductIndex":113578}
{"itemId":"B006VIJUHO","ProductIndex":73925}
{"itemId":"B001GFBKUC","ProductIndex":53913}
{"itemId":"B00006JQQ7","ProductIndex":99522}
{"itemId":"B008SP6E4U","ProductIndex":128985}
{"itemId":"B00007FHEO","ProductIndex":93759}
{"itemId":"B007ILDUOW","ProductIndex":34302}
{"itemId":"B000HE9ZCS","ProductIndex":44385}
{"itemId":"B003EVITCS","ProductIndex":201294}
{"itemId":"B000BMXJT6","ProductIndex":109330}
{"itemId":"B00006ANYV","ProductIndex":89490}
{"itemId":"B003ULW7HU","ProductIndex":45074}
{"itemId":"B0012E88CU","ProductIndex":78496}
{"itemId":"B0037X7WQW","ProductIndex":55645}
{"itemId":"B004D622DA","ProductIndex":159392}
{"itemId":"B00DD0TQYA","ProductIndex":96760}
{"itemId":"B0001GRTUM","ProductIndex":82246}
{"itemId":"B0002JUH4I","ProductIndex":76638}
{"itemId":"B0072LE826","ProductIndex":150673}
{"itemId":"B003XOC5XA","ProductIndex":138473}
{"itemId":"B007IXJY1S","ProductIndex":112846}
{"itemId":"B005B0IHM2","ProductIndex":178806}
{"itemId":"B009W7XY64","ProductIndex":103612}
{"itemId":"B00B5J4W04","ProductIndex":107587}
{"itemId":"B0063DKAU8","ProductIndex":124443}
{"itemId":"B004KWWAWU","ProductIndex":156821}
{"itemId":"B0087XXDZG","ProductIndex":120522}
{"itemId":"B0001659AE","ProductIndex":200339}
{"itemId":"B00I9HJT1C","ProductIndex":185493}
{"itemId":"B003U8CKHK","ProductIndex":142390}
{"itemId":"B009WSA39Y","ProductIndex":96498}
{"itemId":"B00CU1VCZY","ProductIndex":122086}
{"itemId":"B0058P6YA2","ProductIndex":75007}
{"itemId":"B00000K3ST","ProductIndex":171792}
{"itemId":"B0000C6ZQV","ProductIndex":148421}
{"itemId":"B00023JK8I","ProductIndex":112147}
{"itemId":"B0019LVWZQ","ProductIndex":164543}
{"itemId":"B0000TF4AC","ProductIndex":144250}
{"itemId":"B001ROHOX4","ProductIndex":190939}
{"itemId":"B0095ZLGCC","ProductIndex":164125}
{"itemId":"B00ET0OFQC","ProductIndex":140107}
{"itemId":"B00007G9J5","ProductIndex":64905}
{"itemId":"B00JUE75Y6","ProductIndex":142554}
{"itemId":"B0081KU14G","ProductIndex":56025}
{"itemId":"B0011DIMYQ","ProductIndex":26563}
{"itemId":"B0034UWPQ0","ProductIndex":123691}
{"itemId":"B0073YRYXW","ProductIndex":195302}
{"itemId":"B004D2IYV8","ProductIndex":96680}
{"itemId":"B0094V6104","ProductIndex":50695}
{"itemId":"B007X5L4BO","ProductIndex":114675}
{"itemId":"B000W4CH9Q","ProductIndex":190588}
{"itemId":"B00019OEO8","ProductIndex":122496}
{"itemId":"B001C4IV7M","ProductIndex":46003}
{"itemId":"B0002Y6DGY","ProductIndex":158769}
{"itemId":"B000VMNFLI","ProductIndex":123400}
{"itemId":"B00FZ3OJ90","ProductIndex":139704}
{"itemId":"B001F50SK6","ProductIndex":176866}
{"itemId":"B003CEFK4M","ProductIndex":82681}
{"itemId":"B00322OP4K","ProductIndex":32163}
{"itemId":"B000RLIC70","ProductIndex":78979}
{"itemId":"B005CL82JI","ProductIndex":80178}
{"itemId":"B009WCCG7C","ProductIndex":161804}
{"itemId":"B004OE2JRA","ProductIndex":108863}
{"itemId":"B0098PSLMW","ProductIndex":76612}
{"itemId":"B005ZAW82I","ProductIndex":84055}
{"itemId":"B003LY6LDM","ProductIndex":121098}
{"itemId":"B00004W1DG","ProductIndex":112755}
{"itemId":"B008KR9CYK","ProductIndex":73027}
{"itemId":"B004RC2N48","ProductIndex":178066}
{"itemId":"B0002EXMIG","ProductIndex":87296}
{"itemId":"B00D3MJ152","ProductIndex":90736}
{"itemId":"B009HRP14M","ProductIndex":196038}
{"itemId":"B00417HG5K","ProductIndex":108053}
{"itemId":"B001F4UBX6","ProductIndex":94748}
{"itemId":"B001JKI7H8","ProductIndex":95286}
{"itemId":"B000QSV7KS","ProductIndex":198633}
{"itemId":"B00B2IELIG","ProductIndex":151528}
{"itemId":"B0030XDRIG","ProductIndex":67384}
{"itemId":"B0019F3E8U","ProductIndex":167185}
{"itemId":"B000H1UZQQ","ProductIndex":158982}
{"itemId":"B00004S7NV","ProductIndex":100298}
{"itemId":"B006DI93WY","ProductIndex":83621}
{"itemId":"B004S39QYG","ProductIndex":197094}
{"itemId":"B003L28RAY","ProductIndex":139234}
{"itemId":"B0002Z456I","ProductIndex":125158}
{"itemId":"B001AO2QU2","ProductIndex":197036}
{"itemId":"B0045DHXBM","ProductIndex":146643}
{"itemId":"B007000QQ6","ProductIndex":46300}
{"itemId":"B002TMY756","ProductIndex":207993}
{"itemId":"B00ATHNER0","ProductIndex":161108}
{"itemId":"B000MHBX5C","ProductIndex":62632}
{"itemId":"B000PGWXHW","ProductIndex":77381}
{"itemId":"B00DGM20FM","ProductIndex":179506}
{"itemId":"B0076AS30G","ProductIndex":169174}
{"itemId":"B00BQ5ULRA","ProductIndex":128791}
{"itemId":"B00AAMQUIY","ProductIndex":142888}
{"itemId":"B00419ZRZ4","ProductIndex":155869}
{"itemId":"B008KETC16","ProductIndex":137176}
{"itemId":"B00317M1BK","ProductIndex":121007}
{"itemId":"B006J6YUEQ","ProductIndex":176809}
{"itemId":"B004TNO9CE","ProductIndex":196289}
{"itemId":"B004BYUWMC","ProductIndex":189923}
{"itemId":"B002YN8DO6","ProductIndex":53268}
{"itemId":"B0002L512O","ProductIndex":168351}
{"itemId":"B001586NT8","ProductIndex":137771}
{"itemId":"B005WEXDJO","ProductIndex":190909}
{"itemId":"B008UAARLE","ProductIndex":94735}
{"itemId":"B004FQOFGK","ProductIndex":89761}
{"itemId":"B0035AN5UE","ProductIndex":167944}
{"itemId":"B005W4VQNE","ProductIndex":139228}
{"itemId":"B000E33H12","ProductIndex":123508}
{"itemId":"B00C9L6OXK","ProductIndex":144930}
{"itemId":"B00JWVSEJM","ProductIndex":98154}
{"itemId":"B001TO8WYC","ProductIndex":196839}
{"itemId":"B001KZH6KQ","ProductIndex":120134}
{"itemId":"B000OEVTZC","ProductIndex":146576}
{"itemId":"B004V4L8PW","ProductIndex":106185}
{"itemId":"B005OY3248","ProductIndex":123446}
{"itemId":"B003H3J4NQ","ProductIndex":76513}
{"itemId":"B003A2ISN6","ProductIndex":188772}
{"itemId":"B00ABDPA7O","ProductIndex":168578}
{"itemId":"B00165OLI0","ProductIndex":105380}
{"itemId":"B00284AO7A","ProductIndex":55463}
{"itemId":"B004G8QOLG","ProductIndex":82258}
{"itemId":"B003IGEDJC","ProductIndex":147830}
{"itemId":"B00G3UBQRW","ProductIndex":152762}
{"itemId":"B003NI5JWK","ProductIndex":168807}
{"itemId":"B00BFIAB82","ProductIndex":68474}
{"itemId":"B009YBYW0A","ProductIndex":82655}
{"itemId":"B003G4RR4Y","ProductIndex":82416}
{"itemId":"B0009FUAP6","ProductIndex":88417}
{"itemId":"B0001IXUF8","ProductIndex":126995}
{"itemId":"B009H5NXTO","ProductIndex":197646}
{"itemId":"B00B9H4E50","ProductIndex":125989}
{"itemId":"B001CAZQPQ","ProductIndex":168632}
{"itemId":"B00I6DLIFO","ProductIndex":126652}
{"itemId":"B00H41LCPA","ProductIndex":72875}
{"itemId":"B0052D37PK","ProductIndex":190431}
{"itemId":"B0028SUXIQ","ProductIndex":146402}
{"itemId":"B0027CTNM0","ProductIndex":92297}
{"itemId":"B000FLV8G4","ProductIndex":142041}
{"itemId":"B001E032V4","ProductIndex":99320}
{"itemId":"B001120XM6","ProductIndex":85353}
{"itemId":"B0022WRQWO","ProductIndex":111078}
{"itemId":"B000KZWZBC","ProductIndex":176134}
{"itemId":"B00142VMNW","ProductIndex":48912}
{"itemId":"B0039YP16C","ProductIndex":156492}
{"itemId":"B000E16GFI","ProductIndex":141324}
{"itemId":"B0077I9TFA","ProductIndex":126620}
{"itemId":"B00ADGP74K","ProductIndex":181584}
{"itemId":"B0034U8IGG","ProductIndex":189861}
{"itemId":"B0093RJ08E","ProductIndex":138894}
{"itemId":"B003UPJXFU","ProductIndex":160680}
{"itemId":"B008HQMS0E","ProductIndex":112350}
{"itemId":"B001BW5UY2","ProductIndex":96459}
{"itemId":"B00000J57A","ProductIndex":151660}
{"itemId":"B00DE2Q4MY","ProductIndex":186599}
{"itemId":"B004C4UFOG","ProductIndex":76401}
{"itemId":"B003UR3ALG","ProductIndex":145886}
{"itemId":"B0000524OV","ProductIndex":64786}
{"itemId":"B00DS5Z0J0","ProductIndex":61758}
{"itemId":"B003Y38GTC","ProductIndex":140465}
{"itemId":"B00164T1N6","ProductIndex":160939}
{"itemId":"B003PMSJ8U","ProductIndex":113194}
{"itemId":"B007EI722K","ProductIndex":175175}
{"itemId":"B003NXYO1W","ProductIndex":141027}
{"itemId":"B0032GVEEA","ProductIndex":97686}
{"itemId":"B00HRCU7OI","ProductIndex":179175}
{"itemId":"B001QX4C04","ProductIndex":97301}
{"itemId":"B001EKAC30","ProductIndex":120218}
{"itemId":"B001CXQAVW","ProductIndex":97590}
{"itemId":"B00FRBMDRK","ProductIndex":200601}
{"itemId":"B003JBWVEA","ProductIndex":138450}
{"itemId":"B0009F4ORQ","ProductIndex":71302}
{"itemId":"B001MS2UCU","ProductIndex":182178}
{"itemId":"B005TWTQGI","ProductIndex":88830}
{"itemId":"B00BY12WAU","ProductIndex":110792}
{"itemId":"B004FP3H2Y","ProductIndex":76655}
{"itemId":"B0001VB0WA","ProductIndex":128411}
{"itemId":"B0000X66ZU","ProductIndex":178394}
{"itemId":"B000DZKNEU","ProductIndex":205937}
{"itemId":"B00006HUUB","ProductIndex":180366}
{"itemId":"B003CH4E32","ProductIndex":101009}
{"itemId":"B009JHBK7M","ProductIndex":143309}
{"itemId":"B005ZEEWS2","ProductIndex":148563}
{"itemId":"B00CGPGNJO","ProductIndex":187038}
{"itemId":"B009XHCOOQ","ProductIndex":196027}
{"itemId":"B000ALY212","ProductIndex":182874}
{"itemId":"B0007KIWK8","ProductIndex":94432}
{"itemId":"B000CIGAT0","ProductIndex":118319}
{"itemId":"B00006ADJI","ProductIndex":180606}
{"itemId":"B008O20OMK","ProductIndex":99099}
{"itemId":"B00DJA7HIQ","ProductIndex":174538}
{"itemId":"B00009WPPA","ProductIndex":201440}
{"itemId":"B0017C8WDM","ProductIndex":170795}
{"itemId":"B002A6HVEK","ProductIndex":184887}
{"itemId":"B001JJCLMG","ProductIndex":183222}
{"itemId":"B00BC5J3PU","ProductIndex":137334}
{"itemId":"B00GTX4RCO","ProductIndex":187711}
{"itemId":"B0050D5L60","ProductIndex":182109}
{"itemId":"B009PP2OYG","ProductIndex":83963}
{"itemId":"B00EVKYGI2","ProductIndex":143146}
{"itemId":"B004IZN4AG","ProductIndex":102317}
{"itemId":"B000MPPY2M","ProductIndex":168119}
{"itemId":"B000ABTP8C","ProductIndex":129672}
{"itemId":"B001GGQAK6","ProductIndex":122341}
{"itemId":"B004Q0WA1C","ProductIndex":200287}
{"itemId":"B0016LSN74","ProductIndex":103568}
{"itemId":"B008AZT9DG","ProductIndex":134830}
{"itemId":"B00EDTRV56","ProductIndex":116016}
{"itemId":"B00CWCB1KM","ProductIndex":128531}
{"itemId":"B0006H5RKA","ProductIndex":88930}
{"itemId":"B007WT3A5E","ProductIndex":135535}
{"itemId":"B0000630MO","ProductIndex":108914}
{"itemId":"B0038242J2","ProductIndex":56070}
{"itemId":"B00739TBTW","ProductIndex":123979}
{"itemId":"B000S8H174","ProductIndex":192284}
{"itemId":"B007Q3126A","ProductIndex":145367}
{"itemId":"B0027EKNWW","ProductIndex":128317}
{"itemId":"B000MXFSMK","ProductIndex":140237}
{"itemId":"B008GFML0S","ProductIndex":95516}
{"itemId":"B000Z4J29Q","ProductIndex":133669}
{"itemId":"B003QDR9GG","ProductIndex":160355}
{"itemId":"B0043TTYFG","ProductIndex":83177}
{"itemId":"B00ATQWMAG","ProductIndex":137715}
{"itemId":"B00IZFYGO8","ProductIndex":97745}
{"itemId":"B000167TZC","ProductIndex":134722}
{"itemId":"B007XU6SCY","ProductIndex":161664}
{"itemId":"B007DCBG7E","ProductIndex":129153}
{"itemId":"B00AGCW492","ProductIndex":152622}
{"itemId":"B00ATFQVKE","ProductIndex":163707}
{"itemId":"B00BW6YUX4","ProductIndex":202908}
{"itemId":"B000051SDL","ProductIndex":121388}
{"itemId":"B0081FAKS8","ProductIndex":127271}
{"itemId":"B000050XPQ","ProductIndex":51117}
{"itemId":"B0042MCTEM","ProductIndex":175767}
{"itemId":"B005GI91LU","ProductIndex":119213}
{"itemId":"B00CYAS970","ProductIndex":103165}
{"itemId":"B007M550O2","ProductIndex":174554}
{"itemId":"B009PFBS8E","ProductIndex":197114}
{"itemId":"B003ZWSNBS","ProductIndex":204255}
{"itemId":"B001VD8LK6","ProductIndex":134994}
{"itemId":"B000FCSWDK","ProductIndex":102222}
{"itemId":"B0080E1LDS","ProductIndex":189178}
{"itemId":"B000PO5I94","ProductIndex":84381}
{"itemId":"B004MPR3Y0","ProductIndex":193003}
{"itemId":"B0012YTB6C","ProductIndex":198002}
{"itemId":"B003OP1TTY","ProductIndex":124158}
{"itemId":"B000QGWME0","ProductIndex":182689}
{"itemId":"B00BKP9636","ProductIndex":166304}
{"itemId":"B00AVZG9CM","ProductIndex":177211}
{"itemId":"B00170F3RM","ProductIndex":192823}
{"itemId":"B004QXAY6W","ProductIndex":69116}
{"itemId":"B003MOG672","ProductIndex":205913}
{"itemId":"B000EF3QKM","ProductIndex":96470}
{"itemId":"B006LQOIT6","ProductIndex":141478}
{"itemId":"B00EQ1VNOG","ProductIndex":119400}
{"itemId":"B00KXAFYZS","ProductIndex":80666}
{"itemId":"B0000AJ5AU","ProductIndex":92606}
{"itemId":"B000WBJDTQ","ProductIndex":158823}
{"itemId":"B001NVIKS4","ProductIndex":175470}
{"itemId":"B001UUG9E0","ProductIndex":107194}
{"itemId":"B000TDIGZ4","ProductIndex":105271}
{"itemId":"B009H51XBO","ProductIndex":186316}
{"itemId":"B002L6Q9FG","ProductIndex":122044}
{"itemId":"B0092UBLTI","ProductIndex":91019}
{"itemId":"B001DZBO7Y","ProductIndex":176517}
{"itemId":"B00B0GSES8","ProductIndex":130239}
{"itemId":"B003ZVLL2W","ProductIndex":185451}
{"itemId":"B000233YK8","ProductIndex":180259}
{"itemId":"B000P6KN7Y","ProductIndex":92598}
{"itemId":"B008DJ3QZ6","ProductIndex":141962}
{"itemId":"B0000ULGP8","ProductIndex":78136}
{"itemId":"B000086150","ProductIndex":176912}
{"itemId":"B0002G2AXW","ProductIndex":191000}
{"itemId":"B001AK1A94","ProductIndex":149257}
{"itemId":"B008B8J1WQ","ProductIndex":123253}
{"itemId":"B0001AV5Z8","ProductIndex":196908}
{"itemId":"B003YL241A","ProductIndex":169869}
{"itemId":"B000W5ORRA","ProductIndex":119878}
{"itemId":"B001QWZ7N6","ProductIndex":114233}
{"itemId":"B00BY7A7W4","ProductIndex":129813}
{"itemId":"B000RZAT18","ProductIndex":111372}
{"itemId":"B000063VY6","ProductIndex":74285}
{"itemId":"B00BHKER1K","ProductIndex":133118}
{"itemId":"B00001P4AA","ProductIndex":134942}
{"itemId":"B00439G3YG","ProductIndex":157204}
{"itemId":"B002DPQ6GW","ProductIndex":202945}
{"itemId":"B004H8FN2G","ProductIndex":122571}
{"itemId":"B004DE19JU","ProductIndex":125388}
{"itemId":"B0084C39OU","ProductIndex":144227}
{"itemId":"B002W9XACW","ProductIndex":204925}
{"itemId":"B0043B5ME6","ProductIndex":185651}
{"itemId":"B00EZGKJD8","ProductIndex":165633}
{"itemId":"B002W77GGA","ProductIndex":166910}
{"itemId":"B00HL6ASZI","ProductIndex":121195}
{"itemId":"B003UE7M04","ProductIndex":130569}
{"itemId":"B0044NZ1R6","ProductIndex":186270}
{"itemId":"B0009O5VCE","ProductIndex":155580}
{"itemId":"B002QEBK8O","ProductIndex":166914}
{"itemId":"B004SX5KY6","ProductIndex":201658}
{"itemId":"B0057WTSX6","ProductIndex":166302}
{"itemId":"B00HWZ49DU","ProductIndex":147233}
{"itemId":"B007OWQ18C","ProductIndex":202985}
{"itemId":"B003UOKK7G","ProductIndex":184912}
{"itemId":"B003TYBJA4","ProductIndex":85092}
{"itemId":"B000051TII","ProductIndex":182186}
{"itemId":"B0056149OG","ProductIndex":106945}
{"itemId":"B003T4QYR2","ProductIndex":67483}
{"itemId":"B00009WNZC","ProductIndex":131596}
{"itemId":"B000DN84B6","ProductIndex":201087}
{"itemId":"B0038BG3E0","ProductIndex":172236}
{"itemId":"B007YUXNCQ","ProductIndex":157835}
{"itemId":"B003N2P0FW","ProductIndex":198073}
{"itemId":"B000TZJROG","ProductIndex":176261}
{"itemId":"B0030JA0P8","ProductIndex":124131}
{"itemId":"B001JSYA2G","ProductIndex":191120}
{"itemId":"B0056ZB0VM","ProductIndex":172423}
{"itemId":"B004JL23PQ","ProductIndex":150844}
{"itemId":"B004RUZNVA","ProductIndex":179469}
{"itemId":"B005SHD3DG","ProductIndex":166646}
{"itemId":"B00DVRFXK6","ProductIndex":147790}
{"itemId":"B008D8QHXK","ProductIndex":169177}
{"itemId":"B000G27GKY","ProductIndex":142429}
{"itemId":"B00IYK1NNG","ProductIndex":186588}
{"itemId":"B000SQX3LE","ProductIndex":171017}
{"itemId":"B00AV7B0SS","ProductIndex":157519}
{"itemId":"B003SWCMD0","ProductIndex":165061}
{"itemId":"B0009SZHS8","ProductIndex":123789}
{"itemId":"B005NRAKIM","ProductIndex":171910}
{"itemId":"B005HN5ATG","ProductIndex":103848}
{"itemId":"B000FBL878","ProductIndex":132303}
{"itemId":"B003GDLH5A","ProductIndex":109322}
{"itemId":"B004PAA0W4","ProductIndex":188933}
{"itemId":"B003N7NNXS","ProductIndex":183941}
{"itemId":"B0067KZ5V6","ProductIndex":73274}
{"itemId":"B003JLMUNM","ProductIndex":146509}
{"itemId":"B00IXJ4WPE","ProductIndex":156447}
{"itemId":"B007T6XSTI","ProductIndex":171375}
{"itemId":"B00000JHWY","ProductIndex":159747}
{"itemId":"B0043BD62Q","ProductIndex":170256}
{"itemId":"B009JHI6X8","ProductIndex":176873}
{"itemId":"B004TTUPEY","ProductIndex":89505}
{"itemId":"B005LRGBIC","ProductIndex":110713}
{"itemId":"B0054SLN3Q","ProductIndex":181140}
{"itemId":"B00HCQ1S56","ProductIndex":129624}
{"itemId":"B004SE2QTW","ProductIndex":178237}
{"itemId":"B00AYHOIAC","ProductIndex":145870}
{"itemId":"B002RHC9NA","ProductIndex":188584}
{"itemId":"B005QBMWJA","ProductIndex":96354}
{"itemId":"B000FL8QJ6","ProductIndex":135479}
{"itemId":"B00B5R7CLM","ProductIndex":82528}
{"itemId":"B000PHNXHA","ProductIndex":121133}
{"itemId":"B003O6V6X2","ProductIndex":176355}
{"itemId":"B0036ZZ75O","ProductIndex":97644}
{"itemId":"B00005NP8Y","ProductIndex":113090}
{"itemId":"B008S2S6XK","ProductIndex":199370}
{"itemId":"B009CZY5O6","ProductIndex":90597}
{"itemId":"B002V34N02","ProductIndex":199794}
{"itemId":"B003SJWXXC","ProductIndex":204548}
{"itemId":"B009YL1NHA","ProductIndex":153905}
{"itemId":"B00157CBH2","ProductIndex":188352}
{"itemId":"B005770P6U","ProductIndex":151822}
{"itemId":"B0002UB2CS","ProductIndex":199499}
{"itemId":"B000KL1U1W","ProductIndex":128564}
{"itemId":"B003Y7FD2G","ProductIndex":170363}
{"itemId":"B00000J4IT","ProductIndex":166291}
{"itemId":"B004G5ZWQW","ProductIndex":202942}
{"itemId":"B001RS5LYE","ProductIndex":145396}
{"itemId":"B005H4HH1O","ProductIndex":205171}
{"itemId":"B00006B64Q","ProductIndex":154617}
{"itemId":"B006RLL8FM","ProductIndex":150632}
{"itemId":"B002P6W9WO","ProductIndex":154882}
{"itemId":"B0013MT58C","ProductIndex":145949}
{"itemId":"B006P6MU2Y","ProductIndex":206750}
{"itemId":"B005HB7MM6","ProductIndex":185014}
{"itemId":"B0014ZP2CQ","ProductIndex":204423}
{"itemId":"B001MK7VBI","ProductIndex":183081}
{"itemId":"B0000A9DVG","ProductIndex":190709}
{"itemId":"B002ZFAQSO","ProductIndex":176128}
{"itemId":"B005HQ5ABQ","ProductIndex":164981}
{"itemId":"B00002EPX7","ProductIndex":175863}
{"itemId":"B004V4K86C","ProductIndex":141094}
{"itemId":"B003AN1ZT4","ProductIndex":170942}
{"itemId":"B00C3MJZ5Y","ProductIndex":206088}
{"itemId":"B00I5UIEMI","ProductIndex":152590}
{"itemId":"B0051B7V1O","ProductIndex":137018}
{"itemId":"B009ZIGFIY","ProductIndex":148545}
{"itemId":"B0014JLA2S","ProductIndex":178333}
{"itemId":"B000JLNAWK","ProductIndex":156480}
{"itemId":"B00DWPMOA4","ProductIndex":139780}
{"itemId":"B008MN6PEC","ProductIndex":176737}
{"itemId":"B005F1OLZ4","ProductIndex":141978}
{"itemId":"B004RBOZYA","ProductIndex":182306}
{"itemId":"B00IXZAH9S","ProductIndex":195679}
{"itemId":"B000DZCRPS","ProductIndex":203366}
{"itemId":"B0042TZ0BO","ProductIndex":193679}
{"itemId":"B00HXZVI8I","ProductIndex":204747}
{"itemId":"B009X8EB8M","ProductIndex":174391}
{"itemId":"B0032C1VUQ","ProductIndex":162969}
{"itemId":"B00ACB63P8","ProductIndex":176632}
{"itemId":"B00A8D4FLE","ProductIndex":110549}
{"itemId":"B000BN0TVG","ProductIndex":172576}
{"itemId":"B00005OP2S","ProductIndex":178347}
{"itemId":"B00FNJGKL6","ProductIndex":166986}
{"itemId":"B00006HRNM","ProductIndex":175626}
{"itemId":"B006MQ0C9A","ProductIndex":194141}
{"itemId":"B00CC60OC4","ProductIndex":204451}
{"itemId":"B00B634M4K","ProductIndex":199886}
{"itemId":"B008O8JTUC","ProductIndex":204889}
{"itemId":"B0029D9KBG","ProductIndex":115439}
{"itemId":"B008ZW6ZWW","ProductIndex":196853}
{"itemId":"B007KGSIU6","ProductIndex":160548}
{"itemId":"B000FLK7VQ","ProductIndex":172873}
{"itemId":"B00000JBIJ","ProductIndex":158238}
{"itemId":"B006Y3S4QY","ProductIndex":195584}
{"itemId":"B00554NT1S","ProductIndex":183236}
{"itemId":"B002KN42HM","ProductIndex":178353}
{"itemId":"B005F0XRAU","ProductIndex":156279}
{"itemId":"B002V1AVYQ","ProductIndex":194797}
{"itemId":"B000A2AKZS","ProductIndex":154389}
{"itemId":"B000LQQVDI","ProductIndex":193289}
{"itemId":"B00524WJJ4","ProductIndex":142442}
{"itemId":"B004XQVCB8","ProductIndex":153521}
{"itemId":"B004NEQCO2","ProductIndex":135589}
{"itemId":"B000301FZQ","ProductIndex":196258}
{"itemId":"B004GTF96Q","ProductIndex":192687}
{"itemId":"B0000659UC","ProductIndex":165877}
{"itemId":"B00009R6H6","ProductIndex":166717}
{"itemId":"B006U1J7YS","ProductIndex":187985}
{"itemId":"B00658HP2M","ProductIndex":193791}
{"itemId":"B0018D6W14","ProductIndex":199428}
{"itemId":"B004S39KQA","ProductIndex":204529}
{"itemId":"B0096URSGE","ProductIndex":190291}
{"itemId":"B001NJTZTO","ProductIndex":186945}
{"itemId":"B009MJ598I","ProductIndex":186084}
{"itemId":"B00ABMV812","ProductIndex":183952}
{"itemId":"B009NO94IS","ProductIndex":190832}
{"itemId":"B00E9883GW","ProductIndex":177202}
{"itemId":"B00009V2TQ","ProductIndex":207166}
{"itemId":"B000M8TLAK","ProductIndex":167724}
{"itemId":"B00411H7XC","ProductIndex":185739}
{"itemId":"B00000JD55","ProductIndex":149704}
{"itemId":"B000Y1TQ5U","ProductIndex":194528}
{"itemId":"B004XWLF96","ProductIndex":201934}
{"itemId":"B003RWWZAQ","ProductIndex":161171}
{"itemId":"B00AI1BIM0","ProductIndex":201962}
{"itemId":"B0073HJVSK","ProductIndex":208316}
{"itemId":"B000FL9R8U","ProductIndex":195254}
{"itemId":"B000FLNS7G","ProductIndex":179616}
{"itemId":"B00AXAGF74","ProductIndex":175656}
{"itemId":"B00A1TF93S","ProductIndex":192624}
{"itemId":"B00CP59CTI","ProductIndex":152537}
{"itemId":"B00ITRX57Q","ProductIndex":184470}
{"itemId":"B00CFEWWO6","ProductIndex":205572}
{"itemId":"B002GYW6GY","ProductIndex":198925}
{"itemId":"B00IIJ0WIU","ProductIndex":191938}
{"itemId":"B00FPTBVOU","ProductIndex":191684}
{"itemId":"B00DUFE1PM","ProductIndex":194205}
{"itemId":"B002EDWZ4K","ProductIndex":190379}
