{"itemId":"B009G6Y1Q8","ProductIndex":10846}
{"itemId":"B004KCI80I","ProductIndex":1356}
{"itemId":"B000A0QIEC","ProductIndex":12689}
{"itemId":"B0015DCIA6","ProductIndex":35574}
{"itemId":"B008068FX0","ProductIndex":35311}
{"itemId":"B0045DMA42","ProductIndex":1312}
{"itemId":"B000UPA4R4","ProductIndex":51687}
{"itemId":"B001U2DPUE","ProductIndex":8230}
{"itemId":"B002MT7JFQ","ProductIndex":10180}
{"itemId":"B005P119ZE","ProductIndex":9529}
{"itemId":"B007PCP2OU","ProductIndex":38211}
{"itemId":"B004OB0EBQ","ProductIndex":75}
{"itemId":"B0037BYQTU","ProductIndex":2551}
{"itemId":"B00006JQ6C","ProductIndex":5859}
{"itemId":"B003ZL916U","ProductIndex":18709}
{"itemId":"B0050L877C","ProductIndex":161743}
{"itemId":"B008BLRLEI","ProductIndex":97210}
{"itemId":"B0087Y1XS4","ProductIndex":5841}
{"itemId":"B004555TA2","ProductIndex":64667}
{"itemId":"B001KPILLE","ProductIndex":14527}
{"itemId":"B000IT600W","ProductIndex":4431}
{"itemId":"B000VJTKRY","ProductIndex":46564}
{"itemId":"B003AIL2HE","ProductIndex":3138}
{"itemId":"B000Z7Z0EY","ProductIndex":19742}
{"itemId":"B009L7E838","ProductIndex":26255}
{"itemId":"B00CTY1FL8","ProductIndex":73913}
{"itemId":"B004O0PAKW","ProductIndex":3203}
{"itemId":"B004K376KK","ProductIndex":132012}
{"itemId":"B00CXB186Y","ProductIndex":20308}
{"itemId":"B00AAU54TW","ProductIndex":912}
{"itemId":"B002EOUUAK","ProductIndex":2467}
{"itemId":"B002OOXM96","ProductIndex":24454}
{"itemId":"B00I8BIB1S","ProductIndex":31383}
{"itemId":"B001B1UFKW","ProductIndex":39047}
{"itemId":"B00004Z6PI","ProductIndex":33559}
{"itemId":"B00FZ6VV20","ProductIndex":135954}
{"itemId":"B005J7Y98I","ProductIndex":20883}
{"itemId":"B004T0EQP2","ProductIndex":808}
{"itemId":"B003U8JX02","ProductIndex":92036}
{"itemId":"B0041V26QA","ProductIndex":54800}
{"itemId":"B0006G9HMA","ProductIndex":22765}
{"itemId":"B00BQO9M1M","ProductIndex":96858}
{"itemId":"B003TVWNAM","ProductIndex":534}
{"itemId":"B007TGKMW4","ProductIndex":105862}
{"itemId":"B002I8MUU0","ProductIndex":7564}
{"itemId":"B0077EVNY4","ProductIndex":635}
{"itemId":"B003VI5G34","ProductIndex":161434}
{"itemId":"B0046CBB9C","ProductIndex":75136}
{"itemId":"B00004WLJ2","ProductIndex":17438}
{"itemId":"B002DW8Y8S","ProductIndex":119002}
{"itemId":"B009SPJ05E","ProductIndex":16138}
{"itemId":"B0012S84IY","ProductIndex":96586}
{"itemId":"B004UB4B2I","ProductIndex":36046}
{"itemId":"B008R7A6OS","ProductIndex":54186}
{"itemId":"B00EIQTKAS","ProductIndex":2082}
{"itemId":"B000EG5ULO","ProductIndex":7335}
{"itemId":"B0015KYV3Q","ProductIndex":2504}
{"itemId":"B000UMRWCC","ProductIndex":15496}
{"itemId":"B000MUT5AY","ProductIndex":10493}
{"itemId":"B002BGWNRO","ProductIndex":83715}
{"itemId":"B006JKPX4S","ProductIndex":74891}
{"itemId":"B002V141AQ","ProductIndex":28304}
{"itemId":"B002RL8IAY","ProductIndex":8932}
{"itemId":"B004G2KTU4","ProductIndex":29790}
{"itemId":"B000I674IC","ProductIndex":32939}
{"itemId":"B009QG8U3I","ProductIndex":77394}
{"itemId":"B0041OXLPW","ProductIndex":9273}
{"itemId":"B000HZ999Q","ProductIndex":14193}
{"itemId":"B00749OLBO","ProductIndex":12466}
{"itemId":"B000V2FJAS","ProductIndex":3072}
{"itemId":"B000CRFI8A","ProductIndex":5802}
{"itemId":"B0084Y5YAA","ProductIndex":24126}
{"itemId":"B000089GN2","ProductIndex":1807}
{"itemId":"B000R2PC2M","ProductIndex":3382}
{"itemId":"B001MQ31FW","ProductIndex":52072}
{"itemId":"B0015GVQEC","ProductIndex":5412}
{"itemId":"B00CVHLWNE","ProductIndex":112441}
{"itemId":"B00875J12S","ProductIndex":107404}
{"itemId":"B001ELJ9Q0","ProductIndex":6785}
{"itemId":"B0062P7ISY","ProductIndex":1351}
{"itemId":"B000NJGT62","ProductIndex":32619}
{"itemId":"B001ELJO2E","ProductIndex":4318}
{"itemId":"B00655X308","ProductIndex":193779}
{"itemId":"B009YQ8BTI","ProductIndex":3238}
{"itemId":"B0000DC2QY","ProductIndex":69711}
{"itemId":"B009A6CZYE","ProductIndex":14642}
{"itemId":"B007B5S8BU","ProductIndex":8947}
{"itemId":"B001VE8KWY","ProductIndex":18351}
{"itemId":"B004VCWKH4","ProductIndex":8081}
{"itemId":"B003GSLFSO","ProductIndex":30659}
{"itemId":"B000B59JLU","ProductIndex":97883}
{"itemId":"B000NGNRV0","ProductIndex":46814}
{"itemId":"B00BW6LW7G","ProductIndex":4859}
{"itemId":"B001GQ2W6W","ProductIndex":7758}
{"itemId":"B002IKKFJ6","ProductIndex":13139}
{"itemId":"B009H8RG0S","ProductIndex":62406}
{"itemId":"B00065ECFS","ProductIndex":136998}
{"itemId":"B009IF9FIQ","ProductIndex":28157}
{"itemId":"B00EDP0FFI","ProductIndex":63416}
{"itemId":"B004ZP756S","ProductIndex":11539}
{"itemId":"B00AU73C58","ProductIndex":32038}
{"itemId":"B001MRYSKS","ProductIndex":37607}
{"itemId":"B0055U6X4M","ProductIndex":7757}
{"itemId":"B005AT3EEU","ProductIndex":10622}
{"itemId":"B002N5TCY0","ProductIndex":54572}
{"itemId":"B004UNZEF4","ProductIndex":21295}
{"itemId":"B005AZ7B4S","ProductIndex":3193}
{"itemId":"B005QQNUWI","ProductIndex":12239}
{"itemId":"B001E8YQ1Q","ProductIndex":49705}
{"itemId":"B00AX979AW","ProductIndex":79981}
{"itemId":"B0039GVOAM","ProductIndex":9467}
{"itemId":"B003LPUYK2","ProductIndex":92478}
{"itemId":"B004CRIG76","ProductIndex":27984}
{"itemId":"B0002J28NQ","ProductIndex":2815}
{"itemId":"B002YK1B8Y","ProductIndex":8395}
{"itemId":"B0095MFAFO","ProductIndex":48005}
{"itemId":"B0022TMB9A","ProductIndex":39317}
{"itemId":"B0002BG6RI","ProductIndex":6587}
{"itemId":"B004ZQIEO4","ProductIndex":78234}
{"itemId":"B0048C5VWS","ProductIndex":22672}
{"itemId":"B003L5DD5U","ProductIndex":13111}
{"itemId":"B00CGY4N7Y","ProductIndex":17136}
{"itemId":"B00BKV3DN4","ProductIndex":136235}
{"itemId":"B0002DODYO","ProductIndex":40222}
{"itemId":"B005APQFPY","ProductIndex":62019}
{"itemId":"B006DAD8NW","ProductIndex":30302}
{"itemId":"B00HQ57MB2","ProductIndex":13806}
{"itemId":"B0000ET93T","ProductIndex":31419}
{"itemId":"B0036RFKOU","ProductIndex":84764}
{"itemId":"B00B59A22G","ProductIndex":45287}
{"itemId":"B00573YYW0","ProductIndex":37653}
{"itemId":"B008L4697K","ProductIndex":22360}
{"itemId":"B005FYOL9W","ProductIndex":49893}
{"itemId":"B0067TQQI8","ProductIndex":3631}
{"itemId":"B001AJP3PM","ProductIndex":34572}
{"itemId":"B008AGUTPC","ProductIndex":157140}
{"itemId":"B005EWB15W","ProductIndex":6199}
{"itemId":"B005L38QLQ","ProductIndex":5111}
{"itemId":"B00AH7D4V8","ProductIndex":135236}
{"itemId":"B004M8RWBQ","ProductIndex":34062}
{"itemId":"B004Q840KS","ProductIndex":78640}
{"itemId":"B009WLH4QQ","ProductIndex":27534}
{"itemId":"B007FTJ9A6","ProductIndex":40431}
{"itemId":"B004BR3U78","ProductIndex":18473}
{"itemId":"B007R7DTRK","ProductIndex":29702}
{"itemId":"B0030FJXFK","ProductIndex":37971}
{"itemId":"B003YL412A","ProductIndex":8768}
{"itemId":"B00006RSVT","ProductIndex":115905}
{"itemId":"B004RFGK1W","ProductIndex":21227}
{"itemId":"B008DC9E8Q","ProductIndex":4764}
{"itemId":"B004NT1300","ProductIndex":54279}
{"itemId":"B000FBT47E","ProductIndex":24870}
{"itemId":"B002UHJ1II","ProductIndex":11305}
{"itemId":"B006K554BE","ProductIndex":5682}
{"itemId":"B008CLIB5K","ProductIndex":142859}
{"itemId":"B006I1KQQI","ProductIndex":27951}
{"itemId":"B000VSHT3C","ProductIndex":19261}
{"itemId":"B001MQ8DIM","ProductIndex":15743}
{"itemId":"B0007W2IWY","ProductIndex":126460}
{"itemId":"B004083FG4","ProductIndex":48863}
{"itemId":"B00474VPH2","ProductIndex":76594}
{"itemId":"B007CCUJS2","ProductIndex":11021}
{"itemId":"B002BH4PP6","ProductIndex":47677}
{"itemId":"B004IANQNQ","ProductIndex":68532}
{"itemId":"B00061ZM2O","ProductIndex":120797}
{"itemId":"B000G835DA","ProductIndex":24498}
{"itemId":"B000BOC05I","ProductIndex":29326}
{"itemId":"B004CRRRB2","ProductIndex":48927}
{"itemId":"B004065DAC","ProductIndex":10935}
{"itemId":"B0019RSS9I","ProductIndex":157357}
{"itemId":"B004LRO9AU","ProductIndex":77949}
{"itemId":"B003VYB1K0","ProductIndex":22618}
{"itemId":"B000MXB33S","ProductIndex":39986}
{"itemId":"B008B9FI5E","ProductIndex":123143}
{"itemId":"B0055QYIY8","ProductIndex":10532}
{"itemId":"B0040IASMS","ProductIndex":18456}
{"itemId":"B0052OGTBS","ProductIndex":32970}
{"itemId":"B00BCRW1AC","ProductIndex":125091}
{"itemId":"B0002553PA","ProductIndex":25191}
{"itemId":"B002SKKQZO","ProductIndex":57203}
{"itemId":"B001KP3NZS","ProductIndex":10393}
{"itemId":"B0046HOJNM","ProductIndex":139708}
{"itemId":"B006ZAHMUU","ProductIndex":9710}
{"itemId":"B0049G7BDA","ProductIndex":85865}
{"itemId":"B00C5B18CQ","ProductIndex":16773}
{"itemId":"B001TOUVV4","ProductIndex":112977}
{"itemId":"B0002XJ9IY","ProductIndex":17022}
{"itemId":"B00ESLEAFI","ProductIndex":14957}
{"itemId":"B0068ALV8Q","ProductIndex":3690}
{"itemId":"B00GP1AZBC","ProductIndex":59761}
{"itemId":"B0013VH3RS","ProductIndex":34828}
{"itemId":"B002RVP1VS","ProductIndex":55652}
{"itemId":"B0042TJ7N6","ProductIndex":7052}
{"itemId":"B00FIYDC1W","ProductIndex":24533}
{"itemId":"B003FG3I1E","ProductIndex":14457}
{"itemId":"B008MH1KHA","ProductIndex":18395}
{"itemId":"B00ATZ9IUY","ProductIndex":35757}
{"itemId":"B00835OPRI","ProductIndex":17827}
{"itemId":"B00317IIT4","ProductIndex":37876}
{"itemId":"B001OOGCV2","ProductIndex":46036}
{"itemId":"B00C1X2D5E","ProductIndex":36263}
{"itemId":"B001MYEU1S","ProductIndex":133203}
{"itemId":"B000MY38JE","ProductIndex":10462}
{"itemId":"B0007LXRCA","ProductIndex":111990}
{"itemId":"B000ANZ54S","ProductIndex":31847}
{"itemId":"B00008V6NI","ProductIndex":13545}
{"itemId":"B00A3NIF7O","ProductIndex":40921}
{"itemId":"B00005U5RT","ProductIndex":40891}
{"itemId":"B004VD8WPW","ProductIndex":20274}
{"itemId":"B00009R6V0","ProductIndex":6281}
{"itemId":"B003FMUMSA","ProductIndex":9518}
{"itemId":"B00CXUREDG","ProductIndex":114442}
{"itemId":"B000OK994E","ProductIndex":141731}
{"itemId":"B001680LAO","ProductIndex":49506}
{"itemId":"B009G1T7BW","ProductIndex":34764}
{"itemId":"B00IDYS0XY","ProductIndex":38323}
{"itemId":"B004QXH352","ProductIndex":100175}
{"itemId":"B004YEZGIO","ProductIndex":15360}
{"itemId":"B000VJ0YQ0","ProductIndex":29754}
{"itemId":"B0012N0XME","ProductIndex":51115}
{"itemId":"B005Y3T1AI","ProductIndex":20033}
{"itemId":"B000F7A896","ProductIndex":157184}
{"itemId":"B007PMA2FY","ProductIndex":47150}
{"itemId":"B00GR9UTI6","ProductIndex":112920}
{"itemId":"B00CFCTH14","ProductIndex":33141}
{"itemId":"B001RHQFYU","ProductIndex":43740}
{"itemId":"B0023VWZ5C","ProductIndex":14630}
{"itemId":"B000V5MBPQ","ProductIndex":16326}
{"itemId":"B007BYV6I8","ProductIndex":38547}
{"itemId":"B0013JBLD2","ProductIndex":30235}
{"itemId":"B0035JD0C8","ProductIndex":47961}
{"itemId":"B007X8LGV4","ProductIndex":41824}
{"itemId":"B00006I5KY","ProductIndex":166284}
{"itemId":"B000PD29HO","ProductIndex":44591}
{"itemId":"B00HUNUOJW","ProductIndex":20761}
{"itemId":"B002DGTGO0","ProductIndex":5368}
{"itemId":"B0038BCPLU","ProductIndex":68390}
{"itemId":"B001CLGI6Q","ProductIndex":164930}
{"itemId":"B000QU8J8E","ProductIndex":36398}
{"itemId":"B00EF9QEZC","ProductIndex":172854}
{"itemId":"B002URUIEE","ProductIndex":72602}
{"itemId":"B000068BRE","ProductIndex":48796}
{"itemId":"B003Y0R1GO","ProductIndex":23592}
{"itemId":"B00469J3FE","ProductIndex":35501}
{"itemId":"B004GJ6FI2","ProductIndex":21255}
{"itemId":"B005CMHCWU","ProductIndex":91910}
{"itemId":"B00CX4AMSG","ProductIndex":138882}
{"itemId":"B006V5YZKO","ProductIndex":34128}
{"itemId":"B005UDITJ6","ProductIndex":43652}
{"itemId":"B005S73BZG","ProductIndex":45800}
{"itemId":"B0093OPGJY","ProductIndex":30464}
{"itemId":"B0014V8YUW","ProductIndex":135279}
{"itemId":"B000XMRTKO","ProductIndex":41248}
{"itemId":"B002WHFWRK","ProductIndex":104972}
{"itemId":"B00APVQZ8U","ProductIndex":34658}
{"itemId":"B0063NU3AA","ProductIndex":35337}
{"itemId":"B009T3AHW0","ProductIndex":11504}
{"itemId":"B0047XUFH4","ProductIndex":12688}
{"itemId":"B004DJT3YS","ProductIndex":195386}
{"itemId":"B007VQB5PK","ProductIndex":89847}
{"itemId":"B002QAXZZY","ProductIndex":35442}
{"itemId":"B007K3CBVG","ProductIndex":127967}
{"itemId":"B005GK7Z4S","ProductIndex":64198}
{"itemId":"B0087X73AM","ProductIndex":40612}
{"itemId":"B000BKGVYI","ProductIndex":81717}
{"itemId":"B004XVN1TO","ProductIndex":66177}
{"itemId":"B000WS0M4Y","ProductIndex":153837}
{"itemId":"B000RZRXV2","ProductIndex":24567}
{"itemId":"B0044UHX8E","ProductIndex":167134}
{"itemId":"B00396R2BC","ProductIndex":30496}
{"itemId":"B00ESUIX4S","ProductIndex":9375}
{"itemId":"B009GM7VBO","ProductIndex":57803}
{"itemId":"B000H4WKWK","ProductIndex":23741}
{"itemId":"B00006HSAR","ProductIndex":93367}
{"itemId":"B009SQQHJ0","ProductIndex":42779}
{"itemId":"B004M8SALC","ProductIndex":48392}
{"itemId":"B00064C54O","ProductIndex":41264}
{"itemId":"B0072B0ULE","ProductIndex":77265}
{"itemId":"B0002KR9GG","ProductIndex":9692}
{"itemId":"B00009R9BL","ProductIndex":79061}
{"itemId":"B003G3X8BG","ProductIndex":41015}
{"itemId":"B00GNJAYUI","ProductIndex":30238}
{"itemId":"B006N05A5Q","ProductIndex":117990}
{"itemId":"B007IQBO2C","ProductIndex":122047}
{"itemId":"B00539I57S","ProductIndex":22210}
{"itemId":"B007CT517O","ProductIndex":18781}
{"itemId":"B005GQHS30","ProductIndex":187713}
{"itemId":"B009ZLFEKG","ProductIndex":69295}
{"itemId":"B002PXFZ2S","ProductIndex":36642}
{"itemId":"B0085X3PRE","ProductIndex":45539}
{"itemId":"B00CYBOUO0","ProductIndex":28243}
{"itemId":"B0013FPZ6A","ProductIndex":57472}
{"itemId":"B003ICXCYS","ProductIndex":44064}
{"itemId":"B005F0W63O","ProductIndex":58490}
{"itemId":"B00E6502LM","ProductIndex":97018}
{"itemId":"B005JK62R6","ProductIndex":52364}
{"itemId":"B0093HLS0M","ProductIndex":92667}
{"itemId":"B0043TRYS0","ProductIndex":66610}
{"itemId":"B0026K0KI4","ProductIndex":94152}
{"itemId":"B00F0RDX3O","ProductIndex":89642}
{"itemId":"B004AA0QO6","ProductIndex":15823}
{"itemId":"B0044C1A1S","ProductIndex":33096}
{"itemId":"B00B33UGIO","ProductIndex":40507}
{"itemId":"B0029WFZFC","ProductIndex":52325}
{"itemId":"B0038QR4E8","ProductIndex":74392}
{"itemId":"B007ZWK39O","ProductIndex":98539}
{"itemId":"B008BBQNL0","ProductIndex":154143}
{"itemId":"B0086U3QBQ","ProductIndex":8748}
{"itemId":"B00266BTRO","ProductIndex":33158}
{"itemId":"B0080FT22Y","ProductIndex":193869}
{"itemId":"B004GIKYDK","ProductIndex":42594}
{"itemId":"B0065NIDYQ","ProductIndex":202386}
{"itemId":"B004QOAGCI","ProductIndex":149334}
{"itemId":"B0083XCJNM","ProductIndex":98560}
{"itemId":"B00C7JWJRY","ProductIndex":36042}
{"itemId":"B00907MUI4","ProductIndex":164032}
{"itemId":"B001C17WDO","ProductIndex":96762}
{"itemId":"B0012ANFQS","ProductIndex":15910}
{"itemId":"B003T4R4NA","ProductIndex":97107}
{"itemId":"B004UITAYU","ProductIndex":56936}
{"itemId":"B00DS6AJ86","ProductIndex":41135}
{"itemId":"B00I8V8YE2","ProductIndex":55509}
{"itemId":"B00DJY9PMI","ProductIndex":97172}
{"itemId":"B004FRP80G","ProductIndex":139748}
{"itemId":"B004Z4UAIE","ProductIndex":37860}
{"itemId":"B00GNW4Z46","ProductIndex":173168}
{"itemId":"B003SX0NZS","ProductIndex":95447}
{"itemId":"B004W29GIE","ProductIndex":108051}
{"itemId":"B004XT6HKQ","ProductIndex":30344}
{"itemId":"B000YA7QTO","ProductIndex":36544}
{"itemId":"B00FHSYEHU","ProductIndex":122882}
{"itemId":"B007CJQ588","ProductIndex":93809}
{"itemId":"B001QIUB6I","ProductIndex":182216}
{"itemId":"B000VINUGM","ProductIndex":66085}
{"itemId":"B00474UYTM","ProductIndex":51468}
{"itemId":"B0079R2MH6","ProductIndex":5941}
{"itemId":"B001SVEH72","ProductIndex":58136}
{"itemId":"B00030EE0Y","ProductIndex":120538}
{"itemId":"B00A2U49I2","ProductIndex":91326}
{"itemId":"B001DQQBUS","ProductIndex":73249}
{"itemId":"B002BXCDCW","ProductIndex":55740}
{"itemId":"B006MGPBUU","ProductIndex":123380}
{"itemId":"B003QL370U","ProductIndex":25178}
{"itemId":"B004RPEKQO","ProductIndex":196469}
{"itemId":"B0044CSXC2","ProductIndex":77694}
{"itemId":"B00069R5LW","ProductIndex":49818}
{"itemId":"B002VY53QE","ProductIndex":23370}
{"itemId":"B00B1X3M7S","ProductIndex":43333}
{"itemId":"B0002E3FBK","ProductIndex":37102}
{"itemId":"B004O0TRCE","ProductIndex":16758}
{"itemId":"B0041G6382","ProductIndex":32440}
{"itemId":"B009FCGAQW","ProductIndex":55898}
{"itemId":"B002NXD5CM","ProductIndex":88924}
{"itemId":"B00CZDDUTS","ProductIndex":154270}
{"itemId":"B002PNQCHK","ProductIndex":107975}
{"itemId":"B005NGLBHM","ProductIndex":68928}
{"itemId":"B00113GUTK","ProductIndex":144113}
{"itemId":"B00EGCMXTE","ProductIndex":99629}
{"itemId":"B008HCSEJW","ProductIndex":147557}
{"itemId":"B00024ENYI","ProductIndex":23153}
{"itemId":"B00A2HQSSY","ProductIndex":63171}
{"itemId":"B00352W0SU","ProductIndex":37231}
{"itemId":"B004NPYKX6","ProductIndex":28904}
{"itemId":"B00DKRLAFY","ProductIndex":21599}
{"itemId":"B002PAR0D8","ProductIndex":67129}
{"itemId":"B0041G50LI","ProductIndex":94104}
{"itemId":"B00006JLOS","ProductIndex":22226}
{"itemId":"B002TWEKD0","ProductIndex":92254}
{"itemId":"B0066OUA7W","ProductIndex":83174}
{"itemId":"B00BCT9YLE","ProductIndex":170603}
{"itemId":"B00006JPED","ProductIndex":37763}
{"itemId":"B0009I95X6","ProductIndex":41748}
{"itemId":"B004GEHH84","ProductIndex":72901}
{"itemId":"B000Q7TPLW","ProductIndex":111594}
{"itemId":"B0009X1U3O","ProductIndex":25263}
{"itemId":"B001Q1HUIW","ProductIndex":66616}
{"itemId":"B000T4KV9M","ProductIndex":88439}
{"itemId":"B00HEX9JSK","ProductIndex":19993}
{"itemId":"B000E36R96","ProductIndex":35675}
{"itemId":"B002UBPWAK","ProductIndex":54059}
{"itemId":"B0087Z5MEE","ProductIndex":72624}
{"itemId":"B004K9LOJS","ProductIndex":79389}
{"itemId":"B001KW02Y6","ProductIndex":130349}
{"itemId":"B000QTVRH0","ProductIndex":70331}
{"itemId":"B0002KP332","ProductIndex":136220}
{"itemId":"B00G4TTQQK","ProductIndex":38081}
{"itemId":"B005URW6G4","ProductIndex":109372}
{"itemId":"B0035FF0XO","ProductIndex":113000}
{"itemId":"B0019SMOTC","ProductIndex":11913}
{"itemId":"B004YKZW0A","ProductIndex":93499}
{"itemId":"B007JPB2QU","ProductIndex":55056}
{"itemId":"B0026RHDO6","ProductIndex":68231}
{"itemId":"B0053YAQXO","ProductIndex":26859}
{"itemId":"B00GA97VKM","ProductIndex":179647}
{"itemId":"B00005KG4J","ProductIndex":76780}
{"itemId":"B004SFTWES","ProductIndex":173759}
{"itemId":"B002TPFNYM","ProductIndex":85112}
{"itemId":"B001LYPITM","ProductIndex":42249}
{"itemId":"B0002Y6DGO","ProductIndex":33159}
{"itemId":"B003N2OYNQ","ProductIndex":98299}
{"itemId":"B0045DIO6A","ProductIndex":12800}
{"itemId":"B0041DZTV2","ProductIndex":63170}
{"itemId":"B005H3MDOQ","ProductIndex":156981}
{"itemId":"B00JXNS9QM","ProductIndex":124203}
{"itemId":"B000VL4AXG","ProductIndex":169131}
{"itemId":"B000BS5SMQ","ProductIndex":146536}
{"itemId":"B0049MPQF4","ProductIndex":39526}
{"itemId":"B00026ICFM","ProductIndex":170212}
{"itemId":"B00FHREVBK","ProductIndex":187073}
{"itemId":"B00E63KSPY","ProductIndex":164127}
{"itemId":"B003ML9SF2","ProductIndex":77085}
{"itemId":"B009FX5CY2","ProductIndex":30413}
{"itemId":"B00J89SJ0M","ProductIndex":61577}
{"itemId":"B0052YOD48","ProductIndex":71174}
{"itemId":"B000CBSTWS","ProductIndex":134314}
{"itemId":"B002JPMN72","ProductIndex":33426}
{"itemId":"B00EKXBH3C","ProductIndex":52720}
{"itemId":"B004O2IHD2","ProductIndex":173314}
{"itemId":"B0098AXC12","ProductIndex":129032}
{"itemId":"B000034D6Z","ProductIndex":192776}
{"itemId":"B00AO1EN7G","ProductIndex":204301}
{"itemId":"B004BNG9S4","ProductIndex":202986}
{"itemId":"B0000TSJVI","ProductIndex":21297}
{"itemId":"B000K8IO0K","ProductIndex":112420}
{"itemId":"B004FM6YU4","ProductIndex":29896}
{"itemId":"B0016GT6OI","ProductIndex":46590}
{"itemId":"B004YWEL9Q","ProductIndex":88958}
{"itemId":"B005HRXOQ8","ProductIndex":54408}
{"itemId":"B00BMFYYO0","ProductIndex":114054}
{"itemId":"B0096TO3LS","ProductIndex":198806}
{"itemId":"B001197322","ProductIndex":43796}
{"itemId":"B00009WPOM","ProductIndex":81878}
{"itemId":"B00013ZCMW","ProductIndex":174975}
{"itemId":"B00AR57PFG","ProductIndex":55926}
{"itemId":"B00005NTIN","ProductIndex":116026}
{"itemId":"B00BHNNNSU","ProductIndex":103805}
{"itemId":"B005IVL0SM","ProductIndex":33829}
{"itemId":"B002KNWQI4","ProductIndex":37499}
{"itemId":"B005OLVFRW","ProductIndex":171935}
{"itemId":"B00008VSL3","ProductIndex":49142}
{"itemId":"B007T9LLOO","ProductIndex":105192}
{"itemId":"B000TGCKOE","ProductIndex":102603}
{"itemId":"B007K9CGKQ","ProductIndex":182148}
{"itemId":"B000LY1SGU","ProductIndex":56316}
{"itemId":"B003V8AWEC","ProductIndex":145254}
{"itemId":"B0007XMBMU","ProductIndex":96084}
{"itemId":"B004YG6OUQ","ProductIndex":139962}
{"itemId":"B00BJBSHTK","ProductIndex":115112}
{"itemId":"B004D4G5RG","ProductIndex":120602}
{"itemId":"B004E9SWLC","ProductIndex":73872}
{"itemId":"B002HEMYBU","ProductIndex":80287}
{"itemId":"B004UO2GGI","ProductIndex":204960}
{"itemId":"B005QBK6Q6","ProductIndex":90946}
{"itemId":"B00J719W16","ProductIndex":159564}
{"itemId":"B000085BCX","ProductIndex":19566}
{"itemId":"B00KVGAN3W","ProductIndex":105129}
{"itemId":"B004G1CUGQ","ProductIndex":78906}
{"itemId":"B00E40QPX8","ProductIndex":12186}
{"itemId":"B0097D5YPM","ProductIndex":172440}
{"itemId":"B0002UCEPC","ProductIndex":149327}
{"itemId":"B00094NU90","ProductIndex":202258}
{"itemId":"B000SEX4QU","ProductIndex":37543}
{"itemId":"B00074Z9OQ","ProductIndex":30704}
{"itemId":"B002XXHPIC","ProductIndex":129462}
{"itemId":"B002Q9N6WM","ProductIndex":107197}
{"itemId":"B000E432SE","ProductIndex":79230}
{"itemId":"B004BBJ6JK","ProductIndex":50746}
{"itemId":"B004DKWLB4","ProductIndex":27891}
{"itemId":"B001CCMEUY","ProductIndex":42225}
{"itemId":"B0055Q2FS4","ProductIndex":91748}
{"itemId":"B001604QGW","ProductIndex":30031}
{"itemId":"B008HDOBHK","ProductIndex":80851}
{"itemId":"B004TGR7IO","ProductIndex":136517}
{"itemId":"B0073YM8PG","ProductIndex":24417}
{"itemId":"B003IY32GO","ProductIndex":28002}
{"itemId":"B007SY43D6","ProductIndex":185270}
{"itemId":"B000FI5ZEI","ProductIndex":149498}
{"itemId":"B0093IPJKQ","ProductIndex":40641}
{"itemId":"B00B20N7JS","ProductIndex":54709}
{"itemId":"B007NLVQ66","ProductIndex":112733}
{"itemId":"B0035AJTL8","ProductIndex":92755}
{"itemId":"B003Y2XN96","ProductIndex":70578}
{"itemId":"B000P4YQR4","ProductIndex":38336}
{"itemId":"B001FA0BNA","ProductIndex":24184}
{"itemId":"B0000949XD","ProductIndex":138861}
{"itemId":"B009VJ01IW","ProductIndex":71915}
{"itemId":"B001NZNJLI","ProductIndex":81134}
{"itemId":"B002C0HWFC","ProductIndex":69428}
{"itemId":"B006R1602I","ProductIndex":62877}
{"itemId":"B00008KWXC","ProductIndex":132374}
{"itemId":"B0036G97AE","ProductIndex":165496}
{"itemId":"B005XD1FSK","ProductIndex":133155}
{"itemId":"B00763W1H4","ProductIndex":143482}
{"itemId":"B00FFYAVC8","ProductIndex":140010}
{"itemId":"B00ALX4X2W","ProductIndex":45277}
{"itemId":"B00365EHO6","ProductIndex":30748}
{"itemId":"B002BZIZ04","ProductIndex":111910}
{"itemId":"B006WYVGC4","ProductIndex":44982}
{"itemId":"B005LHGYXE","ProductIndex":71712}
{"itemId":"B003YLUE1C","ProductIndex":112916}
{"itemId":"B0013U5Q28","ProductIndex":149481}
{"itemId":"B000V7H1GI","ProductIndex":86208}
{"itemId":"B0014TEASO","ProductIndex":33165}
{"itemId":"B008Z11OTC","ProductIndex":98944}
{"itemId":"B008HK3TXK","ProductIndex":77387}
{"itemId":"B000MCL62M","ProductIndex":23289}
{"itemId":"B00538THUS","ProductIndex":162706}
{"itemId":"B00104QMQ6","ProductIndex":55004}
{"itemId":"B0007RB1X6","ProductIndex":79202}
{"itemId":"B004KCWDPE","ProductIndex":85404}
{"itemId":"B003DIYMVO","ProductIndex":42946}
{"itemId":"B0075GDSV0","ProductIndex":81613}
{"itemId":"B00DPLUFLA","ProductIndex":81917}
{"itemId":"B00GK4FVU4","ProductIndex":187152}
{"itemId":"B005PAIX5E","ProductIndex":146846}
{"itemId":"B0011Z7VAK","ProductIndex":53033}
{"itemId":"B000W5QNC2","ProductIndex":119885}
{"itemId":"B008GR57O8","ProductIndex":108042}
{"itemId":"B0088ED6IS","ProductIndex":74656}
{"itemId":"B003RCJKKY","ProductIndex":111480}
{"itemId":"B0044R5KY6","ProductIndex":97965}
{"itemId":"B001OD2D1G","ProductIndex":53690}
{"itemId":"B003QAMQZ8","ProductIndex":101639}
{"itemId":"B0001YH7TC","ProductIndex":125154}
{"itemId":"B0007KP5VC","ProductIndex":62359}
{"itemId":"B008DI7NF6","ProductIndex":27477}
{"itemId":"B00555R3JQ","ProductIndex":97504}
{"itemId":"B0016CFPUG","ProductIndex":38522}
{"itemId":"B006J6GGZW","ProductIndex":110523}
{"itemId":"B007NOI198","ProductIndex":118807}
{"itemId":"B001MYJZ86","ProductIndex":204455}
{"itemId":"B002ZIHTLS","ProductIndex":75993}
{"itemId":"B001Q9ER94","ProductIndex":50766}
{"itemId":"B003CIYWXI","ProductIndex":78499}
{"itemId":"B0068J1H7C","ProductIndex":38646}
{"itemId":"B000WCQY6A","ProductIndex":61944}
{"itemId":"B000FTHLE4","ProductIndex":97160}
{"itemId":"B0009K34B8","ProductIndex":135904}
{"itemId":"B000JE8Z3Q","ProductIndex":74477}
{"itemId":"B002TMO1JS","ProductIndex":80385}
{"itemId":"B001GTRK84","ProductIndex":121351}
{"itemId":"B003BWWV06","ProductIndex":175949}
{"itemId":"B000BX4ZXE","ProductIndex":60557}
{"itemId":"B00J7JXDIG","ProductIndex":126209}
{"itemId":"B000M4Z0V8","ProductIndex":93883}
{"itemId":"B00DTRCJQY","ProductIndex":46452}
{"itemId":"9573213257","ProductIndex":137102}
{"itemId":"B00GLJBYRC","ProductIndex":133892}
{"itemId":"B008CL49P6","ProductIndex":125257}
{"itemId":"B002FBSSXS","ProductIndex":71835}
{"itemId":"B001B1IY2S","ProductIndex":114864}
{"itemId":"B000ZFEA1U","ProductIndex":151543}
{"itemId":"B00ATPVIZ2","ProductIndex":82895}
{"itemId":"B000300958","ProductIndex":56762}
{"itemId":"B004CYF35M","ProductIndex":72593}
{"itemId":"B006U1KVRK","ProductIndex":131717}
{"itemId":"B003XO4JIO","ProductIndex":174477}
{"itemId":"B00GP37WZC","ProductIndex":71822}
{"itemId":"B0002WPSC6","ProductIndex":167764}
{"itemId":"B00CW38D2U","ProductIndex":207822}
{"itemId":"B005O24IRK","ProductIndex":43250}
{"itemId":"B005M4U8TC","ProductIndex":149562}
{"itemId":"B00AFV2W2S","ProductIndex":165920}
{"itemId":"B004HNPPMY","ProductIndex":199203}
{"itemId":"B00AEKBEDI","ProductIndex":35788}
{"itemId":"B000TNZBFW","ProductIndex":153830}
{"itemId":"B0002BEYIQ","ProductIndex":56340}
{"itemId":"B005V5MDDQ","ProductIndex":198516}
{"itemId":"B001RJCEE8","ProductIndex":131671}
{"itemId":"B00005R8TR","ProductIndex":100404}
{"itemId":"B002R8MSKS","ProductIndex":102237}
{"itemId":"B0013MT5FA","ProductIndex":138129}
{"itemId":"B0041RRNJY","ProductIndex":58340}
{"itemId":"B000EISJLK","ProductIndex":180656}
{"itemId":"B00KPRWAX8","ProductIndex":32731}
{"itemId":"B00IQ7OTOC","ProductIndex":121600}
{"itemId":"B0040F7RQG","ProductIndex":113416}
{"itemId":"B00B5VAJYU","ProductIndex":116384}
{"itemId":"B004CFZOFU","ProductIndex":120066}
{"itemId":"B004SHBYWO","ProductIndex":115317}
{"itemId":"B000TLUUAU","ProductIndex":115074}
{"itemId":"B00BSW80IS","ProductIndex":143246}
{"itemId":"B000AOIPAI","ProductIndex":110029}
{"itemId":"B006LWFWRC","ProductIndex":55520}
{"itemId":"B001HBIZQM","ProductIndex":77683}
{"itemId":"B003TP8MJE","ProductIndex":145325}
{"itemId":"B00CRTCC62","ProductIndex":70097}
{"itemId":"B005DEWO02","ProductIndex":88753}
{"itemId":"B003TFKEQ8","ProductIndex":46456}
{"itemId":"B002CVTUH4","ProductIndex":84997}
{"itemId":"B007CDJPTU","ProductIndex":103342}
{"itemId":"B001J6N812","ProductIndex":123653}
{"itemId":"B00ADSFPZ4","ProductIndex":122902}
{"itemId":"B006LPMGT6","ProductIndex":161770}
{"itemId":"B0089M1KHS","ProductIndex":146199}
{"itemId":"B001MVAKZG","ProductIndex":32099}
{"itemId":"B0069X6N7Q","ProductIndex":27625}
{"itemId":"B003LXDJA6","ProductIndex":77718}
{"itemId":"B00C7BZKP0","ProductIndex":79639}
{"itemId":"B003ZEVLL0","ProductIndex":122731}
{"itemId":"B00076VEGG","ProductIndex":67750}
{"itemId":"B003ZMF25S","ProductIndex":49964}
{"itemId":"B000L9A7ZS","ProductIndex":41441}
{"itemId":"B004ULV0UO","ProductIndex":122041}
{"itemId":"B000A7B9RQ","ProductIndex":46882}
{"itemId":"B0052VU3HW","ProductIndex":36433}
{"itemId":"B00ESCJVME","ProductIndex":148593}
{"itemId":"B001MQ4L06","ProductIndex":56562}
{"itemId":"B004577N4A","ProductIndex":170651}
{"itemId":"B005HGF0OS","ProductIndex":119524}
{"itemId":"B001J8TBNO","ProductIndex":68107}
{"itemId":"B00899WPSE","ProductIndex":195009}
{"itemId":"B004LL1JIG","ProductIndex":152911}
{"itemId":"B003EVQR1S","ProductIndex":53693}
{"itemId":"B000ES5NCS","ProductIndex":196422}
{"itemId":"B002IS1UW4","ProductIndex":103968}
{"itemId":"B00AQ8E6L0","ProductIndex":152184}
{"itemId":"B0000683E7","ProductIndex":164208}
{"itemId":"B0016ASBVI","ProductIndex":52773}
{"itemId":"B005R0CBE6","ProductIndex":99565}
{"itemId":"B00029U1DU","ProductIndex":103670}
{"itemId":"B00CKZK4G8","ProductIndex":68602}
{"itemId":"B001O8694S","ProductIndex":140035}
{"itemId":"B0017LEESA","ProductIndex":96431}
{"itemId":"B003MZZZL4","ProductIndex":139536}
{"itemId":"B0084EF2GG","ProductIndex":99054}
{"itemId":"B00CMGZ2XU","ProductIndex":132482}
{"itemId":"B00EVNVR2W","ProductIndex":118914}
{"itemId":"B00DTK29VG","ProductIndex":160846}
{"itemId":"B0055Q942E","ProductIndex":114064}
{"itemId":"B0013CX27W","ProductIndex":105938}
{"itemId":"B007VHQ9RI","ProductIndex":137001}
{"itemId":"B001IUY3AE","ProductIndex":86924}
{"itemId":"B008I6B14M","ProductIndex":197353}
{"itemId":"B00AVTDBGA","ProductIndex":136145}
{"itemId":"B00BHSTVQS","ProductIndex":107947}
{"itemId":"B00915OOPW","ProductIndex":144696}
{"itemId":"B00A9LG0RW","ProductIndex":83934}
{"itemId":"B004UCXKTC","ProductIndex":80249}
{"itemId":"B008OV72MQ","ProductIndex":51530}
{"itemId":"B003TWOGHE","ProductIndex":121512}
{"itemId":"B003LY3Q2G","ProductIndex":104945}
{"itemId":"B00CO8T9VW","ProductIndex":70531}
{"itemId":"B00170KZWU","ProductIndex":62524}
{"itemId":"B0019M6GO2","ProductIndex":45267}
{"itemId":"B0009RUWDE","ProductIndex":125835}
{"itemId":"B004BQR0FC","ProductIndex":83638}
{"itemId":"B000MXNJ7G","ProductIndex":32782}
{"itemId":"B003WM51DO","ProductIndex":91639}
{"itemId":"B001DXYYS2","ProductIndex":133761}
{"itemId":"B0083KVGBG","ProductIndex":150771}
{"itemId":"B00A30NPOA","ProductIndex":51871}
{"itemId":"B004O3ELYK","ProductIndex":64772}
{"itemId":"B007GJ4RQQ","ProductIndex":168581}
{"itemId":"B007MTGKJC","ProductIndex":111540}
{"itemId":"B002TKPPEU","ProductIndex":146741}
{"itemId":"B005553HUA","ProductIndex":120199}
{"itemId":"B0042R3A2C","ProductIndex":198798}
{"itemId":"B0023YIRJM","ProductIndex":172340}
{"itemId":"B001DY58RW","ProductIndex":99261}
{"itemId":"B00DHOJ610","ProductIndex":153360}
{"itemId":"B00ET9EQ62","ProductIndex":129597}
{"itemId":"B005IPT3J6","ProductIndex":62780}
{"itemId":"B0002BG6FU","ProductIndex":119042}
{"itemId":"B000ISHNL8","ProductIndex":195112}
{"itemId":"B00AA5YVKU","ProductIndex":89135}
{"itemId":"B007DOPNBW","ProductIndex":168302}
{"itemId":"B009FR2YOY","ProductIndex":90681}
{"itemId":"B000N8RK8E","ProductIndex":168321}
{"itemId":"B0009FBTCY","ProductIndex":136638}
{"itemId":"B004FPO2NW","ProductIndex":63779}
{"itemId":"B00006JPPV","ProductIndex":103457}
{"itemId":"B004UQI6K6","ProductIndex":60725}
{"itemId":"B008249AUW","ProductIndex":193865}
{"itemId":"B00D9KR6PU","ProductIndex":88306}
{"itemId":"B001HN68QY","ProductIndex":173055}
{"itemId":"B0066VXNH4","ProductIndex":166822}
{"itemId":"B005KP7EDQ","ProductIndex":108393}
{"itemId":"B004Z8M6K0","ProductIndex":188390}
{"itemId":"B004CSO6G0","ProductIndex":66505}
{"itemId":"B000WX7B1Q","ProductIndex":116989}
{"itemId":"B006W2IFQQ","ProductIndex":89260}
{"itemId":"B0057Z11V0","ProductIndex":134005}
{"itemId":"B000XFI1EE","ProductIndex":39409}
{"itemId":"B00DIGC7UO","ProductIndex":130333}
{"itemId":"B00GNARENC","ProductIndex":126800}
{"itemId":"B00004Z5XN","ProductIndex":73860}
{"itemId":"B00CSMMPZQ","ProductIndex":114130}
{"itemId":"B003NYGP9U","ProductIndex":92144}
{"itemId":"B007VAFWN2","ProductIndex":105197}
{"itemId":"B000AEQQQ8","ProductIndex":203853}
{"itemId":"B008EX3MJ6","ProductIndex":196691}
{"itemId":"B008C4TURK","ProductIndex":156124}
{"itemId":"B009L4NY8Q","ProductIndex":34318}
{"itemId":"B005YF63UC","ProductIndex":125452}
{"itemId":"B000F4CUWW","ProductIndex":50749}
{"itemId":"B006ULYX5Q","ProductIndex":166404}
{"itemId":"B0006MQD5S","ProductIndex":198562}
{"itemId":"B000V4S6YM","ProductIndex":92129}
{"itemId":"B0058TGQZG","ProductIndex":144848}
{"itemId":"B009NTU6LW","ProductIndex":115737}
{"itemId":"B001LGHB7W","ProductIndex":155875}
{"itemId":"B00009V6QO","ProductIndex":131924}
{"itemId":"B0037UPZVY","ProductIndex":134825}
{"itemId":"B0000CG49A","ProductIndex":102290}
{"itemId":"B00AAMWPL0","ProductIndex":154095}
{"itemId":"B000UHXIJS","ProductIndex":101408}
{"itemId":"B00BWV50MY","ProductIndex":89117}
{"itemId":"B001QJ17OW","ProductIndex":95431}
{"itemId":"B0056VOCQG","ProductIndex":108359}
{"itemId":"B000E7AKHC","ProductIndex":165293}
{"itemId":"B005PPN6U6","ProductIndex":119897}
{"itemId":"B00067JSF0","ProductIndex":157234}
{"itemId":"B0037TQ68Q","ProductIndex":172756}
{"itemId":"B0062TAKJO","ProductIndex":100718}
{"itemId":"B007Y0VMD8","ProductIndex":175573}
{"itemId":"B002HQNPIE","ProductIndex":163816}
{"itemId":"B001RNOHL2","ProductIndex":80067}
{"itemId":"B001MQ4KS4","ProductIndex":120944}
{"itemId":"B0031OTERW","ProductIndex":138074}
{"itemId":"B003HMOB76","ProductIndex":110284}
{"itemId":"B006K555EU","ProductIndex":47899}
{"itemId":"B0057XC1Y8","ProductIndex":85070}
{"itemId":"B00006I58D","ProductIndex":89183}
{"itemId":"B00IVEI0JK","ProductIndex":183911}
{"itemId":"B0000AKMLZ","ProductIndex":126543}
{"itemId":"B000051SDX","ProductIndex":125770}
{"itemId":"B000F33O3C","ProductIndex":113469}
{"itemId":"B0096DKN2M","ProductIndex":198854}
{"itemId":"B00ANX6QXO","ProductIndex":145501}
{"itemId":"B00DCC300U","ProductIndex":72874}
{"itemId":"B00GWQOZ7A","ProductIndex":126450}
{"itemId":"B000VVVMYG","ProductIndex":69399}
{"itemId":"B001BLZ0ES","ProductIndex":150957}
{"itemId":"B004O8JDUC","ProductIndex":204125}
{"itemId":"B00CD4HN7E","ProductIndex":99005}
{"itemId":"B004L721I2","ProductIndex":79978}
{"itemId":"B009LRUXZ0","ProductIndex":181435}
{"itemId":"B00006D2GQ","ProductIndex":119700}
{"itemId":"B00C91TKX6","ProductIndex":194516}
{"itemId":"B001CDNLW8","ProductIndex":116634}
{"itemId":"B003URUN0M","ProductIndex":135993}
{"itemId":"B0000632HF","ProductIndex":181872}
{"itemId":"B00839KTA6","ProductIndex":140655}
{"itemId":"B00384G8RY","ProductIndex":75099}
{"itemId":"B003XDU498","ProductIndex":65185}
{"itemId":"B001HWMZPS","ProductIndex":151040}
{"itemId":"B003BYRPSM","ProductIndex":161391}
{"itemId":"B005WKOHVG","ProductIndex":195612}
{"itemId":"B0051OJZ5G","ProductIndex":166376}
{"itemId":"B0000A1H8Z","ProductIndex":65970}
{"itemId":"B000VRBLNC","ProductIndex":149599}
{"itemId":"B008N34A7K","ProductIndex":205577}
{"itemId":"B00AHC5ZEC","ProductIndex":169482}
{"itemId":"B000VTGTDC","ProductIndex":183855}
{"itemId":"B004FPYLK6","ProductIndex":77817}
{"itemId":"B000HZDYAG","ProductIndex":197794}
{"itemId":"B002GWO8OY","ProductIndex":57699}
{"itemId":"B000FVA2MU","ProductIndex":193296}
{"itemId":"B0080AOEYA","ProductIndex":65861}
{"itemId":"B000FFILHY","ProductIndex":110051}
{"itemId":"B0094K2848","ProductIndex":78033}
{"itemId":"B00B1JFK8Q","ProductIndex":146935}
{"itemId":"B008JH0DWQ","ProductIndex":59525}
{"itemId":"B0035ER1IC","ProductIndex":70628}
{"itemId":"B003BYQNIK","ProductIndex":79371}
{"itemId":"B004WK4TDS","ProductIndex":114223}
{"itemId":"B000T4RIH0","ProductIndex":103606}
{"itemId":"B002VIJUDC","ProductIndex":192253}
{"itemId":"B002LQO4I0","ProductIndex":159736}
{"itemId":"B006QLA76O","ProductIndex":177433}
{"itemId":"B008GVZNU2","ProductIndex":66791}
{"itemId":"B004YLHEWI","ProductIndex":144017}
{"itemId":"B00241NXYS","ProductIndex":92799}
{"itemId":"B00A5DAIL8","ProductIndex":104483}
{"itemId":"B00HQCINKE","ProductIndex":77885}
{"itemId":"B003BT6B5A","ProductIndex":150655}
{"itemId":"B00771DMZ0","ProductIndex":170377}
{"itemId":"B00GVFWFEC","ProductIndex":147610}
{"itemId":"B000V6WG50","ProductIndex":150426}
{"itemId":"B00BOGPGZI","ProductIndex":149369}
{"itemId":"B00DIL09Q8","ProductIndex":124000}
{"itemId":"B000LFJM4E","ProductIndex":176399}
{"itemId":"B004QXH3AW","ProductIndex":65976}
{"itemId":"B002TW1AZQ","ProductIndex":115014}
{"itemId":"B000UPA7M6","ProductIndex":49656}
{"itemId":"B009GUXG92","ProductIndex":65443}
{"itemId":"B005AIRB7M","ProductIndex":130097}
{"itemId":"B006B5BFU2","ProductIndex":170590}
{"itemId":"B004W8MEA0","ProductIndex":159339}
{"itemId":"B00H1KFY8K","ProductIndex":199070}
{"itemId":"B00BXJLYI4","ProductIndex":185590}
{"itemId":"B00A8WCR38","ProductIndex":131088}
{"itemId":"B00431JGKW","ProductIndex":162582}
{"itemId":"B00744SCFU","ProductIndex":177064}
{"itemId":"B009R5F5IQ","ProductIndex":207396}
{"itemId":"B00CDACHDS","ProductIndex":126411}
{"itemId":"B000AB3B0U","ProductIndex":143987}
{"itemId":"B003OD1Y0A","ProductIndex":88061}
{"itemId":"B00BEK0V0O","ProductIndex":141963}
{"itemId":"B007VLH5D6","ProductIndex":113803}
{"itemId":"B0043WBFF0","ProductIndex":187661}
{"itemId":"B005LS5WBI","ProductIndex":125124}
{"itemId":"B006SF6AO6","ProductIndex":151857}
{"itemId":"B004N1VJJI","ProductIndex":131607}
{"itemId":"B0036WTX1G","ProductIndex":163167}
{"itemId":"B0018S5W06","ProductIndex":169371}
{"itemId":"B005WLSO5A","ProductIndex":207005}
{"itemId":"B0000DDAI2","ProductIndex":179882}
{"itemId":"B002RL8V24","ProductIndex":113547}
{"itemId":"B006U49524","ProductIndex":178575}
{"itemId":"B008RJU1SM","ProductIndex":204357}
{"itemId":"B001NJNPZE","ProductIndex":121178}
{"itemId":"B000NAT2B0","ProductIndex":152567}
{"itemId":"B004GKM39G","ProductIndex":180869}
{"itemId":"B004OTLI0Y","ProductIndex":148174}
{"itemId":"B000EIXX34","ProductIndex":94696}
{"itemId":"B00004ZDB1","ProductIndex":57229}
{"itemId":"B002WP2T00","ProductIndex":78707}
{"itemId":"B006OK0P1Y","ProductIndex":75254}
{"itemId":"B000KU5UIW","ProductIndex":95787}
{"itemId":"B0092PNJVG","ProductIndex":147341}
{"itemId":"B004M8STMC","ProductIndex":201769}
{"itemId":"B002UICFFI","ProductIndex":119123}
{"itemId":"B000AV366E","ProductIndex":108465}
{"itemId":"B0017Q8EX6","ProductIndex":89717}
{"itemId":"B009VUUK1E","ProductIndex":75019}
{"itemId":"B007PSJ7PY","ProductIndex":101130}
{"itemId":"B003K1FTFM","ProductIndex":108237}
{"itemId":"B001A0ZG62","ProductIndex":203065}
{"itemId":"B001P5I4WK","ProductIndex":170731}
{"itemId":"B009S330O8","ProductIndex":149294}
{"itemId":"B002YOS65Q","ProductIndex":198106}
{"itemId":"B009ETWO0W","ProductIndex":86314}
{"itemId":"B000SNRCAA","ProductIndex":172553}
{"itemId":"B008DBI47O","ProductIndex":163109}
{"itemId":"B005NX4EAQ","ProductIndex":140199}
{"itemId":"B004HK2WFK","ProductIndex":89544}
{"itemId":"B005OPTKZC","ProductIndex":198738}
{"itemId":"B00DSXW5OU","ProductIndex":175365}
{"itemId":"B00GQNNHJG","ProductIndex":179332}
{"itemId":"B009SFIOCE","ProductIndex":175775}
{"itemId":"B004DE2TW6","ProductIndex":178480}
{"itemId":"B004KJDS7E","ProductIndex":88857}
{"itemId":"B004GWI2GW","ProductIndex":105241}
{"itemId":"B00192B2R8","ProductIndex":88607}
{"itemId":"B0097CMYJW","ProductIndex":186491}
{"itemId":"B000KI8G94","ProductIndex":103247}
{"itemId":"B00009R8FG","ProductIndex":101205}
{"itemId":"B0026ZPX9K","ProductIndex":206824}
{"itemId":"B002XDQA9M","ProductIndex":120176}
{"itemId":"B0019BJZ8M","ProductIndex":139098}
{"itemId":"B0014GX98Y","ProductIndex":63760}
{"itemId":"B007KDPW94","ProductIndex":110415}
{"itemId":"B006P9B6JE","ProductIndex":205784}
{"itemId":"B003UIPL1W","ProductIndex":199830}
{"itemId":"B002KFJP40","ProductIndex":117995}
{"itemId":"B001Q9EL1I","ProductIndex":106720}
{"itemId":"B001L5U1QQ","ProductIndex":126524}
{"itemId":"B0025ZER7U","ProductIndex":189290}
{"itemId":"B00AT4R1L8","ProductIndex":173736}
{"itemId":"B000QG68RC","ProductIndex":203502}
{"itemId":"B00D3GUG1Q","ProductIndex":158683}
{"itemId":"B004NFIKQO","ProductIndex":200120}
{"itemId":"B000RESZH4","ProductIndex":186972}
{"itemId":"B0030C4RJU","ProductIndex":156195}
{"itemId":"B00HGNO0EQ","ProductIndex":144384}
{"itemId":"B004GXAL2Y","ProductIndex":151513}
{"itemId":"B00DDOL82O","ProductIndex":134778}
{"itemId":"B008I37FWC","ProductIndex":183382}
{"itemId":"B004NBZB74","ProductIndex":123561}
{"itemId":"B00851WSII","ProductIndex":80458}
{"itemId":"B0011FYKZY","ProductIndex":51131}
{"itemId":"B0046CA2P6","ProductIndex":153589}
{"itemId":"B00005UM9T","ProductIndex":178548}
{"itemId":"B00ASURTY2","ProductIndex":163775}
{"itemId":"B0019BCM4G","ProductIndex":93623}
{"itemId":"B00ADDYCD0","ProductIndex":168431}
{"itemId":"B0050ZD6DS","ProductIndex":110444}
{"itemId":"B000ETVRVI","ProductIndex":126025}
{"itemId":"B002XTDFE4","ProductIndex":145539}
{"itemId":"B005C74U0W","ProductIndex":118133}
{"itemId":"B00ADZA23M","ProductIndex":178499}
{"itemId":"B009GUP0S2","ProductIndex":93548}
{"itemId":"B00009R6DB","ProductIndex":160161}
{"itemId":"B0012EDVPE","ProductIndex":138321}
{"itemId":"B004TMLWFC","ProductIndex":96421}
{"itemId":"B0001Y76NE","ProductIndex":206546}
{"itemId":"B000GHFR1O","ProductIndex":189912}
{"itemId":"B004I51UQQ","ProductIndex":197599}
{"itemId":"B0018B76FC","ProductIndex":161756}
{"itemId":"B00A7E252A","ProductIndex":134652}
{"itemId":"B00CUOUDYM","ProductIndex":206793}
{"itemId":"B00007MFPQ","ProductIndex":104630}
{"itemId":"B004MFLW1K","ProductIndex":193326}
{"itemId":"B0035IR53E","ProductIndex":179743}
{"itemId":"B004DWNUWG","ProductIndex":154723}
{"itemId":"B006JA8VVK","ProductIndex":141559}
{"itemId":"B000P17ZHK","ProductIndex":178221}
{"itemId":"B005DNT8KM","ProductIndex":117303}
{"itemId":"B005I0II1K","ProductIndex":182318}
{"itemId":"B0068XUEXQ","ProductIndex":93815}
{"itemId":"B00H02XGS4","ProductIndex":159328}
{"itemId":"B0068EK11U","ProductIndex":73903}
{"itemId":"B0082PVXE2","ProductIndex":117246}
{"itemId":"B005J936EY","ProductIndex":153366}
{"itemId":"B0085CIMLE","ProductIndex":136011}
{"itemId":"B00000J4EN","ProductIndex":176067}
{"itemId":"B0045R21HO","ProductIndex":130137}
{"itemId":"B000F9JW8C","ProductIndex":115143}
{"itemId":"B00DP8NVGE","ProductIndex":189932}
{"itemId":"B009HX7YFA","ProductIndex":167091}
{"itemId":"B00B79AUQW","ProductIndex":154217}
{"itemId":"B0023Z2580","ProductIndex":170334}
{"itemId":"B000LLT8LU","ProductIndex":169092}
{"itemId":"B005F0CSRS","ProductIndex":172564}
{"itemId":"B00IO5MUDS","ProductIndex":201803}
{"itemId":"B002QHD1ZG","ProductIndex":81382}
{"itemId":"B003U8ERSU","ProductIndex":124599}
{"itemId":"B00D0BIRVA","ProductIndex":139753}
{"itemId":"B002H9XRVG","ProductIndex":96818}
{"itemId":"B00I873MPC","ProductIndex":188016}
{"itemId":"B00IS97TX6","ProductIndex":189684}
{"itemId":"B00A0JEN9A","ProductIndex":104120}
{"itemId":"B005XXHQ4M","ProductIndex":182634}
{"itemId":"B00FG5DOV6","ProductIndex":204042}
{"itemId":"B000UC3EXI","ProductIndex":121048}
{"itemId":"B00BLQNPFO","ProductIndex":160489}
{"itemId":"B003Z4FDIW","ProductIndex":95068}
{"itemId":"B007KO7Z5W","ProductIndex":119451}
{"itemId":"B002MXXBKE","ProductIndex":113559}
{"itemId":"B007F9VLAW","ProductIndex":121106}
{"itemId":"B001BLNGTY","ProductIndex":188215}
{"itemId":"B003F41FBQ","ProductIndex":112600}
{"itemId":"B0002ZPNZU","ProductIndex":102587}
{"itemId":"B008RAOKOM","ProductIndex":142392}
{"itemId":"B005GD9U4S","ProductIndex":186955}
{"itemId":"B0009ZECJ6","ProductIndex":138565}
{"itemId":"B009MLT4M8","ProductIndex":201940}
{"itemId":"B0002PS54G","ProductIndex":163460}
{"itemId":"B00F7OKG1C","ProductIndex":169722}
{"itemId":"B000MW6PCI","ProductIndex":117158}
{"itemId":"B007A2WOAA","ProductIndex":147343}
{"itemId":"B00AOH3JY8","ProductIndex":178337}
{"itemId":"B007BIV6NY","ProductIndex":129228}
{"itemId":"B0070XDYCG","ProductIndex":204021}
{"itemId":"B0082X9ED6","ProductIndex":184227}
{"itemId":"B005JTI824","ProductIndex":132931}
{"itemId":"B004QPHQO8","ProductIndex":204622}
{"itemId":"B001JK36Q0","ProductIndex":186918}
{"itemId":"B00152CSTI","ProductIndex":140782}
{"itemId":"B003V2Q6NY","ProductIndex":184908}
{"itemId":"B007S0WOIQ","ProductIndex":191350}
{"itemId":"B00AYO0HOG","ProductIndex":155396}
{"itemId":"B000KIEG98","ProductIndex":175605}
{"itemId":"B00DOQRCWG","ProductIndex":126111}
{"itemId":"B000VU83I0","ProductIndex":147983}
{"itemId":"B0009PEXPY","ProductIndex":180481}
{"itemId":"B0013FHQLM","ProductIndex":149101}
{"itemId":"B000O52ZXG","ProductIndex":199547}
{"itemId":"B0046HNVO0","ProductIndex":123073}
{"itemId":"B001HS8RLS","ProductIndex":176473}
{"itemId":"B00001OPJX","ProductIndex":177520}
{"itemId":"B0002S07VM","ProductIndex":153003}
{"itemId":"B00BWJZJFE","ProductIndex":197037}
{"itemId":"B004I5P4Y0","ProductIndex":139773}
{"itemId":"B001MW3TAS","ProductIndex":134171}
{"itemId":"B004GIGNYO","ProductIndex":113412}
{"itemId":"B00AEUPU6U","ProductIndex":125079}
{"itemId":"B00HIY9KWU","ProductIndex":117688}
{"itemId":"B0088L18S6","ProductIndex":206596}
{"itemId":"B0011N91LE","ProductIndex":179656}
{"itemId":"B001ASC60I","ProductIndex":187239}
{"itemId":"B005BW7WJY","ProductIndex":201045}
{"itemId":"B0038K5VEO","ProductIndex":178552}
{"itemId":"B009AXH1KA","ProductIndex":182007}
{"itemId":"B007FO6HGK","ProductIndex":128801}
{"itemId":"B001N44UEO","ProductIndex":183852}
{"itemId":"B000R9BJMM","ProductIndex":183833}
{"itemId":"B00CBN10BM","ProductIndex":196789}
{"itemId":"B003EH7TKA","ProductIndex":88926}
{"itemId":"B00CBIRKOI","ProductIndex":147561}
{"itemId":"B000KGARYI","ProductIndex":142454}
{"itemId":"B0095B3YLM","ProductIndex":150164}
{"itemId":"B0001DRQFS","ProductIndex":137544}
{"itemId":"B0095WURMK","ProductIndex":167957}
{"itemId":"B00I9ID070","ProductIndex":208314}
{"itemId":"B004ZVR8H8","ProductIndex":154994}
{"itemId":"B00BM3WXCC","ProductIndex":145733}
{"itemId":"B00DII5B0K","ProductIndex":177165}
{"itemId":"B003JVXNU6","ProductIndex":93861}
{"itemId":"B004HJ1X6K","ProductIndex":121801}
{"itemId":"B00EAICR8Q","ProductIndex":180552}
{"itemId":"B004RJYYMK","ProductIndex":115637}
{"itemId":"B005T6EC9K","ProductIndex":196086}
{"itemId":"B00406ITJE","ProductIndex":153536}
{"itemId":"B00AQTY1DM","ProductIndex":207641}
{"itemId":"B003NE3WNM","ProductIndex":197839}
{"itemId":"B008OL3BEO","ProductIndex":165932}
{"itemId":"B000ENQSZY","ProductIndex":207444}
{"itemId":"B001545OYC","ProductIndex":201902}
{"itemId":"B00BQYVKDK","ProductIndex":175834}
{"itemId":"B00006I5SK","ProductIndex":170555}
{"itemId":"B00BELZ3RY","ProductIndex":159793}
{"itemId":"B0029LHW2M","ProductIndex":173261}
{"itemId":"B00006JEF5","ProductIndex":191030}
{"itemId":"B00GGF1TYE","ProductIndex":149610}
{"itemId":"B005ZH2YWU","ProductIndex":126495}
{"itemId":"B0077JAFMU","ProductIndex":166595}
{"itemId":"B008VDPGSO","ProductIndex":182699}
{"itemId":"B002R5AO5W","ProductIndex":202121}
{"itemId":"B001VNBIZ6","ProductIndex":171922}
{"itemId":"B000VIT0UC","ProductIndex":181776}
{"itemId":"B0006OCTHM","ProductIndex":203645}
{"itemId":"B000639MX2","ProductIndex":191955}
{"itemId":"B000RFFQ2A","ProductIndex":121554}
{"itemId":"B005MSNDN6","ProductIndex":160189}
{"itemId":"B000XUL0EC","ProductIndex":156998}
{"itemId":"B006HB8N9G","ProductIndex":133976}
{"itemId":"B003ZENSFC","ProductIndex":159385}
{"itemId":"B002SNCPHI","ProductIndex":189509}
{"itemId":"B008P04ZQ2","ProductIndex":183129}
{"itemId":"B00006B8E7","ProductIndex":173071}
{"itemId":"B0028MVFQQ","ProductIndex":141923}
{"itemId":"B009K85TJ0","ProductIndex":174255}
{"itemId":"B002KIUC6C","ProductIndex":181011}
{"itemId":"B0064SZ2QO","ProductIndex":201896}
{"itemId":"B00008V9F0","ProductIndex":190642}
{"itemId":"B0002TGKXU","ProductIndex":183662}
{"itemId":"B008ETTJAG","ProductIndex":200230}
{"itemId":"B00552P66G","ProductIndex":147315}
{"itemId":"B0042VPG3Y","ProductIndex":178725}
{"itemId":"B00025ELDU","ProductIndex":193683}
{"itemId":"B00BI2NIZS","ProductIndex":198496}
{"itemId":"B0084HYT80","ProductIndex":191789}
{"itemId":"B003QR8Q6E","ProductIndex":199429}
{"itemId":"B00BTKPRYO","ProductIndex":140903}
{"itemId":"B004FDCMF4","ProductIndex":196383}
{"itemId":"B00FM5R9RU","ProductIndex":184218}
{"itemId":"B009ZFNY36","ProductIndex":192122}
{"itemId":"B000I249NE","ProductIndex":171206}
{"itemId":"B001O1Z77K","ProductIndex":188582}
{"itemId":"B00ALQ2H0E","ProductIndex":184414}
{"itemId":"B0000631YE","ProductIndex":193188}
{"itemId":"B001IWOBNQ","ProductIndex":188623}
{"itemId":"B00AISCVOC","ProductIndex":198424}
{"itemId":"B0045VXSKY","ProductIndex":206188}
{"itemId":"B00DLVDQKQ","ProductIndex":208089}
{"itemId":"B00ICS95ZS","ProductIndex":184085}
{"itemId":"B000RG4ECW","ProductIndex":193488}
{"itemId":"B003GE0RDC","ProductIndex":182600}
{"itemId":"B006GKGPRA","ProductIndex":179190}
{"itemId":"B00006JHYY","ProductIndex":197202}
{"itemId":"B004NO7B06","ProductIndex":148374}
{"itemId":"B0030M5JWY","ProductIndex":204952}
{"itemId":"B00HNY8TBS","ProductIndex":187973}
{"itemId":"B007F8G31U","ProductIndex":177832}
{"itemId":"B0048C8VTS","ProductIndex":180503}
{"itemId":"B00B42NIRA","ProductIndex":199148}
{"itemId":"B007JJZZ3W","ProductIndex":200366}
{"itemId":"B006DHCX1I","ProductIndex":204336}
{"itemId":"B00GY16NQ4","ProductIndex":205867}
{"itemId":"B005SHUXO8","ProductIndex":185359}
