{"itemId":"B00AJHDZSI","ProductIndex":82}
{"itemId":"B005LZR0DO","ProductIndex":822}
{"itemId":"B0043ZWJHU","ProductIndex":13516}
{"itemId":"B0069OAHUO","ProductIndex":3940}
{"itemId":"B0057AVXJA","ProductIndex":793}
{"itemId":"B001BBS76Q","ProductIndex":6990}
{"itemId":"B003BVAJII","ProductIndex":81841}
{"itemId":"B00556F8ZQ","ProductIndex":9510}
{"itemId":"B005HMO6A6","ProductIndex":115}
{"itemId":"B000P708NM","ProductIndex":5171}
{"itemId":"B009SK57IS","ProductIndex":6420}
{"itemId":"B009613MVS","ProductIndex":558}
{"itemId":"B000067RBT","ProductIndex":1868}
{"itemId":"B005PZ07PI","ProductIndex":3971}
{"itemId":"B00JKCHNOU","ProductIndex":46680}
{"itemId":"B0027VT6OG","ProductIndex":4578}
{"itemId":"B003SQ1CZK","ProductIndex":94447}
{"itemId":"B000ID6DTG","ProductIndex":2387}
{"itemId":"B004OA6VYQ","ProductIndex":3561}
{"itemId":"B000EQJSGC","ProductIndex":97446}
{"itemId":"B004X69BFW","ProductIndex":4126}
{"itemId":"B004AMRT62","ProductIndex":12608}
{"itemId":"B004431UBM","ProductIndex":4024}
{"itemId":"B0000CE1VP","ProductIndex":19776}
{"itemId":"B002MWYUFU","ProductIndex":10424}
{"itemId":"B003KQ22W0","ProductIndex":38813}
{"itemId":"B000J0072M","ProductIndex":96328}
{"itemId":"B0041EEW1E","ProductIndex":159465}
{"itemId":"B003DNS88C","ProductIndex":6150}
{"itemId":"B001CMB66W","ProductIndex":27179}
{"itemId":"B002O8AVLO","ProductIndex":104615}
{"itemId":"B003Z3I21I","ProductIndex":10011}
{"itemId":"B003YNO0LA","ProductIndex":8792}
{"itemId":"B00365GUZ0","ProductIndex":8440}
{"itemId":"B007X6MVZQ","ProductIndex":14972}
{"itemId":"B004EKKAB6","ProductIndex":86581}
{"itemId":"B006JO1YVU","ProductIndex":3554}
{"itemId":"B0013819RG","ProductIndex":76901}
{"itemId":"B008FH1R0M","ProductIndex":1451}
{"itemId":"B001CBRYUA","ProductIndex":20942}
{"itemId":"B000M2TAKM","ProductIndex":46706}
{"itemId":"B0000A1G05","ProductIndex":1307}
{"itemId":"B00023433U","ProductIndex":2556}
{"itemId":"B00F9OQRZE","ProductIndex":5197}
{"itemId":"B004SP1C0U","ProductIndex":207144}
{"itemId":"B001E4E53Y","ProductIndex":25170}
{"itemId":"B001UHRJA6","ProductIndex":46821}
{"itemId":"B00350I03Q","ProductIndex":20380}
{"itemId":"B003DXL4X8","ProductIndex":11385}
{"itemId":"B004FM4UGE","ProductIndex":15634}
{"itemId":"B003XQMUVA","ProductIndex":17534}
{"itemId":"B00GBXMSHI","ProductIndex":110963}
{"itemId":"B000087LI2","ProductIndex":48864}
{"itemId":"B0010LXT9W","ProductIndex":8894}
{"itemId":"B00009UTQK","ProductIndex":9700}
{"itemId":"B009PAEE58","ProductIndex":9082}
{"itemId":"B004C3KHSG","ProductIndex":31210}
{"itemId":"B000JO1380","ProductIndex":5158}
{"itemId":"B0057AR5DS","ProductIndex":102628}
{"itemId":"B00000JBJP","ProductIndex":130073}
{"itemId":"B004DF1E9E","ProductIndex":6362}
{"itemId":"B00AR1JYN6","ProductIndex":9340}
{"itemId":"B00B9BDB14","ProductIndex":11573}
{"itemId":"B0012UZMUU","ProductIndex":10848}
{"itemId":"B004ZMC2SM","ProductIndex":82329}
{"itemId":"B001GGAIIQ","ProductIndex":5968}
{"itemId":"B009PFBSRU","ProductIndex":19793}
{"itemId":"B002BDTLWC","ProductIndex":6853}
{"itemId":"B00CHKF1UA","ProductIndex":13174}
{"itemId":"B000I5NQA8","ProductIndex":11165}
{"itemId":"B001T8YDY6","ProductIndex":136127}
{"itemId":"B0021Y27HW","ProductIndex":14301}
{"itemId":"B00434OWDA","ProductIndex":1589}
{"itemId":"B0030FR08W","ProductIndex":9775}
{"itemId":"B004SKBJ5S","ProductIndex":11121}
{"itemId":"B00006JPDG","ProductIndex":8223}
{"itemId":"B005MM64W4","ProductIndex":37567}
{"itemId":"B003VY4M42","ProductIndex":3166}
{"itemId":"B002PN8B1A","ProductIndex":3524}
{"itemId":"B002BNMPDE","ProductIndex":37377}
{"itemId":"B008ALMITM","ProductIndex":25514}
{"itemId":"B003E4TPDC","ProductIndex":26492}
{"itemId":"B002DNQHEA","ProductIndex":57528}
{"itemId":"B003KN2TD0","ProductIndex":67101}
{"itemId":"B000TFNLAW","ProductIndex":12030}
{"itemId":"B0026ZPXAO","ProductIndex":52075}
{"itemId":"B002YR3RA2","ProductIndex":68029}
{"itemId":"B003AYV5XE","ProductIndex":109616}
{"itemId":"B003H366BO","ProductIndex":202607}
{"itemId":"B00C2M72A0","ProductIndex":19823}
{"itemId":"B00K3K8TKA","ProductIndex":75228}
{"itemId":"B001K26D8K","ProductIndex":52973}
{"itemId":"B003YT56WG","ProductIndex":23899}
{"itemId":"B0055D0VVU","ProductIndex":29990}
{"itemId":"B00EZSUS1E","ProductIndex":133651}
{"itemId":"B00108UNEY","ProductIndex":8567}
{"itemId":"B0062GM0YA","ProductIndex":36072}
{"itemId":"B009FC3YJ8","ProductIndex":5842}
{"itemId":"B00004Z5P4","ProductIndex":20144}
{"itemId":"B00BLTW48U","ProductIndex":31591}
{"itemId":"B006K8X6WA","ProductIndex":9590}
{"itemId":"B00123Q8VY","ProductIndex":22862}
{"itemId":"B009ARE2YE","ProductIndex":84667}
{"itemId":"B001C6N6AC","ProductIndex":8866}
{"itemId":"B00006B9W3","ProductIndex":11439}
{"itemId":"B0059M4G9K","ProductIndex":5309}
{"itemId":"B003HPB97I","ProductIndex":27723}
{"itemId":"B003QSG0HK","ProductIndex":10716}
{"itemId":"B004HW6F88","ProductIndex":38983}
{"itemId":"B00DTKZKQM","ProductIndex":39756}
{"itemId":"B000B55ANG","ProductIndex":32739}
{"itemId":"B000H82NI2","ProductIndex":37507}
{"itemId":"B0000AZK1Q","ProductIndex":83954}
{"itemId":"B001GXVZ7C","ProductIndex":55383}
{"itemId":"B0000ZOLK0","ProductIndex":101268}
{"itemId":"B00005T3JI","ProductIndex":203629}
{"itemId":"B001BPY9HI","ProductIndex":68274}
{"itemId":"B000IBJKIE","ProductIndex":16274}
{"itemId":"B003BROICK","ProductIndex":23858}
{"itemId":"B0063L9UJW","ProductIndex":33328}
{"itemId":"B002IKA1S6","ProductIndex":33043}
{"itemId":"B000Z72FHE","ProductIndex":65191}
{"itemId":"B003MGB1EI","ProductIndex":45355}
{"itemId":"B00AZW34O2","ProductIndex":51697}
{"itemId":"B0002EXF10","ProductIndex":27698}
{"itemId":"B00651CIL2","ProductIndex":27188}
{"itemId":"B000E7YLUO","ProductIndex":41609}
{"itemId":"B004J6DAMQ","ProductIndex":9153}
{"itemId":"B0001VWJ8Y","ProductIndex":27145}
{"itemId":"B0006HHV90","ProductIndex":41865}
{"itemId":"B000BDBJRO","ProductIndex":149382}
{"itemId":"B002GU5XKE","ProductIndex":5125}
{"itemId":"B00AM5JTB4","ProductIndex":25274}
{"itemId":"B00AG8Z7ZE","ProductIndex":161198}
{"itemId":"B005SNSNI0","ProductIndex":17646}
{"itemId":"B001VKYANG","ProductIndex":65889}
{"itemId":"B001FA0ALI","ProductIndex":30850}
{"itemId":"B00DC8IEE6","ProductIndex":49476}
{"itemId":"B001N2C2IM","ProductIndex":33665}
{"itemId":"B0045EOWLU","ProductIndex":4567}
{"itemId":"B000WURCD6","ProductIndex":41148}
{"itemId":"B000HAAI0A","ProductIndex":51267}
{"itemId":"B005AI897I","ProductIndex":154395}
{"itemId":"B0040QQEJG","ProductIndex":55591}
{"itemId":"B001GT32SG","ProductIndex":45890}
{"itemId":"B005HM8BRU","ProductIndex":6339}
{"itemId":"B00IIVH2AE","ProductIndex":14137}
{"itemId":"B004G6007C","ProductIndex":108298}
{"itemId":"B00DJ83070","ProductIndex":12173}
{"itemId":"B00415A5QY","ProductIndex":56092}
{"itemId":"B00B5HE32I","ProductIndex":4272}
{"itemId":"B002BO2ZEW","ProductIndex":83783}
{"itemId":"B0036TD2KC","ProductIndex":56977}
{"itemId":"B000AYGDWU","ProductIndex":19215}
{"itemId":"B009YF5Q7O","ProductIndex":62973}
{"itemId":"B00006BBB5","ProductIndex":76926}
{"itemId":"B000NJHAF6","ProductIndex":191770}
{"itemId":"B0090WVYO0","ProductIndex":79001}
{"itemId":"B0055FS1V0","ProductIndex":37004}
{"itemId":"B0043AYVDA","ProductIndex":51023}
{"itemId":"B002BWPWW6","ProductIndex":30357}
{"itemId":"B00C10TBG6","ProductIndex":39787}
{"itemId":"B005WG47BU","ProductIndex":20394}
{"itemId":"B006MVUQGY","ProductIndex":26442}
{"itemId":"B004XZM9TI","ProductIndex":74580}
{"itemId":"B00006L7RT","ProductIndex":21213}
{"itemId":"B005ELUYN8","ProductIndex":153028}
{"itemId":"B00376K0JA","ProductIndex":69631}
{"itemId":"B000XB2TXW","ProductIndex":37383}
{"itemId":"B00025O7LQ","ProductIndex":14943}
{"itemId":"B0034L72G2","ProductIndex":14726}
{"itemId":"B000VVXUVY","ProductIndex":65216}
{"itemId":"B0032FOK56","ProductIndex":28981}
{"itemId":"B000YGIYJY","ProductIndex":91771}
{"itemId":"B001CS0CH0","ProductIndex":44904}
{"itemId":"998498480X","ProductIndex":48715}
{"itemId":"B004H5C0WK","ProductIndex":23427}
{"itemId":"B0013CC3O0","ProductIndex":40766}
{"itemId":"B001P9MFEY","ProductIndex":120835}
{"itemId":"B00006B6TB","ProductIndex":102880}
{"itemId":"B0053TGTAI","ProductIndex":46993}
{"itemId":"B00BC4J5O0","ProductIndex":17835}
{"itemId":"B003SQRR5Y","ProductIndex":84071}
{"itemId":"B00008Z1QF","ProductIndex":49274}
{"itemId":"B0064NYPUS","ProductIndex":41929}
{"itemId":"B0006M4PP8","ProductIndex":56973}
{"itemId":"B00006I5VX","ProductIndex":34530}
{"itemId":"B00FE1Y0D8","ProductIndex":107211}
{"itemId":"B004KJE8FA","ProductIndex":17173}
{"itemId":"B009LL9V6S","ProductIndex":90989}
{"itemId":"B00BR3ZYIW","ProductIndex":8789}
{"itemId":"B0006GCCN6","ProductIndex":11750}
{"itemId":"B0026FQIUS","ProductIndex":40665}
{"itemId":"B009HPGDV4","ProductIndex":30598}
{"itemId":"B001TKKJA6","ProductIndex":79749}
{"itemId":"B00A1SC2HU","ProductIndex":50660}
{"itemId":"B002LAS1DU","ProductIndex":17447}
{"itemId":"B00460M3JG","ProductIndex":206456}
{"itemId":"B00AAL5P68","ProductIndex":67422}
{"itemId":"B007R8K0UI","ProductIndex":171233}
{"itemId":"B005IYEP5O","ProductIndex":50387}
{"itemId":"B00AX0CMIU","ProductIndex":92970}
{"itemId":"B001L5U13Y","ProductIndex":92268}
{"itemId":"B007KMCVE4","ProductIndex":12242}
{"itemId":"B0058WDJ7G","ProductIndex":197101}
{"itemId":"B00COIZTZM","ProductIndex":18453}
{"itemId":"B00B7RAHSA","ProductIndex":66994}
{"itemId":"B003AOAXL4","ProductIndex":22851}
{"itemId":"B004C3A9H0","ProductIndex":104965}
{"itemId":"B00DT5UE7M","ProductIndex":89006}
{"itemId":"B003N3DTKY","ProductIndex":15613}
{"itemId":"B0000UV0JA","ProductIndex":24777}
{"itemId":"B005VLNS16","ProductIndex":159386}
{"itemId":"B003LR7M1O","ProductIndex":30761}
{"itemId":"B001U5U3HY","ProductIndex":14433}
{"itemId":"B0039XQL44","ProductIndex":14488}
{"itemId":"B000RA1R5K","ProductIndex":133024}
{"itemId":"B000FU4ZM4","ProductIndex":28914}
{"itemId":"B00ARWKWTK","ProductIndex":124578}
{"itemId":"B0065L3GKY","ProductIndex":10976}
{"itemId":"B006ZOFRG2","ProductIndex":132105}
{"itemId":"B00HHCB1JS","ProductIndex":170817}
{"itemId":"B000G8OXPY","ProductIndex":54874}
{"itemId":"B00061W8EO","ProductIndex":20785}
{"itemId":"B008A36R2Y","ProductIndex":21567}
{"itemId":"B007MO6EAM","ProductIndex":52900}
{"itemId":"B000117DGW","ProductIndex":25133}
{"itemId":"B008AETT6Y","ProductIndex":173933}
{"itemId":"B000VEMNRS","ProductIndex":12057}
{"itemId":"B001ISXLOA","ProductIndex":67458}
{"itemId":"B0017W52GC","ProductIndex":94333}
{"itemId":"B000VI0KWY","ProductIndex":96505}
{"itemId":"B00DVFMDN8","ProductIndex":17910}
{"itemId":"B00CVKOIIC","ProductIndex":84880}
{"itemId":"B00004YKHX","ProductIndex":118886}
{"itemId":"B00DY23IUU","ProductIndex":130559}
{"itemId":"B0049U3XQ0","ProductIndex":124281}
{"itemId":"B00006RTY3","ProductIndex":207800}
{"itemId":"B00AM9WEOO","ProductIndex":131320}
{"itemId":"B008MNLSXA","ProductIndex":40112}
{"itemId":"B003XN3BZC","ProductIndex":34836}
{"itemId":"B0062JZCQU","ProductIndex":162245}
{"itemId":"B007ZWL4A6","ProductIndex":27093}
{"itemId":"B0012Z2M7Q","ProductIndex":130394}
{"itemId":"B000F9LRZS","ProductIndex":150251}
{"itemId":"B0023RT0XG","ProductIndex":131950}
{"itemId":"B005OG7GV6","ProductIndex":32978}
{"itemId":"B00EUUDUKI","ProductIndex":46380}
{"itemId":"B005NCNV9W","ProductIndex":12605}
{"itemId":"B000SE0PU8","ProductIndex":33061}
{"itemId":"B00B2Z8O32","ProductIndex":113426}
{"itemId":"B0006PY0U0","ProductIndex":103872}
{"itemId":"B004X5IEW4","ProductIndex":161629}
{"itemId":"B00BPZB418","ProductIndex":94778}
{"itemId":"B003KN2TGW","ProductIndex":77968}
{"itemId":"B00AVST3RC","ProductIndex":187005}
{"itemId":"B004TAHGCM","ProductIndex":105815}
{"itemId":"B0011YXGAA","ProductIndex":51224}
{"itemId":"B000E0K7EK","ProductIndex":45360}
{"itemId":"B0058LK8V2","ProductIndex":126731}
{"itemId":"B009ICBR94","ProductIndex":121383}
{"itemId":"B00A103WAY","ProductIndex":49161}
{"itemId":"B001D559Y8","ProductIndex":32768}
{"itemId":"B006T7KQDO","ProductIndex":28623}
{"itemId":"B0006ZLPY4","ProductIndex":152739}
{"itemId":"B0002552CE","ProductIndex":121530}
{"itemId":"B00DGNA4FY","ProductIndex":13675}
{"itemId":"B007PZE3O2","ProductIndex":203696}
{"itemId":"B005CG803G","ProductIndex":68076}
{"itemId":"B000CATRHK","ProductIndex":46257}
{"itemId":"B00A2BWAKK","ProductIndex":15667}
{"itemId":"B005HYBGKW","ProductIndex":54302}
{"itemId":"B00HYAL936","ProductIndex":56888}
{"itemId":"B000PEQ8BG","ProductIndex":203940}
{"itemId":"B004HAOWLW","ProductIndex":39435}
{"itemId":"B005HBV6FU","ProductIndex":40723}
{"itemId":"B005XXHPYI","ProductIndex":97650}
{"itemId":"B005IGYWXM","ProductIndex":61300}
{"itemId":"B001TK6752","ProductIndex":54575}
{"itemId":"B005MEBYB8","ProductIndex":20094}
{"itemId":"B008O2AL0K","ProductIndex":89985}
{"itemId":"B001C57Q1I","ProductIndex":50287}
{"itemId":"B005BI2LV2","ProductIndex":71045}
{"itemId":"B004VQCY3U","ProductIndex":149772}
{"itemId":"B0009JR4UG","ProductIndex":77109}
{"itemId":"B009RH9P30","ProductIndex":15141}
{"itemId":"B0038N072W","ProductIndex":28589}
{"itemId":"B0039RV0A0","ProductIndex":16823}
{"itemId":"B0009QZDLG","ProductIndex":54299}
{"itemId":"B008S1DN66","ProductIndex":99202}
{"itemId":"B0034VAACA","ProductIndex":43161}
{"itemId":"B004C3ZEWA","ProductIndex":131102}
{"itemId":"B002UICCEC","ProductIndex":183186}
{"itemId":"B0032JRRZM","ProductIndex":29966}
{"itemId":"B002S3ZSJU","ProductIndex":137655}
{"itemId":"B00009XVQR","ProductIndex":132263}
{"itemId":"B0034XRDUU","ProductIndex":36268}
{"itemId":"B00B7C08HK","ProductIndex":174115}
{"itemId":"B00006HO59","ProductIndex":31766}
{"itemId":"B0044WX25K","ProductIndex":82516}
{"itemId":"B0001AUB1W","ProductIndex":135261}
{"itemId":"B0035XXNJY","ProductIndex":30306}
{"itemId":"B00CYVNX0W","ProductIndex":24060}
{"itemId":"B000P9CWTI","ProductIndex":18229}
{"itemId":"B000069JX2","ProductIndex":90453}
{"itemId":"B000KIR8MK","ProductIndex":30723}
{"itemId":"B004SUIM76","ProductIndex":40950}
{"itemId":"B002760XWU","ProductIndex":28788}
{"itemId":"B00JR6I3PC","ProductIndex":207450}
{"itemId":"B004Z9TN82","ProductIndex":126369}
{"itemId":"B003IZEY9C","ProductIndex":48380}
{"itemId":"B00CIP5XWU","ProductIndex":102968}
{"itemId":"B000N3S83K","ProductIndex":25703}
{"itemId":"B00B87KTZU","ProductIndex":95028}
{"itemId":"B00004T1WX","ProductIndex":105732}
{"itemId":"B00HKEI3I0","ProductIndex":19199}
{"itemId":"B009PD87WQ","ProductIndex":157743}
{"itemId":"B001IWX9A2","ProductIndex":68929}
{"itemId":"B00009UU10","ProductIndex":124144}
{"itemId":"B00GQI7IP0","ProductIndex":139352}
{"itemId":"B00A2Y73W2","ProductIndex":79507}
{"itemId":"B001H3KKB8","ProductIndex":84456}
{"itemId":"B00LGQ6HL8","ProductIndex":74272}
{"itemId":"B00180TDLI","ProductIndex":59498}
{"itemId":"B007UL3B9E","ProductIndex":68737}
{"itemId":"B000067RT4","ProductIndex":73289}
{"itemId":"B000EHCUIY","ProductIndex":16649}
{"itemId":"B000088UNJ","ProductIndex":55330}
{"itemId":"B000BMVITE","ProductIndex":27440}
{"itemId":"B005WM7LMQ","ProductIndex":113997}
{"itemId":"B000B6RSQC","ProductIndex":149736}
{"itemId":"B005DJIM0S","ProductIndex":36256}
{"itemId":"B000OSG5EI","ProductIndex":63048}
{"itemId":"B00322H5W4","ProductIndex":48781}
{"itemId":"B003IWWLO0","ProductIndex":72958}
{"itemId":"B004OBYZUM","ProductIndex":51406}
{"itemId":"B001BIQROS","ProductIndex":39641}
{"itemId":"B00AEDGXOA","ProductIndex":130671}
{"itemId":"B001QXDSTU","ProductIndex":169258}
{"itemId":"B002KHMMNO","ProductIndex":90855}
{"itemId":"B0028SWPLY","ProductIndex":97153}
{"itemId":"B0038S41YM","ProductIndex":25653}
{"itemId":"B004NROQCY","ProductIndex":49339}
{"itemId":"B0029N35S0","ProductIndex":26264}
{"itemId":"B00012K2S2","ProductIndex":122580}
{"itemId":"B002POBW1K","ProductIndex":175167}
{"itemId":"B002I2RO0C","ProductIndex":28982}
{"itemId":"B001DW03B0","ProductIndex":48242}
{"itemId":"B000L4A5IM","ProductIndex":91646}
{"itemId":"B00009XBKV","ProductIndex":105337}
{"itemId":"B00GWG6YFQ","ProductIndex":133221}
{"itemId":"B001EO1A3C","ProductIndex":190663}
{"itemId":"B00AE00A0G","ProductIndex":39548}
{"itemId":"B000628310","ProductIndex":105976}
{"itemId":"B0081W7SB8","ProductIndex":100933}
{"itemId":"B002B9AR8I","ProductIndex":110691}
{"itemId":"B000XIHCHI","ProductIndex":40799}
{"itemId":"B0030VNBEI","ProductIndex":60662}
{"itemId":"B007WX3ONI","ProductIndex":46776}
{"itemId":"B0002FO2KM","ProductIndex":61305}
{"itemId":"B001N3OV8K","ProductIndex":84726}
{"itemId":"B00419U6GE","ProductIndex":78848}
{"itemId":"B007WRBO6I","ProductIndex":26552}
{"itemId":"B004KCK47S","ProductIndex":52958}
{"itemId":"B005N6IDGO","ProductIndex":42839}
{"itemId":"B003KV5ECU","ProductIndex":128254}
{"itemId":"B00524WJJO","ProductIndex":109958}
{"itemId":"B00A1D90EI","ProductIndex":50014}
{"itemId":"B005PU0X20","ProductIndex":83550}
{"itemId":"B00008RW86","ProductIndex":92072}
{"itemId":"B0057XC2MO","ProductIndex":33904}
{"itemId":"B0006HU304","ProductIndex":59361}
{"itemId":"B009I9MX5Y","ProductIndex":71472}
{"itemId":"B003SKBY9U","ProductIndex":48020}
{"itemId":"B003M8GZEW","ProductIndex":157857}
{"itemId":"B004AGVZEU","ProductIndex":117125}
{"itemId":"B0036FNLWA","ProductIndex":69749}
{"itemId":"B0046E6BKY","ProductIndex":163010}
{"itemId":"B0063NU30K","ProductIndex":87299}
{"itemId":"B002CMOELA","ProductIndex":68665}
{"itemId":"B00J8E8YES","ProductIndex":22184}
{"itemId":"B007IHEZQI","ProductIndex":16114}
{"itemId":"B004ADFCCO","ProductIndex":156894}
{"itemId":"B00B3BXR0A","ProductIndex":69359}
{"itemId":"B002LEY2PW","ProductIndex":197949}
{"itemId":"B005LTU6VI","ProductIndex":22456}
{"itemId":"B0047GIU0K","ProductIndex":170614}
{"itemId":"B001AO1UHW","ProductIndex":117749}
{"itemId":"B0000DK7AI","ProductIndex":42652}
{"itemId":"B0039RWAGI","ProductIndex":108879}
{"itemId":"B003HIVUE2","ProductIndex":39202}
{"itemId":"B006IL0W8U","ProductIndex":131689}
{"itemId":"B00413OWOC","ProductIndex":38793}
{"itemId":"B00387E5D0","ProductIndex":74385}
{"itemId":"B001U0PA8Q","ProductIndex":114525}
{"itemId":"B000UWVBCO","ProductIndex":48379}
{"itemId":"B000UZC378","ProductIndex":17489}
{"itemId":"B000N3SR86","ProductIndex":124954}
{"itemId":"B000FABL7Q","ProductIndex":30945}
{"itemId":"B000Y25ZFY","ProductIndex":32420}
{"itemId":"B004WORXI2","ProductIndex":31950}
{"itemId":"B006Q4MSWM","ProductIndex":145683}
{"itemId":"B0002F8UX2","ProductIndex":165755}
{"itemId":"B00BJSB67I","ProductIndex":188744}
{"itemId":"B005LA9FXW","ProductIndex":17875}
{"itemId":"B007JEK1YK","ProductIndex":195778}
{"itemId":"B004G2KRXS","ProductIndex":87275}
{"itemId":"B003LPUU92","ProductIndex":43937}
{"itemId":"B0071UHPTQ","ProductIndex":79122}
{"itemId":"B00C18YTCO","ProductIndex":63198}
{"itemId":"B006N0YHUA","ProductIndex":96296}
{"itemId":"B001DYLNIU","ProductIndex":40032}
{"itemId":"B000QSMCDY","ProductIndex":35813}
{"itemId":"B002LTQGOM","ProductIndex":160760}
{"itemId":"B0012DSEES","ProductIndex":179122}
{"itemId":"B007ZH9OFI","ProductIndex":28394}
{"itemId":"B00092FT5U","ProductIndex":98922}
{"itemId":"B003U8CM5U","ProductIndex":154215}
{"itemId":"B0050LO0QE","ProductIndex":164750}
{"itemId":"B005QD1KNM","ProductIndex":42606}
{"itemId":"B0009VK4D8","ProductIndex":168318}
{"itemId":"B005M4UAHM","ProductIndex":105489}
{"itemId":"B00ABKYDJS","ProductIndex":100620}
{"itemId":"B0038FNC8G","ProductIndex":34024}
{"itemId":"B00KHR5BLY","ProductIndex":135319}
{"itemId":"B005IWRAF8","ProductIndex":190078}
{"itemId":"B00009R864","ProductIndex":62657}
{"itemId":"B005X0Q9Y8","ProductIndex":41821}
{"itemId":"B002V17KZE","ProductIndex":70938}
{"itemId":"B003OAP36Y","ProductIndex":195820}
{"itemId":"B005JTVSDA","ProductIndex":170308}
{"itemId":"B0002YV8F0","ProductIndex":95914}
{"itemId":"B006K4HAOE","ProductIndex":158348}
{"itemId":"B00005ABA5","ProductIndex":124546}
{"itemId":"B005MZFMCY","ProductIndex":50376}
{"itemId":"B003FSP9CS","ProductIndex":176403}
{"itemId":"B0086L0OTW","ProductIndex":46079}
{"itemId":"B00DESAOV0","ProductIndex":81715}
{"itemId":"B008H63NXA","ProductIndex":84187}
{"itemId":"B001UAX9I4","ProductIndex":135820}
{"itemId":"B001NGPL0Y","ProductIndex":65602}
{"itemId":"B00006B9ES","ProductIndex":51253}
{"itemId":"B002UZXU3W","ProductIndex":109338}
{"itemId":"B0002EXNFI","ProductIndex":52267}
{"itemId":"B009VMSS0C","ProductIndex":72436}
{"itemId":"B002NQV0N0","ProductIndex":42681}
{"itemId":"B004RVOEFK","ProductIndex":73606}
{"itemId":"B004EBUXIU","ProductIndex":105113}
{"itemId":"B000W9ACFW","ProductIndex":117062}
{"itemId":"B0002KQRJ6","ProductIndex":83292}
{"itemId":"B001EUA136","ProductIndex":136619}
{"itemId":"B00005V8Q8","ProductIndex":35655}
{"itemId":"B00AWL6G8W","ProductIndex":49951}
{"itemId":"B007S02EK4","ProductIndex":141142}
{"itemId":"B000X3EQ3G","ProductIndex":63511}
{"itemId":"B00AMX1X4C","ProductIndex":71239}
{"itemId":"B0000UA3MA","ProductIndex":67487}
{"itemId":"B00CX9ZA2O","ProductIndex":155307}
{"itemId":"B002JZVVG6","ProductIndex":80807}
{"itemId":"B00B94UM8G","ProductIndex":158469}
{"itemId":"B0045J5AAC","ProductIndex":36430}
{"itemId":"B003KZJYBS","ProductIndex":76088}
{"itemId":"B004K3S1N6","ProductIndex":67400}
{"itemId":"B0007ZGXOA","ProductIndex":168237}
{"itemId":"B00D0TBNRW","ProductIndex":182164}
{"itemId":"B003ESQ77A","ProductIndex":88351}
{"itemId":"B001EWTKCC","ProductIndex":42307}
{"itemId":"B007HTGT3Y","ProductIndex":90039}
{"itemId":"B000FRYFUY","ProductIndex":63975}
{"itemId":"B00CRGJJIO","ProductIndex":41352}
{"itemId":"B00579QNN2","ProductIndex":82500}
{"itemId":"B00AYTVPWO","ProductIndex":139645}
{"itemId":"B0014II9J6","ProductIndex":66015}
{"itemId":"B001AVQKFC","ProductIndex":134713}
{"itemId":"B001RETZKO","ProductIndex":41785}
{"itemId":"B00A5323NO","ProductIndex":22938}
{"itemId":"B005IBVJXS","ProductIndex":36037}
{"itemId":"B009GDMA6E","ProductIndex":61361}
{"itemId":"B001205UOS","ProductIndex":107951}
{"itemId":"B003U3USGA","ProductIndex":133852}
{"itemId":"B00064YRFO","ProductIndex":70441}
{"itemId":"B003O74RIM","ProductIndex":112715}
{"itemId":"B00000J4CR","ProductIndex":85785}
{"itemId":"B001BLPCSW","ProductIndex":134644}
{"itemId":"B006JX7COE","ProductIndex":67297}
{"itemId":"B004S91S7I","ProductIndex":123485}
{"itemId":"B005FJNAY4","ProductIndex":78585}
{"itemId":"B0006IWQWG","ProductIndex":133495}
{"itemId":"B0049N9J6K","ProductIndex":136843}
{"itemId":"B003CNYX6E","ProductIndex":97930}
{"itemId":"B00B9GXPEW","ProductIndex":95314}
{"itemId":"B004BHLW6Y","ProductIndex":126349}
{"itemId":"B003AIL2HY","ProductIndex":59824}
{"itemId":"B00063KPZQ","ProductIndex":107821}
{"itemId":"B001UHMVKY","ProductIndex":50170}
{"itemId":"B00064XKO8","ProductIndex":99808}
{"itemId":"B000KKXQCY","ProductIndex":84619}
{"itemId":"B00B5HSB6C","ProductIndex":98430}
{"itemId":"B000N5UWD2","ProductIndex":160918}
{"itemId":"B00BGT65RG","ProductIndex":173274}
{"itemId":"B004TNKDOM","ProductIndex":201671}
{"itemId":"B0002AFTD6","ProductIndex":32173}
{"itemId":"B000065945","ProductIndex":134668}
{"itemId":"B005LEXA2K","ProductIndex":46081}
{"itemId":"B001OBPUJK","ProductIndex":116480}
{"itemId":"B004VFPUMI","ProductIndex":53324}
{"itemId":"B008IE1ZOA","ProductIndex":164476}
{"itemId":"B0050GXFKQ","ProductIndex":201846}
{"itemId":"B004V2IF9Q","ProductIndex":190536}
{"itemId":"B0030S17TC","ProductIndex":35619}
{"itemId":"B00436MKI2","ProductIndex":56675}
{"itemId":"B007FOIR22","ProductIndex":179922}
{"itemId":"B009SKI1WW","ProductIndex":69050}
{"itemId":"B0044Y41YY","ProductIndex":151514}
{"itemId":"B003B3FPVM","ProductIndex":142381}
{"itemId":"B00DTIIFSY","ProductIndex":126530}
{"itemId":"B00BW6GS84","ProductIndex":35335}
{"itemId":"B004KKZ0GU","ProductIndex":186394}
{"itemId":"B00BLQA9BM","ProductIndex":50394}
{"itemId":"B001H31D3W","ProductIndex":198099}
{"itemId":"B003M3D7N4","ProductIndex":54509}
{"itemId":"B005IUJNJ6","ProductIndex":199241}
{"itemId":"B0011RJ04I","ProductIndex":47764}
{"itemId":"B002JVWHWM","ProductIndex":92433}
{"itemId":"B00IZFYI28","ProductIndex":83596}
{"itemId":"B004RJJJO8","ProductIndex":56891}
{"itemId":"B0002BETV8","ProductIndex":148546}
{"itemId":"B001H55J6W","ProductIndex":77557}
{"itemId":"B00006B9E9","ProductIndex":148255}
{"itemId":"B000GLNCK8","ProductIndex":69273}
{"itemId":"B00ED5SRWG","ProductIndex":60477}
{"itemId":"B002UVM3A2","ProductIndex":146137}
{"itemId":"B000F3ODEG","ProductIndex":39531}
{"itemId":"B00004SD9Q","ProductIndex":134330}
{"itemId":"B009NBB4FW","ProductIndex":82322}
{"itemId":"B00ALSO4N0","ProductIndex":91712}
{"itemId":"B000RN7OXQ","ProductIndex":189000}
{"itemId":"B002VL7NVU","ProductIndex":43801}
{"itemId":"B00CTWEHLU","ProductIndex":36785}
{"itemId":"B001D0CDSI","ProductIndex":113061}
{"itemId":"B00AM7MOSM","ProductIndex":110071}
{"itemId":"B0066E5D9W","ProductIndex":46252}
{"itemId":"B004A2BX2S","ProductIndex":80454}
{"itemId":"B008DWGYQG","ProductIndex":47549}
{"itemId":"B000I1HUGS","ProductIndex":135374}
{"itemId":"B00DFBTM6O","ProductIndex":129567}
{"itemId":"B00ES4F39M","ProductIndex":71418}
{"itemId":"B003R6PXEM","ProductIndex":112899}
{"itemId":"B00B4GGZQ2","ProductIndex":111851}
{"itemId":"B000BRO3NW","ProductIndex":115290}
{"itemId":"B00A523CYE","ProductIndex":99428}
{"itemId":"B001NPCT3C","ProductIndex":75347}
{"itemId":"B00GHDTEQA","ProductIndex":88737}
{"itemId":"B00005V9BS","ProductIndex":170762}
{"itemId":"B00CVYWYRK","ProductIndex":158700}
{"itemId":"B002WB2OWM","ProductIndex":126711}
{"itemId":"B00A8PXC6Q","ProductIndex":73354}
{"itemId":"B006S2V7PG","ProductIndex":57084}
{"itemId":"B0067D7KAC","ProductIndex":163047}
{"itemId":"B00D3F7E76","ProductIndex":100461}
{"itemId":"B007Z0OF1S","ProductIndex":82247}
{"itemId":"B008UG14DS","ProductIndex":138506}
{"itemId":"B000GJYPEC","ProductIndex":16523}
{"itemId":"B002Q9R51K","ProductIndex":116631}
{"itemId":"B000M3HYTA","ProductIndex":88567}
{"itemId":"B000MLL6QE","ProductIndex":93602}
{"itemId":"B001C1SCXS","ProductIndex":91398}
{"itemId":"B00J88HSUK","ProductIndex":33047}
{"itemId":"B000FVC7PA","ProductIndex":165925}
{"itemId":"B0013DMB8W","ProductIndex":81865}
{"itemId":"B00006RVNF","ProductIndex":101241}
{"itemId":"B000247YOY","ProductIndex":141792}
{"itemId":"B007Z7PXTY","ProductIndex":108693}
{"itemId":"B005GZL03U","ProductIndex":178067}
{"itemId":"B0002M74QE","ProductIndex":187930}
{"itemId":"B001Q9ERBW","ProductIndex":78948}
{"itemId":"B0000DZBVF","ProductIndex":118289}
{"itemId":"B004FCLEZO","ProductIndex":31856}
{"itemId":"B000XPV7PE","ProductIndex":160794}
{"itemId":"B009VDPPTS","ProductIndex":110243}
{"itemId":"B003Y618E4","ProductIndex":101523}
{"itemId":"B009NSMJ3G","ProductIndex":124625}
{"itemId":"B00A8LZ5GU","ProductIndex":43684}
{"itemId":"B001E903SU","ProductIndex":126131}
{"itemId":"B000Q5W84U","ProductIndex":60535}
{"itemId":"B009AEPYKI","ProductIndex":133466}
{"itemId":"B0001W1I5I","ProductIndex":138901}
{"itemId":"B005C3GYE6","ProductIndex":42131}
{"itemId":"B00DQCK3VA","ProductIndex":96592}
{"itemId":"B00A6U914A","ProductIndex":94316}
{"itemId":"B00074O4UG","ProductIndex":85207}
{"itemId":"B003GALR12","ProductIndex":73651}
{"itemId":"B00315POM0","ProductIndex":69963}
{"itemId":"B005DTKV7A","ProductIndex":51821}
{"itemId":"B00IQ4H7E4","ProductIndex":95167}
{"itemId":"B001EWBDW2","ProductIndex":104716}
{"itemId":"B00439CSPY","ProductIndex":133748}
{"itemId":"B00009R8VI","ProductIndex":101111}
{"itemId":"B000NDBRK6","ProductIndex":46830}
{"itemId":"B00GGM6RB2","ProductIndex":56696}
{"itemId":"B00123SZKG","ProductIndex":170264}
{"itemId":"B002LYZKEE","ProductIndex":104244}
{"itemId":"B005P99L42","ProductIndex":128922}
{"itemId":"B00AN3V6F2","ProductIndex":167123}
{"itemId":"B00BLNOXDK","ProductIndex":81987}
{"itemId":"B005HB7IQQ","ProductIndex":54699}
{"itemId":"B00EV98JV8","ProductIndex":67229}
{"itemId":"B00009UHYL","ProductIndex":77846}
{"itemId":"B0082JFCZ4","ProductIndex":107902}
{"itemId":"B0088NSKI0","ProductIndex":141791}
{"itemId":"B005BXQ5W8","ProductIndex":133697}
{"itemId":"B0041EDIIW","ProductIndex":131363}
{"itemId":"B006YG9398","ProductIndex":42856}
{"itemId":"B0059ZK254","ProductIndex":122139}
{"itemId":"B004LPJF06","ProductIndex":137330}
{"itemId":"B00A9EAM4Q","ProductIndex":163375}
{"itemId":"B00CB0M3WK","ProductIndex":120555}
{"itemId":"B0015HOG0C","ProductIndex":131093}
{"itemId":"B00485XSPC","ProductIndex":52312}
{"itemId":"B000UVRUAC","ProductIndex":69841}
{"itemId":"B0028LZEQO","ProductIndex":66324}
{"itemId":"B004YJ1O1W","ProductIndex":173327}
{"itemId":"B0006I0VN2","ProductIndex":138492}
{"itemId":"B007WUQUU0","ProductIndex":60216}
{"itemId":"B000Y99KPI","ProductIndex":139809}
{"itemId":"B002OSWGPI","ProductIndex":132937}
{"itemId":"B0040M6CRE","ProductIndex":156959}
{"itemId":"B0002YK9SW","ProductIndex":60524}
{"itemId":"B0047FJR76","ProductIndex":106425}
{"itemId":"B0009TCKR8","ProductIndex":70617}
{"itemId":"B003F8KT1O","ProductIndex":57552}
{"itemId":"B000O7AXX8","ProductIndex":120416}
{"itemId":"B00H86YVZ4","ProductIndex":112872}
{"itemId":"B00280AWKI","ProductIndex":205218}
{"itemId":"B0043CA32Q","ProductIndex":85970}
{"itemId":"B000QZ545A","ProductIndex":174244}
{"itemId":"B003USK15S","ProductIndex":110143}
{"itemId":"B000XUZIIG","ProductIndex":134642}
{"itemId":"B00009WE15","ProductIndex":93891}
{"itemId":"B00GFKMKX4","ProductIndex":177385}
{"itemId":"B007O3N22E","ProductIndex":151761}
{"itemId":"B0026RHE8Q","ProductIndex":170669}
{"itemId":"B003XTFLUY","ProductIndex":134184}
{"itemId":"B008IB6M2I","ProductIndex":155545}
{"itemId":"B002DUD36S","ProductIndex":22275}
{"itemId":"B002JIMVU8","ProductIndex":110503}
{"itemId":"B0013FLA4Q","ProductIndex":40689}
{"itemId":"B002PNRO0Y","ProductIndex":85567}
{"itemId":"B00EJ8CZCU","ProductIndex":162960}
{"itemId":"B006UKCYUS","ProductIndex":133843}
{"itemId":"B00DU8P7GG","ProductIndex":79279}
{"itemId":"B000066R6N","ProductIndex":105854}
{"itemId":"B0032VJMDU","ProductIndex":173432}
{"itemId":"B000K818RG","ProductIndex":105503}
{"itemId":"B004P62O5Y","ProductIndex":64314}
{"itemId":"B005I6AQO6","ProductIndex":88588}
{"itemId":"B002DPMI28","ProductIndex":62558}
{"itemId":"B003MT6RQC","ProductIndex":91778}
{"itemId":"B0069VZ9XC","ProductIndex":148180}
{"itemId":"B005MM7E8W","ProductIndex":77362}
{"itemId":"B00030094E","ProductIndex":160575}
{"itemId":"B00B2GXPLW","ProductIndex":117672}
{"itemId":"B00069FEVA","ProductIndex":185155}
{"itemId":"B0000DBJV5","ProductIndex":51467}
{"itemId":"B00009R6WR","ProductIndex":73317}
{"itemId":"B008XYH4T0","ProductIndex":164185}
{"itemId":"B000KL0T7S","ProductIndex":121680}
{"itemId":"B004CS1MG2","ProductIndex":130287}
{"itemId":"B00001W0D4","ProductIndex":35805}
{"itemId":"B002TRG4EI","ProductIndex":112145}
{"itemId":"B002JM1RKO","ProductIndex":50957}
{"itemId":"B000SA6F6K","ProductIndex":86317}
{"itemId":"B00404EF3A","ProductIndex":81376}
{"itemId":"B0046WV7ZA","ProductIndex":126661}
{"itemId":"B004PGMF7G","ProductIndex":83800}
{"itemId":"B000KMAW4W","ProductIndex":157465}
{"itemId":"B000CMGIRA","ProductIndex":159683}
{"itemId":"B00AY819V2","ProductIndex":182816}
{"itemId":"B0001BW0UG","ProductIndex":79168}
{"itemId":"B0035ER1JQ","ProductIndex":81427}
{"itemId":"B00E9E0XJG","ProductIndex":112234}
{"itemId":"B00EE6EHHS","ProductIndex":172181}
{"itemId":"B0061JR2VY","ProductIndex":160889}
{"itemId":"B002VJKAVM","ProductIndex":127086}
{"itemId":"B003EG0E6M","ProductIndex":70823}
{"itemId":"B005PO9Q0G","ProductIndex":46460}
{"itemId":"B005IGN1X4","ProductIndex":83400}
{"itemId":"B001ED2UTG","ProductIndex":56542}
{"itemId":"B003SVPVCU","ProductIndex":104479}
{"itemId":"B004NBIU5E","ProductIndex":193619}
{"itemId":"B00AJYARHI","ProductIndex":82977}
{"itemId":"B005CPUPJY","ProductIndex":91431}
{"itemId":"B000W89JM0","ProductIndex":98672}
{"itemId":"B00B221HYI","ProductIndex":115509}
{"itemId":"B008UTQC4G","ProductIndex":183345}
{"itemId":"B000BMLN1C","ProductIndex":193812}
{"itemId":"B00FDPCP0A","ProductIndex":78190}
{"itemId":"B00ETQJOF8","ProductIndex":89542}
{"itemId":"B00805DKIG","ProductIndex":103164}
{"itemId":"B00HNEIY4A","ProductIndex":174238}
{"itemId":"B00B7CM99A","ProductIndex":115250}
{"itemId":"B00D61POQA","ProductIndex":205287}
{"itemId":"B009RXD1ZM","ProductIndex":143601}
{"itemId":"B00B9BDB00","ProductIndex":195734}
{"itemId":"B0000659UA","ProductIndex":78445}
{"itemId":"B000E9BYXY","ProductIndex":112769}
{"itemId":"B00DJ26CBW","ProductIndex":206773}
{"itemId":"B000OUX972","ProductIndex":97501}
{"itemId":"B004O01NOO","ProductIndex":191477}
{"itemId":"B007E3SFXK","ProductIndex":162424}
{"itemId":"B001JKC5Y4","ProductIndex":128150}
{"itemId":"B00JKTG6FA","ProductIndex":190455}
{"itemId":"B00BGYO1HM","ProductIndex":190411}
{"itemId":"B00GWNJ4GK","ProductIndex":136190}
{"itemId":"B0001FSCNQ","ProductIndex":125671}
{"itemId":"B005JPXTH2","ProductIndex":164804}
{"itemId":"B001U0SN1W","ProductIndex":120375}
{"itemId":"B00006I546","ProductIndex":95420}
{"itemId":"B001QHLKE6","ProductIndex":104883}
{"itemId":"B0084WZOZ2","ProductIndex":174597}
{"itemId":"B005FH3TI8","ProductIndex":144697}
{"itemId":"B000NV6B36","ProductIndex":104819}
{"itemId":"B00AMQQ7FY","ProductIndex":66602}
{"itemId":"B000I30JS2","ProductIndex":198897}
{"itemId":"B0007D9C2M","ProductIndex":110656}
{"itemId":"B0079MQU2E","ProductIndex":177837}
{"itemId":"B002L0Y382","ProductIndex":136855}
{"itemId":"B0085F7G4A","ProductIndex":150081}
{"itemId":"B000YM1O2M","ProductIndex":56076}
{"itemId":"B002SNHZB4","ProductIndex":196280}
{"itemId":"B00DNV9XE2","ProductIndex":75078}
{"itemId":"B000MMH3TM","ProductIndex":77971}
{"itemId":"B00092M1S8","ProductIndex":122326}
{"itemId":"B00DX00D0G","ProductIndex":124168}
{"itemId":"B008998EC0","ProductIndex":121167}
{"itemId":"B00752R2ES","ProductIndex":100854}
{"itemId":"B002EECU1C","ProductIndex":112392}
{"itemId":"B004X9PV30","ProductIndex":185330}
{"itemId":"B00J585ORC","ProductIndex":110856}
{"itemId":"B00655TKFA","ProductIndex":91958}
{"itemId":"B00KZCUCCY","ProductIndex":171657}
{"itemId":"B0016GZ3PO","ProductIndex":102917}
{"itemId":"B00G5DFWUE","ProductIndex":83112}
{"itemId":"B00B7C07BC","ProductIndex":194227}
{"itemId":"B005D4UAA8","ProductIndex":126840}
{"itemId":"B004DR5M9A","ProductIndex":179426}
{"itemId":"B000BGRS8K","ProductIndex":128084}
{"itemId":"B00APVQYA4","ProductIndex":135477}
{"itemId":"B0042DM9D2","ProductIndex":142904}
{"itemId":"B009EYRGPU","ProductIndex":160756}
{"itemId":"B002WVJQ6E","ProductIndex":107623}
{"itemId":"B00EAYKNOU","ProductIndex":144266}
{"itemId":"B008B07IBU","ProductIndex":73496}
{"itemId":"B001V6U3X6","ProductIndex":134168}
{"itemId":"B0012GC44Q","ProductIndex":129022}
{"itemId":"B005D9ERG6","ProductIndex":150175}
{"itemId":"B00ARQWPE6","ProductIndex":142435}
{"itemId":"B002HET0MQ","ProductIndex":145149}
{"itemId":"B004TZ11KA","ProductIndex":191546}
{"itemId":"B004U8ZGQ6","ProductIndex":84374}
{"itemId":"B007P1660A","ProductIndex":122089}
{"itemId":"B00427Z7TG","ProductIndex":140380}
{"itemId":"B001JEPC3Q","ProductIndex":109816}
{"itemId":"B005J064T2","ProductIndex":84761}
{"itemId":"B004RCNQ0S","ProductIndex":126978}
{"itemId":"B00709PLMG","ProductIndex":165789}
{"itemId":"B00CD98VZM","ProductIndex":124557}
{"itemId":"B000VXKSOO","ProductIndex":100178}
{"itemId":"B008U7SL4C","ProductIndex":101322}
{"itemId":"B005TMM8UE","ProductIndex":166994}
{"itemId":"B004K1FTII","ProductIndex":164198}
{"itemId":"B0039RR22A","ProductIndex":171406}
{"itemId":"B00F50T8GM","ProductIndex":184190}
{"itemId":"B00CBQWYEG","ProductIndex":154133}
{"itemId":"B002SNE8XM","ProductIndex":144372}
{"itemId":"B007UMP99S","ProductIndex":94738}
{"itemId":"B00027BU3W","ProductIndex":172220}
{"itemId":"B000YPTZU2","ProductIndex":123846}
{"itemId":"B00FN2WX6O","ProductIndex":127261}
{"itemId":"B00EA6PJH4","ProductIndex":157183}
{"itemId":"B0041RSFKU","ProductIndex":73861}
{"itemId":"B001LGAKT8","ProductIndex":107205}
{"itemId":"B007VSQ9GS","ProductIndex":123872}
{"itemId":"B00ATFC7VQ","ProductIndex":138972}
{"itemId":"B0096HL6FG","ProductIndex":164402}
{"itemId":"B00DRFNJ62","ProductIndex":97480}
{"itemId":"B00A807WHQ","ProductIndex":141439}
{"itemId":"B00117OX90","ProductIndex":151162}
{"itemId":"B004RPU1SK","ProductIndex":183696}
{"itemId":"B009C617O6","ProductIndex":148309}
{"itemId":"B003PBXL3Y","ProductIndex":166929}
{"itemId":"B001V7F2YA","ProductIndex":169251}
{"itemId":"B001Q8HPGW","ProductIndex":155738}
{"itemId":"B009L7ENMO","ProductIndex":151188}
{"itemId":"B00HX3WBFE","ProductIndex":171770}
{"itemId":"B001UTB47I","ProductIndex":116578}
{"itemId":"B009NTU3LU","ProductIndex":167325}
{"itemId":"B005ER3SCG","ProductIndex":46727}
{"itemId":"B0069YG0GE","ProductIndex":204346}
{"itemId":"B0071OWD1M","ProductIndex":125030}
{"itemId":"B003NE5JCO","ProductIndex":155451}
{"itemId":"B00E9IQFBW","ProductIndex":107390}
{"itemId":"B003N0231S","ProductIndex":120124}
{"itemId":"B004AO39JG","ProductIndex":187512}
{"itemId":"B0030C3IFY","ProductIndex":100120}
{"itemId":"B00ASBHESC","ProductIndex":174939}
{"itemId":"B003I640OK","ProductIndex":83153}
{"itemId":"B004SQB6U0","ProductIndex":123105}
{"itemId":"B003S6TWYI","ProductIndex":161150}
{"itemId":"B00009ZV50","ProductIndex":154205}
{"itemId":"B008GWH7DC","ProductIndex":111769}
{"itemId":"B009AO63SU","ProductIndex":83200}
{"itemId":"B00774SYMI","ProductIndex":202885}
{"itemId":"B003T8EWR2","ProductIndex":154440}
{"itemId":"B008NC4DTG","ProductIndex":179737}
{"itemId":"B000I86LDE","ProductIndex":130151}
{"itemId":"B003A2JPU6","ProductIndex":74823}
{"itemId":"B0009XQU3O","ProductIndex":187015}
{"itemId":"B000GRAR0A","ProductIndex":151548}
{"itemId":"B00HLYGYO4","ProductIndex":167786}
{"itemId":"B0035GAWL8","ProductIndex":159983}
{"itemId":"B004S7BIE8","ProductIndex":127147}
{"itemId":"B002V1CYI2","ProductIndex":206972}
{"itemId":"B00HLXF8YC","ProductIndex":156532}
{"itemId":"B005CFPLO8","ProductIndex":150483}
{"itemId":"B00005AW1U","ProductIndex":143717}
{"itemId":"B0019K5OZ6","ProductIndex":188291}
{"itemId":"B00012O44K","ProductIndex":106630}
{"itemId":"B00CRXZVGG","ProductIndex":116473}
{"itemId":"B0052ZMM8G","ProductIndex":185388}
{"itemId":"B00B14EL9A","ProductIndex":145884}
{"itemId":"B003AVMZ5Y","ProductIndex":96209}
{"itemId":"B000OWWYW6","ProductIndex":60809}
{"itemId":"B000C1Z674","ProductIndex":108813}
{"itemId":"B005BON688","ProductIndex":121049}
{"itemId":"B003ULP5P6","ProductIndex":157251}
{"itemId":"B00FYP2C0W","ProductIndex":200294}
{"itemId":"B004YYS7IK","ProductIndex":171692}
{"itemId":"B000ZCRPQK","ProductIndex":160406}
{"itemId":"B009M27NYS","ProductIndex":170881}
{"itemId":"B004C6F38C","ProductIndex":128132}
{"itemId":"B006E626WY","ProductIndex":166356}
{"itemId":"B0000632FT","ProductIndex":109383}
{"itemId":"B0000BZZG9","ProductIndex":128366}
{"itemId":"B006THNHLM","ProductIndex":174195}
{"itemId":"B002HTAZQG","ProductIndex":158191}
{"itemId":"B003TMS0QC","ProductIndex":115627}
{"itemId":"B00029U0XG","ProductIndex":172588}
{"itemId":"B007KLU07U","ProductIndex":121500}
{"itemId":"B003U6XXU0","ProductIndex":73611}
{"itemId":"B001TE1SM0","ProductIndex":182234}
{"itemId":"B00845RYXE","ProductIndex":107577}
{"itemId":"B009SJBB16","ProductIndex":144929}
{"itemId":"B009OLIJ3Q","ProductIndex":175989}
{"itemId":"B00H9TQVFI","ProductIndex":201976}
{"itemId":"B00DG6ZKIC","ProductIndex":177052}
{"itemId":"B00000J3OO","ProductIndex":155112}
{"itemId":"B000AJO4J4","ProductIndex":172785}
{"itemId":"B007RC2390","ProductIndex":190123}
{"itemId":"B00CWGR7TC","ProductIndex":151691}
{"itemId":"B00009ZY33","ProductIndex":106815}
{"itemId":"B007USIA7K","ProductIndex":197327}
{"itemId":"B009JVSORW","ProductIndex":159496}
{"itemId":"B000EGMA44","ProductIndex":188243}
{"itemId":"B0065OXQEC","ProductIndex":151697}
{"itemId":"B0041HS4KQ","ProductIndex":150028}
{"itemId":"B000VL91MG","ProductIndex":200583}
{"itemId":"B00C74OYNG","ProductIndex":195001}
{"itemId":"B000I8G2B0","ProductIndex":162737}
{"itemId":"B0027E6VA0","ProductIndex":123155}
{"itemId":"B000RYS8YY","ProductIndex":195714}
{"itemId":"B003WT4XXG","ProductIndex":84232}
{"itemId":"B004S23O9U","ProductIndex":167657}
{"itemId":"B0008JF0CG","ProductIndex":182867}
{"itemId":"B001HOOINI","ProductIndex":203892}
{"itemId":"B000LTOE8O","ProductIndex":198114}
{"itemId":"B000YIWLF0","ProductIndex":165624}
{"itemId":"B00699XQJS","ProductIndex":171942}
{"itemId":"B001NW7GHE","ProductIndex":101475}
{"itemId":"B005QW88AQ","ProductIndex":201214}
{"itemId":"B001M76JXC","ProductIndex":206587}
{"itemId":"B006431E16","ProductIndex":149838}
{"itemId":"B00BEJVYAG","ProductIndex":148345}
{"itemId":"B00AXBS8RI","ProductIndex":185661}
{"itemId":"B0002RU36M","ProductIndex":152677}
{"itemId":"B000EA3OFO","ProductIndex":97732}
{"itemId":"B00F5JMYLE","ProductIndex":151861}
{"itemId":"B00843ES6C","ProductIndex":193529}
{"itemId":"B00021ZX0E","ProductIndex":134884}
{"itemId":"B000YCCIMC","ProductIndex":74889}
{"itemId":"B004DAQO8K","ProductIndex":142501}
{"itemId":"B000CCTGAQ","ProductIndex":132699}
{"itemId":"B000YINTNI","ProductIndex":199233}
{"itemId":"B00J5KYVFQ","ProductIndex":128829}
{"itemId":"B0002GFOSA","ProductIndex":150646}
{"itemId":"B002MRROO4","ProductIndex":60541}
{"itemId":"B003FY72U4","ProductIndex":181944}
{"itemId":"B005DFATXA","ProductIndex":99440}
{"itemId":"B00006HYNH","ProductIndex":84577}
{"itemId":"B000F50C6M","ProductIndex":133237}
{"itemId":"B00091R1DY","ProductIndex":99357}
{"itemId":"B003AVN1OI","ProductIndex":148418}
{"itemId":"B00004RIDP","ProductIndex":182776}
{"itemId":"B00198OZ94","ProductIndex":189903}
{"itemId":"B0091JNKDA","ProductIndex":157812}
{"itemId":"B0031ESJ00","ProductIndex":166031}
{"itemId":"B001LDK4FG","ProductIndex":123419}
{"itemId":"B007IV2TY4","ProductIndex":143597}
{"itemId":"B009BHRZTM","ProductIndex":195281}
{"itemId":"B0002A9TJG","ProductIndex":130775}
{"itemId":"B00024BLCU","ProductIndex":112624}
{"itemId":"B00CIY4RLY","ProductIndex":136836}
{"itemId":"B0050G83RQ","ProductIndex":198584}
{"itemId":"B004EHLS4W","ProductIndex":198010}
{"itemId":"B005JZM9RS","ProductIndex":122207}
{"itemId":"B007DXEOEU","ProductIndex":73369}
{"itemId":"B00GHZHSFM","ProductIndex":141133}
{"itemId":"B004IZN3O8","ProductIndex":135755}
{"itemId":"B00005Q5WW","ProductIndex":148016}
{"itemId":"B003AM8A20","ProductIndex":123533}
{"itemId":"B000FLEPDC","ProductIndex":148061}
{"itemId":"B000270RG8","ProductIndex":155760}
{"itemId":"B004KF9868","ProductIndex":106012}
{"itemId":"B00AAIACDM","ProductIndex":183490}
{"itemId":"B003LZES8Q","ProductIndex":148131}
{"itemId":"B0047IKHDG","ProductIndex":139052}
{"itemId":"B001CSOUDW","ProductIndex":201724}
{"itemId":"B001VIMB5W","ProductIndex":174442}
{"itemId":"B004DBG79A","ProductIndex":141446}
{"itemId":"B00009UT4Q","ProductIndex":147714}
{"itemId":"B000TK8Z5S","ProductIndex":152435}
{"itemId":"B004AVIVB0","ProductIndex":143352}
{"itemId":"B00KHGEWHE","ProductIndex":195895}
{"itemId":"B003MPUU82","ProductIndex":157437}
{"itemId":"B00006SKKG","ProductIndex":137997}
{"itemId":"B00IN07D1I","ProductIndex":188065}
{"itemId":"B004SPQREQ","ProductIndex":178319}
{"itemId":"B00005T3DS","ProductIndex":178494}
{"itemId":"B000EIUD96","ProductIndex":158940}
{"itemId":"B00744UUAU","ProductIndex":91805}
{"itemId":"B00JGG25MA","ProductIndex":182945}
{"itemId":"B000P8XKYA","ProductIndex":145593}
{"itemId":"B0043NKEI8","ProductIndex":207159}
{"itemId":"B0045JM3VG","ProductIndex":193295}
{"itemId":"B00467X2XU","ProductIndex":195266}
{"itemId":"B0051EPEZ6","ProductIndex":131916}
{"itemId":"B00008ZPGX","ProductIndex":183786}
{"itemId":"B002AJ0KDG","ProductIndex":143978}
{"itemId":"B001L1JYWM","ProductIndex":180788}
{"itemId":"B004SB4URG","ProductIndex":197016}
{"itemId":"B00KGUTB86","ProductIndex":163568}
{"itemId":"B005IREYR0","ProductIndex":144594}
{"itemId":"B009SOIQ00","ProductIndex":177227}
{"itemId":"B004YYOYAA","ProductIndex":159291}
{"itemId":"B00CSX8QLM","ProductIndex":148666}
{"itemId":"B004Q2A7SS","ProductIndex":116598}
{"itemId":"B002SPWHBK","ProductIndex":118498}
{"itemId":"B007HZY8UO","ProductIndex":101937}
{"itemId":"B000K2K4G8","ProductIndex":177071}
{"itemId":"B004Z2LJH2","ProductIndex":160990}
{"itemId":"B003RYQM0S","ProductIndex":166727}
{"itemId":"B001924I0Q","ProductIndex":197619}
{"itemId":"B006BVA340","ProductIndex":191532}
{"itemId":"B000VKXZH4","ProductIndex":164398}
{"itemId":"B0001HAFCK","ProductIndex":162543}
{"itemId":"B00563VVWM","ProductIndex":127949}
{"itemId":"B00FHPFHFG","ProductIndex":173437}
{"itemId":"B00ESF6PDY","ProductIndex":175185}
{"itemId":"B005A2AZSA","ProductIndex":162464}
{"itemId":"B0085BCWAW","ProductIndex":168920}
{"itemId":"B000ARD5UU","ProductIndex":185380}
{"itemId":"B0041PO2FE","ProductIndex":154523}
{"itemId":"B007ZF4NTW","ProductIndex":176254}
{"itemId":"B00763XFYW","ProductIndex":176968}
{"itemId":"B002PHM50Y","ProductIndex":142409}
{"itemId":"B00GFOQGY4","ProductIndex":115106}
{"itemId":"B005F1Q4Y0","ProductIndex":190968}
{"itemId":"B00699XLNY","ProductIndex":196663}
{"itemId":"B00B1GPB4M","ProductIndex":108930}
{"itemId":"B002U0OR6Q","ProductIndex":166808}
{"itemId":"B00ELXZHEQ","ProductIndex":179671}
{"itemId":"B0000DK6XH","ProductIndex":197569}
{"itemId":"B007Z8Y6IC","ProductIndex":98780}
{"itemId":"B002BTZIS2","ProductIndex":159068}
{"itemId":"B000A2ZSY6","ProductIndex":175643}
{"itemId":"B0038AERAI","ProductIndex":169945}
{"itemId":"B001649GA4","ProductIndex":172165}
{"itemId":"B004PCWZ6G","ProductIndex":189856}
{"itemId":"B00005OLY9","ProductIndex":196122}
{"itemId":"B005552X6O","ProductIndex":188816}
{"itemId":"B0000DB4AY","ProductIndex":205911}
{"itemId":"B004IS3NI6","ProductIndex":154085}
{"itemId":"B005Z44SKE","ProductIndex":205863}
{"itemId":"B002HG9S5I","ProductIndex":157146}
{"itemId":"B00553HVNQ","ProductIndex":146591}
{"itemId":"B008BBI994","ProductIndex":206190}
{"itemId":"B00EXW688E","ProductIndex":196142}
{"itemId":"B00001QHVK","ProductIndex":202396}
{"itemId":"B00HB1PIP8","ProductIndex":173085}
{"itemId":"B00004RKEX","ProductIndex":208060}
{"itemId":"B007136A26","ProductIndex":193559}
{"itemId":"B004ZFBEA6","ProductIndex":177661}
{"itemId":"B006CPNCI4","ProductIndex":159098}
{"itemId":"B0019T03H6","ProductIndex":202248}
{"itemId":"B005BZQTKY","ProductIndex":204022}
{"itemId":"B008E6YCOW","ProductIndex":140638}
{"itemId":"B000AAV5WC","ProductIndex":185021}
{"itemId":"B003BR0EE6","ProductIndex":180382}
{"itemId":"B008N340W0","ProductIndex":185426}
{"itemId":"B009O89VNG","ProductIndex":191844}
{"itemId":"B006TOJLWO","ProductIndex":185959}
{"itemId":"B009EH8SV8","ProductIndex":178497}
{"itemId":"B000WG11DM","ProductIndex":165991}
{"itemId":"B00H7O4F4E","ProductIndex":183547}
{"itemId":"B004QLRWK0","ProductIndex":191069}
{"itemId":"B006PL2PFG","ProductIndex":189858}
{"itemId":"B00726QBUI","ProductIndex":179945}
{"itemId":"B005NHPRDU","ProductIndex":201866}
{"itemId":"B007ZZR9NE","ProductIndex":187520}
{"itemId":"B00IXXXD8W","ProductIndex":199475}
{"itemId":"B00623MP48","ProductIndex":167754}
{"itemId":"B004WKH46C","ProductIndex":196808}
{"itemId":"B00G6FJ5CW","ProductIndex":184147}
{"itemId":"B001EYEIPO","ProductIndex":208309}
{"itemId":"B004QM4EGY","ProductIndex":202254}
{"itemId":"B009UXFF0S","ProductIndex":201461}
{"itemId":"B00720GW1W","ProductIndex":193317}
{"itemId":"B0096XZ29Q","ProductIndex":195290}
{"itemId":"B004LGK8OC","ProductIndex":166806}
{"itemId":"B002GYWHWW","ProductIndex":202137}
{"itemId":"B0082CWBF0","ProductIndex":188123}
