{"itemId":"B004UJPP20","ProductIndex":18899}
{"itemId":"B004ZGN6MY","ProductIndex":858}
{"itemId":"B001Y09QZ0","ProductIndex":14660}
{"itemId":"B0012Y02CE","ProductIndex":2440}
{"itemId":"B00006IS4Z","ProductIndex":191183}
{"itemId":"B0097C57GO","ProductIndex":3212}
{"itemId":"B0006Q7FFG","ProductIndex":6220}
{"itemId":"B001E1X67I","ProductIndex":1234}
{"itemId":"B004YIFKRM","ProductIndex":1525}
{"itemId":"B004VJBR3A","ProductIndex":32191}
{"itemId":"B005TI1ILS","ProductIndex":2780}
{"itemId":"B000W4T9KG","ProductIndex":11972}
{"itemId":"B00CDGSNKS","ProductIndex":6061}
{"itemId":"B007GC4L7S","ProductIndex":4481}
{"itemId":"B005552U1C","ProductIndex":12024}
{"itemId":"B000WBQOZW","ProductIndex":2366}
{"itemId":"B004D2AZ06","ProductIndex":3575}
{"itemId":"B00HS05RXK","ProductIndex":56272}
{"itemId":"B007OY5V68","ProductIndex":469}
{"itemId":"B005OA24O6","ProductIndex":149982}
{"itemId":"B000OE02G4","ProductIndex":4697}
{"itemId":"B0001R05Y8","ProductIndex":40664}
{"itemId":"B005GM5PK2","ProductIndex":46534}
{"itemId":"B0031EJB52","ProductIndex":167644}
{"itemId":"B00793MIJM","ProductIndex":9242}
{"itemId":"B005UNFRU0","ProductIndex":1319}
{"itemId":"B002AH2AH2","ProductIndex":9432}
{"itemId":"B004YW7W1A","ProductIndex":9334}
{"itemId":"B006YP41I2","ProductIndex":4185}
{"itemId":"B0043M668G","ProductIndex":731}
{"itemId":"B005JK61MW","ProductIndex":11058}
{"itemId":"B006JGXOSY","ProductIndex":1517}
{"itemId":"B000JG88JU","ProductIndex":15758}
{"itemId":"B002N8NVH6","ProductIndex":75524}
{"itemId":"B004N62I0C","ProductIndex":6522}
{"itemId":"B000JV9NL2","ProductIndex":2218}
{"itemId":"B005P25ZY4","ProductIndex":163885}
{"itemId":"B008R91HWQ","ProductIndex":160812}
{"itemId":"B003LVZO8I","ProductIndex":4267}
{"itemId":"B00332FL60","ProductIndex":118852}
{"itemId":"B0045OVSCQ","ProductIndex":17379}
{"itemId":"B00B9YH0WM","ProductIndex":112369}
{"itemId":"B000EMWBV0","ProductIndex":1418}
{"itemId":"B0044JL9T4","ProductIndex":20073}
{"itemId":"B00AAKLE00","ProductIndex":3924}
{"itemId":"B000QYBICE","ProductIndex":49260}
{"itemId":"B008L2WS8Q","ProductIndex":2411}
{"itemId":"B0062PLB8W","ProductIndex":55724}
{"itemId":"B005F5II1I","ProductIndex":7790}
{"itemId":"B0000632GG","ProductIndex":158457}
{"itemId":"B00FF5ZCCG","ProductIndex":28990}
{"itemId":"B0000Y8C2Y","ProductIndex":32300}
{"itemId":"B000LVIC58","ProductIndex":5980}
{"itemId":"B00000J1GA","ProductIndex":32553}
{"itemId":"B004GVBZAI","ProductIndex":74628}
{"itemId":"B002W0HE6Y","ProductIndex":12092}
{"itemId":"B00887BEEI","ProductIndex":33018}
{"itemId":"B007XW694E","ProductIndex":26994}
{"itemId":"B0047ZHB88","ProductIndex":66934}
{"itemId":"B006ZW4HY2","ProductIndex":2616}
{"itemId":"B003FSTALO","ProductIndex":56748}
{"itemId":"B005GS3C9C","ProductIndex":3616}
{"itemId":"B003O8682Y","ProductIndex":4021}
{"itemId":"B006YLTLUY","ProductIndex":9514}
{"itemId":"B00CGEVZAM","ProductIndex":17763}
{"itemId":"B0002V85OU","ProductIndex":10329}
{"itemId":"B0036J1S1W","ProductIndex":3279}
{"itemId":"B0046API2A","ProductIndex":45559}
{"itemId":"B003L2PS3S","ProductIndex":105729}
{"itemId":"B004EKLV8C","ProductIndex":20915}
{"itemId":"B00847TYYO","ProductIndex":45895}
{"itemId":"B005EVGS2E","ProductIndex":45602}
{"itemId":"B007JUFKLI","ProductIndex":13913}
{"itemId":"B00488M4TU","ProductIndex":5752}
{"itemId":"B009NR6154","ProductIndex":126448}
{"itemId":"B003J89V0A","ProductIndex":25307}
{"itemId":"B005L8VF8C","ProductIndex":116799}
{"itemId":"B004ZCS2Z4","ProductIndex":78865}
{"itemId":"B009WZRBPQ","ProductIndex":4988}
{"itemId":"B00BMMPPBE","ProductIndex":8092}
{"itemId":"B009GJXHF6","ProductIndex":159601}
{"itemId":"B000DZS2FW","ProductIndex":55479}
{"itemId":"B00DUH8WL4","ProductIndex":103878}
{"itemId":"B001IZ9IZE","ProductIndex":49070}
{"itemId":"B0037P5CAI","ProductIndex":4253}
{"itemId":"B00006IS50","ProductIndex":24618}
{"itemId":"B000XFVZ5G","ProductIndex":18204}
{"itemId":"B005D5LZZ6","ProductIndex":11737}
{"itemId":"B005Z451KK","ProductIndex":9852}
{"itemId":"B00GU945UQ","ProductIndex":15124}
{"itemId":"B002M03KVC","ProductIndex":15406}
{"itemId":"B000SW2FLC","ProductIndex":130726}
{"itemId":"B000EYH8TS","ProductIndex":47159}
{"itemId":"B001DHECXA","ProductIndex":8435}
{"itemId":"B003DWXST2","ProductIndex":3126}
{"itemId":"B0014T80VM","ProductIndex":46873}
{"itemId":"B0013L28YQ","ProductIndex":40931}
{"itemId":"B007RT2QZO","ProductIndex":11464}
{"itemId":"B000VNJD18","ProductIndex":5491}
{"itemId":"B0065MMKTG","ProductIndex":3772}
{"itemId":"B001GCUO8Y","ProductIndex":53290}
{"itemId":"B001NJU3PE","ProductIndex":52303}
{"itemId":"B003B4CU3M","ProductIndex":6346}
{"itemId":"B000WCU0Y2","ProductIndex":22051}
{"itemId":"B003U7URH6","ProductIndex":5022}
{"itemId":"B001JSJWRY","ProductIndex":13700}
{"itemId":"B000FJSL98","ProductIndex":130156}
{"itemId":"B007IZNM1O","ProductIndex":10203}
{"itemId":"B007TVB5E8","ProductIndex":21712}
{"itemId":"B000VAH8OU","ProductIndex":29377}
{"itemId":"B005OL2ID2","ProductIndex":8052}
{"itemId":"B001CU9AXK","ProductIndex":63227}
{"itemId":"B0078K17WK","ProductIndex":8547}
{"itemId":"B009MBC2HW","ProductIndex":10365}
{"itemId":"B002TLTDVA","ProductIndex":46809}
{"itemId":"B005OTWAKK","ProductIndex":44576}
{"itemId":"B0032A0QDQ","ProductIndex":96982}
{"itemId":"B000GE7E6S","ProductIndex":10869}
{"itemId":"B00DJVLPKG","ProductIndex":31297}
{"itemId":"B00CNYV9C4","ProductIndex":51612}
{"itemId":"B003V1E6A0","ProductIndex":114296}
{"itemId":"B0007RB280","ProductIndex":28629}
{"itemId":"B00079PNTM","ProductIndex":37807}
{"itemId":"B004MEWZE4","ProductIndex":11368}
{"itemId":"B008Z9IZSW","ProductIndex":72464}
{"itemId":"B00CHPQ2ZS","ProductIndex":60736}
{"itemId":"B003F8G0KI","ProductIndex":39771}
{"itemId":"B001IHTKUU","ProductIndex":33612}
{"itemId":"B00009WDW6","ProductIndex":54733}
{"itemId":"B001V6RZO6","ProductIndex":70217}
{"itemId":"B002AJ0HC0","ProductIndex":145353}
{"itemId":"B002BNMPCA","ProductIndex":46335}
{"itemId":"B004LP8G0G","ProductIndex":10010}
{"itemId":"B005GYD9DA","ProductIndex":13832}
{"itemId":"B0054LQK0E","ProductIndex":3974}
{"itemId":"B0053H73JQ","ProductIndex":7681}
{"itemId":"B0056TO3P8","ProductIndex":10299}
{"itemId":"B005CWJ76O","ProductIndex":23621}
{"itemId":"B000652SOK","ProductIndex":1754}
{"itemId":"B004GIICB6","ProductIndex":109687}
{"itemId":"B00CXP5R6M","ProductIndex":29303}
{"itemId":"B007PODZQU","ProductIndex":56541}
{"itemId":"B0012JHY7K","ProductIndex":18141}
{"itemId":"B00DE8DB6U","ProductIndex":40102}
{"itemId":"B00695M56M","ProductIndex":45743}
{"itemId":"B003RRDN6Q","ProductIndex":27711}
{"itemId":"B0006TIA0W","ProductIndex":155732}
{"itemId":"B004WY4U8S","ProductIndex":29105}
{"itemId":"B0002ZPJZY","ProductIndex":16554}
{"itemId":"B007Y8W5XG","ProductIndex":59348}
{"itemId":"B0002XJ7S6","ProductIndex":77636}
{"itemId":"B0020BBDAS","ProductIndex":15608}
{"itemId":"B0067SJC80","ProductIndex":16332}
{"itemId":"B00K0OBEE2","ProductIndex":27125}
{"itemId":"B000TXZ9S6","ProductIndex":87988}
{"itemId":"B007ST0O20","ProductIndex":171763}
{"itemId":"B0009SXOSS","ProductIndex":69822}
{"itemId":"B00BB9OXK2","ProductIndex":14503}
{"itemId":"B004KNKWC4","ProductIndex":180906}
{"itemId":"B004E26BPS","ProductIndex":26216}
{"itemId":"B007SSH3J8","ProductIndex":21005}
{"itemId":"B004M5HZ3E","ProductIndex":40662}
{"itemId":"B00180F45M","ProductIndex":58850}
{"itemId":"B001DJ1M4A","ProductIndex":76404}
{"itemId":"B0061XSX6S","ProductIndex":136366}
{"itemId":"B005OKAMPO","ProductIndex":75772}
{"itemId":"B00JAZGU3C","ProductIndex":42641}
{"itemId":"B000IS3QAK","ProductIndex":99344}
{"itemId":"B00644JO9O","ProductIndex":16231}
{"itemId":"B008BR5XBK","ProductIndex":17204}
{"itemId":"B00DY6SSYW","ProductIndex":46309}
{"itemId":"B00825RG6Q","ProductIndex":170785}
{"itemId":"B0080R1LK8","ProductIndex":85275}
{"itemId":"B00GXYKVM4","ProductIndex":40791}
{"itemId":"B004GTQAI2","ProductIndex":46076}
{"itemId":"B00JIVZ6MY","ProductIndex":86479}
{"itemId":"B005MIZKXM","ProductIndex":45630}
{"itemId":"B00F0RC34E","ProductIndex":61867}
{"itemId":"B004C83EN6","ProductIndex":193350}
{"itemId":"B000XSBOAE","ProductIndex":191518}
{"itemId":"B00012FVYM","ProductIndex":10384}
{"itemId":"B001DFTGQU","ProductIndex":12363}
{"itemId":"B005EDKOKY","ProductIndex":73556}
{"itemId":"B00FWM0UNS","ProductIndex":66983}
{"itemId":"B001AS9ZDY","ProductIndex":94032}
{"itemId":"B003ODFKOG","ProductIndex":115337}
{"itemId":"B001EYU3JO","ProductIndex":13915}
{"itemId":"B00477Y1C0","ProductIndex":36334}
{"itemId":"B004VK0YGA","ProductIndex":30382}
{"itemId":"B001Q3M4IQ","ProductIndex":45400}
{"itemId":"B002BOX230","ProductIndex":21485}
{"itemId":"B002OEBTC8","ProductIndex":9882}
{"itemId":"B0026SS87Q","ProductIndex":164643}
{"itemId":"B0001BXV9U","ProductIndex":29507}
{"itemId":"B00009R6UV","ProductIndex":38016}
{"itemId":"B00GOJ7JGY","ProductIndex":62004}
{"itemId":"B0001OOVRI","ProductIndex":174371}
{"itemId":"B0030DHQMO","ProductIndex":115679}
{"itemId":"B0007NP8Q6","ProductIndex":39324}
{"itemId":"B004J0IMYS","ProductIndex":20878}
{"itemId":"B00008K2OH","ProductIndex":100774}
{"itemId":"B000S6E0XY","ProductIndex":9789}
{"itemId":"B00DTKR0UG","ProductIndex":64389}
{"itemId":"B00DY95IYC","ProductIndex":41379}
{"itemId":"B001WAK6I8","ProductIndex":28688}
{"itemId":"B00BM0DBBW","ProductIndex":72781}
{"itemId":"B0000630MN","ProductIndex":127098}
{"itemId":"B009UIUQQ6","ProductIndex":163699}
{"itemId":"B0039RPJ48","ProductIndex":18228}
{"itemId":"B000VY550A","ProductIndex":39041}
{"itemId":"B001G4PA36","ProductIndex":10588}
{"itemId":"B002MT244M","ProductIndex":160539}
{"itemId":"B001S2RCGY","ProductIndex":36514}
{"itemId":"B009FX7CZO","ProductIndex":89633}
{"itemId":"B00439G3W8","ProductIndex":2629}
{"itemId":"B001BHQSCK","ProductIndex":22531}
{"itemId":"B0075ZZUQ2","ProductIndex":4861}
{"itemId":"B0073WYGG2","ProductIndex":83113}
{"itemId":"B004QNPLFG","ProductIndex":53798}
{"itemId":"B003F2OF9W","ProductIndex":69423}
{"itemId":"B003687WV8","ProductIndex":22099}
{"itemId":"B000J0ORN2","ProductIndex":33972}
{"itemId":"B005I17UCW","ProductIndex":29871}
{"itemId":"B003SLC9T8","ProductIndex":56220}
{"itemId":"B005KVHF0M","ProductIndex":113524}
{"itemId":"B001GNC81E","ProductIndex":51015}
{"itemId":"B00BE37JMY","ProductIndex":33164}
{"itemId":"B000222F5O","ProductIndex":135108}
{"itemId":"B0046SZE6M","ProductIndex":29531}
{"itemId":"B001UKN9GG","ProductIndex":76882}
{"itemId":"B000KL128S","ProductIndex":144803}
{"itemId":"B00FDLDCD8","ProductIndex":59080}
{"itemId":"B006DY3C5W","ProductIndex":45073}
{"itemId":"B0013C9ZAK","ProductIndex":78745}
{"itemId":"B0016Q674U","ProductIndex":119715}
{"itemId":"B0000YD2JC","ProductIndex":16151}
{"itemId":"B001HOQINQ","ProductIndex":42321}
{"itemId":"B005OKB0MS","ProductIndex":58886}
{"itemId":"B0079LGMYG","ProductIndex":88389}
{"itemId":"B000WGM1L8","ProductIndex":93151}
{"itemId":"B0010KCP5M","ProductIndex":42696}
{"itemId":"B00CP2F4WA","ProductIndex":118475}
{"itemId":"B00COJ1RQ6","ProductIndex":163837}
{"itemId":"B00BGLYU6C","ProductIndex":187833}
{"itemId":"B0086A7AB8","ProductIndex":15737}
{"itemId":"B005E2JJ74","ProductIndex":16635}
{"itemId":"B0062TB8RC","ProductIndex":28491}
{"itemId":"B000KWXOO2","ProductIndex":49345}
{"itemId":"B00359NVFY","ProductIndex":66533}
{"itemId":"B002D4QVO0","ProductIndex":108625}
{"itemId":"B009O7XNTK","ProductIndex":19140}
{"itemId":"B004HGVH50","ProductIndex":63914}
{"itemId":"B0095VPAVE","ProductIndex":12023}
{"itemId":"B00AM4E0W8","ProductIndex":188210}
{"itemId":"B0086SQDMM","ProductIndex":21672}
{"itemId":"B000JQ2VIO","ProductIndex":182183}
{"itemId":"B005OQEVFA","ProductIndex":70915}
{"itemId":"B003ICXCY8","ProductIndex":72587}
{"itemId":"B000IDGEPO","ProductIndex":36206}
{"itemId":"B00332N3AG","ProductIndex":53881}
{"itemId":"B001RB24NM","ProductIndex":11967}
{"itemId":"B00DOAM99S","ProductIndex":131949}
{"itemId":"B003U8G9RM","ProductIndex":31647}
{"itemId":"B003KI0O5A","ProductIndex":102848}
{"itemId":"B0060KKZB8","ProductIndex":26419}
{"itemId":"B005DJRD8U","ProductIndex":77196}
{"itemId":"B001MTE32E","ProductIndex":96217}
{"itemId":"B0002KR9Q6","ProductIndex":102963}
{"itemId":"B0041NRY6A","ProductIndex":66666}
{"itemId":"B007UE2SPE","ProductIndex":23271}
{"itemId":"B007B2QDFQ","ProductIndex":13532}
{"itemId":"B00E5PIPQ2","ProductIndex":45953}
{"itemId":"B000P0W5L2","ProductIndex":48073}
{"itemId":"B000E7WMOQ","ProductIndex":19084}
{"itemId":"B000M9MKES","ProductIndex":58371}
{"itemId":"B0000AZJYZ","ProductIndex":99069}
{"itemId":"B00FQIXNJG","ProductIndex":84919}
{"itemId":"B0012MJXXA","ProductIndex":15120}
{"itemId":"B0042USV5A","ProductIndex":10636}
{"itemId":"B00009XVD8","ProductIndex":55046}
{"itemId":"B00920E5M8","ProductIndex":136117}
{"itemId":"B007C5M4E6","ProductIndex":77609}
{"itemId":"B000083K9F","ProductIndex":59595}
{"itemId":"B005LU2Z1G","ProductIndex":27549}
{"itemId":"B004BP03YI","ProductIndex":16892}
{"itemId":"B001FA0AMC","ProductIndex":20604}
{"itemId":"B00AF6MG9W","ProductIndex":102613}
{"itemId":"B00ENN2XUA","ProductIndex":31568}
{"itemId":"B009RZFC6G","ProductIndex":36792}
{"itemId":"B002YGT13K","ProductIndex":194748}
{"itemId":"B0071BS5US","ProductIndex":119724}
{"itemId":"B00004TKUH","ProductIndex":141232}
{"itemId":"B004GKM35A","ProductIndex":89372}
{"itemId":"B002DTRO9Q","ProductIndex":44550}
{"itemId":"B002XLERF8","ProductIndex":59773}
{"itemId":"B000G6Y4KA","ProductIndex":110442}
{"itemId":"B00ERIBXS4","ProductIndex":170616}
{"itemId":"B002RWJDOS","ProductIndex":134127}
{"itemId":"B000J4J6T8","ProductIndex":11821}
{"itemId":"B004G4XR60","ProductIndex":32762}
{"itemId":"B00005T3UP","ProductIndex":87245}
{"itemId":"B006S21U2G","ProductIndex":53183}
{"itemId":"B008FPPI2M","ProductIndex":30146}
{"itemId":"B00CMUZAQK","ProductIndex":43142}
{"itemId":"B003MWSFAK","ProductIndex":32068}
{"itemId":"B00DZU0SRW","ProductIndex":88711}
{"itemId":"B0012QI9MM","ProductIndex":131426}
{"itemId":"B007OAHDTU","ProductIndex":18187}
{"itemId":"B00B7GD44A","ProductIndex":32410}
{"itemId":"B002IGT7IU","ProductIndex":20872}
{"itemId":"B00032HC9W","ProductIndex":198314}
{"itemId":"B00000JDGA","ProductIndex":148212}
{"itemId":"B000XEYGKS","ProductIndex":88940}
{"itemId":"B0045H6FT4","ProductIndex":40778}
{"itemId":"B006OJN49K","ProductIndex":120725}
{"itemId":"B007XMSODS","ProductIndex":25410}
{"itemId":"B008LR0TSC","ProductIndex":18849}
{"itemId":"B002OTDT9Y","ProductIndex":54511}
{"itemId":"B006JKARVW","ProductIndex":17799}
{"itemId":"B000GC5AD4","ProductIndex":136786}
{"itemId":"B003158TUY","ProductIndex":172661}
{"itemId":"B002TXNANK","ProductIndex":167426}
{"itemId":"B00555OGNW","ProductIndex":86118}
{"itemId":"B0018LNAJI","ProductIndex":180116}
{"itemId":"B000KKLQOO","ProductIndex":66580}
{"itemId":"B0002W04NO","ProductIndex":68258}
{"itemId":"B006I9Y7GA","ProductIndex":43466}
{"itemId":"B00009QOTA","ProductIndex":15825}
{"itemId":"B000YAVGL8","ProductIndex":36610}
{"itemId":"B0026OI596","ProductIndex":41749}
{"itemId":"B000PCBGNI","ProductIndex":62250}
{"itemId":"B00879RN2O","ProductIndex":70809}
{"itemId":"B004FLWB1Q","ProductIndex":19511}
{"itemId":"B004XFGSTA","ProductIndex":15809}
{"itemId":"B006VJ049Q","ProductIndex":87545}
{"itemId":"B000LY8DBS","ProductIndex":69863}
{"itemId":"B002PME6JM","ProductIndex":54154}
{"itemId":"B000807GJK","ProductIndex":24465}
{"itemId":"B002HEYO04","ProductIndex":63849}
{"itemId":"B00BSXUEZY","ProductIndex":13531}
{"itemId":"B001F28XI8","ProductIndex":126785}
{"itemId":"B000EGMAJO","ProductIndex":67695}
{"itemId":"B00BNF13IE","ProductIndex":142815}
{"itemId":"B004CZZ4IM","ProductIndex":78623}
{"itemId":"B006G76TR4","ProductIndex":199543}
{"itemId":"B000I5ZPUC","ProductIndex":59281}
{"itemId":"B0054EORGA","ProductIndex":66233}
{"itemId":"B000XUQZEM","ProductIndex":162354}
{"itemId":"B007BY3PCI","ProductIndex":80542}
{"itemId":"B0071I0NW4","ProductIndex":200248}
{"itemId":"B0002XGL6M","ProductIndex":143493}
{"itemId":"B000FZXKYS","ProductIndex":108222}
{"itemId":"B00J0IYI10","ProductIndex":155584}
{"itemId":"B005ER3S4E","ProductIndex":130891}
{"itemId":"B008FXQEIG","ProductIndex":67863}
{"itemId":"B00DSB63EU","ProductIndex":46280}
{"itemId":"B000TZDEFO","ProductIndex":130605}
{"itemId":"B00AW4J2E4","ProductIndex":32556}
{"itemId":"B002SXMO88","ProductIndex":11444}
{"itemId":"B00C5REMA0","ProductIndex":109943}
{"itemId":"B000YJ0LEW","ProductIndex":149675}
{"itemId":"B0037ULP2M","ProductIndex":132673}
{"itemId":"B000N4EVF8","ProductIndex":96627}
{"itemId":"B005XPXHCU","ProductIndex":39337}
{"itemId":"B000LQQVE2","ProductIndex":84635}
{"itemId":"B00005105L","ProductIndex":58580}
{"itemId":"B00E1XGCCW","ProductIndex":163846}
{"itemId":"B000BYGOX2","ProductIndex":43331}
{"itemId":"B001S4DOKK","ProductIndex":137002}
{"itemId":"B00BUA91TA","ProductIndex":87182}
{"itemId":"B00AZGZFF4","ProductIndex":107632}
{"itemId":"B008I6672I","ProductIndex":36227}
{"itemId":"B0046HGYP8","ProductIndex":165702}
{"itemId":"B007B5V1XM","ProductIndex":63159}
{"itemId":"B00IEE7ZWA","ProductIndex":180765}
{"itemId":"B007OZPI2Y","ProductIndex":107237}
{"itemId":"B001DLARLW","ProductIndex":170790}
{"itemId":"B008B6ONYE","ProductIndex":98601}
{"itemId":"B005H5YODM","ProductIndex":180874}
{"itemId":"B006I0ILHU","ProductIndex":116014}
{"itemId":"B0032GRZZC","ProductIndex":28079}
{"itemId":"B003R3CT74","ProductIndex":152786}
{"itemId":"B0084ZY8XS","ProductIndex":122976}
{"itemId":"B00HFRYBRE","ProductIndex":48919}
{"itemId":"B00B513R3U","ProductIndex":205166}
{"itemId":"B00COJN4TY","ProductIndex":133002}
{"itemId":"B00005B9AC","ProductIndex":63065}
{"itemId":"B000006OQ8","ProductIndex":61702}
{"itemId":"B000E0G000","ProductIndex":55515}
{"itemId":"B0030BBWDA","ProductIndex":158498}
{"itemId":"B005FS8H66","ProductIndex":109493}
{"itemId":"B009QG6HLK","ProductIndex":186197}
{"itemId":"B000AY3JEK","ProductIndex":74832}
{"itemId":"B000GIP98Y","ProductIndex":61320}
{"itemId":"B002NSIKK4","ProductIndex":73905}
{"itemId":"B005IQGMY4","ProductIndex":62348}
{"itemId":"B001NW35HY","ProductIndex":41218}
{"itemId":"B000MQNLCG","ProductIndex":138915}
{"itemId":"B00D9MK150","ProductIndex":64238}
{"itemId":"B005QVXT4W","ProductIndex":144677}
{"itemId":"B003SGEQAI","ProductIndex":54294}
{"itemId":"B004WIR05E","ProductIndex":113169}
{"itemId":"B00023DRK0","ProductIndex":87781}
{"itemId":"B00009QP05","ProductIndex":159308}
{"itemId":"B0019J4U3E","ProductIndex":128722}
{"itemId":"B0055B2IOK","ProductIndex":169023}
{"itemId":"B004Z1R8UK","ProductIndex":62229}
{"itemId":"B00CP7RMGG","ProductIndex":174610}
{"itemId":"B000EOJI6Y","ProductIndex":111873}
{"itemId":"B00CKJ2MIM","ProductIndex":19912}
{"itemId":"B0047T79FY","ProductIndex":70360}
{"itemId":"B00DFSU36A","ProductIndex":90710}
{"itemId":"B0076FWAH8","ProductIndex":84078}
{"itemId":"B005RQKX90","ProductIndex":94663}
{"itemId":"B005NG7144","ProductIndex":62913}
{"itemId":"B0076Q213A","ProductIndex":178867}
{"itemId":"B008JAB6QA","ProductIndex":75839}
{"itemId":"B0007SLHYS","ProductIndex":84970}
{"itemId":"B00IUF7VKE","ProductIndex":37058}
{"itemId":"B004LX146Q","ProductIndex":18589}
{"itemId":"B006WBZ8OY","ProductIndex":118718}
{"itemId":"B003GSLGQ0","ProductIndex":129841}
{"itemId":"B009UH73GS","ProductIndex":207490}
{"itemId":"B002JA01YY","ProductIndex":85344}
{"itemId":"B000PDAGOM","ProductIndex":83849}
{"itemId":"B005XB5QL4","ProductIndex":154433}
{"itemId":"B00DE7EHAU","ProductIndex":69894}
{"itemId":"B00AHQFEAS","ProductIndex":29732}
{"itemId":"B005TFU7X6","ProductIndex":72108}
{"itemId":"B004SCV72Q","ProductIndex":84897}
{"itemId":"B003EHXZ6C","ProductIndex":110378}
{"itemId":"B00013BNVQ","ProductIndex":143132}
{"itemId":"B005455PP6","ProductIndex":199115}
{"itemId":"B000278KJE","ProductIndex":82999}
{"itemId":"B00DQI1CXM","ProductIndex":49461}
{"itemId":"B0060HTA4O","ProductIndex":85492}
{"itemId":"B002HIMK7Y","ProductIndex":122979}
{"itemId":"B0041LVQJ8","ProductIndex":155917}
{"itemId":"B003G2YZD2","ProductIndex":71892}
{"itemId":"B005DJ4V12","ProductIndex":197828}
{"itemId":"B001CNY5Z0","ProductIndex":51690}
{"itemId":"B0083H9FJO","ProductIndex":43956}
{"itemId":"B00HPR7UEK","ProductIndex":126511}
{"itemId":"B002IWRE02","ProductIndex":128452}
{"itemId":"B003XU0BI0","ProductIndex":103929}
{"itemId":"B000A15FF4","ProductIndex":98440}
{"itemId":"B004FVFJKG","ProductIndex":54254}
{"itemId":"B002DPMI1E","ProductIndex":116393}
{"itemId":"B001NXDQFO","ProductIndex":54024}
{"itemId":"B0000631YD","ProductIndex":85650}
{"itemId":"B004L6Q3KU","ProductIndex":119204}
{"itemId":"B000AQFZCM","ProductIndex":124939}
{"itemId":"B006V2IZ30","ProductIndex":187392}
{"itemId":"B004NBDRVQ","ProductIndex":160431}
{"itemId":"B0027YSEBE","ProductIndex":167796}
{"itemId":"B004B8QML8","ProductIndex":56623}
{"itemId":"B006NZONOA","ProductIndex":104202}
{"itemId":"B007F5FXFU","ProductIndex":187045}
{"itemId":"B000930JY0","ProductIndex":112485}
{"itemId":"B00AZOMB0I","ProductIndex":63612}
{"itemId":"B003LL5Z5U","ProductIndex":101841}
{"itemId":"B0032ANC7S","ProductIndex":66685}
{"itemId":"B0044R5L7M","ProductIndex":67102}
{"itemId":"B001MQ6C3A","ProductIndex":93652}
{"itemId":"B0054EU0H0","ProductIndex":46683}
{"itemId":"B002L29CTA","ProductIndex":82276}
{"itemId":"B000OTIUQS","ProductIndex":126180}
{"itemId":"B001QWX4J0","ProductIndex":111490}
{"itemId":"B002E1QA0M","ProductIndex":72049}
{"itemId":"B002V17VKS","ProductIndex":96957}
{"itemId":"B004K8N0LO","ProductIndex":44165}
{"itemId":"B002ROEKZS","ProductIndex":122266}
{"itemId":"B000167KQA","ProductIndex":156640}
{"itemId":"B00009ZY5D","ProductIndex":80708}
{"itemId":"B008UMCBRU","ProductIndex":204654}
{"itemId":"B002CMEJGK","ProductIndex":132649}
{"itemId":"B001DB2PHQ","ProductIndex":76131}
{"itemId":"B002XDQAC4","ProductIndex":51802}
{"itemId":"B0087W5IJG","ProductIndex":55335}
{"itemId":"B0009292SK","ProductIndex":34224}
{"itemId":"B0069SP62E","ProductIndex":20081}
{"itemId":"B001UE6MZC","ProductIndex":113451}
{"itemId":"B0085MQUTU","ProductIndex":47524}
{"itemId":"B00004Z5WE","ProductIndex":83780}
{"itemId":"B00006BBAG","ProductIndex":94005}
{"itemId":"B00BX9A6WY","ProductIndex":203255}
{"itemId":"B003OA1408","ProductIndex":173326}
{"itemId":"B0096L2UDY","ProductIndex":39252}
{"itemId":"B005MMM0J0","ProductIndex":195931}
{"itemId":"B003J9I5KQ","ProductIndex":49122}
{"itemId":"B001LMW8YC","ProductIndex":130116}
{"itemId":"B00ECGXWW6","ProductIndex":85068}
{"itemId":"B00008O39E","ProductIndex":74731}
{"itemId":"B004RRU7NM","ProductIndex":54976}
{"itemId":"B0009GWX46","ProductIndex":52971}
{"itemId":"B00FKA04HY","ProductIndex":68754}
{"itemId":"B0051ZE4AQ","ProductIndex":151320}
{"itemId":"B00006JPFT","ProductIndex":88768}
{"itemId":"B00A73I0GQ","ProductIndex":43920}
{"itemId":"B00073MPGM","ProductIndex":85222}
{"itemId":"B006JGE73A","ProductIndex":106732}
{"itemId":"B001VEJFA0","ProductIndex":132369}
{"itemId":"B009XU13H2","ProductIndex":56333}
{"itemId":"B006007ZWA","ProductIndex":150745}
{"itemId":"B0000C1ZHO","ProductIndex":104813}
{"itemId":"B00005OMN0","ProductIndex":59922}
{"itemId":"B004MF11LG","ProductIndex":79009}
{"itemId":"B000GFRD3G","ProductIndex":144840}
{"itemId":"B000VEOFPQ","ProductIndex":88290}
{"itemId":"B004H9ZXZC","ProductIndex":66180}
{"itemId":"B0038KFTZK","ProductIndex":107125}
{"itemId":"B000BUHB56","ProductIndex":92419}
{"itemId":"B001023QMG","ProductIndex":120676}
{"itemId":"B00DHN9CMO","ProductIndex":48725}
{"itemId":"B00ATGWD00","ProductIndex":23288}
{"itemId":"B001BPZ96S","ProductIndex":96369}
{"itemId":"B00A7FZW8S","ProductIndex":52121}
{"itemId":"B0013MV7FQ","ProductIndex":75735}
{"itemId":"B004MF3CRC","ProductIndex":143496}
{"itemId":"B002X78PXM","ProductIndex":191606}
{"itemId":"B004FV4NDA","ProductIndex":151139}
{"itemId":"B00405CSNS","ProductIndex":60052}
{"itemId":"B000P08SK4","ProductIndex":159112}
{"itemId":"B00CWHMDUO","ProductIndex":195346}
{"itemId":"B00ADHY0OW","ProductIndex":116881}
{"itemId":"B0036WD5OC","ProductIndex":64696}
{"itemId":"B000JLI4KS","ProductIndex":123455}
{"itemId":"B008NE1EFK","ProductIndex":128174}
{"itemId":"B001GOUBCQ","ProductIndex":113563}
{"itemId":"B003Q8SX5M","ProductIndex":132460}
{"itemId":"B00G06KFBC","ProductIndex":100795}
{"itemId":"B0045DGIUY","ProductIndex":44471}
{"itemId":"B0042YY86W","ProductIndex":110216}
{"itemId":"B00HZYUZHC","ProductIndex":120531}
{"itemId":"B00121PCF4","ProductIndex":131218}
{"itemId":"B009D5BY6C","ProductIndex":55766}
{"itemId":"B0006TI9X0","ProductIndex":40069}
{"itemId":"B0000DIX25","ProductIndex":56548}
{"itemId":"B002VCP08C","ProductIndex":166169}
{"itemId":"B001EUHMTW","ProductIndex":173275}
{"itemId":"B0093HLRN0","ProductIndex":159969}
{"itemId":"B004K58J0E","ProductIndex":197689}
{"itemId":"B00AIMUP7S","ProductIndex":65909}
{"itemId":"B00CRL0M8K","ProductIndex":143154}
{"itemId":"B0068R9O1K","ProductIndex":76214}
{"itemId":"B00D6KOAMA","ProductIndex":143134}
{"itemId":"B0055E3HQU","ProductIndex":142917}
{"itemId":"B003ZFQW1I","ProductIndex":166401}
{"itemId":"B005CG2AOG","ProductIndex":122160}
{"itemId":"B008GK78KQ","ProductIndex":100082}
{"itemId":"B009434582","ProductIndex":33013}
{"itemId":"B00635MTPA","ProductIndex":83186}
{"itemId":"B00CTEU41U","ProductIndex":101546}
{"itemId":"B0017V1J1K","ProductIndex":73382}
{"itemId":"B00FT0NJWW","ProductIndex":93314}
{"itemId":"B00BI3BP34","ProductIndex":59239}
{"itemId":"B001V9LQCA","ProductIndex":155815}
{"itemId":"B007QEEARM","ProductIndex":202954}
{"itemId":"B003AOAXJQ","ProductIndex":45612}
{"itemId":"B007W2VRJW","ProductIndex":154677}
{"itemId":"B00555E7XQ","ProductIndex":164691}
{"itemId":"B0015BJS8I","ProductIndex":126635}
{"itemId":"B00011SJL0","ProductIndex":72822}
{"itemId":"B00004TDPP","ProductIndex":181103}
{"itemId":"B007Y79CD8","ProductIndex":195539}
{"itemId":"B009CHADQI","ProductIndex":148171}
{"itemId":"B0080IUON2","ProductIndex":57014}
{"itemId":"B0007SKSPW","ProductIndex":60080}
{"itemId":"B002LYUK30","ProductIndex":204470}
{"itemId":"B0002EZ7LG","ProductIndex":161765}
{"itemId":"B004SBYHNI","ProductIndex":206808}
{"itemId":"B002EX00FQ","ProductIndex":179409}
{"itemId":"B007JCNOQO","ProductIndex":25369}
{"itemId":"B00CM6Z4QU","ProductIndex":156265}
{"itemId":"B00A6V3RQ2","ProductIndex":80631}
{"itemId":"B009DYF7XE","ProductIndex":76011}
{"itemId":"B004FPIO1I","ProductIndex":48342}
{"itemId":"B000B33YMC","ProductIndex":114540}
{"itemId":"B00008LUO8","ProductIndex":78809}
{"itemId":"B007WKEJUS","ProductIndex":189703}
{"itemId":"B002Q87NCW","ProductIndex":165146}
{"itemId":"B007K8P0L4","ProductIndex":207155}
{"itemId":"B00GJ32SS4","ProductIndex":90936}
{"itemId":"B00008POK8","ProductIndex":176605}
{"itemId":"B00AGBYQY4","ProductIndex":85040}
{"itemId":"B004EYSNHA","ProductIndex":124920}
{"itemId":"B00C549SV6","ProductIndex":144429}
{"itemId":"B000KL34M0","ProductIndex":125542}
{"itemId":"B004GZMMGK","ProductIndex":66455}
{"itemId":"B006QHQUAK","ProductIndex":92763}
{"itemId":"B004WD1GPE","ProductIndex":46432}
{"itemId":"B002H9XNRE","ProductIndex":97941}
{"itemId":"B007EX7FMC","ProductIndex":151928}
{"itemId":"B0000949XL","ProductIndex":180860}
{"itemId":"B0092W8C1G","ProductIndex":86326}
{"itemId":"B0080K057K","ProductIndex":99296}
{"itemId":"B004UGUVU4","ProductIndex":59804}
{"itemId":"B00CW7YMIA","ProductIndex":141087}
{"itemId":"B003DT4QSW","ProductIndex":56391}
{"itemId":"B008MYHSUG","ProductIndex":157903}
{"itemId":"B009W3XGNE","ProductIndex":84016}
{"itemId":"B0001EKGG8","ProductIndex":74274}
{"itemId":"B00006HYRG","ProductIndex":103214}
{"itemId":"B000ENQUDY","ProductIndex":104763}
{"itemId":"B000O1GYPU","ProductIndex":187155}
{"itemId":"B004PN4VXK","ProductIndex":91425}
{"itemId":"B000LDR9T6","ProductIndex":94510}
{"itemId":"B004MKNJES","ProductIndex":100394}
{"itemId":"B006T7QSWW","ProductIndex":98884}
{"itemId":"B00B5HL9PW","ProductIndex":48746}
{"itemId":"B0037TWIYC","ProductIndex":138199}
{"itemId":"B00F1K67WE","ProductIndex":110877}
{"itemId":"B006VXJWRM","ProductIndex":191381}
{"itemId":"B0000501QZ","ProductIndex":141113}
{"itemId":"B007LGQ7J4","ProductIndex":134900}
{"itemId":"B004AOKK0M","ProductIndex":79407}
{"itemId":"B007VAHDOI","ProductIndex":125730}
{"itemId":"B00004HYS5","ProductIndex":96638}
{"itemId":"B008EXBOXC","ProductIndex":173611}
{"itemId":"B001O3OSHI","ProductIndex":207709}
{"itemId":"B006LQ3RPM","ProductIndex":131794}
{"itemId":"B0018B19IM","ProductIndex":145258}
{"itemId":"B00AN94EDW","ProductIndex":106366}
{"itemId":"B005FXOAJY","ProductIndex":174749}
{"itemId":"B00CEPJPFK","ProductIndex":118216}
{"itemId":"B0000XMUH8","ProductIndex":103509}
{"itemId":"B008Q2YSLQ","ProductIndex":149462}
{"itemId":"B000NKCGLS","ProductIndex":206499}
{"itemId":"B004EEWY4I","ProductIndex":180815}
{"itemId":"B00ATJSC16","ProductIndex":140243}
{"itemId":"B00GK6GIM2","ProductIndex":104215}
{"itemId":"B00H93PUCE","ProductIndex":127713}
{"itemId":"B000SJUR2Y","ProductIndex":58855}
{"itemId":"B00GR0OFKS","ProductIndex":150333}
{"itemId":"B001P9CZ4Y","ProductIndex":137790}
{"itemId":"B004ZMBWEC","ProductIndex":72275}
{"itemId":"B00004Z5D5","ProductIndex":90343}
{"itemId":"B00BP3K5YM","ProductIndex":132130}
{"itemId":"B002UG8ROS","ProductIndex":82493}
{"itemId":"B00A9P8U5S","ProductIndex":115997}
{"itemId":"B00F8YC84Y","ProductIndex":169322}
{"itemId":"B005J75Z22","ProductIndex":151009}
{"itemId":"B000FJS44A","ProductIndex":78696}
{"itemId":"B001MS6NJQ","ProductIndex":118750}
{"itemId":"B0032Z8KHK","ProductIndex":190190}
{"itemId":"B00IIWQJ0C","ProductIndex":58540}
{"itemId":"B0007KX4U6","ProductIndex":123882}
{"itemId":"B007DCYTBE","ProductIndex":77049}
{"itemId":"B0001O03MU","ProductIndex":188509}
{"itemId":"B00008SCFU","ProductIndex":38505}
{"itemId":"B000NFIW7K","ProductIndex":155173}
{"itemId":"B00006FDPF","ProductIndex":116003}
{"itemId":"B001L4S862","ProductIndex":65155}
{"itemId":"B000PE6S4S","ProductIndex":203595}
{"itemId":"B004HI6NIY","ProductIndex":109558}
{"itemId":"B0098JS19G","ProductIndex":171670}
{"itemId":"B001D5HJL4","ProductIndex":125524}
{"itemId":"B004A9GK4M","ProductIndex":107898}
{"itemId":"B004I2JRIW","ProductIndex":158488}
{"itemId":"B007ANF6HW","ProductIndex":39153}
{"itemId":"B006OFWBE8","ProductIndex":140895}
{"itemId":"B008FQHLJY","ProductIndex":177670}
{"itemId":"B000OL3750","ProductIndex":58197}
{"itemId":"B0057IFB5Y","ProductIndex":131256}
{"itemId":"B0098WZW2W","ProductIndex":49516}
{"itemId":"B00005T3AD","ProductIndex":207259}
{"itemId":"B000EPYGXS","ProductIndex":103027}
{"itemId":"B00BLCLUW8","ProductIndex":96998}
{"itemId":"B00DU6TXPO","ProductIndex":141712}
{"itemId":"B001DRNIVM","ProductIndex":58826}
{"itemId":"B0001CGLP0","ProductIndex":79153}
{"itemId":"B0054EONVO","ProductIndex":58008}
{"itemId":"B002TWCCEY","ProductIndex":170449}
{"itemId":"B001PLUQES","ProductIndex":88220}
{"itemId":"B0093LKA7K","ProductIndex":98900}
{"itemId":"B0040MJMSA","ProductIndex":97341}
{"itemId":"B001CDBJ4A","ProductIndex":192412}
{"itemId":"B00E46DOHM","ProductIndex":174525}
{"itemId":"B000JL0SMK","ProductIndex":157490}
{"itemId":"B001DN52KG","ProductIndex":97608}
{"itemId":"B00HSEW28E","ProductIndex":159613}
{"itemId":"B0008GP89E","ProductIndex":167105}
{"itemId":"B00IMOB5SW","ProductIndex":76438}
{"itemId":"B005MSCHS8","ProductIndex":92279}
{"itemId":"B008I7802W","ProductIndex":60989}
{"itemId":"B000EF1CPI","ProductIndex":128461}
{"itemId":"B004T1Z2YK","ProductIndex":198482}
{"itemId":"B00512Z192","ProductIndex":141475}
{"itemId":"B00EQ7UR8I","ProductIndex":167687}
{"itemId":"B003XXSQ0C","ProductIndex":172931}
{"itemId":"B000VM6TTI","ProductIndex":57513}
{"itemId":"B003XO9UHO","ProductIndex":156053}
{"itemId":"B004IA9H5M","ProductIndex":139582}
{"itemId":"B007UXVYV4","ProductIndex":192270}
{"itemId":"B001RNGEV8","ProductIndex":55602}
{"itemId":"B004WK53CY","ProductIndex":113152}
{"itemId":"B00B4OWS1U","ProductIndex":134894}
{"itemId":"B00763X178","ProductIndex":143334}
{"itemId":"B001418XH6","ProductIndex":132870}
{"itemId":"B004SL352M","ProductIndex":161793}
{"itemId":"B007KOOIP2","ProductIndex":99978}
{"itemId":"B00EUT5D22","ProductIndex":96280}
{"itemId":"B000KNCBU4","ProductIndex":121774}
{"itemId":"B001TK3E4E","ProductIndex":132329}
{"itemId":"B009WS0Q96","ProductIndex":162902}
{"itemId":"B004W7DS1A","ProductIndex":116264}
{"itemId":"B0013K58DU","ProductIndex":89134}
{"itemId":"B008HCSEQK","ProductIndex":95534}
{"itemId":"B008H6MSCM","ProductIndex":111367}
{"itemId":"B00CHXETKU","ProductIndex":139023}
{"itemId":"B000FUUD48","ProductIndex":136063}
{"itemId":"B000AM2Z92","ProductIndex":171977}
{"itemId":"B003SJVAEU","ProductIndex":121555}
{"itemId":"B008BZAU38","ProductIndex":91178}
{"itemId":"B001FWYU9E","ProductIndex":102318}
{"itemId":"B008599ABI","ProductIndex":75997}
{"itemId":"B00K0HMR68","ProductIndex":148433}
{"itemId":"B000SAI3Q0","ProductIndex":184554}
{"itemId":"B000GFHR0K","ProductIndex":65129}
{"itemId":"B009F1J4R0","ProductIndex":73212}
{"itemId":"B00174QQW4","ProductIndex":158971}
{"itemId":"B003MVZ7SO","ProductIndex":183844}
{"itemId":"B000BPUE4G","ProductIndex":142790}
{"itemId":"B00A2DXUSY","ProductIndex":119026}
{"itemId":"B00856WUTA","ProductIndex":113899}
{"itemId":"B004QZAXXE","ProductIndex":117578}
{"itemId":"B0007PN4JM","ProductIndex":112274}
{"itemId":"B00007KSEW","ProductIndex":168013}
{"itemId":"B0013XPAF8","ProductIndex":61430}
{"itemId":"B002IG60IA","ProductIndex":167159}
{"itemId":"B000EHIQ00","ProductIndex":103251}
{"itemId":"B003EVQRHW","ProductIndex":202510}
{"itemId":"B0074CTEDQ","ProductIndex":141375}
{"itemId":"B000GAUQA8","ProductIndex":113751}
{"itemId":"B00DKTOZTU","ProductIndex":67241}
{"itemId":"B000RGG5G0","ProductIndex":187608}
{"itemId":"B00A6OL85G","ProductIndex":157571}
{"itemId":"B008FDGXZA","ProductIndex":125583}
{"itemId":"B005VQL1X8","ProductIndex":196988}
{"itemId":"B005PSDONM","ProductIndex":184875}
{"itemId":"B005OYEF2G","ProductIndex":208003}
{"itemId":"B0007OVC06","ProductIndex":197267}
{"itemId":"B009F77OSU","ProductIndex":159058}
{"itemId":"B00BYPZ7AI","ProductIndex":122411}
{"itemId":"B00655BBGG","ProductIndex":163861}
{"itemId":"B003KTWZJM","ProductIndex":98909}
{"itemId":"B0000AI1G3","ProductIndex":174090}
{"itemId":"B00FRMLJ6K","ProductIndex":106807}
{"itemId":"B0053ZJOM2","ProductIndex":160775}
{"itemId":"B005D1OW5A","ProductIndex":206842}
{"itemId":"B00009R6OI","ProductIndex":175237}
{"itemId":"B00AEK3T7W","ProductIndex":96244}
{"itemId":"B00B78GWWE","ProductIndex":108528}
{"itemId":"B001QWVZ3M","ProductIndex":106449}
{"itemId":"B002ONCDVK","ProductIndex":83150}
{"itemId":"B000XS1DL4","ProductIndex":127887}
{"itemId":"B00CVD9M3A","ProductIndex":86937}
{"itemId":"B007SWXSUC","ProductIndex":135308}
{"itemId":"B00006OWJK","ProductIndex":203617}
{"itemId":"B00GC80Z6S","ProductIndex":127723}
{"itemId":"B00F3SNL8W","ProductIndex":99645}
{"itemId":"B001RB1XWA","ProductIndex":199491}
{"itemId":"B002UXTEGQ","ProductIndex":97826}
{"itemId":"B000051464","ProductIndex":156518}
{"itemId":"B00BS47ZBO","ProductIndex":173893}
{"itemId":"B00266PWT0","ProductIndex":171066}
{"itemId":"B004S233D2","ProductIndex":152550}
{"itemId":"B000BWZ33Q","ProductIndex":175193}
{"itemId":"B007CJWE5Q","ProductIndex":110538}
{"itemId":"B001LNUJ5Q","ProductIndex":136197}
{"itemId":"B00855S090","ProductIndex":160701}
{"itemId":"B007096F12","ProductIndex":194722}
{"itemId":"B001JSAR8C","ProductIndex":200545}
{"itemId":"B0093NSVTM","ProductIndex":101576}
{"itemId":"B000P89F5S","ProductIndex":132463}
{"itemId":"B002NWBD9K","ProductIndex":182653}
{"itemId":"B002ZJOM1C","ProductIndex":179915}
{"itemId":"B001F7SZEK","ProductIndex":165052}
{"itemId":"B004LLI66O","ProductIndex":95635}
{"itemId":"B000SJHG5K","ProductIndex":122534}
{"itemId":"B004XCCAP4","ProductIndex":192933}
{"itemId":"B002GYVZQ6","ProductIndex":202491}
{"itemId":"B003FI2LP6","ProductIndex":175888}
{"itemId":"B0083270RS","ProductIndex":143425}
{"itemId":"B000E13322","ProductIndex":180281}
{"itemId":"B004F3GQSI","ProductIndex":145910}
{"itemId":"B00493NKHO","ProductIndex":199031}
{"itemId":"B006NZG3RK","ProductIndex":201384}
{"itemId":"B009YEHES4","ProductIndex":137130}
{"itemId":"B00375V6D0","ProductIndex":195143}
{"itemId":"B0007GHGHC","ProductIndex":122457}
{"itemId":"B004DMKGLE","ProductIndex":117310}
{"itemId":"B00025G2EG","ProductIndex":192041}
{"itemId":"B005SDDZX8","ProductIndex":132855}
{"itemId":"B000069AT3","ProductIndex":152127}
{"itemId":"B00483P2HG","ProductIndex":120787}
{"itemId":"B000VEURPS","ProductIndex":138817}
{"itemId":"B0052UJSJW","ProductIndex":203241}
{"itemId":"B00006496C","ProductIndex":184289}
{"itemId":"B001CMLO32","ProductIndex":134387}
{"itemId":"B006M66MM6","ProductIndex":138661}
{"itemId":"B00E89NZQK","ProductIndex":118839}
{"itemId":"B00007A5K0","ProductIndex":204760}
{"itemId":"B005VIMISI","ProductIndex":176552}
{"itemId":"B000BFH1S8","ProductIndex":67556}
{"itemId":"B009LY9M1E","ProductIndex":155363}
{"itemId":"B007V54OEK","ProductIndex":172243}
{"itemId":"B00006BAP3","ProductIndex":147320}
{"itemId":"B0084WR1G2","ProductIndex":196678}
{"itemId":"B00B470XNM","ProductIndex":161690}
{"itemId":"B007Z7N8DM","ProductIndex":149188}
{"itemId":"B0046K16TO","ProductIndex":185943}
{"itemId":"B00F0WQGZ6","ProductIndex":113510}
{"itemId":"B0030CJM8Q","ProductIndex":164828}
{"itemId":"B00BYQL4M2","ProductIndex":107960}
{"itemId":"B005J2JI02","ProductIndex":99836}
{"itemId":"B00GFEXMAU","ProductIndex":167637}
{"itemId":"B004WOTL64","ProductIndex":183917}
{"itemId":"B005996Z8S","ProductIndex":138670}
{"itemId":"B008J3WOD6","ProductIndex":104585}
{"itemId":"B00002EIXN","ProductIndex":192686}
{"itemId":"B001CS9SM0","ProductIndex":183332}
{"itemId":"B000AMCEOS","ProductIndex":156754}
{"itemId":"B00E1A2L0W","ProductIndex":172782}
{"itemId":"B0072B9VY6","ProductIndex":193457}
{"itemId":"B000VQDPGE","ProductIndex":166039}
{"itemId":"B007FTQ4GI","ProductIndex":179217}
{"itemId":"B002SXMRMG","ProductIndex":200466}
{"itemId":"B001QWQAA0","ProductIndex":161513}
{"itemId":"B00BUDEY4O","ProductIndex":172268}
{"itemId":"B0073KS3JU","ProductIndex":144152}
{"itemId":"B0002F8NCA","ProductIndex":115836}
{"itemId":"B0088K9L9U","ProductIndex":203593}
{"itemId":"B00653MCR0","ProductIndex":164035}
{"itemId":"B00B2IRFN4","ProductIndex":82731}
{"itemId":"B00009LOG0","ProductIndex":107511}
{"itemId":"B00468TGUM","ProductIndex":141312}
{"itemId":"B00472O4DG","ProductIndex":139922}
{"itemId":"B00G8IOWQ6","ProductIndex":206995}
{"itemId":"B00CO089X4","ProductIndex":140938}
{"itemId":"B002YWZXYK","ProductIndex":143413}
{"itemId":"B000VQYG8U","ProductIndex":110145}
{"itemId":"B00AICYWT0","ProductIndex":164250}
{"itemId":"B000V55MV6","ProductIndex":200147}
{"itemId":"B005OSJ4KK","ProductIndex":116798}
{"itemId":"B002DZDVRE","ProductIndex":175969}
{"itemId":"B0007LC7DU","ProductIndex":172853}
{"itemId":"B000NA0A20","ProductIndex":190069}
{"itemId":"B005552V70","ProductIndex":131148}
{"itemId":"B007FPSD1G","ProductIndex":204870}
{"itemId":"B005KN3NO2","ProductIndex":202530}
{"itemId":"B00K8MTPEW","ProductIndex":154725}
{"itemId":"B003A2THGS","ProductIndex":136372}
{"itemId":"B000NL0YIY","ProductIndex":183321}
{"itemId":"B00CHQ3V0G","ProductIndex":105432}
{"itemId":"B007QU7VPY","ProductIndex":113054}
{"itemId":"B00006FXGQ","ProductIndex":207571}
{"itemId":"B000IEKRQK","ProductIndex":110131}
{"itemId":"B002LVUKDS","ProductIndex":162331}
{"itemId":"B00C40335I","ProductIndex":133397}
{"itemId":"B004HH8KDQ","ProductIndex":181664}
{"itemId":"B00004Z5EL","ProductIndex":141227}
{"itemId":"B002A48UY2","ProductIndex":191769}
{"itemId":"B003TL4SLO","ProductIndex":153370}
{"itemId":"B008EQQFYM","ProductIndex":98658}
{"itemId":"B008MYSVG6","ProductIndex":114575}
{"itemId":"B007R0J2YQ","ProductIndex":76429}
{"itemId":"B0006ZBHTW","ProductIndex":197294}
{"itemId":"B0032X4FB2","ProductIndex":173143}
{"itemId":"B001FKK1IK","ProductIndex":171539}
{"itemId":"B001445TJS","ProductIndex":61688}
{"itemId":"B001NG8EO4","ProductIndex":184785}
{"itemId":"B0040BPCBC","ProductIndex":161449}
{"itemId":"B007FS994S","ProductIndex":136203}
{"itemId":"B000F4W19Y","ProductIndex":162649}
{"itemId":"B004H6NB4U","ProductIndex":142699}
{"itemId":"B002P8M8K0","ProductIndex":129990}
{"itemId":"B007O5C9ZS","ProductIndex":190165}
{"itemId":"B00AEKBCH6","ProductIndex":135176}
{"itemId":"B00B2QK2H2","ProductIndex":141114}
{"itemId":"B003HOU72W","ProductIndex":83844}
{"itemId":"B003GWRHJQ","ProductIndex":187333}
{"itemId":"B00006B72C","ProductIndex":141036}
{"itemId":"B00AI1A2SG","ProductIndex":160579}
{"itemId":"B003DKJ31Q","ProductIndex":186859}
{"itemId":"B0016G5SCM","ProductIndex":183794}
{"itemId":"B00AXDZ2YI","ProductIndex":167811}
{"itemId":"B00A61DMIU","ProductIndex":80653}
{"itemId":"B009PHTJPQ","ProductIndex":154177}
{"itemId":"B00GJMYYKU","ProductIndex":199153}
{"itemId":"B0063AE1WY","ProductIndex":157399}
{"itemId":"B0017HAFMS","ProductIndex":171353}
{"itemId":"B003SF280Y","ProductIndex":183237}
{"itemId":"B000OOEKIK","ProductIndex":117159}
{"itemId":"B005JJCNIY","ProductIndex":139384}
{"itemId":"B0026NU626","ProductIndex":133114}
{"itemId":"B005TWT1I6","ProductIndex":129692}
{"itemId":"B00430D154","ProductIndex":181342}
{"itemId":"B000YM4HQM","ProductIndex":151886}
{"itemId":"B000234178","ProductIndex":152148}
{"itemId":"B003BS2PFG","ProductIndex":137549}
{"itemId":"B00C71J1JQ","ProductIndex":198376}
{"itemId":"B001SD4Z8Q","ProductIndex":183444}
{"itemId":"B00462QSNQ","ProductIndex":182927}
{"itemId":"B003W1QNQE","ProductIndex":185290}
{"itemId":"B000F73VLI","ProductIndex":181331}
{"itemId":"B006L0OGJO","ProductIndex":135989}
{"itemId":"B000MGDM7A","ProductIndex":197240}
{"itemId":"B006HAZBOM","ProductIndex":196237}
{"itemId":"B007CTLPHO","ProductIndex":117140}
{"itemId":"B00000J1AG","ProductIndex":158484}
{"itemId":"B000EOUL6A","ProductIndex":125027}
{"itemId":"B00AM7JV1K","ProductIndex":114576}
{"itemId":"B004U86ZTI","ProductIndex":141264}
{"itemId":"B00C1AMB54","ProductIndex":177606}
{"itemId":"B00ANR7Q2K","ProductIndex":186137}
{"itemId":"B007HWGHCE","ProductIndex":177113}
{"itemId":"B0038KQD14","ProductIndex":179757}
{"itemId":"B001MQ8DBY","ProductIndex":89582}
{"itemId":"B002S7YJCS","ProductIndex":190111}
{"itemId":"B006HNFYAK","ProductIndex":164891}
{"itemId":"B00F3FCQW2","ProductIndex":176959}
{"itemId":"B00AZW7ZKQ","ProductIndex":197106}
{"itemId":"B001E8YQ2K","ProductIndex":171863}
{"itemId":"B005DU0BPQ","ProductIndex":145556}
{"itemId":"B009YDIONE","ProductIndex":125581}
{"itemId":"B002F5ARM4","ProductIndex":160064}
{"itemId":"B0098I5UVE","ProductIndex":200430}
{"itemId":"B005HN59SS","ProductIndex":117152}
{"itemId":"B004XKZOHC","ProductIndex":194184}
{"itemId":"B000NK5QA6","ProductIndex":88800}
{"itemId":"B000069V22","ProductIndex":192483}
{"itemId":"B003UD0590","ProductIndex":145576}
{"itemId":"B001DX6JGW","ProductIndex":140635}
{"itemId":"B003WJR65I","ProductIndex":206537}
{"itemId":"B0056G4AUY","ProductIndex":159206}
{"itemId":"B002P6H9YM","ProductIndex":191073}
{"itemId":"B007VPFSKE","ProductIndex":199646}
{"itemId":"B007N6I722","ProductIndex":177263}
{"itemId":"B0009IBB9W","ProductIndex":128278}
{"itemId":"B00006JPEX","ProductIndex":188186}
{"itemId":"B00FD2V7NE","ProductIndex":159934}
{"itemId":"B00092GM7O","ProductIndex":158601}
{"itemId":"B00B4NJB2A","ProductIndex":205107}
{"itemId":"B001J2DO42","ProductIndex":190503}
{"itemId":"B002DPC5GM","ProductIndex":124145}
{"itemId":"B008EX2XAA","ProductIndex":198831}
{"itemId":"B003M64WRQ","ProductIndex":202783}
{"itemId":"B00GEVGGE8","ProductIndex":193575}
{"itemId":"B0083WI4UU","ProductIndex":206348}
{"itemId":"B000DZA3XQ","ProductIndex":132356}
{"itemId":"B005NJDP6E","ProductIndex":166256}
{"itemId":"B00I9GU1QU","ProductIndex":161509}
{"itemId":"B003BV4VTQ","ProductIndex":146740}
{"itemId":"B0072L85HU","ProductIndex":180780}
{"itemId":"B00HQLLY9W","ProductIndex":206882}
{"itemId":"B009YJXKEG","ProductIndex":185513}
{"itemId":"B008D6RQLE","ProductIndex":167378}
{"itemId":"B005QT7WOC","ProductIndex":173039}
{"itemId":"B00AJF4OVC","ProductIndex":189119}
{"itemId":"B00BCOELHG","ProductIndex":181663}
{"itemId":"B005RZF62K","ProductIndex":152927}
{"itemId":"B0035S52GQ","ProductIndex":193128}
{"itemId":"B00KHO69O0","ProductIndex":178056}
{"itemId":"B00696JCNK","ProductIndex":181146}
{"itemId":"B000OC0TA0","ProductIndex":179841}
{"itemId":"B0006J1G6C","ProductIndex":206861}
{"itemId":"B002LBWH5C","ProductIndex":178958}
{"itemId":"B0037KFXEI","ProductIndex":194401}
{"itemId":"B006C2M6NY","ProductIndex":196303}
{"itemId":"B005GI86W0","ProductIndex":180458}
{"itemId":"B007PV3QEO","ProductIndex":196746}
{"itemId":"B00004S7ND","ProductIndex":180031}
{"itemId":"B00EIBZGXS","ProductIndex":189040}
{"itemId":"B000OY7JZG","ProductIndex":148636}
{"itemId":"B005J6TVSM","ProductIndex":166212}
{"itemId":"B00571YZ8A","ProductIndex":207028}
{"itemId":"B007MT7UIC","ProductIndex":161029}
{"itemId":"B001J6N14Q","ProductIndex":197015}
{"itemId":"B00480JGWQ","ProductIndex":205478}
{"itemId":"B002WGJFK6","ProductIndex":183546}
{"itemId":"B003ZWGSRO","ProductIndex":179293}
{"itemId":"B0058K9XAK","ProductIndex":178329}
{"itemId":"B001TXP7EQ","ProductIndex":164646}
{"itemId":"B003KLYDD6","ProductIndex":207091}
{"itemId":"B00001ZWRZ","ProductIndex":191951}
{"itemId":"B00BCGV2AS","ProductIndex":181814}
{"itemId":"B00BQ0QYT4","ProductIndex":196060}
{"itemId":"B0024F9YG0","ProductIndex":198394}
