{"itemId":"B000065BP9","ProductIndex":296}
{"itemId":"B003VAHYTG","ProductIndex":343}
{"itemId":"B003U8K4NM","ProductIndex":26499}
{"itemId":"B009VXIUVS","ProductIndex":54973}
{"itemId":"B001F51G16","ProductIndex":269}
{"itemId":"B001LXMF80","ProductIndex":1794}
{"itemId":"B00EZ9XHNE","ProductIndex":6955}
{"itemId":"0972683275","ProductIndex":663}
{"itemId":"B002NU5RM6","ProductIndex":27785}
{"itemId":"B006OS71TA","ProductIndex":8449}
{"itemId":"B006C2DV5G","ProductIndex":4207}
{"itemId":"B000FBF08Q","ProductIndex":16559}
{"itemId":"B0031QVW2U","ProductIndex":18723}
{"itemId":"B0062PLM2W","ProductIndex":15413}
{"itemId":"B000FI2EAG","ProductIndex":8442}
{"itemId":"B001U0O7RG","ProductIndex":5622}
{"itemId":"B003WH94J6","ProductIndex":38867}
{"itemId":"B002VPE21A","ProductIndex":3031}
{"itemId":"B008XVAVAW","ProductIndex":1462}
{"itemId":"B002FU6KF2","ProductIndex":2773}
{"itemId":"B003CH3V0Y","ProductIndex":4585}
{"itemId":"B00C9UAE28","ProductIndex":156915}
{"itemId":"B00395WIXA","ProductIndex":1070}
{"itemId":"B000K52CY2","ProductIndex":7465}
{"itemId":"B009EVLN7K","ProductIndex":3288}
{"itemId":"B005Y2AP3G","ProductIndex":133836}
{"itemId":"B003B3P2CY","ProductIndex":539}
{"itemId":"B008GZU8AI","ProductIndex":11911}
{"itemId":"B00016BYHQ","ProductIndex":20655}
{"itemId":"B00C85W09Y","ProductIndex":169740}
{"itemId":"B0012Z9OOU","ProductIndex":32711}
{"itemId":"B0002XQDSS","ProductIndex":3343}
{"itemId":"B0015A8Y5M","ProductIndex":1026}
{"itemId":"B009QUDLC4","ProductIndex":1354}
{"itemId":"B001AJLWCA","ProductIndex":16376}
{"itemId":"B00AJIZBWA","ProductIndex":17550}
{"itemId":"B008HK58KM","ProductIndex":24558}
{"itemId":"B00DDFESKC","ProductIndex":41704}
{"itemId":"B007XJLMYY","ProductIndex":16232}
{"itemId":"B004M8RWCK","ProductIndex":2162}
{"itemId":"B00890LRG4","ProductIndex":42228}
{"itemId":"B00AR95H0W","ProductIndex":4725}
{"itemId":"B00574ZKV8","ProductIndex":16680}
{"itemId":"B002I8MUJG","ProductIndex":3394}
{"itemId":"B000EIE3OM","ProductIndex":54894}
{"itemId":"B0038KP3JW","ProductIndex":41767}
{"itemId":"B002S9KTAW","ProductIndex":5354}
{"itemId":"B007BGGEAQ","ProductIndex":159313}
{"itemId":"B0038AQIRI","ProductIndex":109473}
{"itemId":"B0096KJTU2","ProductIndex":20217}
{"itemId":"B00E9BYHJ6","ProductIndex":8431}
{"itemId":"B0043JDU56","ProductIndex":10130}
{"itemId":"B006GLEZ8U","ProductIndex":656}
{"itemId":"B00126R3P6","ProductIndex":15545}
{"itemId":"B00COR4Q2K","ProductIndex":27387}
{"itemId":"B00691WMJG","ProductIndex":447}
{"itemId":"B00B87BCGK","ProductIndex":14574}
{"itemId":"B000GC57E6","ProductIndex":30974}
{"itemId":"B00009R6FJ","ProductIndex":40672}
{"itemId":"B002N2EHVQ","ProductIndex":3402}
{"itemId":"B003QLKVHC","ProductIndex":202802}
{"itemId":"B009E3VFE4","ProductIndex":115980}
{"itemId":"B006UL00R6","ProductIndex":11598}
{"itemId":"B00153ZMY0","ProductIndex":34172}
{"itemId":"B00009R6TB","ProductIndex":77795}
{"itemId":"B000KI0YXU","ProductIndex":15591}
{"itemId":"B0009R5NNI","ProductIndex":109749}
{"itemId":"B0027JLIVM","ProductIndex":4160}
{"itemId":"B001JHGASE","ProductIndex":22812}
{"itemId":"B00BQ01LBA","ProductIndex":56211}
{"itemId":"B007CRWQ0Q","ProductIndex":26414}
{"itemId":"B00JAZGUBE","ProductIndex":48562}
{"itemId":"B004BFZHO4","ProductIndex":7987}
{"itemId":"B008PNEJE2","ProductIndex":136960}
{"itemId":"B000226690","ProductIndex":112258}
{"itemId":"B00JB57TLI","ProductIndex":77235}
{"itemId":"B002KKCO34","ProductIndex":34515}
{"itemId":"B001VBU0NY","ProductIndex":17272}
{"itemId":"B00FPRAU44","ProductIndex":118554}
{"itemId":"B002N8JJ04","ProductIndex":9733}
{"itemId":"B008FLOWAU","ProductIndex":25237}
{"itemId":"B00CP81I7O","ProductIndex":143989}
{"itemId":"B0015GADB4","ProductIndex":6572}
{"itemId":"B0002BESFA","ProductIndex":24497}
{"itemId":"B00642F9CM","ProductIndex":29005}
{"itemId":"B00006347Q","ProductIndex":120822}
{"itemId":"B00AAID24I","ProductIndex":193527}
{"itemId":"B002BWXW6E","ProductIndex":94589}
{"itemId":"B00AGT64N2","ProductIndex":82412}
{"itemId":"B00C2ALYII","ProductIndex":15601}
{"itemId":"B004WKWZMU","ProductIndex":75406}
{"itemId":"B000BKBVT8","ProductIndex":15422}
{"itemId":"B00449F6I4","ProductIndex":4287}
{"itemId":"B0084OIY0M","ProductIndex":2190}
{"itemId":"B004CAJU8W","ProductIndex":2274}
{"itemId":"B001AS2WBG","ProductIndex":76481}
{"itemId":"B0073PST30","ProductIndex":87948}
{"itemId":"B005S6TOZ8","ProductIndex":8134}
{"itemId":"B002NURRL0","ProductIndex":20999}
{"itemId":"B004FORTQA","ProductIndex":56802}
{"itemId":"B005LLBBSS","ProductIndex":17253}
{"itemId":"B0045I85FA","ProductIndex":21986}
{"itemId":"B008FMBLVM","ProductIndex":17325}
{"itemId":"B00004WCIA","ProductIndex":17174}
{"itemId":"B003YKJA4K","ProductIndex":90888}
{"itemId":"B001RB24XC","ProductIndex":164690}
{"itemId":"B00IWJUGQY","ProductIndex":17928}
{"itemId":"B0032Z8KN4","ProductIndex":77739}
{"itemId":"B002OL80UK","ProductIndex":15191}
{"itemId":"B00E03N1KO","ProductIndex":41702}
{"itemId":"B003FV36LQ","ProductIndex":60068}
{"itemId":"B000ZLSWJ0","ProductIndex":11789}
{"itemId":"B004NELCLU","ProductIndex":13540}
{"itemId":"B00A48RBQE","ProductIndex":101558}
{"itemId":"B00GZAJ2NK","ProductIndex":50722}
{"itemId":"B000N2OJ2K","ProductIndex":119905}
{"itemId":"B002LJNKNM","ProductIndex":6595}
{"itemId":"B004HM0H14","ProductIndex":7824}
{"itemId":"B001BLI3HE","ProductIndex":61307}
{"itemId":"B004TKTOWC","ProductIndex":3178}
{"itemId":"B004CLYJ1Y","ProductIndex":16669}
{"itemId":"B003BXNICK","ProductIndex":140989}
{"itemId":"B00439MIOA","ProductIndex":151294}
{"itemId":"B004JRY402","ProductIndex":8336}
{"itemId":"B0037KM0XA","ProductIndex":9854}
{"itemId":"B007QV1E7Y","ProductIndex":30952}
{"itemId":"B003SNJ9X0","ProductIndex":150170}
{"itemId":"B00ECM4NRS","ProductIndex":150746}
{"itemId":"B0026NZ3CE","ProductIndex":7328}
{"itemId":"B000BY52O4","ProductIndex":15942}
{"itemId":"B001GXQODM","ProductIndex":158646}
{"itemId":"B003ZTZE5Y","ProductIndex":20299}
{"itemId":"B003ZX2N9K","ProductIndex":49474}
{"itemId":"B001F0W444","ProductIndex":67438}
{"itemId":"B0002MQGRM","ProductIndex":5276}
{"itemId":"B00547IVXM","ProductIndex":8109}
{"itemId":"B00CO2D4G4","ProductIndex":2933}
{"itemId":"B00FPHDZMI","ProductIndex":128349}
{"itemId":"B008EHWLYY","ProductIndex":60036}
{"itemId":"B00GM180S0","ProductIndex":19944}
{"itemId":"B00005T3N0","ProductIndex":17640}
{"itemId":"B0002QLQ96","ProductIndex":1890}
{"itemId":"B003Y5FRNS","ProductIndex":8790}
{"itemId":"B002PHM0F4","ProductIndex":81059}
{"itemId":"B00006ID3R","ProductIndex":135241}
{"itemId":"B002RWJHBM","ProductIndex":9248}
{"itemId":"B001EQ4C4E","ProductIndex":5364}
{"itemId":"B0002JFOUA","ProductIndex":45982}
{"itemId":"B001L6EPCQ","ProductIndex":3112}
{"itemId":"B002XF0Q7M","ProductIndex":44908}
{"itemId":"B001UE8IMC","ProductIndex":16970}
{"itemId":"B00DX5Q5QC","ProductIndex":92877}
{"itemId":"B001DDG8I6","ProductIndex":16867}
{"itemId":"B002DSHMA8","ProductIndex":6215}
{"itemId":"B0082471N0","ProductIndex":28357}
{"itemId":"B001I45TA8","ProductIndex":4633}
{"itemId":"B005BCBK9W","ProductIndex":40373}
{"itemId":"B000HG74RE","ProductIndex":138081}
{"itemId":"B00013R0OU","ProductIndex":33916}
{"itemId":"B00IOS6EAU","ProductIndex":45125}
{"itemId":"B00120VSLW","ProductIndex":80443}
{"itemId":"B006JW6IHC","ProductIndex":9540}
{"itemId":"B002P35JMO","ProductIndex":1683}
{"itemId":"B00407ZNE2","ProductIndex":13082}
{"itemId":"B004BPQSOM","ProductIndex":45740}
{"itemId":"B001CSVSD2","ProductIndex":129764}
{"itemId":"B000UF3FVG","ProductIndex":174725}
{"itemId":"B000EPYAWU","ProductIndex":116559}
{"itemId":"B005JU936S","ProductIndex":3254}
{"itemId":"B001NKGWEY","ProductIndex":20077}
{"itemId":"B005HYDG00","ProductIndex":77060}
{"itemId":"B00C76P7Q2","ProductIndex":17749}
{"itemId":"B00AQN1ZXM","ProductIndex":59115}
{"itemId":"B0001G6U4S","ProductIndex":10870}
{"itemId":"B001PL5SSM","ProductIndex":34403}
{"itemId":"B00D3F7GZ6","ProductIndex":46283}
{"itemId":"B009D3HV1Q","ProductIndex":57656}
{"itemId":"B009XUBVMY","ProductIndex":12273}
{"itemId":"B005BH3QOY","ProductIndex":18766}
{"itemId":"B001AAK50E","ProductIndex":61395}
{"itemId":"B001V9LQAW","ProductIndex":8996}
{"itemId":"B005EDDCW6","ProductIndex":76764}
{"itemId":"B0048JG5NK","ProductIndex":68343}
{"itemId":"9966541551","ProductIndex":54240}
{"itemId":"B006PATJMO","ProductIndex":141920}
{"itemId":"B004FPIO18","ProductIndex":31436}
{"itemId":"B000CHVLPE","ProductIndex":52201}
{"itemId":"B004K1EO5C","ProductIndex":19784}
{"itemId":"B003EUDRD0","ProductIndex":71863}
{"itemId":"B00FQQTUAY","ProductIndex":20275}
{"itemId":"B002BK2TLU","ProductIndex":86011}
{"itemId":"B00C6Y4J1E","ProductIndex":19081}
{"itemId":"B002POFPLI","ProductIndex":19586}
{"itemId":"B00BYE6DXO","ProductIndex":13440}
{"itemId":"B007X28U7S","ProductIndex":55977}
{"itemId":"B000BNHM0C","ProductIndex":11346}
{"itemId":"B003JJAKVS","ProductIndex":35865}
{"itemId":"B000TG6WVG","ProductIndex":13216}
{"itemId":"B001ARJ1XO","ProductIndex":67535}
{"itemId":"B002V1HYL4","ProductIndex":43664}
{"itemId":"B00DNUBAN0","ProductIndex":82067}
{"itemId":"B001FB8VS6","ProductIndex":39401}
{"itemId":"B003NLTCNE","ProductIndex":26363}
{"itemId":"B0002OG6OI","ProductIndex":43762}
{"itemId":"B002N0MJ8G","ProductIndex":99293}
{"itemId":"B00FE6DQMY","ProductIndex":134098}
{"itemId":"B004BJW4WS","ProductIndex":117449}
{"itemId":"B005LJWJSG","ProductIndex":17205}
{"itemId":"B0007W1EHO","ProductIndex":172375}
{"itemId":"B002CKKDTY","ProductIndex":205635}
{"itemId":"B000M4MFL6","ProductIndex":132208}
{"itemId":"B008YRASDA","ProductIndex":26704}
{"itemId":"B004P4KUG6","ProductIndex":77430}
{"itemId":"B004QMDIJS","ProductIndex":99784}
{"itemId":"B004ZLUZGY","ProductIndex":40285}
{"itemId":"B00HKFPRGK","ProductIndex":30557}
{"itemId":"B004T8FC66","ProductIndex":26206}
{"itemId":"B00BSGZ8A2","ProductIndex":146934}
{"itemId":"B000Q8G1RW","ProductIndex":119339}
{"itemId":"B00AHKIC8U","ProductIndex":162935}
{"itemId":"B00EVIBN8U","ProductIndex":20044}
{"itemId":"B006MO0IZA","ProductIndex":10646}
{"itemId":"B001R84CGW","ProductIndex":33855}
{"itemId":"B0013OKMDC","ProductIndex":127518}
{"itemId":"B0050VGZLM","ProductIndex":6851}
{"itemId":"B0002J2MTQ","ProductIndex":23753}
{"itemId":"B00I0J1AXE","ProductIndex":197278}
{"itemId":"B000I3P68U","ProductIndex":44749}
{"itemId":"B004I43MK4","ProductIndex":63130}
{"itemId":"B00284AN3A","ProductIndex":132522}
{"itemId":"B003LL19F0","ProductIndex":17942}
{"itemId":"B004FFOOEE","ProductIndex":101015}
{"itemId":"B0035M13YW","ProductIndex":155044}
{"itemId":"B00006G33L","ProductIndex":67377}
{"itemId":"B000UB7WD2","ProductIndex":6363}
{"itemId":"B003E2O6PQ","ProductIndex":49498}
{"itemId":"B003DO5W12","ProductIndex":9937}
{"itemId":"B004N8UUQ4","ProductIndex":156203}
{"itemId":"B00A4QB4SW","ProductIndex":103444}
{"itemId":"B004L9M0B8","ProductIndex":10446}
{"itemId":"B00001QEMF","ProductIndex":17690}
{"itemId":"B000OOJRMO","ProductIndex":107802}
{"itemId":"B008B061SQ","ProductIndex":14605}
{"itemId":"B007RC238Q","ProductIndex":65396}
{"itemId":"B007MS55HQ","ProductIndex":47229}
{"itemId":"B001S0JZKW","ProductIndex":11991}
{"itemId":"B00APV9X16","ProductIndex":110905}
{"itemId":"B003E2VO06","ProductIndex":76330}
{"itemId":"B001KYMJDQ","ProductIndex":75425}
{"itemId":"B000HW5WRW","ProductIndex":37116}
{"itemId":"B008FR35TI","ProductIndex":43522}
{"itemId":"B000RKSEWO","ProductIndex":52680}
{"itemId":"B000SE0PVM","ProductIndex":53203}
{"itemId":"B0002F3E9M","ProductIndex":31830}
{"itemId":"B0038KP7KC","ProductIndex":48168}
{"itemId":"B00EYQ6WK8","ProductIndex":10188}
{"itemId":"B0050LTU1Y","ProductIndex":41192}
{"itemId":"B005HFNA00","ProductIndex":157229}
{"itemId":"B005I6EUHA","ProductIndex":31878}
{"itemId":"B007HCLB20","ProductIndex":185237}
{"itemId":"B005WXRKVC","ProductIndex":62289}
{"itemId":"B00B5TEFR4","ProductIndex":90163}
{"itemId":"B001683KKW","ProductIndex":45859}
{"itemId":"B001JGMNZE","ProductIndex":35839}
{"itemId":"B004TGY58E","ProductIndex":18102}
{"itemId":"B002AEGGJS","ProductIndex":75907}
{"itemId":"B004UIVYN0","ProductIndex":102102}
{"itemId":"B000V58T0C","ProductIndex":55899}
{"itemId":"B00012O6SY","ProductIndex":36935}
{"itemId":"B00DEYHLF6","ProductIndex":25820}
{"itemId":"B000065CE2","ProductIndex":44788}
{"itemId":"B0051IX1ES","ProductIndex":26483}
{"itemId":"B000V1JUKY","ProductIndex":26170}
{"itemId":"B00004SY5Q","ProductIndex":196605}
{"itemId":"B0015A6Q3O","ProductIndex":180841}
{"itemId":"B008OFETW8","ProductIndex":10565}
{"itemId":"B000GHUIF4","ProductIndex":53759}
{"itemId":"B009PTO2A6","ProductIndex":175316}
{"itemId":"B0001IN166","ProductIndex":114601}
{"itemId":"B00E07PZR2","ProductIndex":73505}
{"itemId":"B00066HQS2","ProductIndex":159335}
{"itemId":"B0038W0K34","ProductIndex":65593}
{"itemId":"B0001R03ZE","ProductIndex":79447}
{"itemId":"B009PQ73RS","ProductIndex":118948}
{"itemId":"B0053Y3WZI","ProductIndex":81319}
{"itemId":"B005DHL0KY","ProductIndex":49253}
{"itemId":"B0037Z8GK6","ProductIndex":147973}
{"itemId":"B001O68Y0C","ProductIndex":55078}
{"itemId":"B000C12GH2","ProductIndex":15933}
{"itemId":"B003XM3L0I","ProductIndex":35610}
{"itemId":"B008DWGLLO","ProductIndex":11148}
{"itemId":"B0041FV0B8","ProductIndex":14790}
{"itemId":"B00032CFYY","ProductIndex":171200}
{"itemId":"B00285F22G","ProductIndex":10398}
{"itemId":"B00J8SD5Z2","ProductIndex":71659}
{"itemId":"B0036WT3QQ","ProductIndex":43904}
{"itemId":"B0032GVCP6","ProductIndex":21669}
{"itemId":"B000W1UH50","ProductIndex":50349}
{"itemId":"B003BLOCP4","ProductIndex":101067}
{"itemId":"B004LQRF3Y","ProductIndex":18724}
{"itemId":"B001ANPL8C","ProductIndex":79679}
{"itemId":"B001OA3S04","ProductIndex":109234}
{"itemId":"B00139VKV0","ProductIndex":15080}
{"itemId":"B000UE7IWY","ProductIndex":192013}
{"itemId":"B007O31Q4U","ProductIndex":120265}
{"itemId":"B007BW6FA4","ProductIndex":98112}
{"itemId":"B000J3I66S","ProductIndex":28861}
{"itemId":"B000B640KO","ProductIndex":108542}
{"itemId":"B00006IS42","ProductIndex":72584}
{"itemId":"B004D39CI6","ProductIndex":21427}
{"itemId":"B00BID35BO","ProductIndex":19407}
{"itemId":"B000MCLNKW","ProductIndex":60720}
{"itemId":"B0015HPYFI","ProductIndex":28332}
{"itemId":"B001PKUUEU","ProductIndex":103891}
{"itemId":"B00G8HP22A","ProductIndex":139029}
{"itemId":"B009ZCG5C6","ProductIndex":66018}
{"itemId":"B000JM1WDS","ProductIndex":139300}
{"itemId":"B009POU6T2","ProductIndex":25267}
{"itemId":"B007QV0B1Y","ProductIndex":97358}
{"itemId":"B008LHFD8S","ProductIndex":37623}
{"itemId":"B00414ROKU","ProductIndex":82839}
{"itemId":"B005JY5K5C","ProductIndex":87709}
{"itemId":"B000CSWHCY","ProductIndex":9025}
{"itemId":"B002CI5WII","ProductIndex":63531}
{"itemId":"B0084SZUDW","ProductIndex":59917}
{"itemId":"B004SBC2S0","ProductIndex":71765}
{"itemId":"B0002MQGF4","ProductIndex":61136}
{"itemId":"B002P0RVAK","ProductIndex":41047}
{"itemId":"B00DGHD2TA","ProductIndex":26775}
{"itemId":"B0055P59N8","ProductIndex":161956}
{"itemId":"B0001M47HY","ProductIndex":127465}
{"itemId":"B00ETT3WB2","ProductIndex":91457}
{"itemId":"B009ED144A","ProductIndex":76931}
{"itemId":"B00009V4G1","ProductIndex":146306}
{"itemId":"B00GMSLRII","ProductIndex":31516}
{"itemId":"B005LEKMR6","ProductIndex":191692}
{"itemId":"B0018NHD8U","ProductIndex":102624}
{"itemId":"B00GJGXEV6","ProductIndex":176435}
{"itemId":"B005C9838A","ProductIndex":124957}
{"itemId":"B00029U0X6","ProductIndex":40986}
{"itemId":"B00CR71NK0","ProductIndex":80206}
{"itemId":"B0081XZILO","ProductIndex":154577}
{"itemId":"B005319840","ProductIndex":124123}
{"itemId":"B00AKIQV14","ProductIndex":135320}
{"itemId":"B00091PI5W","ProductIndex":60558}
{"itemId":"B000EFFRIQ","ProductIndex":176356}
{"itemId":"B0087KGNBA","ProductIndex":32515}
{"itemId":"B0009EPZP2","ProductIndex":55640}
{"itemId":"B006MYA710","ProductIndex":73160}
{"itemId":"B00573RLH0","ProductIndex":87263}
{"itemId":"B00ENPQ1GK","ProductIndex":20424}
{"itemId":"B00EKFAAZG","ProductIndex":175774}
{"itemId":"B000FVXZ2E","ProductIndex":33722}
{"itemId":"B003OQGJV6","ProductIndex":29494}
{"itemId":"B0079T8ADO","ProductIndex":43983}
{"itemId":"B0000630TO","ProductIndex":18322}
{"itemId":"B00GEJCAUO","ProductIndex":154510}
{"itemId":"B00857R0TE","ProductIndex":35921}
{"itemId":"B007ZT9WKI","ProductIndex":167623}
{"itemId":"B005ZXIQYY","ProductIndex":110105}
{"itemId":"B005S1ZGDW","ProductIndex":47417}
{"itemId":"B003VTZE0S","ProductIndex":66586}
{"itemId":"B004PA8706","ProductIndex":19667}
{"itemId":"B00F32Z7QM","ProductIndex":75245}
{"itemId":"B006WHPQSQ","ProductIndex":20091}
{"itemId":"B002HUURWM","ProductIndex":33305}
{"itemId":"B000IMYAVU","ProductIndex":35719}
{"itemId":"B0002BEPS0","ProductIndex":72674}
{"itemId":"B00IZFYK30","ProductIndex":103778}
{"itemId":"B0040X4PRW","ProductIndex":72701}
{"itemId":"B000653GYG","ProductIndex":81119}
{"itemId":"B0009292SA","ProductIndex":27675}
{"itemId":"B006GJTKRI","ProductIndex":44112}
{"itemId":"B005GT2QLQ","ProductIndex":68542}
{"itemId":"B008M11WEM","ProductIndex":125538}
{"itemId":"B004GLBYHC","ProductIndex":129383}
{"itemId":"B00JG7AGDY","ProductIndex":108461}
{"itemId":"B008PR3Z9I","ProductIndex":19348}
{"itemId":"B00A21VHEA","ProductIndex":204234}
{"itemId":"B00BQXLB8K","ProductIndex":145401}
{"itemId":"B001BS5UZA","ProductIndex":92244}
{"itemId":"B00K14BWH0","ProductIndex":41488}
{"itemId":"B006OIFPKC","ProductIndex":67230}
{"itemId":"B004EHNAM0","ProductIndex":15879}
{"itemId":"B00170IO7I","ProductIndex":39757}
{"itemId":"B0007N33IG","ProductIndex":99840}
{"itemId":"B00BVFQD22","ProductIndex":82414}
{"itemId":"B004XUMEMU","ProductIndex":54880}
{"itemId":"B005TUQTUQ","ProductIndex":96028}
{"itemId":"B00013MVT4","ProductIndex":104937}
{"itemId":"B003FO4XXS","ProductIndex":98352}
{"itemId":"B002MRD4SE","ProductIndex":131460}
{"itemId":"B0017QPV96","ProductIndex":38666}
{"itemId":"B000IKMBCW","ProductIndex":105909}
{"itemId":"B000JQLRRA","ProductIndex":115383}
{"itemId":"B001CKL9U2","ProductIndex":85751}
{"itemId":"B00A2VJO2M","ProductIndex":107058}
{"itemId":"B00AZ5ODJ4","ProductIndex":175779}
{"itemId":"B000M5XMXU","ProductIndex":135991}
{"itemId":"B0012MZAOG","ProductIndex":9454}
{"itemId":"B00006I5SI","ProductIndex":16390}
{"itemId":"B000AYIHP6","ProductIndex":163987}
{"itemId":"B002QKAFCU","ProductIndex":104625}
{"itemId":"B005E0C9EQ","ProductIndex":48658}
{"itemId":"B00C10T2EC","ProductIndex":56150}
{"itemId":"B005DIZWZM","ProductIndex":19026}
{"itemId":"B003XU3WDG","ProductIndex":181994}
{"itemId":"B00B79M7NG","ProductIndex":33248}
{"itemId":"B0089JIDUI","ProductIndex":10513}
{"itemId":"B007H9ZDLS","ProductIndex":140328}
{"itemId":"B001SHWBZ6","ProductIndex":54542}
{"itemId":"B0012UKB9M","ProductIndex":30227}
{"itemId":"B0007KIWRQ","ProductIndex":113062}
{"itemId":"B000JV7IE6","ProductIndex":160120}
{"itemId":"B000VGUCTM","ProductIndex":65684}
{"itemId":"B004IVCB4U","ProductIndex":56544}
{"itemId":"B0032GQ2W4","ProductIndex":80723}
{"itemId":"B004M8SU30","ProductIndex":34100}
{"itemId":"B001MWARD0","ProductIndex":70134}
{"itemId":"B003JHWKS6","ProductIndex":112497}
{"itemId":"B002R022CA","ProductIndex":46972}
{"itemId":"B0032S2E88","ProductIndex":40647}
{"itemId":"B00383DURQ","ProductIndex":75936}
{"itemId":"B004BURVPW","ProductIndex":182886}
{"itemId":"B002AUG6OW","ProductIndex":87127}
{"itemId":"B00A9X5IMI","ProductIndex":133946}
{"itemId":"B000WKSZ5U","ProductIndex":63703}
{"itemId":"B008I668E0","ProductIndex":91791}
{"itemId":"B003CQD10K","ProductIndex":35771}
{"itemId":"B005W7MN0G","ProductIndex":91606}
{"itemId":"B00FQBE5BS","ProductIndex":133338}
{"itemId":"B000WOR2B4","ProductIndex":130515}
{"itemId":"B0030MWE90","ProductIndex":71683}
{"itemId":"B006WIG8Z0","ProductIndex":51210}
{"itemId":"B001S0I1QG","ProductIndex":31429}
{"itemId":"B000HPW286","ProductIndex":85301}
{"itemId":"B0007U9KE0","ProductIndex":36692}
{"itemId":"B001DPFLQO","ProductIndex":70082}
{"itemId":"B00005N6KA","ProductIndex":168590}
{"itemId":"B00A27OYAI","ProductIndex":86518}
{"itemId":"B001G427EQ","ProductIndex":70357}
{"itemId":"B002RTD3O2","ProductIndex":101456}
{"itemId":"B0032VFC84","ProductIndex":47989}
{"itemId":"B005GXWZTA","ProductIndex":82459}
{"itemId":"B0009SWT20","ProductIndex":117662}
{"itemId":"B00361ERQ8","ProductIndex":72292}
{"itemId":"B001D0IW8I","ProductIndex":155241}
{"itemId":"B004GILTB6","ProductIndex":37557}
{"itemId":"B000063ILA","ProductIndex":56059}
{"itemId":"B006BUVOZ8","ProductIndex":59789}
{"itemId":"B00A48RX1W","ProductIndex":153396}
{"itemId":"B0000AZK41","ProductIndex":49934}
{"itemId":"B005I73M9Q","ProductIndex":33747}
{"itemId":"B006RA0IQI","ProductIndex":154296}
{"itemId":"B0002GRUE6","ProductIndex":126856}
{"itemId":"B00EDI0OYW","ProductIndex":52272}
{"itemId":"B004WAVFXK","ProductIndex":52806}
{"itemId":"B009NQMESS","ProductIndex":23348}
{"itemId":"B005EM8JH0","ProductIndex":77216}
{"itemId":"B000S7AQF4","ProductIndex":21274}
{"itemId":"B004I14VFC","ProductIndex":130664}
{"itemId":"B001GNC7Q0","ProductIndex":58129}
{"itemId":"B004Y0QLKA","ProductIndex":49301}
{"itemId":"B004NY9UZ0","ProductIndex":45610}
{"itemId":"B0031M9UDW","ProductIndex":77480}
{"itemId":"B00CKPFLF2","ProductIndex":47577}
{"itemId":"B00332GU74","ProductIndex":62958}
{"itemId":"B00A8NWU70","ProductIndex":110687}
{"itemId":"B00EJXK0I6","ProductIndex":68266}
{"itemId":"B007BGFGZ0","ProductIndex":98982}
{"itemId":"B000YR67H4","ProductIndex":52816}
{"itemId":"B001J1A248","ProductIndex":70972}
{"itemId":"B002WP0VKU","ProductIndex":52532}
{"itemId":"B000WJEN6G","ProductIndex":108343}
{"itemId":"B000OP8BBG","ProductIndex":52797}
{"itemId":"B000FEHVRG","ProductIndex":171839}
{"itemId":"B0010XW7CK","ProductIndex":74469}
{"itemId":"B004U299S8","ProductIndex":26235}
{"itemId":"B00083Y3PC","ProductIndex":105919}
{"itemId":"B000065CE1","ProductIndex":25512}
{"itemId":"B00GOJWQ08","ProductIndex":152439}
{"itemId":"B003D0F1VM","ProductIndex":110381}
{"itemId":"B004XNLD8I","ProductIndex":147164}
{"itemId":"B0052EECYO","ProductIndex":80467}
{"itemId":"B000M3E3GW","ProductIndex":35774}
{"itemId":"B009ES6S28","ProductIndex":197009}
{"itemId":"B00GTWCBI2","ProductIndex":26566}
{"itemId":"B004GF1GHQ","ProductIndex":113620}
{"itemId":"B004GHZSF0","ProductIndex":117973}
{"itemId":"B007S02FVW","ProductIndex":83242}
{"itemId":"B009DNKZZ0","ProductIndex":117475}
{"itemId":"B00400W3N8","ProductIndex":41369}
{"itemId":"B008IXETG2","ProductIndex":130467}
{"itemId":"B006U5EUWS","ProductIndex":64192}
{"itemId":"B002SB58VU","ProductIndex":74643}
{"itemId":"B00B2GXGQ6","ProductIndex":23595}
{"itemId":"B00552PEI6","ProductIndex":130091}
{"itemId":"B0050I1P42","ProductIndex":134203}
{"itemId":"B00BY12YIK","ProductIndex":68916}
{"itemId":"B001AQTZKY","ProductIndex":115524}
{"itemId":"B0030V8WFG","ProductIndex":124054}
{"itemId":"B000W4B4NQ","ProductIndex":77563}
{"itemId":"B0012TRIY4","ProductIndex":33080}
{"itemId":"B003KRSYIK","ProductIndex":197617}
{"itemId":"B0009B0KOQ","ProductIndex":61776}
{"itemId":"B003LL2D0A","ProductIndex":123747}
{"itemId":"B000M15WTG","ProductIndex":162921}
{"itemId":"B002O5C9I0","ProductIndex":168458}
{"itemId":"B00EURYZDC","ProductIndex":188626}
{"itemId":"B00HPQXR98","ProductIndex":129943}
{"itemId":"B000HEANI8","ProductIndex":60576}
{"itemId":"B00313JXLA","ProductIndex":68560}
{"itemId":"B0010ZIR22","ProductIndex":113522}
{"itemId":"B00168MJHM","ProductIndex":85869}
{"itemId":"B00CR9XFMC","ProductIndex":37710}
{"itemId":"B001MQ8EMW","ProductIndex":194853}
{"itemId":"B000EN0KAS","ProductIndex":79528}
{"itemId":"B00658HWOI","ProductIndex":66536}
{"itemId":"B001BTWJYE","ProductIndex":134670}
{"itemId":"B00062UKIY","ProductIndex":38690}
{"itemId":"B00763W3M2","ProductIndex":44684}
{"itemId":"B004DI7DJG","ProductIndex":80841}
{"itemId":"B001PTFBKY","ProductIndex":146824}
{"itemId":"B000O398K6","ProductIndex":76101}
{"itemId":"B002UKA1FM","ProductIndex":45901}
{"itemId":"B00D1AF3LC","ProductIndex":157567}
{"itemId":"B00EDS7N0A","ProductIndex":148312}
{"itemId":"B00140Y8DK","ProductIndex":75762}
{"itemId":"B003HMPQ2K","ProductIndex":196920}
{"itemId":"B00179CEPW","ProductIndex":181889}
{"itemId":"B000YZG14K","ProductIndex":89103}
{"itemId":"B002Y2LU1K","ProductIndex":162026}
{"itemId":"B00HFFA5OO","ProductIndex":67469}
{"itemId":"B0067VGTNI","ProductIndex":147997}
{"itemId":"B0030XNB7S","ProductIndex":100361}
{"itemId":"B003NYIJFS","ProductIndex":39431}
{"itemId":"B004OW0KZ0","ProductIndex":121890}
{"itemId":"B008EPWYC0","ProductIndex":83736}
{"itemId":"B0041PJ920","ProductIndex":54559}
{"itemId":"B004VFHAFI","ProductIndex":56836}
{"itemId":"B00DD0ZDX8","ProductIndex":203783}
{"itemId":"B005KKLUAO","ProductIndex":203837}
{"itemId":"B000P0AZBO","ProductIndex":95574}
{"itemId":"B0001YFYIS","ProductIndex":148516}
{"itemId":"B004IA2KBK","ProductIndex":54632}
{"itemId":"B000Y8K9AE","ProductIndex":133692}
{"itemId":"B003HMTILU","ProductIndex":183963}
{"itemId":"B0025VKUR0","ProductIndex":28322}
{"itemId":"B00IPQD5J4","ProductIndex":181458}
{"itemId":"B004KSOBSK","ProductIndex":173407}
{"itemId":"B00365EE2G","ProductIndex":61716}
{"itemId":"B004O9SDUW","ProductIndex":133735}
{"itemId":"B000068O6G","ProductIndex":40550}
{"itemId":"B00B29G4VW","ProductIndex":156753}
{"itemId":"B0068QY7Z4","ProductIndex":165203}
{"itemId":"B00000JDFO","ProductIndex":74696}
{"itemId":"B001W998FG","ProductIndex":114527}
{"itemId":"B00CW3MYEI","ProductIndex":129580}
{"itemId":"B00GVHXU12","ProductIndex":154520}
{"itemId":"B00005A48E","ProductIndex":154953}
{"itemId":"B0000511A8","ProductIndex":24047}
{"itemId":"B004TA70FK","ProductIndex":130949}
{"itemId":"B00B5XTDNG","ProductIndex":32208}
{"itemId":"B008CG6MME","ProductIndex":57568}
{"itemId":"B000ZEBOEM","ProductIndex":174130}
{"itemId":"B001R1TXA4","ProductIndex":103858}
{"itemId":"B00EYM5UZA","ProductIndex":94309}
{"itemId":"B004ZMBP3U","ProductIndex":180996}
{"itemId":"B002914JIC","ProductIndex":86374}
{"itemId":"B005OMS2HM","ProductIndex":106382}
{"itemId":"B009WVHS3A","ProductIndex":119446}
{"itemId":"B001AO4O98","ProductIndex":100356}
{"itemId":"B001N359HM","ProductIndex":181207}
{"itemId":"B000LI40IY","ProductIndex":86559}
{"itemId":"B00487L4W4","ProductIndex":94018}
{"itemId":"B00B3ZCI4M","ProductIndex":136764}
{"itemId":"B005GNURM2","ProductIndex":166464}
{"itemId":"B0050FB9NW","ProductIndex":132311}
{"itemId":"B00A42Y3E8","ProductIndex":191389}
{"itemId":"B000O8C9RU","ProductIndex":71175}
{"itemId":"B004GHHVWI","ProductIndex":94240}
{"itemId":"B004J037PC","ProductIndex":151615}
{"itemId":"B003UPTR5G","ProductIndex":104303}
{"itemId":"B007W1KEFG","ProductIndex":85406}
{"itemId":"B003U4RVE6","ProductIndex":156361}
{"itemId":"B00GGC60N2","ProductIndex":94073}
{"itemId":"B0091E5WNQ","ProductIndex":61327}
{"itemId":"B006K4Z46U","ProductIndex":108769}
{"itemId":"B00CALICK2","ProductIndex":200987}
{"itemId":"B003H3FJ2Q","ProductIndex":61906}
{"itemId":"B00F839VNQ","ProductIndex":58968}
{"itemId":"B003C0G1K8","ProductIndex":126669}
{"itemId":"B005T46GGY","ProductIndex":123170}
{"itemId":"B001JQ6O54","ProductIndex":180015}
{"itemId":"B005QFIV6E","ProductIndex":157769}
{"itemId":"B00AMRS0YE","ProductIndex":91482}
{"itemId":"B002YC8AC2","ProductIndex":85774}
{"itemId":"B00009RTPQ","ProductIndex":205709}
{"itemId":"B001874F6O","ProductIndex":106098}
{"itemId":"B00003CWDW","ProductIndex":85722}
{"itemId":"B00547IVAA","ProductIndex":65699}
{"itemId":"B007UE9LQI","ProductIndex":116365}
{"itemId":"B003SGN9SS","ProductIndex":55492}
{"itemId":"B004EXPG6W","ProductIndex":144967}
{"itemId":"B003RX4LWK","ProductIndex":133018}
{"itemId":"B00CB3QDKU","ProductIndex":86331}
{"itemId":"B004VBA5MM","ProductIndex":90353}
{"itemId":"B004QTKDOY","ProductIndex":60937}
{"itemId":"B004GUEAOW","ProductIndex":41533}
{"itemId":"B002UZXEM4","ProductIndex":113772}
{"itemId":"B000PI6WG8","ProductIndex":169865}
{"itemId":"B00009R843","ProductIndex":103497}
{"itemId":"B004QF2DJ6","ProductIndex":196536}
{"itemId":"B008PKSRIY","ProductIndex":92930}
{"itemId":"B000BWE5EE","ProductIndex":108798}
{"itemId":"B000IZ96AM","ProductIndex":123602}
{"itemId":"B001PR1US8","ProductIndex":149261}
{"itemId":"B009724NEG","ProductIndex":47948}
{"itemId":"B003JUU8LO","ProductIndex":70875}
{"itemId":"B004KMM8LS","ProductIndex":92996}
{"itemId":"B005ODUOBI","ProductIndex":112817}
{"itemId":"B003JU6P1Q","ProductIndex":40162}
{"itemId":"B001TK3B92","ProductIndex":101847}
{"itemId":"B00EHJ6DV0","ProductIndex":69069}
{"itemId":"B000138882","ProductIndex":97583}
{"itemId":"B006GTDAE2","ProductIndex":23981}
{"itemId":"B0002AL29G","ProductIndex":169387}
{"itemId":"B0046YENWM","ProductIndex":132013}
{"itemId":"B000QUTECO","ProductIndex":175662}
{"itemId":"B006E0634W","ProductIndex":57471}
{"itemId":"B001SWXEB6","ProductIndex":62388}
{"itemId":"B001CT98JM","ProductIndex":92205}
{"itemId":"B009DLVAK6","ProductIndex":195158}
{"itemId":"B008O50XE6","ProductIndex":103051}
{"itemId":"B000WCI2GA","ProductIndex":105767}
{"itemId":"B005MGAM64","ProductIndex":175529}
{"itemId":"B0009IP4SG","ProductIndex":172051}
{"itemId":"B000ENMISU","ProductIndex":110960}
{"itemId":"B002JP2RUK","ProductIndex":122695}
{"itemId":"B0001YFXNO","ProductIndex":87764}
{"itemId":"B0009HAHD4","ProductIndex":21133}
{"itemId":"B003ZWL90U","ProductIndex":151655}
{"itemId":"B008KWL19Y","ProductIndex":160218}
{"itemId":"B001GIPRCQ","ProductIndex":156314}
{"itemId":"B008H54TF2","ProductIndex":122780}
{"itemId":"B00005T3GV","ProductIndex":162403}
{"itemId":"B0042PYJ8S","ProductIndex":90100}
{"itemId":"B00205L9FS","ProductIndex":164961}
{"itemId":"B003SW66BE","ProductIndex":159158}
{"itemId":"B00HVUEGVQ","ProductIndex":130797}
{"itemId":"B000V4TOCA","ProductIndex":59873}
{"itemId":"B001702I1Q","ProductIndex":64924}
{"itemId":"B00CYH7JHE","ProductIndex":178128}
{"itemId":"B0075M38R8","ProductIndex":74318}
{"itemId":"B0012Q72I4","ProductIndex":95311}
{"itemId":"B00HFQDE0U","ProductIndex":50685}
{"itemId":"B001T0HD82","ProductIndex":68136}
{"itemId":"B000CPCTPM","ProductIndex":78353}
{"itemId":"B004OAQBQ4","ProductIndex":129726}
{"itemId":"B006OCDYTC","ProductIndex":183723}
{"itemId":"B000K3ISJ2","ProductIndex":143215}
{"itemId":"B003V16M48","ProductIndex":79567}
{"itemId":"B002DNAWKU","ProductIndex":195089}
{"itemId":"B003KWSH00","ProductIndex":129432}
{"itemId":"B003CN7N7U","ProductIndex":117896}
{"itemId":"B002I05VU4","ProductIndex":92976}
{"itemId":"B005GST4GC","ProductIndex":156271}
{"itemId":"B009OWI4ZI","ProductIndex":172442}
{"itemId":"B005CX9RKE","ProductIndex":51166}
{"itemId":"B003AHNV1A","ProductIndex":118124}
{"itemId":"B007TQ1Z1Q","ProductIndex":156262}
{"itemId":"B003O5YWIE","ProductIndex":138606}
{"itemId":"B0007IG234","ProductIndex":84766}
{"itemId":"B009UW7IVS","ProductIndex":44244}
{"itemId":"B00ANKN38I","ProductIndex":115516}
{"itemId":"B005CY797G","ProductIndex":136439}
{"itemId":"B0000APCIV","ProductIndex":69021}
{"itemId":"B006NY99TA","ProductIndex":84371}
{"itemId":"B00DIBTBDA","ProductIndex":151275}
{"itemId":"B0009P5HD6","ProductIndex":165185}
{"itemId":"B009RPAQXU","ProductIndex":161965}
{"itemId":"B0084JCGY2","ProductIndex":132925}
{"itemId":"B002G9GQY2","ProductIndex":124513}
{"itemId":"B0012BINTQ","ProductIndex":86579}
{"itemId":"B003MWUMRE","ProductIndex":138796}
{"itemId":"B006CTPPXA","ProductIndex":90511}
{"itemId":"B004MEX5UC","ProductIndex":139694}
{"itemId":"B0044QL3ES","ProductIndex":66681}
{"itemId":"B006DI5TJA","ProductIndex":45604}
{"itemId":"B008X3NGHK","ProductIndex":162858}
{"itemId":"B003UO3280","ProductIndex":70616}
{"itemId":"B003D8M3YC","ProductIndex":50999}
{"itemId":"B005D854UK","ProductIndex":63872}
{"itemId":"B003TSDG1A","ProductIndex":121477}
{"itemId":"B005Z4R45K","ProductIndex":26273}
{"itemId":"B0087HFJMM","ProductIndex":150286}
{"itemId":"B003OFANLO","ProductIndex":88483}
{"itemId":"B00000J02A","ProductIndex":195364}
{"itemId":"B004M45MHQ","ProductIndex":87130}
{"itemId":"B001UNETFS","ProductIndex":142805}
{"itemId":"B00ACCS0JY","ProductIndex":169603}
{"itemId":"B005584UQC","ProductIndex":97304}
{"itemId":"B00GBA2O8O","ProductIndex":174894}
{"itemId":"B000KL19JA","ProductIndex":113084}
{"itemId":"B002L798TY","ProductIndex":89696}
{"itemId":"B003VAMZK4","ProductIndex":44754}
{"itemId":"B001GO04OG","ProductIndex":133936}
{"itemId":"B004UCTHN0","ProductIndex":83694}
{"itemId":"B00GYKYY8E","ProductIndex":207007}
{"itemId":"B004UK71HG","ProductIndex":110522}
{"itemId":"B00009R8BQ","ProductIndex":125013}
{"itemId":"B000AR8V4U","ProductIndex":184223}
{"itemId":"B006J0NSFE","ProductIndex":157814}
{"itemId":"B000VB7YWU","ProductIndex":119138}
{"itemId":"B00369RD20","ProductIndex":142909}
{"itemId":"B003VVNN3G","ProductIndex":95626}
{"itemId":"B003TSTDO4","ProductIndex":93907}
{"itemId":"B0009JR42Y","ProductIndex":92313}
{"itemId":"B001N86VXS","ProductIndex":100228}
{"itemId":"B0019M9ESC","ProductIndex":60536}
{"itemId":"B00D62II9Y","ProductIndex":43911}
{"itemId":"B00BQMM1H6","ProductIndex":198406}
{"itemId":"B00078NIOA","ProductIndex":158618}
{"itemId":"B000ANF8GS","ProductIndex":47493}
{"itemId":"B000EXTW5M","ProductIndex":156360}
{"itemId":"B0002EXK2Y","ProductIndex":124694}
{"itemId":"B00013G0Y6","ProductIndex":100181}
{"itemId":"B001GB7SJI","ProductIndex":138087}
{"itemId":"B001B8T8C6","ProductIndex":156830}
{"itemId":"B00EN0UPIK","ProductIndex":157159}
{"itemId":"B005LA53D8","ProductIndex":57043}
{"itemId":"B0087TW6S0","ProductIndex":173450}
{"itemId":"B006ULZ1O8","ProductIndex":198619}
{"itemId":"B007IUXB7E","ProductIndex":152445}
{"itemId":"B000JQA2A8","ProductIndex":151849}
{"itemId":"B00FEAMUOK","ProductIndex":77325}
{"itemId":"B00C5AW8BM","ProductIndex":124866}
{"itemId":"B007O11FG6","ProductIndex":97943}
{"itemId":"B0054RJQT0","ProductIndex":163958}
{"itemId":"B00EDE9APU","ProductIndex":136679}
{"itemId":"B007W4KP1G","ProductIndex":138082}
{"itemId":"B0017ZA1Y2","ProductIndex":62027}
{"itemId":"B006NQ9SVC","ProductIndex":76209}
{"itemId":"B001UFKGMQ","ProductIndex":152142}
{"itemId":"B0012GB0U0","ProductIndex":72245}
{"itemId":"B0079VOE3W","ProductIndex":65168}
{"itemId":"B007XVD452","ProductIndex":83226}
{"itemId":"B00B8XRNX0","ProductIndex":93222}
{"itemId":"B00CO1HUKQ","ProductIndex":164932}
{"itemId":"B009AZ20BS","ProductIndex":110107}
{"itemId":"B00GR9SXWA","ProductIndex":146939}
{"itemId":"B00FP19HE4","ProductIndex":169356}
{"itemId":"B000BS5SLW","ProductIndex":157009}
{"itemId":"B00006OXBX","ProductIndex":117599}
{"itemId":"B000YDVYY4","ProductIndex":104175}
{"itemId":"B000092TSG","ProductIndex":108916}
{"itemId":"B003UT69I0","ProductIndex":106062}
{"itemId":"B002U88PNE","ProductIndex":170833}
{"itemId":"B00006L3TS","ProductIndex":100480}
{"itemId":"B003C27VXM","ProductIndex":180889}
{"itemId":"B003YL3LA8","ProductIndex":125052}
{"itemId":"B005X64O7Q","ProductIndex":48615}
{"itemId":"B006Q6UMRS","ProductIndex":44383}
{"itemId":"B003PJMASS","ProductIndex":101296}
{"itemId":"B004AF9GK6","ProductIndex":118086}
{"itemId":"B0020JU932","ProductIndex":126360}
{"itemId":"B0083MPZ16","ProductIndex":164316}
{"itemId":"B007VLYIJK","ProductIndex":143885}
{"itemId":"B00AXDB08U","ProductIndex":130527}
{"itemId":"B0090HBBB6","ProductIndex":148246}
{"itemId":"B008S2DCIE","ProductIndex":61009}
{"itemId":"B00ADJFS7S","ProductIndex":99530}
{"itemId":"B00C2E2KLO","ProductIndex":181239}
{"itemId":"B000P9WCMK","ProductIndex":96237}
{"itemId":"B00460RBRK","ProductIndex":79823}
{"itemId":"B0000A5A9M","ProductIndex":173222}
{"itemId":"B005JY65II","ProductIndex":94882}
{"itemId":"B001U3076I","ProductIndex":46718}
{"itemId":"B003OPBX36","ProductIndex":84736}
{"itemId":"B00CLZWKOG","ProductIndex":108474}
{"itemId":"B005DPT2QA","ProductIndex":121274}
{"itemId":"B00BJEE8V8","ProductIndex":66446}
{"itemId":"B0072WA7OI","ProductIndex":203760}
{"itemId":"B003EV8NO2","ProductIndex":186335}
{"itemId":"B005THHLXI","ProductIndex":89706}
{"itemId":"B007P9KPOK","ProductIndex":154604}
{"itemId":"B004T3YYM4","ProductIndex":124328}
{"itemId":"B00FJT500W","ProductIndex":76633}
{"itemId":"B001KQ79TS","ProductIndex":206260}
{"itemId":"B000S15FMY","ProductIndex":103761}
{"itemId":"B00EAKY1LA","ProductIndex":178578}
{"itemId":"B003DPNVNM","ProductIndex":183813}
{"itemId":"B0061J8CPY","ProductIndex":202384}
{"itemId":"B00005PJ4V","ProductIndex":187925}
{"itemId":"B000V6VXTU","ProductIndex":117563}
{"itemId":"B0007UCE48","ProductIndex":171995}
{"itemId":"B000E158DO","ProductIndex":76745}
{"itemId":"B004DCAMLS","ProductIndex":122848}
{"itemId":"B00AN5RJOM","ProductIndex":126178}
{"itemId":"B00E3DWKCQ","ProductIndex":135802}
{"itemId":"B009RDRU5O","ProductIndex":66293}
{"itemId":"B008LTJ62A","ProductIndex":129081}
{"itemId":"B009QD8CUC","ProductIndex":172098}
{"itemId":"B00EAD3D1G","ProductIndex":120453}
{"itemId":"B007VOLFAW","ProductIndex":169858}
{"itemId":"B00006B7U8","ProductIndex":153888}
{"itemId":"B00AANGAMY","ProductIndex":133031}
{"itemId":"B0082EJE9Y","ProductIndex":174917}
{"itemId":"B00012FQOC","ProductIndex":109796}
{"itemId":"B0088PJQOA","ProductIndex":74765}
{"itemId":"B00475NQPA","ProductIndex":118614}
{"itemId":"B007NSD7UC","ProductIndex":70714}
{"itemId":"B000FSTKO4","ProductIndex":74053}
{"itemId":"B004TUBOKW","ProductIndex":97598}
{"itemId":"B000FKBL6C","ProductIndex":185662}
{"itemId":"B001VA4CPW","ProductIndex":131091}
{"itemId":"B001BIW7NS","ProductIndex":193988}
{"itemId":"B008FVNRZQ","ProductIndex":158856}
{"itemId":"B009OIR426","ProductIndex":122202}
{"itemId":"B003VWHRVY","ProductIndex":129859}
{"itemId":"B000OPX4TA","ProductIndex":78601}
{"itemId":"B002WV8B4M","ProductIndex":96573}
{"itemId":"B0040BX5NY","ProductIndex":132660}
{"itemId":"B002S0M7MO","ProductIndex":166108}
{"itemId":"B004UDXQCM","ProductIndex":118106}
{"itemId":"B004JU0E8K","ProductIndex":107688}
{"itemId":"B003VX1CZ0","ProductIndex":163261}
{"itemId":"B004TA7PE6","ProductIndex":189045}
{"itemId":"B00CXYNOGI","ProductIndex":167914}
{"itemId":"B004L9052O","ProductIndex":199266}
{"itemId":"B002FWD0NK","ProductIndex":88316}
{"itemId":"B0071I0MZM","ProductIndex":104146}
{"itemId":"B000M9ODEI","ProductIndex":143359}
{"itemId":"B008RZ4PT2","ProductIndex":204039}
{"itemId":"B000QJ3I72","ProductIndex":119340}
{"itemId":"B00IZZ5UVG","ProductIndex":170054}
{"itemId":"B005E2VSLY","ProductIndex":129897}
{"itemId":"B004XWEB5G","ProductIndex":97225}
{"itemId":"B000M6XOUU","ProductIndex":138974}
{"itemId":"B009XGJ4GI","ProductIndex":90659}
{"itemId":"B004VQ6UK8","ProductIndex":144097}
{"itemId":"B00E9PGA88","ProductIndex":167748}
{"itemId":"B000ETTKNU","ProductIndex":97164}
{"itemId":"B0030QVISO","ProductIndex":175287}
{"itemId":"B00069ZWHQ","ProductIndex":62744}
{"itemId":"B008YDU0ZA","ProductIndex":134984}
{"itemId":"B00005QT7V","ProductIndex":131593}
{"itemId":"B003QIKHDI","ProductIndex":187480}
{"itemId":"B00400OSKE","ProductIndex":132388}
{"itemId":"B0038K95OG","ProductIndex":92322}
{"itemId":"B0010CTM10","ProductIndex":154271}
{"itemId":"B0095FC7V6","ProductIndex":141727}
{"itemId":"B000CZ2M9K","ProductIndex":159186}
{"itemId":"B000KL2OV2","ProductIndex":134097}
{"itemId":"B0094AH1KY","ProductIndex":160316}
{"itemId":"B00CCBJ286","ProductIndex":151967}
{"itemId":"B00BV290RK","ProductIndex":106196}
{"itemId":"B0001RM9GA","ProductIndex":79073}
{"itemId":"B004E2RG34","ProductIndex":66705}
{"itemId":"B0014XRI5C","ProductIndex":76501}
{"itemId":"B0028YXSFA","ProductIndex":147558}
{"itemId":"B005TCHZ8O","ProductIndex":147855}
{"itemId":"B00061UVMK","ProductIndex":112881}
{"itemId":"B004N8PIYS","ProductIndex":186676}
{"itemId":"B005E1KMQC","ProductIndex":124347}
{"itemId":"B00B8NMX8U","ProductIndex":119275}
{"itemId":"B0015GC29A","ProductIndex":123293}
{"itemId":"B004NBZAJI","ProductIndex":180340}
{"itemId":"B004BR39OW","ProductIndex":163888}
{"itemId":"B0013WFYB4","ProductIndex":143066}
{"itemId":"B0002J1LE8","ProductIndex":58248}
{"itemId":"B006CZ37YS","ProductIndex":145824}
{"itemId":"B00CYLLAT8","ProductIndex":122539}
{"itemId":"B0051PO7F8","ProductIndex":121881}
{"itemId":"B007GDNSBM","ProductIndex":141799}
{"itemId":"B008FL1MLC","ProductIndex":98069}
{"itemId":"B000W6MFI2","ProductIndex":145163}
{"itemId":"B0036HZJ78","ProductIndex":73979}
{"itemId":"B001BP22F4","ProductIndex":158607}
{"itemId":"B000653HG8","ProductIndex":125061}
{"itemId":"B00DZ0IEPK","ProductIndex":85511}
{"itemId":"B004BHEQWQ","ProductIndex":197474}
{"itemId":"B0000511RI","ProductIndex":122962}
{"itemId":"B008RMJ51S","ProductIndex":70744}
{"itemId":"B00DY62JEC","ProductIndex":174670}
{"itemId":"B00006F2U8","ProductIndex":150249}
{"itemId":"B004GH1HN2","ProductIndex":149960}
{"itemId":"B00FUTDRWY","ProductIndex":102730}
{"itemId":"B000I6QVM2","ProductIndex":142200}
{"itemId":"B000MVDDM4","ProductIndex":202506}
{"itemId":"B002CVTUMO","ProductIndex":120614}
{"itemId":"B004MPR1WY","ProductIndex":79172}
{"itemId":"B00160BSQS","ProductIndex":154857}
{"itemId":"B00CU58IPM","ProductIndex":181129}
{"itemId":"B003WIGO3E","ProductIndex":64639}
{"itemId":"B005VX8SBE","ProductIndex":186481}
{"itemId":"B00CHTJ62A","ProductIndex":188124}
{"itemId":"B00ADK26HW","ProductIndex":112162}
{"itemId":"B00B1JFTL4","ProductIndex":188840}
{"itemId":"B00EKMDN0I","ProductIndex":208087}
{"itemId":"B00404L204","ProductIndex":151775}
{"itemId":"B001TK3EV2","ProductIndex":143159}
{"itemId":"B008BO5VU6","ProductIndex":168186}
{"itemId":"B003KW95W4","ProductIndex":115863}
{"itemId":"B005DT6IX6","ProductIndex":194057}
{"itemId":"B00B3OY3FA","ProductIndex":177676}
{"itemId":"B00AXU0AD4","ProductIndex":141085}
{"itemId":"B001LANYBU","ProductIndex":186266}
{"itemId":"B00A8FHO42","ProductIndex":143288}
{"itemId":"B0040B4DZI","ProductIndex":206925}
{"itemId":"B00004TETU","ProductIndex":97316}
{"itemId":"B000FF6ZUY","ProductIndex":143491}
{"itemId":"B004XX5VJK","ProductIndex":174468}
{"itemId":"B001NJQ3BC","ProductIndex":184468}
{"itemId":"B003E2TLV0","ProductIndex":159097}
{"itemId":"B0059PJFL6","ProductIndex":160587}
{"itemId":"B002U4RRZK","ProductIndex":167952}
{"itemId":"B002OEBNME","ProductIndex":167444}
{"itemId":"B000Z4J5KC","ProductIndex":193787}
{"itemId":"B006IP21R6","ProductIndex":106567}
{"itemId":"B00E5WZHPM","ProductIndex":179158}
{"itemId":"B002WIP3BY","ProductIndex":105975}
{"itemId":"B003E2PRN6","ProductIndex":119106}
{"itemId":"B003C2QNEK","ProductIndex":191498}
{"itemId":"B005DWAYX8","ProductIndex":122993}
{"itemId":"B001BXS0NY","ProductIndex":156992}
{"itemId":"B00748JRM8","ProductIndex":103330}
{"itemId":"B00B3NJ39M","ProductIndex":202128}
{"itemId":"B00ANRDJYY","ProductIndex":124869}
{"itemId":"B00760Y0UI","ProductIndex":115749}
{"itemId":"B002UXP8A2","ProductIndex":178998}
{"itemId":"B0067NW3AE","ProductIndex":191453}
{"itemId":"B001DASJHM","ProductIndex":137556}
{"itemId":"B005F5FDSE","ProductIndex":166828}
{"itemId":"B0086V639C","ProductIndex":107328}
{"itemId":"B001U8XG48","ProductIndex":164877}
{"itemId":"B002Y31K7I","ProductIndex":123150}
{"itemId":"B000GAAV7Q","ProductIndex":150919}
{"itemId":"B0043PLT12","ProductIndex":149760}
{"itemId":"B00021UKQ6","ProductIndex":157886}
{"itemId":"B001229ESY","ProductIndex":171967}
{"itemId":"B0055EH4RS","ProductIndex":185900}
{"itemId":"B004H03010","ProductIndex":171702}
{"itemId":"B003DKCIIQ","ProductIndex":155486}
{"itemId":"B000E1GHBG","ProductIndex":172948}
{"itemId":"B0040I57DI","ProductIndex":192789}
{"itemId":"B00D78PZUW","ProductIndex":68766}
{"itemId":"B0015DYQ2E","ProductIndex":208191}
{"itemId":"B0093HRK5O","ProductIndex":194802}
{"itemId":"B0083OYA60","ProductIndex":192861}
{"itemId":"B000FTNHH4","ProductIndex":139149}
{"itemId":"B00HHGE6PU","ProductIndex":116500}
{"itemId":"B00GLL41MA","ProductIndex":118499}
{"itemId":"B003EWICA6","ProductIndex":128066}
{"itemId":"B0024C6TXE","ProductIndex":171453}
{"itemId":"B005ERKX74","ProductIndex":169611}
{"itemId":"B000L3V0EQ","ProductIndex":101060}
{"itemId":"B003H3FY3K","ProductIndex":145881}
{"itemId":"B000Y9H0T6","ProductIndex":165540}
{"itemId":"B0030IYQJK","ProductIndex":109799}
{"itemId":"B0021UN63U","ProductIndex":161405}
{"itemId":"B002E3DH3S","ProductIndex":206767}
{"itemId":"B0069VY1GI","ProductIndex":155944}
{"itemId":"B007QEEWOS","ProductIndex":192891}
{"itemId":"B004W5J21C","ProductIndex":193985}
{"itemId":"B00013BN66","ProductIndex":91512}
{"itemId":"B001TUUDH0","ProductIndex":174408}
{"itemId":"B00813S3KC","ProductIndex":148239}
{"itemId":"B003I1ANQY","ProductIndex":195101}
{"itemId":"B004MF3BB4","ProductIndex":110614}
{"itemId":"B003ED9VLE","ProductIndex":116121}
{"itemId":"B00GYM0GYI","ProductIndex":139535}
{"itemId":"B0001U6RMY","ProductIndex":177370}
{"itemId":"B002EE03MA","ProductIndex":170811}
{"itemId":"B00F45OA6G","ProductIndex":157607}
{"itemId":"B003C2OK8Q","ProductIndex":69858}
{"itemId":"B00A0A0P1Y","ProductIndex":166197}
{"itemId":"B00009RUFC","ProductIndex":176857}
{"itemId":"B0040B6OIW","ProductIndex":165147}
{"itemId":"B000E7QCL0","ProductIndex":200458}
{"itemId":"B006WPB8A8","ProductIndex":73604}
{"itemId":"B002PF2DEE","ProductIndex":176191}
{"itemId":"B003NVMHZE","ProductIndex":148029}
{"itemId":"B00DNGJX8I","ProductIndex":203339}
{"itemId":"B000G0HQ6A","ProductIndex":178938}
{"itemId":"B006E3R3XE","ProductIndex":145206}
{"itemId":"B000AQFZCW","ProductIndex":144459}
{"itemId":"B000H138BU","ProductIndex":137638}
{"itemId":"B000VZBS1O","ProductIndex":180974}
{"itemId":"B003UYV1KG","ProductIndex":107770}
{"itemId":"B000JJKWQY","ProductIndex":136339}
{"itemId":"B008OQFU2K","ProductIndex":161915}
{"itemId":"B00A4GT4IO","ProductIndex":93361}
{"itemId":"B000V6R32Q","ProductIndex":129021}
{"itemId":"B00GMZRRGC","ProductIndex":162610}
{"itemId":"B003HFA9WE","ProductIndex":162529}
{"itemId":"B005FNJDB4","ProductIndex":150387}
{"itemId":"B00A59TH0U","ProductIndex":192241}
{"itemId":"B0000659AA","ProductIndex":205112}
{"itemId":"B000T5H4C8","ProductIndex":206960}
{"itemId":"B005J2JP96","ProductIndex":175973}
{"itemId":"B0055UC7Y2","ProductIndex":130016}
{"itemId":"B00CUMOETE","ProductIndex":133161}
{"itemId":"B0074CQS0I","ProductIndex":201771}
{"itemId":"B00FX2Q6V2","ProductIndex":168404}
{"itemId":"B005X465KW","ProductIndex":103958}
{"itemId":"B009L5IG1K","ProductIndex":187147}
{"itemId":"B00JKX02E2","ProductIndex":159309}
{"itemId":"B003ZTCBMS","ProductIndex":191765}
{"itemId":"B000AYV5PU","ProductIndex":132633}
{"itemId":"B00JRP6526","ProductIndex":159218}
{"itemId":"B005OUE9AI","ProductIndex":201645}
{"itemId":"B003LVDLU6","ProductIndex":107150}
{"itemId":"B006NNJMDE","ProductIndex":196450}
{"itemId":"B00D8QZ7E2","ProductIndex":161528}
{"itemId":"B000K7M6D2","ProductIndex":168791}
{"itemId":"B00HODK7Z4","ProductIndex":178104}
{"itemId":"B0054J9788","ProductIndex":182767}
{"itemId":"B00005N5WS","ProductIndex":186343}
{"itemId":"B000T5KF2O","ProductIndex":202973}
{"itemId":"B00E71B0Y8","ProductIndex":202988}
{"itemId":"B003U6ZB28","ProductIndex":185937}
{"itemId":"B0049ZPAOI","ProductIndex":172635}
{"itemId":"B005BMPENK","ProductIndex":197886}
{"itemId":"B000A5CREW","ProductIndex":203074}
{"itemId":"B000X39UCS","ProductIndex":162679}
{"itemId":"B00000J4E4","ProductIndex":122109}
{"itemId":"B00H7JKDO0","ProductIndex":199000}
{"itemId":"B000UOGAFK","ProductIndex":179033}
{"itemId":"B009VB7BQK","ProductIndex":167201}
{"itemId":"B003M7M3C6","ProductIndex":186295}
{"itemId":"B000092TSP","ProductIndex":132116}
{"itemId":"B0038T850W","ProductIndex":150208}
{"itemId":"B006JBUN88","ProductIndex":156112}
{"itemId":"B002MAEGYW","ProductIndex":106186}
{"itemId":"B000FCP1J8","ProductIndex":142535}
{"itemId":"B00C13MMIM","ProductIndex":166584}
{"itemId":"B000Q6J17G","ProductIndex":98500}
{"itemId":"B009OCIDV8","ProductIndex":205088}
{"itemId":"B004A76MGU","ProductIndex":172090}
{"itemId":"B00C5JPOR8","ProductIndex":139993}
{"itemId":"B00DYNQEDC","ProductIndex":174798}
{"itemId":"B00CH9QY3Y","ProductIndex":182748}
{"itemId":"B0045711TS","ProductIndex":188047}
{"itemId":"B0009EMQZE","ProductIndex":118857}
{"itemId":"B008NC2A4G","ProductIndex":162977}
{"itemId":"B002BWOO2K","ProductIndex":206233}
{"itemId":"B001NCDAXI","ProductIndex":150429}
{"itemId":"B007PP90KO","ProductIndex":137921}
{"itemId":"B0012IJX2A","ProductIndex":161701}
{"itemId":"B00390BDKE","ProductIndex":178831}
{"itemId":"B00ASNORVM","ProductIndex":202913}
{"itemId":"B00378BKI8","ProductIndex":197762}
{"itemId":"B00744R7YW","ProductIndex":141314}
{"itemId":"B008B0N0Q2","ProductIndex":158649}
{"itemId":"B00GTLQGDY","ProductIndex":207081}
{"itemId":"B000JE9QCA","ProductIndex":163646}
{"itemId":"B005GFQKQM","ProductIndex":168612}
{"itemId":"B001IQ7QAC","ProductIndex":180356}
{"itemId":"B00AT5U9X4","ProductIndex":166815}
{"itemId":"B003QW6QSE","ProductIndex":156974}
{"itemId":"B0009MAU3Q","ProductIndex":197170}
{"itemId":"B003V54318","ProductIndex":170508}
{"itemId":"B00A6LTILA","ProductIndex":181865}
{"itemId":"B004LLQJEU","ProductIndex":153932}
{"itemId":"B002DXVFYM","ProductIndex":127700}
{"itemId":"B000XQOQSS","ProductIndex":170677}
{"itemId":"B0014FC1TI","ProductIndex":147744}
{"itemId":"B004G4XVFW","ProductIndex":128569}
{"itemId":"B000FQ1H6U","ProductIndex":203895}
{"itemId":"B00B5KBXX2","ProductIndex":205136}
{"itemId":"B005LD2OD2","ProductIndex":180050}
{"itemId":"B00GO79VE4","ProductIndex":192381}
{"itemId":"B008C7C5OC","ProductIndex":200630}
{"itemId":"B0002EE564","ProductIndex":194571}
{"itemId":"B00007BHYJ","ProductIndex":149364}
{"itemId":"B00AGA606C","ProductIndex":195267}
{"itemId":"B00DVCLHK6","ProductIndex":202896}
{"itemId":"B004CZ7SHC","ProductIndex":179414}
{"itemId":"B004N91VCA","ProductIndex":142323}
{"itemId":"B00006SC9M","ProductIndex":185855}
{"itemId":"B005N1PDBW","ProductIndex":181596}
{"itemId":"B002QPY4UO","ProductIndex":199706}
{"itemId":"B000059ZYD","ProductIndex":200700}
{"itemId":"B00CDH8G68","ProductIndex":201106}
{"itemId":"B0058OA8QO","ProductIndex":205354}
{"itemId":"B0072B0W2Q","ProductIndex":166263}
{"itemId":"B008NPAOF0","ProductIndex":179346}
{"itemId":"B007VUP16A","ProductIndex":137734}
{"itemId":"B006VSAZZK","ProductIndex":196624}
{"itemId":"B0007PN4GA","ProductIndex":203976}
{"itemId":"B008XYGWFM","ProductIndex":194651}
{"itemId":"B000MNM5IK","ProductIndex":204450}
{"itemId":"B0006625DS","ProductIndex":184358}
{"itemId":"B000652TEO","ProductIndex":207618}
{"itemId":"B00EY1MHIY","ProductIndex":139768}
{"itemId":"B00KDZQQAU","ProductIndex":189144}
{"itemId":"B000S6AKE2","ProductIndex":204582}
{"itemId":"B0043TAM84","ProductIndex":200572}
{"itemId":"B000MKJEV4","ProductIndex":207937}
{"itemId":"B000Z8BH6I","ProductIndex":201714}
{"itemId":"B002RL88F4","ProductIndex":183202}
{"itemId":"B0011WBCDU","ProductIndex":179503}
{"itemId":"B0007X8NQI","ProductIndex":198397}
{"itemId":"B0033765DS","ProductIndex":177135}
{"itemId":"B000WMUEUM","ProductIndex":178170}
{"itemId":"B00004YAIG","ProductIndex":189213}
{"itemId":"B003Y5NA00","ProductIndex":183102}
