{"itemId":"B001S2PPT0","ProductIndex":226}
{"itemId":"B00519AOGU","ProductIndex":166993}
{"itemId":"B00622AG6S","ProductIndex":12}
{"itemId":"B000F4CVE4","ProductIndex":35097}
{"itemId":"B002XX3L8U","ProductIndex":47278}
{"itemId":"B0007WW64Y","ProductIndex":34411}
{"itemId":"B003ZX870E","ProductIndex":14295}
{"itemId":"B007R67FNA","ProductIndex":1118}
{"itemId":"B00AR3NDI6","ProductIndex":136762}
{"itemId":"B00DLKE8C2","ProductIndex":15094}
{"itemId":"B00BG5B4V2","ProductIndex":14651}
{"itemId":"B00111DJJG","ProductIndex":39697}
{"itemId":"B002JPB0K8","ProductIndex":35353}
{"itemId":"B00BTVTA0U","ProductIndex":13482}
{"itemId":"B0000AP7TD","ProductIndex":205297}
{"itemId":"B00F6E8OUS","ProductIndex":4369}
{"itemId":"B000KZW9WM","ProductIndex":3649}
{"itemId":"B005EV2LAM","ProductIndex":45096}
{"itemId":"B007HBLFT0","ProductIndex":33181}
{"itemId":"B000083KI3","ProductIndex":125717}
{"itemId":"B002KU4JQ4","ProductIndex":193897}
{"itemId":"B005UBNLFK","ProductIndex":5781}
{"itemId":"B00584EYZ0","ProductIndex":11205}
{"itemId":"B00CXAKQEU","ProductIndex":33648}
{"itemId":"B00C8IFPPM","ProductIndex":43267}
{"itemId":"B007K9WDOU","ProductIndex":73681}
{"itemId":"B005V10WFG","ProductIndex":58520}
{"itemId":"B003BT6A0G","ProductIndex":44266}
{"itemId":"B000U5TUWE","ProductIndex":476}
{"itemId":"B009LENJ90","ProductIndex":34704}
{"itemId":"B005XOE7OI","ProductIndex":24318}
{"itemId":"B00CA9I1P0","ProductIndex":4394}
{"itemId":"B003T10BGK","ProductIndex":39155}
{"itemId":"B000FTU77C","ProductIndex":12169}
{"itemId":"B00456EC1I","ProductIndex":11142}
{"itemId":"B0075SUGQI","ProductIndex":11710}
{"itemId":"B00689UXPY","ProductIndex":27372}
{"itemId":"B0001FV35U","ProductIndex":36478}
{"itemId":"B0021VK9LG","ProductIndex":70971}
{"itemId":"B001JICZKK","ProductIndex":17097}
{"itemId":"B003S6TER8","ProductIndex":177838}
{"itemId":"B0074CQUZG","ProductIndex":83160}
{"itemId":"B000ALFZOU","ProductIndex":37101}
{"itemId":"B00GJFGDUQ","ProductIndex":7893}
{"itemId":"B006I6HMXI","ProductIndex":20282}
{"itemId":"B005GLYDWY","ProductIndex":83575}
{"itemId":"B000IOG1G0","ProductIndex":126456}
{"itemId":"B0069R081E","ProductIndex":38133}
{"itemId":"B003GHOWQC","ProductIndex":31814}
{"itemId":"B001DJ9GOS","ProductIndex":2965}
{"itemId":"B003DZ14EU","ProductIndex":3592}
{"itemId":"B007KB0EGC","ProductIndex":3154}
{"itemId":"B001KELVS0","ProductIndex":966}
{"itemId":"B002AQ7NMA","ProductIndex":121849}
{"itemId":"B005EUTA3E","ProductIndex":24922}
{"itemId":"B0085HIXBI","ProductIndex":29403}
{"itemId":"B00BZ7MALY","ProductIndex":9900}
{"itemId":"B000E0G00K","ProductIndex":43152}
{"itemId":"B003XQLRBY","ProductIndex":47681}
{"itemId":"B0007MWE28","ProductIndex":1217}
{"itemId":"B004NY9UZA","ProductIndex":14749}
{"itemId":"B00BNI4A90","ProductIndex":10495}
{"itemId":"B005LMWP82","ProductIndex":13752}
{"itemId":"B00FY9KM46","ProductIndex":44068}
{"itemId":"B000P3X7OI","ProductIndex":16512}
{"itemId":"B0059KOCNM","ProductIndex":19859}
{"itemId":"B000NW12C0","ProductIndex":3171}
{"itemId":"B003WOMD7O","ProductIndex":37576}
{"itemId":"B000I97HTA","ProductIndex":44279}
{"itemId":"B001J1XWZ4","ProductIndex":10793}
{"itemId":"B00CB2LMWA","ProductIndex":105537}
{"itemId":"B003L9QJO8","ProductIndex":115628}
{"itemId":"B00006HOD4","ProductIndex":92366}
{"itemId":"B003R7KMTC","ProductIndex":81740}
{"itemId":"B00974WOAO","ProductIndex":26354}
{"itemId":"B001BJLKFS","ProductIndex":26858}
{"itemId":"B002QPMLT0","ProductIndex":146877}
{"itemId":"B000W8VX3I","ProductIndex":47632}
{"itemId":"B009XHLEHY","ProductIndex":136078}
{"itemId":"B004H466HG","ProductIndex":27442}
{"itemId":"B005UBT7LW","ProductIndex":6657}
{"itemId":"B003Y2KC7W","ProductIndex":4663}
{"itemId":"B0000CCOVM","ProductIndex":37234}
{"itemId":"B0074WDGAI","ProductIndex":14066}
{"itemId":"B000IS758E","ProductIndex":24179}
{"itemId":"B0050XLBDC","ProductIndex":179203}
{"itemId":"B000F71US4","ProductIndex":129114}
{"itemId":"B0006UD8FS","ProductIndex":130853}
{"itemId":"B004M8ST5Y","ProductIndex":4416}
{"itemId":"B005VAONLQ","ProductIndex":12031}
{"itemId":"B004H0MT62","ProductIndex":155132}
{"itemId":"B000O8AHLA","ProductIndex":13853}
{"itemId":"B00E6N9GS4","ProductIndex":8397}
{"itemId":"B0041P1SCY","ProductIndex":14586}
{"itemId":"B0074FGWJC","ProductIndex":13704}
{"itemId":"B002EQ6E9E","ProductIndex":2962}
{"itemId":"B00APEFUKQ","ProductIndex":15077}
{"itemId":"B005RTJCEY","ProductIndex":30384}
{"itemId":"B009A6CZ30","ProductIndex":4836}
{"itemId":"B001DABH8A","ProductIndex":20458}
{"itemId":"B002HDZNIM","ProductIndex":19576}
{"itemId":"B0042X9LB0","ProductIndex":21994}
{"itemId":"B004YE7Q7I","ProductIndex":15752}
{"itemId":"B007U8P3TS","ProductIndex":149535}
{"itemId":"B00CGUCBVI","ProductIndex":9406}
{"itemId":"B00AQA76GK","ProductIndex":60494}
{"itemId":"B006WHPQD6","ProductIndex":14013}
{"itemId":"B0029U151M","ProductIndex":31007}
{"itemId":"B000NNBK9O","ProductIndex":20866}
{"itemId":"B002R0DZZ8","ProductIndex":19417}
{"itemId":"B004CJ9NUI","ProductIndex":82564}
{"itemId":"B00HFW1E1A","ProductIndex":32702}
{"itemId":"B00AHPCKMO","ProductIndex":75912}
{"itemId":"B004XJEQTA","ProductIndex":22607}
{"itemId":"B0039GTGY8","ProductIndex":27931}
{"itemId":"B00BR1IJUO","ProductIndex":25782}
{"itemId":"B003U8GIBE","ProductIndex":71588}
{"itemId":"B0017JA59E","ProductIndex":59410}
{"itemId":"B0009JB7GI","ProductIndex":3218}
{"itemId":"B0091DIGBM","ProductIndex":68070}
{"itemId":"B00GN1SU0C","ProductIndex":69931}
{"itemId":"B009O7YORK","ProductIndex":1871}
{"itemId":"B002ACZX3K","ProductIndex":8737}
{"itemId":"B000MWFDF8","ProductIndex":135047}
{"itemId":"B004J2Y84Y","ProductIndex":195246}
{"itemId":"B000ELSXYA","ProductIndex":23854}
{"itemId":"B00BLQQ934","ProductIndex":84405}
{"itemId":"B007AB92DI","ProductIndex":12504}
{"itemId":"B002O10E5Y","ProductIndex":130938}
{"itemId":"B00000JIAE","ProductIndex":139699}
{"itemId":"B0099ZYQUC","ProductIndex":120245}
{"itemId":"B008Y1VAQU","ProductIndex":149317}
{"itemId":"B00JEGLLEA","ProductIndex":14738}
{"itemId":"B00DPA0QRE","ProductIndex":60559}
{"itemId":"B001RHVS8I","ProductIndex":20674}
{"itemId":"B003XJH1IY","ProductIndex":19788}
{"itemId":"B007KCRQS0","ProductIndex":17431}
{"itemId":"B002MPV3MK","ProductIndex":89497}
{"itemId":"B00856XE4A","ProductIndex":54388}
{"itemId":"B00CA0E6ZS","ProductIndex":117230}
{"itemId":"B000OVPB9K","ProductIndex":7274}
{"itemId":"B0039OD4RU","ProductIndex":113067}
{"itemId":"B003S7W6LS","ProductIndex":23906}
{"itemId":"B0092MD6NA","ProductIndex":3320}
{"itemId":"B00D34A1G8","ProductIndex":71944}
{"itemId":"B000I1KGKK","ProductIndex":49537}
{"itemId":"B008TTCJOY","ProductIndex":27404}
{"itemId":"B000PGAX9W","ProductIndex":19424}
{"itemId":"B000ID4YLK","ProductIndex":31852}
{"itemId":"B003CO4PV6","ProductIndex":123028}
{"itemId":"B002CTV060","ProductIndex":2805}
{"itemId":"B002SXMH44","ProductIndex":6681}
{"itemId":"B00K1MODQ4","ProductIndex":110849}
{"itemId":"B001C1WSK6","ProductIndex":75213}
{"itemId":"B000EGLZUE","ProductIndex":12301}
{"itemId":"B0006G36TA","ProductIndex":9305}
{"itemId":"B007W6WQFC","ProductIndex":122030}
{"itemId":"B000H7FXHG","ProductIndex":13858}
{"itemId":"B001UZHCAA","ProductIndex":13490}
{"itemId":"B005Z44CAA","ProductIndex":82869}
{"itemId":"B0016A63I6","ProductIndex":54404}
{"itemId":"B00BSB2XOG","ProductIndex":182521}
{"itemId":"B008DW8252","ProductIndex":175486}
{"itemId":"B00EDVS4OG","ProductIndex":172162}
{"itemId":"B00FARSS8O","ProductIndex":26010}
{"itemId":"B002BKW1U4","ProductIndex":39911}
{"itemId":"B00026C9II","ProductIndex":61805}
{"itemId":"B003NZ78KO","ProductIndex":59923}
{"itemId":"B00HG1L334","ProductIndex":7958}
{"itemId":"B004DLOYAY","ProductIndex":30643}
{"itemId":"B004D2JNEK","ProductIndex":54839}
{"itemId":"B00363D1AO","ProductIndex":63138}
{"itemId":"B00005K3LZ","ProductIndex":56533}
{"itemId":"B004WK3KKQ","ProductIndex":5565}
{"itemId":"B009ZJ3MSY","ProductIndex":13060}
{"itemId":"B008MIJOTK","ProductIndex":15490}
{"itemId":"B00AIW68GU","ProductIndex":17052}
{"itemId":"B005ARY6KI","ProductIndex":59238}
{"itemId":"B00322FGSO","ProductIndex":156484}
{"itemId":"B006BGVRZE","ProductIndex":50915}
{"itemId":"B00BZBZZVW","ProductIndex":15383}
{"itemId":"B004FLL540","ProductIndex":30175}
{"itemId":"B00286JDWU","ProductIndex":17586}
{"itemId":"B004DWWGU8","ProductIndex":76437}
{"itemId":"B001RJZ1T8","ProductIndex":137963}
{"itemId":"B001LZCDEE","ProductIndex":70459}
{"itemId":"B007709JJO","ProductIndex":17195}
{"itemId":"B0074ATV7C","ProductIndex":70852}
{"itemId":"B00CVQ3XLY","ProductIndex":108370}
{"itemId":"B004LT1TO2","ProductIndex":47151}
{"itemId":"B005EGNICW","ProductIndex":96435}
{"itemId":"B000NPCI9I","ProductIndex":20754}
{"itemId":"B0045HHTGW","ProductIndex":9817}
{"itemId":"B003UVCWLG","ProductIndex":60242}
{"itemId":"B0018UVQZE","ProductIndex":33312}
{"itemId":"B001W2OCJU","ProductIndex":101050}
{"itemId":"B007PJ8OT8","ProductIndex":23798}
{"itemId":"B0058RN2AK","ProductIndex":45208}
{"itemId":"B0046W556M","ProductIndex":35896}
{"itemId":"B000SB7XMY","ProductIndex":65688}
{"itemId":"B0014GVYCC","ProductIndex":13076}
{"itemId":"B00B6A8OH4","ProductIndex":162955}
{"itemId":"B002YPS6T6","ProductIndex":16042}
{"itemId":"B007581QHG","ProductIndex":8818}
{"itemId":"B006KS85EE","ProductIndex":23404}
{"itemId":"B00CL8F98W","ProductIndex":1781}
{"itemId":"B002RL8UDY","ProductIndex":120770}
{"itemId":"B00345YLY4","ProductIndex":97114}
{"itemId":"B005B4AJDS","ProductIndex":62026}
{"itemId":"B00006I5O4","ProductIndex":30434}
{"itemId":"B00E4JEDWE","ProductIndex":9596}
{"itemId":"B0096J0WRW","ProductIndex":31404}
{"itemId":"B000A0GWMA","ProductIndex":56974}
{"itemId":"B004S62SZW","ProductIndex":110303}
{"itemId":"B00013BNVG","ProductIndex":104700}
{"itemId":"B002M3SO1A","ProductIndex":27707}
{"itemId":"B000ADKTRG","ProductIndex":46981}
{"itemId":"B002QK4AV2","ProductIndex":9009}
{"itemId":"B0006ZI6RS","ProductIndex":107696}
{"itemId":"B0001HAGME","ProductIndex":96501}
{"itemId":"B00004WLJ8","ProductIndex":45964}
{"itemId":"B000W7QHBW","ProductIndex":56486}
{"itemId":"B000HJV71U","ProductIndex":71034}
{"itemId":"B0001LV4JO","ProductIndex":109549}
{"itemId":"B00AWQYVNO","ProductIndex":93023}
{"itemId":"B006KKS8BC","ProductIndex":7461}
{"itemId":"B000SKWKA0","ProductIndex":74808}
{"itemId":"B0001YFZA0","ProductIndex":86626}
{"itemId":"B002AQ69ZW","ProductIndex":31727}
{"itemId":"B006OJ2ZHC","ProductIndex":99029}
{"itemId":"B001J8D8P6","ProductIndex":143040}
{"itemId":"B000LFF0M2","ProductIndex":62106}
{"itemId":"B008X201IS","ProductIndex":159948}
{"itemId":"B0013WM0BQ","ProductIndex":8171}
{"itemId":"B002JCSV6M","ProductIndex":7058}
{"itemId":"B000PHW1UA","ProductIndex":43326}
{"itemId":"B002BU1W9K","ProductIndex":62103}
{"itemId":"B0012OKAP8","ProductIndex":21730}
{"itemId":"B001RB24TG","ProductIndex":12823}
{"itemId":"B00FF2GF48","ProductIndex":61872}
{"itemId":"B002ZDIKL6","ProductIndex":108167}
{"itemId":"B0002NXCO6","ProductIndex":102066}
{"itemId":"B005MED9X4","ProductIndex":11138}
{"itemId":"B004N93GKK","ProductIndex":109940}
{"itemId":"B003UT0UEY","ProductIndex":36850}
{"itemId":"B00H7HDQIC","ProductIndex":107214}
{"itemId":"B00F41TWWW","ProductIndex":65213}
{"itemId":"B00BX49972","ProductIndex":109762}
{"itemId":"B00B2G3R5G","ProductIndex":9012}
{"itemId":"B003AFQEMA","ProductIndex":102451}
{"itemId":"B001QD3OOE","ProductIndex":114203}
{"itemId":"B000WX7AQM","ProductIndex":29349}
{"itemId":"B00008VF4L","ProductIndex":27319}
{"itemId":"B004M8R82Y","ProductIndex":58477}
{"itemId":"B00BHSTWOY","ProductIndex":27515}
{"itemId":"B003A089XC","ProductIndex":72296}
{"itemId":"B000J658CU","ProductIndex":50584}
{"itemId":"B0051USXBM","ProductIndex":44032}
{"itemId":"B001L0RJ9I","ProductIndex":33517}
{"itemId":"B00IKMJA3S","ProductIndex":17986}
{"itemId":"B000QHRB0O","ProductIndex":69532}
{"itemId":"B004MF33OY","ProductIndex":55547}
{"itemId":"B005I656JG","ProductIndex":18082}
{"itemId":"B009ABS494","ProductIndex":25536}
{"itemId":"B00007G360","ProductIndex":79146}
{"itemId":"B00H7O0IY0","ProductIndex":51734}
{"itemId":"B0045NCB32","ProductIndex":12792}
{"itemId":"B009PK9SBS","ProductIndex":12594}
{"itemId":"B001V6YD2S","ProductIndex":145812}
{"itemId":"B000TWUR48","ProductIndex":29619}
{"itemId":"B00064V6P8","ProductIndex":66139}
{"itemId":"B0001XGQKY","ProductIndex":26682}
{"itemId":"B002GJTZ9U","ProductIndex":60357}
{"itemId":"B003L1380E","ProductIndex":81392}
{"itemId":"B0073IUNY0","ProductIndex":31837}
{"itemId":"B0035ERKY2","ProductIndex":9308}
{"itemId":"B000VR911Q","ProductIndex":78387}
{"itemId":"B003TE5UVI","ProductIndex":18527}
{"itemId":"B00GOBR72I","ProductIndex":56948}
{"itemId":"B000H02B6O","ProductIndex":3955}
{"itemId":"B00EDE55FY","ProductIndex":41827}
{"itemId":"B000ELSVOM","ProductIndex":31423}
{"itemId":"B001KSXV0W","ProductIndex":94670}
{"itemId":"B0074EYRIG","ProductIndex":85842}
{"itemId":"B008AFZ0VQ","ProductIndex":20812}
{"itemId":"B008ALCSCY","ProductIndex":161427}
{"itemId":"B00EMZC11K","ProductIndex":8289}
{"itemId":"B000UU9VJ6","ProductIndex":162927}
{"itemId":"B00BXXA724","ProductIndex":54885}
{"itemId":"B0007ZCYM0","ProductIndex":32944}
{"itemId":"B00009W3HS","ProductIndex":36631}
{"itemId":"B00EIBEWDS","ProductIndex":29165}
{"itemId":"B005GNWP2W","ProductIndex":99753}
{"itemId":"B00IB2Z14Y","ProductIndex":105297}
{"itemId":"B00004WCG6","ProductIndex":37399}
{"itemId":"B000CF7WZE","ProductIndex":71790}
{"itemId":"B001CWK7HG","ProductIndex":81687}
{"itemId":"B003IH8O3W","ProductIndex":76870}
{"itemId":"B006ISZM2E","ProductIndex":20298}
{"itemId":"B003HMRD26","ProductIndex":157380}
{"itemId":"B008DWBPN8","ProductIndex":145141}
{"itemId":"B002LZB0J2","ProductIndex":20876}
{"itemId":"B0054SP4JU","ProductIndex":139017}
{"itemId":"B008MFQJUU","ProductIndex":75699}
{"itemId":"B00009QOWW","ProductIndex":16852}
{"itemId":"B003E2YAZM","ProductIndex":126981}
{"itemId":"B00I00CASM","ProductIndex":54419}
{"itemId":"B000UHXHDU","ProductIndex":64872}
{"itemId":"B00E03I56E","ProductIndex":125104}
{"itemId":"B001VEI2NG","ProductIndex":19524}
{"itemId":"B000P9ZNX0","ProductIndex":68707}
{"itemId":"B003EB7B36","ProductIndex":79934}
{"itemId":"B00FF560H2","ProductIndex":59792}
{"itemId":"B006GVPPDO","ProductIndex":46245}
{"itemId":"B000KH2M7C","ProductIndex":40608}
{"itemId":"B004AH16H0","ProductIndex":54594}
{"itemId":"B000PQHMGO","ProductIndex":24502}
{"itemId":"B0009PD37I","ProductIndex":127931}
{"itemId":"B007RNAD7I","ProductIndex":66634}
{"itemId":"B00BCSYZG4","ProductIndex":12361}
{"itemId":"B003MAHR4W","ProductIndex":49488}
{"itemId":"B007B5WMDK","ProductIndex":64310}
{"itemId":"B00AY7ZRS4","ProductIndex":20483}
{"itemId":"B00142FJRC","ProductIndex":77658}
{"itemId":"B0041G69CW","ProductIndex":35085}
{"itemId":"B004WZ8HX6","ProductIndex":100427}
{"itemId":"B0077R5KXG","ProductIndex":108788}
{"itemId":"B00015CQ2E","ProductIndex":47127}
{"itemId":"B004VKYHP4","ProductIndex":62562}
{"itemId":"B00HUWASC6","ProductIndex":65791}
{"itemId":"B0009PD3P0","ProductIndex":34119}
{"itemId":"B0087CPOXQ","ProductIndex":65801}
{"itemId":"B007SXWPRS","ProductIndex":154815}
{"itemId":"B0006VX07I","ProductIndex":194610}
{"itemId":"B002PHM0MM","ProductIndex":67016}
{"itemId":"B001PYS1WO","ProductIndex":41955}
{"itemId":"B005OCI7RM","ProductIndex":66575}
{"itemId":"B00841HAXW","ProductIndex":115197}
{"itemId":"B00BNANI3M","ProductIndex":171155}
{"itemId":"B0026T3IAC","ProductIndex":145210}
{"itemId":"B000E3ZFSA","ProductIndex":15983}
{"itemId":"B0015DTGV0","ProductIndex":32361}
{"itemId":"B00CAUTK0E","ProductIndex":20810}
{"itemId":"B00ENYDS1M","ProductIndex":139577}
{"itemId":"B00B10ZISW","ProductIndex":45927}
{"itemId":"B000CO77U0","ProductIndex":164765}
{"itemId":"B001QARV1O","ProductIndex":101701}
{"itemId":"B000HNJ96Q","ProductIndex":23812}
{"itemId":"B004DUMU9W","ProductIndex":80430}
{"itemId":"B00AANG60A","ProductIndex":118707}
{"itemId":"B005DIZSNI","ProductIndex":99366}
{"itemId":"B0009RKEUA","ProductIndex":55250}
{"itemId":"B0002J2R1E","ProductIndex":25564}
{"itemId":"B0044R1W6G","ProductIndex":61441}
{"itemId":"B004ZMYMLC","ProductIndex":93032}
{"itemId":"B000TM7GO2","ProductIndex":56746}
{"itemId":"B000K6PHYS","ProductIndex":131185}
{"itemId":"B004UMSGMS","ProductIndex":158149}
{"itemId":"B007P62V9U","ProductIndex":162940}
{"itemId":"B0000AB4OE","ProductIndex":66648}
{"itemId":"B001TDKPO8","ProductIndex":88311}
{"itemId":"B005R9SD1W","ProductIndex":43374}
{"itemId":"B00BCJXUEQ","ProductIndex":113708}
{"itemId":"B00G3HA1O4","ProductIndex":67543}
{"itemId":"B00DR6DQZA","ProductIndex":12336}
{"itemId":"B004XKR592","ProductIndex":68351}
{"itemId":"B000II08R4","ProductIndex":77506}
{"itemId":"B001OQAC5M","ProductIndex":94538}
{"itemId":"B004K9IEGO","ProductIndex":146788}
{"itemId":"B00G24YOWS","ProductIndex":186853}
{"itemId":"B00083EU9Q","ProductIndex":201135}
{"itemId":"B004VC1PCA","ProductIndex":183719}
{"itemId":"B004M9A0M8","ProductIndex":30923}
{"itemId":"B004ISBMRU","ProductIndex":66272}
{"itemId":"B000TDILIG","ProductIndex":90350}
{"itemId":"B004I6594Y","ProductIndex":100028}
{"itemId":"B0034WZ7KY","ProductIndex":132415}
{"itemId":"B005XQFCPE","ProductIndex":54587}
{"itemId":"B002SZWII2","ProductIndex":83967}
{"itemId":"B008PJYL94","ProductIndex":46607}
{"itemId":"B006IV02EY","ProductIndex":57091}
{"itemId":"B008BSCWXQ","ProductIndex":26511}
{"itemId":"B000FDXH70","ProductIndex":44253}
{"itemId":"B005455PD8","ProductIndex":131443}
{"itemId":"B006ZA8RCC","ProductIndex":45972}
{"itemId":"B00H28SFBO","ProductIndex":23781}
{"itemId":"B001O8C6HM","ProductIndex":102470}
{"itemId":"B0083373EW","ProductIndex":80978}
{"itemId":"B000EH0ZNQ","ProductIndex":30794}
{"itemId":"B004SIZKNC","ProductIndex":65480}
{"itemId":"B00HDDJIBO","ProductIndex":97202}
{"itemId":"B000Z74J2I","ProductIndex":34657}
{"itemId":"B001584Q9M","ProductIndex":38581}
{"itemId":"B001BO7PHU","ProductIndex":110244}
{"itemId":"B005AT5UY2","ProductIndex":53164}
{"itemId":"B00JWJIEV2","ProductIndex":162779}
{"itemId":"B003FDBE86","ProductIndex":193951}
{"itemId":"B0047RXJMS","ProductIndex":119011}
{"itemId":"B00006I5J0","ProductIndex":76637}
{"itemId":"B007WZJRLO","ProductIndex":30837}
{"itemId":"B009P15QPO","ProductIndex":156747}
{"itemId":"B005HXOFF6","ProductIndex":203475}
{"itemId":"B0038JED76","ProductIndex":23020}
{"itemId":"B0098FSKBO","ProductIndex":40697}
{"itemId":"B000MX60NQ","ProductIndex":138390}
{"itemId":"B000TXZL4S","ProductIndex":110752}
{"itemId":"B00004T3F8","ProductIndex":66506}
{"itemId":"B00IL5G00U","ProductIndex":117554}
{"itemId":"B001RB24V4","ProductIndex":81632}
{"itemId":"B000FLCRQO","ProductIndex":180878}
{"itemId":"B004S776BM","ProductIndex":144735}
{"itemId":"B0056XG47E","ProductIndex":58083}
{"itemId":"B002OEH8JG","ProductIndex":154352}
{"itemId":"B00FYZZ4PW","ProductIndex":153907}
{"itemId":"B00596PJG0","ProductIndex":34912}
{"itemId":"B0013B67XE","ProductIndex":99658}
{"itemId":"B00B9EV4NI","ProductIndex":159503}
{"itemId":"B001A343GS","ProductIndex":140719}
{"itemId":"B000UF90UQ","ProductIndex":77758}
{"itemId":"B007A99ICA","ProductIndex":84070}
{"itemId":"B008HFBAZE","ProductIndex":105226}
{"itemId":"B00IMMRE7U","ProductIndex":162226}
{"itemId":"B00E4V31HU","ProductIndex":83461}
{"itemId":"B00005OP32","ProductIndex":91406}
{"itemId":"B000DZH712","ProductIndex":47850}
{"itemId":"B007PL9L70","ProductIndex":55362}
{"itemId":"B003XIBWEE","ProductIndex":30644}
{"itemId":"B005OJTVCU","ProductIndex":64027}
{"itemId":"B008TZ77OA","ProductIndex":167548}
{"itemId":"B003RY23LU","ProductIndex":38349}
{"itemId":"B00HEU8P2O","ProductIndex":138501}
{"itemId":"B000O3S7GW","ProductIndex":184271}
{"itemId":"B0041ISYHI","ProductIndex":82200}
{"itemId":"B0073AHAV2","ProductIndex":70379}
{"itemId":"B000NK76BS","ProductIndex":60360}
{"itemId":"B0044D3R6I","ProductIndex":74987}
{"itemId":"B0058EZ2LA","ProductIndex":62342}
{"itemId":"B0049E97XY","ProductIndex":79720}
{"itemId":"B004UGSF4I","ProductIndex":109950}
{"itemId":"B0076397MQ","ProductIndex":65015}
{"itemId":"B004XLA5A2","ProductIndex":112055}
{"itemId":"B008VD4J5A","ProductIndex":200943}
{"itemId":"B000FSOZT4","ProductIndex":75432}
{"itemId":"B000FJQWJ4","ProductIndex":35685}
{"itemId":"B008I642LQ","ProductIndex":54863}
{"itemId":"B0055533AE","ProductIndex":71973}
{"itemId":"B0043090YA","ProductIndex":91491}
{"itemId":"B0037NZ9WG","ProductIndex":167669}
{"itemId":"B0045ZNKM6","ProductIndex":41766}
{"itemId":"B00083J6K4","ProductIndex":36164}
{"itemId":"B00DID6C0S","ProductIndex":72398}
{"itemId":"B00AQLTI10","ProductIndex":106869}
{"itemId":"B0031M9SFC","ProductIndex":60333}
{"itemId":"B00CU4C5RK","ProductIndex":108101}
{"itemId":"B008N1DU8W","ProductIndex":46658}
{"itemId":"B008M5EX9O","ProductIndex":108126}
{"itemId":"B0084XQGRQ","ProductIndex":25526}
{"itemId":"B004YKPTXK","ProductIndex":95474}
{"itemId":"B00009PR0U","ProductIndex":203110}
{"itemId":"B00CLFJDJ6","ProductIndex":197209}
{"itemId":"B003BVCL0M","ProductIndex":194952}
{"itemId":"B004X2HIM4","ProductIndex":66959}
{"itemId":"B0085RV068","ProductIndex":38561}
{"itemId":"B0036BXOQW","ProductIndex":152843}
{"itemId":"B00009R6R9","ProductIndex":50264}
{"itemId":"B008MNLV8W","ProductIndex":172995}
{"itemId":"B000CINZLQ","ProductIndex":137570}
{"itemId":"B000U90GLE","ProductIndex":60126}
{"itemId":"B0058UUW00","ProductIndex":50331}
{"itemId":"B002CM3H4U","ProductIndex":160844}
{"itemId":"B005QSWZUO","ProductIndex":100112}
{"itemId":"B005HIJ93O","ProductIndex":95983}
{"itemId":"B008TC1RS0","ProductIndex":109165}
{"itemId":"B00000J1UA","ProductIndex":68246}
{"itemId":"B004VEJYEY","ProductIndex":46949}
{"itemId":"B0012VL10O","ProductIndex":126544}
{"itemId":"B005E2Y7EY","ProductIndex":118274}
{"itemId":"B0029U2W3C","ProductIndex":98221}
{"itemId":"B0054I9HDO","ProductIndex":65621}
{"itemId":"B00221HB2K","ProductIndex":135429}
{"itemId":"B004GFZ9CY","ProductIndex":165500}
{"itemId":"B00FFZ9DX0","ProductIndex":140564}
{"itemId":"B00006JPKC","ProductIndex":95042}
{"itemId":"B00DOMYKHU","ProductIndex":60121}
{"itemId":"B007Z42T7Q","ProductIndex":151619}
{"itemId":"B001GSX6B0","ProductIndex":135493}
{"itemId":"B0093Y89RA","ProductIndex":66077}
{"itemId":"B001HHSPYI","ProductIndex":63432}
{"itemId":"B00DSL2JZW","ProductIndex":66565}
{"itemId":"B001GON5AG","ProductIndex":37040}
{"itemId":"B0084X10PY","ProductIndex":150310}
{"itemId":"B0044AVIR6","ProductIndex":155795}
{"itemId":"B0048BQ1MI","ProductIndex":87684}
{"itemId":"B007UQTA4O","ProductIndex":80751}
{"itemId":"B005K9VZFU","ProductIndex":203959}
{"itemId":"B00DIWY558","ProductIndex":54057}
{"itemId":"B001L5N2F8","ProductIndex":106992}
{"itemId":"B003OALDAE","ProductIndex":129810}
{"itemId":"B001HBIYJK","ProductIndex":96448}
{"itemId":"B0053Y41GM","ProductIndex":59049}
{"itemId":"B0046HS0OQ","ProductIndex":44201}
{"itemId":"B00G2UV5QK","ProductIndex":170050}
{"itemId":"B002P707MM","ProductIndex":55921}
{"itemId":"B00022TNGI","ProductIndex":54896}
{"itemId":"B00336EUKE","ProductIndex":99889}
{"itemId":"B004U365PC","ProductIndex":124606}
{"itemId":"B005KK40T2","ProductIndex":47991}
{"itemId":"B00009RUEP","ProductIndex":181338}
{"itemId":"B000EIPOW2","ProductIndex":141529}
{"itemId":"B00HN1S44I","ProductIndex":173135}
{"itemId":"B007B5PR1O","ProductIndex":48457}
{"itemId":"B0000AN42F","ProductIndex":83966}
{"itemId":"B00009V3MH","ProductIndex":176374}
{"itemId":"B00AB3GO1K","ProductIndex":90777}
{"itemId":"B003UBKR4U","ProductIndex":77462}
{"itemId":"B0021IAJEG","ProductIndex":34514}
{"itemId":"B000YHWVRE","ProductIndex":58425}
{"itemId":"B0041O5WUO","ProductIndex":84573}
{"itemId":"B0053NWEXU","ProductIndex":102409}
{"itemId":"B005CERU0M","ProductIndex":28598}
{"itemId":"B0012N4VQI","ProductIndex":140964}
{"itemId":"B001VXY5HY","ProductIndex":106726}
{"itemId":"B00A2BWBCM","ProductIndex":23426}
{"itemId":"B0079OBE0U","ProductIndex":121168}
{"itemId":"B006IW808S","ProductIndex":167238}
{"itemId":"B005PAJVPK","ProductIndex":176287}
{"itemId":"B0034626ZY","ProductIndex":72227}
{"itemId":"B0031BWT3Q","ProductIndex":121037}
{"itemId":"B005CLCJA6","ProductIndex":71483}
{"itemId":"B000O3N75I","ProductIndex":51901}
{"itemId":"B005G6CQKA","ProductIndex":66108}
{"itemId":"B00B00TO60","ProductIndex":63028}
{"itemId":"B00ETB8BD4","ProductIndex":139038}
{"itemId":"B0078IWSPM","ProductIndex":159586}
{"itemId":"B000E44AKI","ProductIndex":138725}
{"itemId":"B00005B6YF","ProductIndex":77874}
{"itemId":"B003TMVAH8","ProductIndex":27087}
{"itemId":"B000F7A850","ProductIndex":98297}
{"itemId":"B006JW6KVG","ProductIndex":123127}
{"itemId":"B005P4VSRK","ProductIndex":101329}
{"itemId":"B0000632FU","ProductIndex":127899}
{"itemId":"B00127ZDD4","ProductIndex":158483}
{"itemId":"B002VLYJVW","ProductIndex":136373}
{"itemId":"B00B7D8GQO","ProductIndex":99392}
{"itemId":"B00A5AF1AY","ProductIndex":198599}
{"itemId":"B00BGMSPKI","ProductIndex":134677}
{"itemId":"B00CBX872M","ProductIndex":135177}
{"itemId":"B000IEPZJO","ProductIndex":47796}
{"itemId":"B004WIZT7U","ProductIndex":96399}
{"itemId":"B006QZMXJO","ProductIndex":189426}
{"itemId":"B000EW8BNC","ProductIndex":139996}
{"itemId":"B000CD1RYS","ProductIndex":69082}
{"itemId":"B000PK4S2G","ProductIndex":99987}
{"itemId":"B000Z2LT6M","ProductIndex":91254}
{"itemId":"B001DQBAH2","ProductIndex":194220}
{"itemId":"B0026ZX7J8","ProductIndex":84158}
{"itemId":"B003YN4RZO","ProductIndex":192653}
{"itemId":"B00004TS36","ProductIndex":140067}
{"itemId":"B007JPI74A","ProductIndex":125399}
{"itemId":"B00B12HIS8","ProductIndex":111749}
{"itemId":"B009SS2AOO","ProductIndex":34834}
{"itemId":"B00ADXLCOM","ProductIndex":27490}
{"itemId":"B0041SWP7S","ProductIndex":163306}
{"itemId":"B001G7PICQ","ProductIndex":181918}
{"itemId":"B000AANEBC","ProductIndex":140413}
{"itemId":"B002R1MDQY","ProductIndex":87934}
{"itemId":"B009Q84ZNK","ProductIndex":28155}
{"itemId":"B001D0FC40","ProductIndex":162399}
{"itemId":"B00465W8A0","ProductIndex":127059}
{"itemId":"B001SF405M","ProductIndex":78301}
{"itemId":"B000P54452","ProductIndex":123280}
{"itemId":"B000OWMH8C","ProductIndex":198649}
{"itemId":"B00A0XK5QG","ProductIndex":35834}
{"itemId":"B004WY7UGW","ProductIndex":101819}
{"itemId":"B004BH320S","ProductIndex":133157}
{"itemId":"B008MF5LOK","ProductIndex":136957}
{"itemId":"B00065HLTW","ProductIndex":95251}
{"itemId":"B009UQFLE0","ProductIndex":60321}
{"itemId":"B007I7A332","ProductIndex":207582}
{"itemId":"B00501VEV8","ProductIndex":82738}
{"itemId":"B001O41UIW","ProductIndex":49747}
{"itemId":"B004JU0E80","ProductIndex":167557}
{"itemId":"B00435270E","ProductIndex":123609}
{"itemId":"B002N8A1G0","ProductIndex":109081}
{"itemId":"B00C0NN4BC","ProductIndex":144057}
{"itemId":"B00GH9NA0A","ProductIndex":49585}
{"itemId":"B000KL6V8E","ProductIndex":170814}
{"itemId":"B00AJZCTTG","ProductIndex":67595}
{"itemId":"B0001G6UH0","ProductIndex":196767}
{"itemId":"B003QFT31I","ProductIndex":67259}
{"itemId":"B009A42SJ8","ProductIndex":137540}
{"itemId":"B0064WF0DK","ProductIndex":78965}
{"itemId":"B003OUMJBQ","ProductIndex":66273}
{"itemId":"B00JQ7TD6A","ProductIndex":125312}
{"itemId":"B002SQHS0O","ProductIndex":50118}
{"itemId":"B002IU36J2","ProductIndex":49843}
{"itemId":"B00D3P39F2","ProductIndex":71902}
{"itemId":"B001YHKLUC","ProductIndex":190748}
{"itemId":"B003F4XOU6","ProductIndex":186691}
{"itemId":"B0017TXJBK","ProductIndex":111891}
{"itemId":"B0007U00VC","ProductIndex":149930}
{"itemId":"B00368NZRS","ProductIndex":60399}
{"itemId":"B0041TMZ7W","ProductIndex":192124}
{"itemId":"B00FBCTQSY","ProductIndex":142655}
{"itemId":"B00AHWXQDO","ProductIndex":93560}
{"itemId":"B0007N3IHM","ProductIndex":171196}
{"itemId":"B00200K2TM","ProductIndex":85191}
{"itemId":"B00AWPHVLY","ProductIndex":89789}
{"itemId":"B000SBR9S2","ProductIndex":101330}
{"itemId":"B005J2JMJ4","ProductIndex":45931}
{"itemId":"B00073MPEY","ProductIndex":50658}
{"itemId":"B000087BDK","ProductIndex":123217}
{"itemId":"B00DWG8JLG","ProductIndex":102398}
{"itemId":"B005VI9P98","ProductIndex":198941}
{"itemId":"B001CR63K6","ProductIndex":73828}
{"itemId":"B0000YTXR2","ProductIndex":127470}
{"itemId":"B000309YPO","ProductIndex":140590}
{"itemId":"B000U284RY","ProductIndex":165989}
{"itemId":"B0028FMJJA","ProductIndex":188093}
{"itemId":"B000WNK64A","ProductIndex":201124}
{"itemId":"B00G7TLO4Y","ProductIndex":123888}
{"itemId":"B001COCI08","ProductIndex":128893}
{"itemId":"B001CAY0NK","ProductIndex":130082}
{"itemId":"B0032H4EX2","ProductIndex":68919}
{"itemId":"B0066AYMEI","ProductIndex":183866}
{"itemId":"B006JO2KXQ","ProductIndex":30008}
{"itemId":"B0030T17HS","ProductIndex":76397}
{"itemId":"B002ULNHY8","ProductIndex":97854}
{"itemId":"B00F9VPFE6","ProductIndex":61690}
{"itemId":"B005GA5YLE","ProductIndex":134394}
{"itemId":"B001JT1P2S","ProductIndex":139218}
{"itemId":"B00651BW50","ProductIndex":79674}
{"itemId":"B004P4Q1WI","ProductIndex":109180}
{"itemId":"B00HBD8E5W","ProductIndex":156597}
{"itemId":"B005BZNE8Y","ProductIndex":177299}
{"itemId":"B009S331VU","ProductIndex":47587}
{"itemId":"B000FCT9XW","ProductIndex":113291}
{"itemId":"B00884RNKK","ProductIndex":53464}
{"itemId":"B007PWOD9K","ProductIndex":164484}
{"itemId":"B009TWKQNQ","ProductIndex":147043}
{"itemId":"B000WUJ914","ProductIndex":104735}
{"itemId":"B003F8Q6SO","ProductIndex":163410}
{"itemId":"B0001OTL3W","ProductIndex":186593}
{"itemId":"B00G00F4GO","ProductIndex":197792}
{"itemId":"B004W3PM5E","ProductIndex":90824}
{"itemId":"B00805O5AI","ProductIndex":113552}
{"itemId":"B003FSTBPY","ProductIndex":75585}
{"itemId":"B000300A2U","ProductIndex":170183}
{"itemId":"B00D5XB9OU","ProductIndex":129384}
{"itemId":"B003RXOM5G","ProductIndex":109238}
{"itemId":"B003DX4IAO","ProductIndex":73673}
{"itemId":"B004P43TSW","ProductIndex":181502}
{"itemId":"B003FBRN24","ProductIndex":110478}
{"itemId":"B003LHSY6G","ProductIndex":101744}
{"itemId":"B004WOZHF8","ProductIndex":179874}
{"itemId":"B002CQTKKQ","ProductIndex":149600}
{"itemId":"B00ALSNEJ0","ProductIndex":81375}
{"itemId":"B00009RTPP","ProductIndex":74660}
{"itemId":"B0085U9EYA","ProductIndex":136458}
{"itemId":"B0058BWVL2","ProductIndex":158254}
{"itemId":"B00BHKC8P2","ProductIndex":140113}
{"itemId":"B000HD1CLG","ProductIndex":164312}
{"itemId":"B0030WSBEM","ProductIndex":125477}
{"itemId":"B00204S3A8","ProductIndex":104313}
{"itemId":"B00744SFD4","ProductIndex":129100}
{"itemId":"B0050DINT2","ProductIndex":134223}
{"itemId":"B00H4EEJE8","ProductIndex":205894}
{"itemId":"B0055E8U4Y","ProductIndex":179675}
{"itemId":"B000LO8Z16","ProductIndex":109900}
{"itemId":"B006WHRPLC","ProductIndex":163213}
{"itemId":"B008J4MOHQ","ProductIndex":161377}
{"itemId":"B0009CNKKQ","ProductIndex":138044}
{"itemId":"B00GWU26AO","ProductIndex":80845}
{"itemId":"B002CQTX6W","ProductIndex":132225}
{"itemId":"B005F6O6JK","ProductIndex":161536}
{"itemId":"B00730OEX4","ProductIndex":157764}
{"itemId":"B000FAL324","ProductIndex":193669}
{"itemId":"B00772378Q","ProductIndex":194506}
{"itemId":"B001BVQIYY","ProductIndex":135706}
{"itemId":"B001G0MP74","ProductIndex":130731}
{"itemId":"B00493R7CS","ProductIndex":150782}
{"itemId":"B004C4SKSO","ProductIndex":127809}
{"itemId":"B00IFWK9W4","ProductIndex":80407}
{"itemId":"B0070J24DK","ProductIndex":171306}
{"itemId":"B005EYV8DU","ProductIndex":100039}
{"itemId":"B009YJLV42","ProductIndex":129038}
{"itemId":"B004AHPE5K","ProductIndex":133380}
{"itemId":"B000BWYL52","ProductIndex":109042}
{"itemId":"B001CZ5E30","ProductIndex":117094}
{"itemId":"B002EE3G06","ProductIndex":200875}
{"itemId":"B000YPQ3D4","ProductIndex":141417}
{"itemId":"B007JIDL0M","ProductIndex":174200}
{"itemId":"B005ODJ482","ProductIndex":106949}
{"itemId":"B009L7EGC6","ProductIndex":131672}
{"itemId":"B008354DZM","ProductIndex":83417}
{"itemId":"B0028QYC4O","ProductIndex":44561}
{"itemId":"B00FE23D7G","ProductIndex":203508}
{"itemId":"B00A87HH3S","ProductIndex":166190}
{"itemId":"B0070RS7V0","ProductIndex":45774}
{"itemId":"B0013HXZY2","ProductIndex":89803}
{"itemId":"B002NNIJXM","ProductIndex":166091}
{"itemId":"B009GXZK2A","ProductIndex":181138}
{"itemId":"B00D86LVGK","ProductIndex":148682}
{"itemId":"B000NWG3SI","ProductIndex":197270}
{"itemId":"B00HEQFZKS","ProductIndex":200034}
{"itemId":"B0015IRPCM","ProductIndex":187186}
{"itemId":"B001UZH9LC","ProductIndex":116484}
{"itemId":"B00023DRJ6","ProductIndex":194979}
{"itemId":"B005DPDKH2","ProductIndex":152637}
{"itemId":"B002KEXGK0","ProductIndex":101515}
{"itemId":"B000TFNO3G","ProductIndex":162911}
{"itemId":"B002623R3C","ProductIndex":96713}
{"itemId":"B001VSF6Y0","ProductIndex":82365}
{"itemId":"B008Q9AKNY","ProductIndex":164358}
{"itemId":"B00EL20JG8","ProductIndex":203537}
{"itemId":"B000HNH86O","ProductIndex":149427}
{"itemId":"B00AEVB1Y4","ProductIndex":153495}
{"itemId":"B007W5TV6K","ProductIndex":70576}
{"itemId":"B008ABL3LQ","ProductIndex":164659}
{"itemId":"B0014EHYZA","ProductIndex":61090}
{"itemId":"B003V8B3E0","ProductIndex":61644}
{"itemId":"B000H2K13C","ProductIndex":103403}
{"itemId":"B0021Z4YEK","ProductIndex":136291}
{"itemId":"B002U4UMDE","ProductIndex":121174}
{"itemId":"B00IFWTLM8","ProductIndex":164245}
{"itemId":"B0043WNTJU","ProductIndex":188324}
{"itemId":"B008K3YBGS","ProductIndex":193071}
{"itemId":"B006V5YZU4","ProductIndex":206498}
{"itemId":"B007K949LU","ProductIndex":63492}
{"itemId":"B002D3EX3W","ProductIndex":115042}
{"itemId":"B00ARBSE14","ProductIndex":157837}
{"itemId":"B004QXKK70","ProductIndex":196276}
{"itemId":"B0018H2SHM","ProductIndex":100582}
{"itemId":"B00A3NTR6W","ProductIndex":89499}
{"itemId":"B003WG8TUW","ProductIndex":156829}
{"itemId":"B00AO1TLZU","ProductIndex":95410}
{"itemId":"B008H2ETV4","ProductIndex":181914}
{"itemId":"B00B5UAUU4","ProductIndex":195768}
{"itemId":"B000I5MC7Q","ProductIndex":157563}
{"itemId":"B005612S8A","ProductIndex":126786}
{"itemId":"B006VTICZO","ProductIndex":93698}
{"itemId":"B0002DOEWU","ProductIndex":124684}
{"itemId":"B00D12OBCM","ProductIndex":88888}
{"itemId":"B0003MOCCC","ProductIndex":81426}
{"itemId":"B001K7I5ZO","ProductIndex":105810}
{"itemId":"B001O23A3C","ProductIndex":142853}
{"itemId":"B008DVAIHS","ProductIndex":136792}
{"itemId":"B008048H30","ProductIndex":180766}
{"itemId":"B000MF303W","ProductIndex":60735}
{"itemId":"B00IFECJ0W","ProductIndex":197741}
{"itemId":"B0013JIXCE","ProductIndex":111762}
{"itemId":"B005G6KHQA","ProductIndex":200163}
{"itemId":"B00AIYZ5TO","ProductIndex":82235}
{"itemId":"B005Q0NWRM","ProductIndex":131812}
{"itemId":"B00C0YFZJ0","ProductIndex":165583}
{"itemId":"B003U8GDXC","ProductIndex":65836}
{"itemId":"B0023YY9US","ProductIndex":109932}
{"itemId":"B003U8JZSM","ProductIndex":156301}
{"itemId":"B00GI9F0P2","ProductIndex":128760}
{"itemId":"B008V6TOG6","ProductIndex":184572}
{"itemId":"B00D202AEO","ProductIndex":99833}
{"itemId":"B0098HVY0Q","ProductIndex":146652}
{"itemId":"B004Z29SDE","ProductIndex":106572}
{"itemId":"B007OWPFUM","ProductIndex":57489}
{"itemId":"B007H5MJDM","ProductIndex":150220}
{"itemId":"B00745Y21M","ProductIndex":76246}
{"itemId":"B000ILLI7U","ProductIndex":71881}
{"itemId":"B000FIS8EW","ProductIndex":184415}
{"itemId":"B007J8ILES","ProductIndex":137687}
{"itemId":"B00IC3YRNS","ProductIndex":141892}
{"itemId":"B00IFRH6JS","ProductIndex":72931}
{"itemId":"B0002ZPL2K","ProductIndex":97246}
{"itemId":"B006J5CHWO","ProductIndex":106460}
{"itemId":"B007NLIU7Y","ProductIndex":135946}
{"itemId":"B003L18YC6","ProductIndex":137297}
{"itemId":"B00BQOMFM0","ProductIndex":63140}
{"itemId":"B008XI425U","ProductIndex":182280}
{"itemId":"B0051OJV0U","ProductIndex":192879}
{"itemId":"B008B9BQWI","ProductIndex":151951}
{"itemId":"B000EE6Y9S","ProductIndex":135999}
{"itemId":"B004TNLXPU","ProductIndex":151776}
{"itemId":"B005FDWXLQ","ProductIndex":189334}
{"itemId":"B001EDU6WE","ProductIndex":150679}
{"itemId":"B0082D58P4","ProductIndex":153956}
{"itemId":"B005JD0DB4","ProductIndex":145637}
{"itemId":"B00283W9JM","ProductIndex":109482}
{"itemId":"B00934CQZ6","ProductIndex":85168}
{"itemId":"B003ZHDY8A","ProductIndex":97758}
{"itemId":"B009AXYA2W","ProductIndex":107733}
{"itemId":"B00IMUAYT2","ProductIndex":83079}
{"itemId":"B004KCJJ4M","ProductIndex":87077}
{"itemId":"B0000632G6","ProductIndex":127900}
{"itemId":"B001BRUH90","ProductIndex":96510}
{"itemId":"B0000BZLAU","ProductIndex":199999}
{"itemId":"B0058OV944","ProductIndex":167259}
{"itemId":"B002GXUUNQ","ProductIndex":135614}
{"itemId":"B001F51GXE","ProductIndex":78542}
{"itemId":"B000NI69ZY","ProductIndex":190907}
{"itemId":"B000LRMT1A","ProductIndex":90993}
{"itemId":"B004KS7NX0","ProductIndex":140982}
{"itemId":"B000JERJ42","ProductIndex":163006}
{"itemId":"B005PZ8I3Q","ProductIndex":122781}
{"itemId":"B005CXIQL0","ProductIndex":98254}
{"itemId":"B003Q9JZY4","ProductIndex":127036}
{"itemId":"B004GC39G0","ProductIndex":106616}
{"itemId":"B00ENF8MP8","ProductIndex":145857}
{"itemId":"B0002CE16K","ProductIndex":170653}
{"itemId":"B009TFOX0K","ProductIndex":199797}
{"itemId":"B001F71KII","ProductIndex":82721}
{"itemId":"B003E1XH4S","ProductIndex":133949}
{"itemId":"B00GTWFRJM","ProductIndex":130261}
{"itemId":"B000G647JI","ProductIndex":154462}
{"itemId":"B004N9446A","ProductIndex":116312}
{"itemId":"B000E7JY3I","ProductIndex":88922}
{"itemId":"B003GSLDQI","ProductIndex":182417}
{"itemId":"B000Z2WCFY","ProductIndex":185129}
{"itemId":"B0007SXII6","ProductIndex":199406}
{"itemId":"B004G7F2SS","ProductIndex":69484}
{"itemId":"B0002J1KSK","ProductIndex":92921}
{"itemId":"B00009V3U9","ProductIndex":102671}
{"itemId":"B00EPVD6CO","ProductIndex":205078}
{"itemId":"B00684JFDU","ProductIndex":191482}
{"itemId":"B00180IDN2","ProductIndex":164454}
{"itemId":"B0031RGGDO","ProductIndex":112246}
{"itemId":"B000AXUR8M","ProductIndex":122884}
{"itemId":"B007BEXHHG","ProductIndex":182778}
{"itemId":"B000UUF5DC","ProductIndex":129921}
{"itemId":"B008GUUCAE","ProductIndex":166852}
{"itemId":"B005PAIXZ4","ProductIndex":142221}
{"itemId":"B002WC8YMU","ProductIndex":164452}
{"itemId":"B002HT21NG","ProductIndex":188807}
{"itemId":"B000TYVZX8","ProductIndex":132434}
{"itemId":"B000UQCK0C","ProductIndex":184765}
{"itemId":"B002EE3QME","ProductIndex":96003}
{"itemId":"B005W1DSU6","ProductIndex":74382}
{"itemId":"B000RXW03A","ProductIndex":159807}
{"itemId":"B004H2MO8I","ProductIndex":134240}
{"itemId":"B005M1KL4W","ProductIndex":145598}
{"itemId":"B000F1X2MW","ProductIndex":197167}
{"itemId":"B003E2XTEK","ProductIndex":94699}
{"itemId":"B001M08DJC","ProductIndex":197503}
{"itemId":"B00FDXMPCU","ProductIndex":148746}
{"itemId":"B008X36HJ4","ProductIndex":167680}
{"itemId":"B000BCDFE0","ProductIndex":191486}
{"itemId":"B009MFGRAQ","ProductIndex":187559}
{"itemId":"B00065DGDW","ProductIndex":88515}
{"itemId":"B00HEYC5MQ","ProductIndex":142737}
{"itemId":"B004Y1OQGA","ProductIndex":164279}
{"itemId":"B001FCL3HQ","ProductIndex":112093}
{"itemId":"B001T9N0Z8","ProductIndex":113143}
{"itemId":"B00E6BWH2S","ProductIndex":139484}
{"itemId":"B007IS5AHA","ProductIndex":168984}
{"itemId":"B0009JW5Q4","ProductIndex":207165}
{"itemId":"B0000X66Q4","ProductIndex":147872}
{"itemId":"B000E8OVN0","ProductIndex":102928}
{"itemId":"B0035VM7J8","ProductIndex":174235}
{"itemId":"B000KLQXUU","ProductIndex":129445}
{"itemId":"B00939UK8G","ProductIndex":171969}
{"itemId":"B006W483ZC","ProductIndex":108911}
{"itemId":"B0087667NI","ProductIndex":184436}
{"itemId":"B003QNA7II","ProductIndex":150079}
{"itemId":"B00CU89FBA","ProductIndex":139101}
{"itemId":"B00E39VNNM","ProductIndex":122977}
{"itemId":"B004HE13V0","ProductIndex":106288}
{"itemId":"B001QIZPZ0","ProductIndex":195893}
{"itemId":"B00009QOX5","ProductIndex":171872}
{"itemId":"B00AHOXFB0","ProductIndex":182751}
{"itemId":"B005FHRYZ2","ProductIndex":177460}
{"itemId":"B004QGS9ZW","ProductIndex":164758}
{"itemId":"B0062W6OQE","ProductIndex":127299}
{"itemId":"B001DTP98U","ProductIndex":140849}
{"itemId":"B000A6PSJC","ProductIndex":93164}
{"itemId":"B002HST7ZW","ProductIndex":206363}
{"itemId":"B00HCA6WNK","ProductIndex":200440}
{"itemId":"B00585ISEW","ProductIndex":133511}
{"itemId":"B003PAOSJG","ProductIndex":185402}
{"itemId":"B0083ZEKTG","ProductIndex":143384}
{"itemId":"B00805LMUE","ProductIndex":196070}
{"itemId":"B00390LSYU","ProductIndex":188350}
{"itemId":"B000CC1QAE","ProductIndex":174594}
{"itemId":"B002BK8VIK","ProductIndex":187039}
{"itemId":"B00CLLC4UA","ProductIndex":197896}
{"itemId":"B00157RB2M","ProductIndex":172790}
{"itemId":"B0023Z24WW","ProductIndex":189621}
{"itemId":"B00BYMBN4K","ProductIndex":200017}
{"itemId":"B00BG5CHAE","ProductIndex":85158}
{"itemId":"B003ZHTQ5K","ProductIndex":202140}
{"itemId":"B000KFHB5C","ProductIndex":204632}
{"itemId":"B007IE7CRU","ProductIndex":169833}
{"itemId":"B00C7ZJW46","ProductIndex":199920}
{"itemId":"B0018CUQ3U","ProductIndex":172025}
{"itemId":"B000931GQK","ProductIndex":150344}
{"itemId":"B000K2MJI4","ProductIndex":203544}
{"itemId":"B00AVDY7CS","ProductIndex":203299}
{"itemId":"B004ZG8FIE","ProductIndex":123110}
{"itemId":"B00BHM2VFW","ProductIndex":136810}
{"itemId":"B00H4G1A3E","ProductIndex":153469}
{"itemId":"B00DPWZ7H6","ProductIndex":191774}
{"itemId":"B008DILDHA","ProductIndex":167359}
{"itemId":"B000O5WSYM","ProductIndex":124394}
{"itemId":"B008DSBIY8","ProductIndex":111928}
{"itemId":"B0002MKBJ6","ProductIndex":141205}
{"itemId":"B005F802V4","ProductIndex":167638}
{"itemId":"B000MPPXUU","ProductIndex":102085}
{"itemId":"B009PFBY3I","ProductIndex":156417}
{"itemId":"B000HVNO0A","ProductIndex":163503}
{"itemId":"B003LVZOHY","ProductIndex":194986}
{"itemId":"B001J5USCU","ProductIndex":176536}
{"itemId":"B005FEIWIS","ProductIndex":116430}
{"itemId":"B002ZUG09I","ProductIndex":118266}
{"itemId":"B000E57E0U","ProductIndex":198781}
{"itemId":"B004B8VMFY","ProductIndex":203980}
{"itemId":"B0081B6XC4","ProductIndex":104651}
{"itemId":"B00005MNE6","ProductIndex":189159}
{"itemId":"B000KPW6TS","ProductIndex":168152}
{"itemId":"B00INYV36U","ProductIndex":117202}
{"itemId":"B004FLQTJG","ProductIndex":193114}
{"itemId":"B0069BLR3I","ProductIndex":174383}
{"itemId":"B009ZO3SLA","ProductIndex":185307}
{"itemId":"B000WQSRCA","ProductIndex":145954}
{"itemId":"B001VMWA7C","ProductIndex":202716}
{"itemId":"B003UES7YO","ProductIndex":198715}
{"itemId":"B00006BT1L","ProductIndex":183253}
{"itemId":"B0097UJ89S","ProductIndex":95372}
{"itemId":"B008M3TT9U","ProductIndex":144110}
{"itemId":"B009WFK5H2","ProductIndex":169536}
{"itemId":"B003F6K4RK","ProductIndex":149944}
{"itemId":"B00DHOXKRG","ProductIndex":144007}
{"itemId":"B0058HYHFY","ProductIndex":125786}
{"itemId":"B00GH9ZPZI","ProductIndex":205305}
{"itemId":"B002FMDAJE","ProductIndex":196028}
{"itemId":"B00006BB83","ProductIndex":160350}
{"itemId":"B00KQ7SBTE","ProductIndex":203496}
{"itemId":"B001JTTVSI","ProductIndex":126591}
{"itemId":"B00501UNMO","ProductIndex":181180}
{"itemId":"B007OLFHEW","ProductIndex":189612}
{"itemId":"B00HY3MAZY","ProductIndex":191962}
{"itemId":"B00FVRCPCI","ProductIndex":160445}
{"itemId":"B005RF2QNM","ProductIndex":141821}
{"itemId":"B002G7WNIW","ProductIndex":202797}
{"itemId":"B0041A3NG8","ProductIndex":156836}
{"itemId":"B004PFE2V4","ProductIndex":76202}
{"itemId":"B0029MPAIE","ProductIndex":187409}
{"itemId":"B0049B5GI2","ProductIndex":191781}
{"itemId":"B005S2GP7C","ProductIndex":203406}
{"itemId":"B002X7871W","ProductIndex":206118}
{"itemId":"B004ABRR38","ProductIndex":150225}
{"itemId":"B00CPG7YN8","ProductIndex":201356}
{"itemId":"B003WKL84M","ProductIndex":189708}
{"itemId":"B0009WAY5A","ProductIndex":195961}
{"itemId":"B0069VZQQ2","ProductIndex":123724}
{"itemId":"B003HIVUDI","ProductIndex":183614}
{"itemId":"B003YE2BMY","ProductIndex":102580}
{"itemId":"B002ZKNRLM","ProductIndex":197220}
{"itemId":"B001H8KM8Y","ProductIndex":113424}
{"itemId":"B005B156VG","ProductIndex":180964}
{"itemId":"B001IDYHEI","ProductIndex":189936}
{"itemId":"B001MRX36S","ProductIndex":175978}
{"itemId":"B001U8R6CG","ProductIndex":202381}
{"itemId":"B0009OAP8Y","ProductIndex":145672}
{"itemId":"B008I2UQME","ProductIndex":92351}
{"itemId":"B00C0Z30SC","ProductIndex":201066}
{"itemId":"B00DJB83OC","ProductIndex":199349}
{"itemId":"B004HJ96EQ","ProductIndex":143254}
{"itemId":"B009UOEVPW","ProductIndex":179940}
{"itemId":"B00004SPA3","ProductIndex":164027}
{"itemId":"B005LQ9WVG","ProductIndex":180307}
{"itemId":"B003TSFEWE","ProductIndex":208236}
{"itemId":"B004ZC183M","ProductIndex":184970}
{"itemId":"B001CA6KE2","ProductIndex":177134}
{"itemId":"B00005Q5X0","ProductIndex":175696}
{"itemId":"B009PHVMC4","ProductIndex":187044}
{"itemId":"B00104H4DG","ProductIndex":192294}
{"itemId":"B00A1UTYWO","ProductIndex":181819}
{"itemId":"B00HIBCS68","ProductIndex":169999}
{"itemId":"B004Z13EDK","ProductIndex":195652}
{"itemId":"B00A8JU2G0","ProductIndex":193941}
{"itemId":"B009VDPRJG","ProductIndex":199925}
{"itemId":"B0034SBMGQ","ProductIndex":193434}
{"itemId":"B002UXQKKY","ProductIndex":191981}
{"itemId":"B000EFMIB0","ProductIndex":196886}
{"itemId":"B00HEA2QKQ","ProductIndex":122769}
{"itemId":"B00491CUF4","ProductIndex":152175}
{"itemId":"B005GMW078","ProductIndex":207561}
{"itemId":"B00009967F","ProductIndex":151908}
{"itemId":"B002ATB7GU","ProductIndex":142881}
{"itemId":"B00H8W7H2M","ProductIndex":130499}
{"itemId":"B007Y2467A","ProductIndex":173374}
{"itemId":"B0061Z7YCU","ProductIndex":178560}
{"itemId":"B00064JWT0","ProductIndex":181718}
{"itemId":"B0053A2UJQ","ProductIndex":187769}
{"itemId":"B006X59V2E","ProductIndex":195845}
{"itemId":"B001C1RTE6","ProductIndex":196862}
{"itemId":"B00007IFBJ","ProductIndex":157884}
{"itemId":"B0083FESR0","ProductIndex":154415}
{"itemId":"B009UXCFJM","ProductIndex":177906}
{"itemId":"B005YXXBM2","ProductIndex":194611}
{"itemId":"B000B06R74","ProductIndex":176097}
{"itemId":"B0089Q7SV6","ProductIndex":193750}
{"itemId":"B001UE8L7E","ProductIndex":195992}
{"itemId":"B004IKAA8A","ProductIndex":205519}
{"itemId":"B0096DJK76","ProductIndex":140133}
{"itemId":"B006JO4GG0","ProductIndex":178731}
{"itemId":"B008SZT2H6","ProductIndex":191829}
{"itemId":"B007T7Y9AO","ProductIndex":185598}
{"itemId":"B008MAMC2Y","ProductIndex":197654}
{"itemId":"B000I1GZFK","ProductIndex":173631}
{"itemId":"B00EABJIDU","ProductIndex":180898}
{"itemId":"B00A825OBU","ProductIndex":187013}
{"itemId":"B000FML8CC","ProductIndex":196333}
{"itemId":"B003N46MVG","ProductIndex":189519}
{"itemId":"B004D9JMIA","ProductIndex":178746}
{"itemId":"B003RXMXU2","ProductIndex":182929}
{"itemId":"B0032UXY9O","ProductIndex":156884}
{"itemId":"B00BCSYZNM","ProductIndex":165834}
{"itemId":"B002RTF76E","ProductIndex":204382}
{"itemId":"B000VWKAGQ","ProductIndex":190682}
{"itemId":"B00DUDHVQ0","ProductIndex":208167}
{"itemId":"B003EDLX9W","ProductIndex":200371}
{"itemId":"B0009EPZOS","ProductIndex":198992}
{"itemId":"B001DPPZQ0","ProductIndex":197060}
{"itemId":"B00GJSW6SQ","ProductIndex":180980}
{"itemId":"B0016P8O5Q","ProductIndex":199864}
{"itemId":"B00FADBAZG","ProductIndex":198661}
{"itemId":"B006K59BRC","ProductIndex":189625}
{"itemId":"B006Y2ZM2Y","ProductIndex":183206}
{"itemId":"B009XDZR5I","ProductIndex":201370}
{"itemId":"B009AVN10Q","ProductIndex":176262}
{"itemId":"B004R7Q4HK","ProductIndex":185105}
