{"itemId":"B00BIFNTMC","ProductIndex":1363}
{"itemId":"B000L4D42Q","ProductIndex":1449}
{"itemId":"B0031RGGAM","ProductIndex":25935}
{"itemId":"B002YAOS7A","ProductIndex":1290}
{"itemId":"B0002L5R78","ProductIndex":8}
{"itemId":"B001URA3FO","ProductIndex":114398}
{"itemId":"B003S3RFIQ","ProductIndex":3054}
{"itemId":"B003FPNBGW","ProductIndex":32343}
{"itemId":"B001E3ZM8M","ProductIndex":7703}
{"itemId":"B004MMESVY","ProductIndex":25938}
{"itemId":"B00BBAFUNA","ProductIndex":9571}
{"itemId":"B001K56XW8","ProductIndex":32004}
{"itemId":"B000JLO31M","ProductIndex":5140}
{"itemId":"B00C2MBG02","ProductIndex":8653}
{"itemId":"B0057UPNBE","ProductIndex":45691}
{"itemId":"B000Y06JV0","ProductIndex":26462}
{"itemId":"B00005OCWO","ProductIndex":35162}
{"itemId":"B005HTIAL0","ProductIndex":41563}
{"itemId":"B006N1TF7E","ProductIndex":7051}
{"itemId":"B002K3Z3G6","ProductIndex":42053}
{"itemId":"B000OX0I9G","ProductIndex":32170}
{"itemId":"B002ZKW4E8","ProductIndex":36135}
{"itemId":"B004WISMY2","ProductIndex":26431}
{"itemId":"B000GHXTBO","ProductIndex":11631}
{"itemId":"B00939025C","ProductIndex":40056}
{"itemId":"B005C6CVAE","ProductIndex":2004}
{"itemId":"B005F0IKHA","ProductIndex":20227}
{"itemId":"B008F05Q2E","ProductIndex":651}
{"itemId":"B00001P4XA","ProductIndex":1333}
{"itemId":"B005ERKURC","ProductIndex":51014}
{"itemId":"B004TIK8UG","ProductIndex":67696}
{"itemId":"B002W4NSH4","ProductIndex":16978}
{"itemId":"B004E5J61G","ProductIndex":4965}
{"itemId":"B000I3ZLVW","ProductIndex":67767}
{"itemId":"B00390GFJS","ProductIndex":14410}
{"itemId":"B00006F6ZV","ProductIndex":74735}
{"itemId":"B0009NZ6M0","ProductIndex":8077}
{"itemId":"B000SDW84K","ProductIndex":6174}
{"itemId":"B000BQS5IW","ProductIndex":103619}
{"itemId":"B00EW3WS9M","ProductIndex":4925}
{"itemId":"B0096WDK0K","ProductIndex":15683}
{"itemId":"B001M23YJE","ProductIndex":121206}
{"itemId":"B000MTEER4","ProductIndex":42320}
{"itemId":"B0043CG3QG","ProductIndex":4293}
{"itemId":"B000ZKH85U","ProductIndex":71266}
{"itemId":"B0000645RH","ProductIndex":941}
{"itemId":"B00006B91Z","ProductIndex":7700}
{"itemId":"B0007L7JSS","ProductIndex":152594}
{"itemId":"B001ER6CCI","ProductIndex":59354}
{"itemId":"B001XHBNN2","ProductIndex":1825}
{"itemId":"B0081SK530","ProductIndex":11094}
{"itemId":"B001JEOV9C","ProductIndex":53479}
{"itemId":"B00AQ5PK6I","ProductIndex":18830}
{"itemId":"B002821ESU","ProductIndex":13917}
{"itemId":"B00823TWZ6","ProductIndex":41994}
{"itemId":"B002HSW1H8","ProductIndex":150339}
{"itemId":"B00BN0MZY0","ProductIndex":27751}
{"itemId":"B0013BC7XS","ProductIndex":19376}
{"itemId":"B00009R8OX","ProductIndex":101534}
{"itemId":"B006JU8GA6","ProductIndex":29867}
{"itemId":"B009IBX7Z2","ProductIndex":1459}
{"itemId":"B00361ERPE","ProductIndex":19748}
{"itemId":"B001ISXXY8","ProductIndex":11625}
{"itemId":"B005TFONMC","ProductIndex":8917}
{"itemId":"B0093K84DS","ProductIndex":66671}
{"itemId":"B00310EES0","ProductIndex":45094}
{"itemId":"B007NMMUZQ","ProductIndex":7651}
{"itemId":"B0057D51ZY","ProductIndex":1660}
{"itemId":"B000H6I7EI","ProductIndex":17648}
{"itemId":"B00948FSH4","ProductIndex":3694}
{"itemId":"B003AILH6A","ProductIndex":21014}
{"itemId":"B003922BNK","ProductIndex":78654}
{"itemId":"B001JT5P2O","ProductIndex":50775}
{"itemId":"B00778G78C","ProductIndex":13599}
{"itemId":"B0073GE9FG","ProductIndex":20606}
{"itemId":"B00005OT5X","ProductIndex":5155}
{"itemId":"B0002OIFR4","ProductIndex":21354}
{"itemId":"B005WWFKWY","ProductIndex":98490}
{"itemId":"B002XN7C6W","ProductIndex":3600}
{"itemId":"B00AZHCK60","ProductIndex":10074}
{"itemId":"B001EYU70O","ProductIndex":26769}
{"itemId":"B004DKC1XM","ProductIndex":59863}
{"itemId":"B004HW7DZM","ProductIndex":12131}
{"itemId":"B007VAFWLE","ProductIndex":78951}
{"itemId":"B005478LC8","ProductIndex":168514}
{"itemId":"B005V7975G","ProductIndex":33712}
{"itemId":"B005U2VAW0","ProductIndex":5814}
{"itemId":"B004NYB684","ProductIndex":9260}
{"itemId":"B009QXFFDO","ProductIndex":4666}
{"itemId":"B005HEUUEA","ProductIndex":4037}
{"itemId":"B0000AXOS1","ProductIndex":28398}
{"itemId":"B000669GA8","ProductIndex":27989}
{"itemId":"B00JZM7T2Q","ProductIndex":52357}
{"itemId":"B009KUT30E","ProductIndex":10333}
{"itemId":"B00A34GP52","ProductIndex":13437}
{"itemId":"B0087FFJZG","ProductIndex":11265}
{"itemId":"B008RSEW5Q","ProductIndex":43055}
{"itemId":"B0044R3ZCK","ProductIndex":173737}
{"itemId":"B005ZPFNT8","ProductIndex":74698}
{"itemId":"B002KMU3LW","ProductIndex":107723}
{"itemId":"B004JKNFPO","ProductIndex":37659}
{"itemId":"B00275G15E","ProductIndex":172723}
{"itemId":"B00GFDPZW4","ProductIndex":133754}
{"itemId":"B001C1PQO6","ProductIndex":40707}
{"itemId":"B001CBDGHA","ProductIndex":10103}
{"itemId":"B001BDPLJA","ProductIndex":17275}
{"itemId":"B000VEJH04","ProductIndex":69052}
{"itemId":"B00141AYIC","ProductIndex":3752}
{"itemId":"B001MSZBLW","ProductIndex":49683}
{"itemId":"B007PM8AFS","ProductIndex":26396}
{"itemId":"B000IWTHYA","ProductIndex":12663}
{"itemId":"B004MC2RTY","ProductIndex":77857}
{"itemId":"B000K2CKSI","ProductIndex":35467}
{"itemId":"B002AKKM4M","ProductIndex":73233}
{"itemId":"B005HNLU7W","ProductIndex":22369}
{"itemId":"B00F5UEECA","ProductIndex":143190}
{"itemId":"B000I21Z4U","ProductIndex":37535}
{"itemId":"B000YBH4YU","ProductIndex":2088}
{"itemId":"B00FX38A56","ProductIndex":34803}
{"itemId":"B00015XMDG","ProductIndex":67103}
{"itemId":"B0012399AG","ProductIndex":23634}
{"itemId":"B00CHJ34P0","ProductIndex":12400}
{"itemId":"B000BKPGI0","ProductIndex":46516}
{"itemId":"B0027VBKCW","ProductIndex":190514}
{"itemId":"B00CXGF84M","ProductIndex":34882}
{"itemId":"B006MB7CMA","ProductIndex":132669}
{"itemId":"B003FC0H9Y","ProductIndex":16046}
{"itemId":"B000PB2OBW","ProductIndex":57189}
{"itemId":"B002Y27P6O","ProductIndex":3518}
{"itemId":"B004JO26W8","ProductIndex":43874}
{"itemId":"B001LT2OAS","ProductIndex":20627}
{"itemId":"B00EMHM6JK","ProductIndex":55861}
{"itemId":"B000FOGUTQ","ProductIndex":33184}
{"itemId":"B004QO76QM","ProductIndex":24976}
{"itemId":"B0007TY0CI","ProductIndex":44806}
{"itemId":"B002DH40ZY","ProductIndex":36536}
{"itemId":"B00E3HBZE6","ProductIndex":147141}
{"itemId":"B008H5VPFE","ProductIndex":104601}
{"itemId":"B007PJEIYI","ProductIndex":55100}
{"itemId":"B00005LE77","ProductIndex":13233}
{"itemId":"B000WJOR58","ProductIndex":49645}
{"itemId":"B00AEGGOKK","ProductIndex":40753}
{"itemId":"B00189HR4Y","ProductIndex":56600}
{"itemId":"B008S1BZ66","ProductIndex":187716}
{"itemId":"B00006LHDX","ProductIndex":56809}
{"itemId":"B00BLTE87K","ProductIndex":81265}
{"itemId":"B0085H662G","ProductIndex":13404}
{"itemId":"B0009M27TG","ProductIndex":70611}
{"itemId":"B003HII4UU","ProductIndex":25092}
{"itemId":"B000SSPH6Q","ProductIndex":56740}
{"itemId":"B00CAMCCMA","ProductIndex":65417}
{"itemId":"B004OCEYAC","ProductIndex":39125}
{"itemId":"B0089HR784","ProductIndex":63462}
{"itemId":"B0019HXEEW","ProductIndex":11953}
{"itemId":"B001ISK6FW","ProductIndex":156895}
{"itemId":"B00F90H77A","ProductIndex":118050}
{"itemId":"B0035FZJK8","ProductIndex":48934}
{"itemId":"B002DQJ7N0","ProductIndex":22482}
{"itemId":"B001CSO34S","ProductIndex":44986}
{"itemId":"B005WUUFBW","ProductIndex":10648}
{"itemId":"B003ULNA3K","ProductIndex":23665}
{"itemId":"B002ACP0JM","ProductIndex":77513}
{"itemId":"B00B1JC764","ProductIndex":5924}
{"itemId":"B000IJ73NU","ProductIndex":35580}
{"itemId":"B005BUDSGW","ProductIndex":13249}
{"itemId":"B00981YEBS","ProductIndex":15989}
{"itemId":"B000K1V58A","ProductIndex":71593}
{"itemId":"B008OMJQJM","ProductIndex":53687}
{"itemId":"B003OBZQSS","ProductIndex":19720}
{"itemId":"B004V4N3NW","ProductIndex":21104}
{"itemId":"B00009UI03","ProductIndex":40630}
{"itemId":"B001LF40KE","ProductIndex":28872}
{"itemId":"B009X24URK","ProductIndex":69402}
{"itemId":"B00867QIAA","ProductIndex":58514}
{"itemId":"B004ZF0I3U","ProductIndex":8342}
{"itemId":"B006N0231U","ProductIndex":38770}
{"itemId":"B005WGEVFC","ProductIndex":55505}
{"itemId":"B00303LRME","ProductIndex":29187}
{"itemId":"B00006B7RT","ProductIndex":37146}
{"itemId":"B000G6U4O0","ProductIndex":54689}
{"itemId":"B007QWGSCY","ProductIndex":78487}
{"itemId":"B00CBQP718","ProductIndex":41730}
{"itemId":"B007NLXEMU","ProductIndex":169834}
{"itemId":"B000OKXA6W","ProductIndex":20205}
{"itemId":"B001VICOUE","ProductIndex":19385}
{"itemId":"B00286KHWU","ProductIndex":32137}
{"itemId":"B00005U7RB","ProductIndex":46350}
{"itemId":"B003YLF7UK","ProductIndex":57725}
{"itemId":"B00D8UF0WW","ProductIndex":11768}
{"itemId":"B000GHED9G","ProductIndex":41997}
{"itemId":"B003ICXEGY","ProductIndex":20137}
{"itemId":"B00425ZK40","ProductIndex":51421}
{"itemId":"B0055CR9R0","ProductIndex":35013}
{"itemId":"B000OG88PY","ProductIndex":31696}
{"itemId":"B005SUXGY4","ProductIndex":25346}
{"itemId":"B0013MV7EM","ProductIndex":42601}
{"itemId":"B001NQ6B7Q","ProductIndex":137521}
{"itemId":"B0085MQLMQ","ProductIndex":30200}
{"itemId":"B002N19YVA","ProductIndex":23932}
{"itemId":"B000A6QVE8","ProductIndex":30014}
{"itemId":"B00CKIXA3O","ProductIndex":85694}
{"itemId":"B003QIPZQM","ProductIndex":115866}
{"itemId":"B0068KRUX6","ProductIndex":60044}
{"itemId":"B003VW06QM","ProductIndex":74552}
{"itemId":"B0055VGSEQ","ProductIndex":23636}
{"itemId":"B003ZPQ9LQ","ProductIndex":28703}
{"itemId":"B004JLMBIA","ProductIndex":41903}
{"itemId":"B0092THNDW","ProductIndex":13989}
{"itemId":"B003DKLAQM","ProductIndex":67941}
{"itemId":"B005G2JFSA","ProductIndex":101737}
{"itemId":"B004SN5JOW","ProductIndex":113575}
{"itemId":"B00006AG6C","ProductIndex":17078}
{"itemId":"B004UTCMGW","ProductIndex":157996}
{"itemId":"B002BH4QNC","ProductIndex":36148}
{"itemId":"B00009R9CT","ProductIndex":50959}
{"itemId":"B003BYROQA","ProductIndex":21281}
{"itemId":"B0046UPI8Y","ProductIndex":20030}
{"itemId":"B001EJO6T2","ProductIndex":50986}
{"itemId":"B0002GRQRW","ProductIndex":107291}
{"itemId":"B002F58O88","ProductIndex":124368}
{"itemId":"B007Q3WZ2K","ProductIndex":55679}
{"itemId":"B001D0IUP8","ProductIndex":105278}
{"itemId":"B0012SIGLO","ProductIndex":23559}
{"itemId":"B006L404KU","ProductIndex":15001}
{"itemId":"B000XEB7OQ","ProductIndex":28996}
{"itemId":"B00DVTBSPI","ProductIndex":22397}
{"itemId":"B004CQMXDA","ProductIndex":39653}
{"itemId":"B0044XAXLU","ProductIndex":43187}
{"itemId":"B0049WZH2G","ProductIndex":81737}
{"itemId":"B000V0BV0M","ProductIndex":37267}
{"itemId":"B0002KRBFA","ProductIndex":205097}
{"itemId":"B00684E0UI","ProductIndex":121386}
{"itemId":"B00998SDM6","ProductIndex":39612}
{"itemId":"B003QCZQI0","ProductIndex":118059}
{"itemId":"B0001DKQXC","ProductIndex":32318}
{"itemId":"B00BY6539C","ProductIndex":112532}
{"itemId":"B004IZSC1C","ProductIndex":182121}
{"itemId":"B004Z4GLCI","ProductIndex":56997}
{"itemId":"B0002CBRCG","ProductIndex":95106}
{"itemId":"B00009W3TW","ProductIndex":44239}
{"itemId":"B007JELV8U","ProductIndex":30925}
{"itemId":"B0009PXKZ8","ProductIndex":63758}
{"itemId":"B000EVNL0G","ProductIndex":165878}
{"itemId":"B002X3VEIE","ProductIndex":12280}
{"itemId":"B0036SYSJ2","ProductIndex":44939}
{"itemId":"B00EPQ0U2S","ProductIndex":19493}
{"itemId":"B000KU5CN0","ProductIndex":13955}
{"itemId":"B005Q751BA","ProductIndex":21913}
{"itemId":"B007JV6FDE","ProductIndex":64502}
{"itemId":"B008AT9S5Q","ProductIndex":59963}
{"itemId":"B007ZZAMJM","ProductIndex":63468}
{"itemId":"B003AKHVUO","ProductIndex":85445}
{"itemId":"B0001EZN52","ProductIndex":18810}
{"itemId":"B005AIWJBK","ProductIndex":147938}
{"itemId":"B000FOLR1C","ProductIndex":93081}
{"itemId":"B00HD1L8NW","ProductIndex":77067}
{"itemId":"B003NRCCIK","ProductIndex":43792}
{"itemId":"B0032MVQJM","ProductIndex":26551}
{"itemId":"B006JW6M2I","ProductIndex":13411}
{"itemId":"B002W2ATU0","ProductIndex":61323}
{"itemId":"B003JL626S","ProductIndex":201624}
{"itemId":"B00JZM7TKI","ProductIndex":45420}
{"itemId":"B0032HH4PW","ProductIndex":128335}
{"itemId":"B004CSZVDM","ProductIndex":43707}
{"itemId":"B002CVTU9C","ProductIndex":63859}
{"itemId":"B00AVBLGZG","ProductIndex":34607}
{"itemId":"B000EY15VU","ProductIndex":73994}
{"itemId":"B008J6O6XO","ProductIndex":46234}
{"itemId":"B0029NBZNM","ProductIndex":47702}
{"itemId":"B00016USAA","ProductIndex":123620}
{"itemId":"B00C6FFM4Q","ProductIndex":154708}
{"itemId":"B005NCNDNQ","ProductIndex":76360}
{"itemId":"B006FFNK6A","ProductIndex":69299}
{"itemId":"B003UIYBK4","ProductIndex":134838}
{"itemId":"B00EALIOAS","ProductIndex":83563}
{"itemId":"B000JPGQ4U","ProductIndex":14622}
{"itemId":"B00DU6QPD2","ProductIndex":50924}
{"itemId":"B002QHF05U","ProductIndex":40478}
{"itemId":"B001GCASYE","ProductIndex":132339}
{"itemId":"B00GLN2JYK","ProductIndex":150296}
{"itemId":"B00DVFMBJO","ProductIndex":154890}
{"itemId":"B00BTRO0RC","ProductIndex":72274}
{"itemId":"B008515KOM","ProductIndex":34421}
{"itemId":"B004JZBIXU","ProductIndex":61439}
{"itemId":"B0085HHPYE","ProductIndex":79985}
{"itemId":"B005J37I4Y","ProductIndex":29968}
{"itemId":"B00HUVUWLY","ProductIndex":70061}
{"itemId":"B001J1PUOK","ProductIndex":34223}
{"itemId":"B0013CJ1X6","ProductIndex":56653}
{"itemId":"B008BURQNK","ProductIndex":21849}
{"itemId":"B008I640HW","ProductIndex":18330}
{"itemId":"B000LLV67Y","ProductIndex":81524}
{"itemId":"B009F6X2IC","ProductIndex":104931}
{"itemId":"B004PGMFGM","ProductIndex":73301}
{"itemId":"B003UNP0OK","ProductIndex":26903}
{"itemId":"B00DUEKBVQ","ProductIndex":153785}
{"itemId":"B009MJEGKK","ProductIndex":128781}
{"itemId":"B00008KA6Q","ProductIndex":87915}
{"itemId":"B002YF7412","ProductIndex":32075}
{"itemId":"B003CX5MGO","ProductIndex":42132}
{"itemId":"B0058GK55G","ProductIndex":68705}
{"itemId":"B004Y4HVHI","ProductIndex":65493}
{"itemId":"B009SPN9O2","ProductIndex":10973}
{"itemId":"B006THNH7Q","ProductIndex":92053}
{"itemId":"B0083ZITWK","ProductIndex":57208}
{"itemId":"B009GU9KT2","ProductIndex":117205}
{"itemId":"B0058TXRU8","ProductIndex":66764}
{"itemId":"B004HK0RXY","ProductIndex":40568}
{"itemId":"B0032PAOWY","ProductIndex":14437}
{"itemId":"B000GJOUGK","ProductIndex":40739}
{"itemId":"B004MM5VZG","ProductIndex":148568}
{"itemId":"B000L3V0O6","ProductIndex":130889}
{"itemId":"B005DF0YQ2","ProductIndex":65562}
{"itemId":"B008KELSOA","ProductIndex":25049}
{"itemId":"B003ZW9N6W","ProductIndex":42096}
{"itemId":"B008BXE8CY","ProductIndex":67877}
{"itemId":"B001IQ0KK0","ProductIndex":114569}
{"itemId":"B004OXIUOC","ProductIndex":24214}
{"itemId":"B0002J25OI","ProductIndex":103748}
{"itemId":"B008O5112Y","ProductIndex":14402}
{"itemId":"B00972PB2Y","ProductIndex":197208}
{"itemId":"B004G5ZTJW","ProductIndex":38708}
{"itemId":"B002MFQFAA","ProductIndex":87761}
{"itemId":"B00006DY6H","ProductIndex":111462}
{"itemId":"B001SDBVCE","ProductIndex":25182}
{"itemId":"B001P7IBD0","ProductIndex":74599}
{"itemId":"B004V4VKGY","ProductIndex":120328}
{"itemId":"B004PAQ7LM","ProductIndex":43519}
{"itemId":"B005WPUQES","ProductIndex":76556}
{"itemId":"B00008KIW7","ProductIndex":119971}
{"itemId":"B004KSAUYY","ProductIndex":157175}
{"itemId":"B002UGZ22I","ProductIndex":108662}
{"itemId":"B00390L5SE","ProductIndex":34561}
{"itemId":"B0040KJLA6","ProductIndex":121203}
{"itemId":"B004LLNOMK","ProductIndex":194281}
{"itemId":"B00ARLKW8M","ProductIndex":16954}
{"itemId":"B000KJ5Y9S","ProductIndex":193576}
{"itemId":"B0055F9XBC","ProductIndex":126673}
{"itemId":"B002GYW7LI","ProductIndex":48474}
{"itemId":"B00874DIZK","ProductIndex":51770}
{"itemId":"B004QP64QE","ProductIndex":136459}
{"itemId":"B0013FZ326","ProductIndex":85864}
{"itemId":"B0018QQDII","ProductIndex":21177}
{"itemId":"B00B1VEGA2","ProductIndex":132712}
{"itemId":"B0010YBVU8","ProductIndex":186050}
{"itemId":"B003O5ZQUM","ProductIndex":63983}
{"itemId":"B004H5MSNQ","ProductIndex":112115}
{"itemId":"B002I520MG","ProductIndex":38403}
{"itemId":"B00F3ZN536","ProductIndex":59095}
{"itemId":"B0095PPKGA","ProductIndex":61050}
{"itemId":"B005KQ7RKK","ProductIndex":132187}
{"itemId":"B00CVWZAW8","ProductIndex":207569}
{"itemId":"B007FGY2EW","ProductIndex":21904}
{"itemId":"B000J2AB94","ProductIndex":32716}
{"itemId":"B00ELPIWIC","ProductIndex":16578}
{"itemId":"B000IN3RUE","ProductIndex":15702}
{"itemId":"B00008PHGX","ProductIndex":143401}
{"itemId":"B00187E8SE","ProductIndex":83265}
{"itemId":"B005E1PFKU","ProductIndex":200483}
{"itemId":"B001VYQG16","ProductIndex":5177}
{"itemId":"B00ANHDO4E","ProductIndex":56885}
{"itemId":"B0073Z88WM","ProductIndex":96716}
{"itemId":"B005YUPAAG","ProductIndex":68802}
{"itemId":"B004TA71J0","ProductIndex":87421}
{"itemId":"B00126AR7W","ProductIndex":55564}
{"itemId":"B0012817K6","ProductIndex":98429}
{"itemId":"B001EJNQUW","ProductIndex":20936}
{"itemId":"B00466PT0K","ProductIndex":42360}
{"itemId":"B000FTVNMK","ProductIndex":172001}
{"itemId":"B004X5XTMY","ProductIndex":87572}
{"itemId":"B000KL16TS","ProductIndex":88871}
{"itemId":"B001TWO4QE","ProductIndex":92402}
{"itemId":"B001N84MGQ","ProductIndex":88020}
{"itemId":"B0017X3KBU","ProductIndex":174588}
{"itemId":"B001OMUCGU","ProductIndex":50433}
{"itemId":"B0054J8BWQ","ProductIndex":18919}
{"itemId":"B00806JRV4","ProductIndex":150434}
{"itemId":"B008C4U38A","ProductIndex":197571}
{"itemId":"B006HUMTS8","ProductIndex":47367}
{"itemId":"B0006ZI6S2","ProductIndex":60514}
{"itemId":"B0007P4GVW","ProductIndex":131230}
{"itemId":"B002XZK6JU","ProductIndex":117257}
{"itemId":"B000MUXVZE","ProductIndex":16703}
{"itemId":"B004SPL6FQ","ProductIndex":41764}
{"itemId":"B0056XBWJY","ProductIndex":78664}
{"itemId":"B002ONCCFW","ProductIndex":51534}
{"itemId":"B0095S0S9Q","ProductIndex":109335}
{"itemId":"B003V8ATWC","ProductIndex":38293}
{"itemId":"B002HUURWC","ProductIndex":22586}
{"itemId":"B003Z2QV9O","ProductIndex":102552}
{"itemId":"B0081WR016","ProductIndex":71548}
{"itemId":"B003DQL7LO","ProductIndex":104066}
{"itemId":"B001V6O46I","ProductIndex":62765}
{"itemId":"B004U3RQNC","ProductIndex":98735}
{"itemId":"B00C9O9V78","ProductIndex":47191}
{"itemId":"B00CSJIQFC","ProductIndex":40838}
{"itemId":"B00C3LDA2Y","ProductIndex":53390}
{"itemId":"B00E955HKA","ProductIndex":14931}
{"itemId":"B000NV7Q4E","ProductIndex":55718}
{"itemId":"B000YCCFCU","ProductIndex":200815}
{"itemId":"B003L5DLA2","ProductIndex":28514}
{"itemId":"B003TGQ70O","ProductIndex":134678}
{"itemId":"B00EIBESA0","ProductIndex":102961}
{"itemId":"B00A61GGRE","ProductIndex":73465}
{"itemId":"B00AHNE1DW","ProductIndex":24560}
{"itemId":"B000TCX3JY","ProductIndex":163116}
{"itemId":"B00BWYC7AY","ProductIndex":60359}
{"itemId":"B000G7ZE1M","ProductIndex":87163}
{"itemId":"B0009SV24G","ProductIndex":93220}
{"itemId":"B004ZVX5GG","ProductIndex":59397}
{"itemId":"B00009YW7Y","ProductIndex":71674}
{"itemId":"B007G9GS6I","ProductIndex":181306}
{"itemId":"B00965J7HM","ProductIndex":63832}
{"itemId":"B003EV68UI","ProductIndex":138541}
{"itemId":"B003N1D8MK","ProductIndex":80272}
{"itemId":"B003KF0PPM","ProductIndex":111747}
{"itemId":"B009Y6W1OY","ProductIndex":129887}
{"itemId":"B001H0FJ9Y","ProductIndex":60657}
{"itemId":"B00ANCFWIU","ProductIndex":111147}
{"itemId":"B00GSIFMQU","ProductIndex":79255}
{"itemId":"B000U0X6XI","ProductIndex":52108}
{"itemId":"B001039BJC","ProductIndex":103965}
{"itemId":"B00JH4IMDW","ProductIndex":131870}
{"itemId":"B00C7YT3EQ","ProductIndex":50141}
{"itemId":"B002CK4ODU","ProductIndex":83094}
{"itemId":"B003GJFMAA","ProductIndex":156215}
{"itemId":"B00DOWCQL2","ProductIndex":29171}
{"itemId":"B007JGBUT8","ProductIndex":81253}
{"itemId":"B0051OLBIA","ProductIndex":147718}
{"itemId":"B005WQRPIM","ProductIndex":53099}
{"itemId":"B001C6SYR2","ProductIndex":13056}
{"itemId":"B004BOECTG","ProductIndex":44899}
{"itemId":"B0079Q36PO","ProductIndex":81345}
{"itemId":"B001TJWRS4","ProductIndex":101109}
{"itemId":"B000ENWT1Q","ProductIndex":37391}
{"itemId":"B004HVJIGA","ProductIndex":45328}
{"itemId":"B004G6MITA","ProductIndex":140824}
{"itemId":"B002NZROLI","ProductIndex":21804}
{"itemId":"B005PJ1WWQ","ProductIndex":64427}
{"itemId":"B003V57URW","ProductIndex":139313}
{"itemId":"B0089PZ0JO","ProductIndex":33190}
{"itemId":"B0080Q22KC","ProductIndex":121798}
{"itemId":"B0018QS8UO","ProductIndex":85111}
{"itemId":"B002NKM2WO","ProductIndex":97955}
{"itemId":"B0093XPUD2","ProductIndex":192956}
{"itemId":"B007GDNQNM","ProductIndex":116803}
{"itemId":"B000IBO4M6","ProductIndex":84732}
{"itemId":"B00B981F2Y","ProductIndex":53837}
{"itemId":"B004E2F2GM","ProductIndex":133998}
{"itemId":"B001WLTI7W","ProductIndex":20976}
{"itemId":"B00009R855","ProductIndex":77700}
{"itemId":"B002P6QIIA","ProductIndex":86560}
{"itemId":"B007B8Y1KO","ProductIndex":31668}
{"itemId":"B000FELF14","ProductIndex":125099}
{"itemId":"B000165GJI","ProductIndex":30905}
{"itemId":"B000063XWE","ProductIndex":153929}
{"itemId":"B000IOYW5W","ProductIndex":59540}
{"itemId":"B007UCCCC0","ProductIndex":100036}
{"itemId":"B008CN0SIQ","ProductIndex":94783}
{"itemId":"B005NIN880","ProductIndex":79102}
{"itemId":"B0009OD6R6","ProductIndex":28387}
{"itemId":"B0015C9VP2","ProductIndex":161192}
{"itemId":"B004UJPP4S","ProductIndex":37059}
{"itemId":"B00004THMT","ProductIndex":97960}
{"itemId":"B004IZN3ES","ProductIndex":77372}
{"itemId":"B00GOIWXMA","ProductIndex":91040}
{"itemId":"B004054OCQ","ProductIndex":182319}
{"itemId":"B00EOFSZZO","ProductIndex":165542}
{"itemId":"B008O5PMBA","ProductIndex":104290}
{"itemId":"B007Z9K3KG","ProductIndex":81603}
{"itemId":"B003HAEZ9M","ProductIndex":132610}
{"itemId":"B000C54EAA","ProductIndex":109120}
{"itemId":"B0000DYV8G","ProductIndex":43407}
{"itemId":"B00176895Y","ProductIndex":103531}
{"itemId":"B008XTWJ3G","ProductIndex":72183}
{"itemId":"B00005MNHK","ProductIndex":74516}
{"itemId":"B00CRMXSGW","ProductIndex":75420}
{"itemId":"B003WQ4U0A","ProductIndex":14888}
{"itemId":"B009IZSKW8","ProductIndex":198293}
{"itemId":"B005YVTI80","ProductIndex":78161}
{"itemId":"B005JH4QO0","ProductIndex":52477}
{"itemId":"B0036NR2UY","ProductIndex":80172}
{"itemId":"B0065GDPQY","ProductIndex":81909}
{"itemId":"B0019BI65U","ProductIndex":103550}
{"itemId":"B000W6MFHI","ProductIndex":52100}
{"itemId":"B0025U4G7Q","ProductIndex":130670}
{"itemId":"B0096XE4RW","ProductIndex":118152}
{"itemId":"B0080UTAQW","ProductIndex":107304}
{"itemId":"B00BZ0VV1Q","ProductIndex":162504}
{"itemId":"B00HPMCN74","ProductIndex":67712}
{"itemId":"B0052SOKIS","ProductIndex":92020}
{"itemId":"B003N9NFQQ","ProductIndex":54361}
{"itemId":"B0031WLDWS","ProductIndex":45278}
{"itemId":"B0001EFIFW","ProductIndex":60151}
{"itemId":"B0044BXRYC","ProductIndex":55175}
{"itemId":"B001MTYKYA","ProductIndex":35888}
{"itemId":"B005OIGW2S","ProductIndex":76169}
{"itemId":"B001CRPIXE","ProductIndex":52523}
{"itemId":"B004S43T20","ProductIndex":51180}
{"itemId":"B004DLMBF4","ProductIndex":66703}
{"itemId":"B001Q5SMEE","ProductIndex":22629}
{"itemId":"B006VP63SQ","ProductIndex":137787}
{"itemId":"B000GOHVRK","ProductIndex":176091}
{"itemId":"B007I81588","ProductIndex":40656}
{"itemId":"B0013Y1G5K","ProductIndex":47413}
{"itemId":"B009HIO2YG","ProductIndex":138495}
{"itemId":"B00007LP8E","ProductIndex":75428}
{"itemId":"B005DBXV3Y","ProductIndex":109123}
{"itemId":"B00CJ85Q78","ProductIndex":198975}
{"itemId":"B00DOGIKXG","ProductIndex":83571}
{"itemId":"B004VC3NM0","ProductIndex":31144}
{"itemId":"B0006OCZHG","ProductIndex":66808}
{"itemId":"B00FTPHSCE","ProductIndex":96201}
{"itemId":"B00GLAWLSM","ProductIndex":101593}
{"itemId":"B001QWRUCW","ProductIndex":74428}
{"itemId":"B0002KQRHI","ProductIndex":84365}
{"itemId":"B00DCCJQ0S","ProductIndex":49702}
{"itemId":"B009LZ08WA","ProductIndex":71922}
{"itemId":"B004SKGULG","ProductIndex":57193}
{"itemId":"B006Z4TDVW","ProductIndex":83860}
{"itemId":"B0000511C2","ProductIndex":87883}
{"itemId":"B00EZWGXBY","ProductIndex":107757}
{"itemId":"B005TUQUZU","ProductIndex":105276}
{"itemId":"B0078SL91Q","ProductIndex":114283}
{"itemId":"B009N9L1P2","ProductIndex":80381}
{"itemId":"B003JH7XQK","ProductIndex":98498}
{"itemId":"B0000AKVPQ","ProductIndex":118677}
{"itemId":"B009LHWAEW","ProductIndex":50083}
{"itemId":"B000FKK1W2","ProductIndex":172990}
{"itemId":"B004J0SUQ8","ProductIndex":143174}
{"itemId":"B002IQWWOG","ProductIndex":85979}
{"itemId":"B003FOY6U8","ProductIndex":98811}
{"itemId":"B004Y8M8LS","ProductIndex":108564}
{"itemId":"B000BHITY6","ProductIndex":42204}
{"itemId":"B008JH59FC","ProductIndex":28166}
{"itemId":"B000068O68","ProductIndex":96889}
{"itemId":"B0002KU35K","ProductIndex":134680}
{"itemId":"B000HDONAI","ProductIndex":43224}
{"itemId":"B0048JJH5S","ProductIndex":75767}
{"itemId":"B0040RT4S8","ProductIndex":149591}
{"itemId":"B006598N7M","ProductIndex":110111}
{"itemId":"B00DSCYR7E","ProductIndex":201933}
{"itemId":"B0054KCDZQ","ProductIndex":44660}
{"itemId":"B00H6RN2IW","ProductIndex":104688}
{"itemId":"B003F48SZ2","ProductIndex":142412}
{"itemId":"B001MQ6DBG","ProductIndex":123149}
{"itemId":"B00AJCY7QW","ProductIndex":78164}
{"itemId":"B0002X6XGA","ProductIndex":109572}
{"itemId":"B00I6BJATW","ProductIndex":93067}
{"itemId":"B001KUSZ1A","ProductIndex":109271}
{"itemId":"B0030KSYIM","ProductIndex":165626}
{"itemId":"B005GVMRTK","ProductIndex":192083}
{"itemId":"B000TK1VGS","ProductIndex":145110}
{"itemId":"B0000SY4TA","ProductIndex":65749}
{"itemId":"B00BI37RNG","ProductIndex":116454}
{"itemId":"B00E5V5C8U","ProductIndex":157365}
{"itemId":"B00356HHRK","ProductIndex":107734}
{"itemId":"B0055UM5WG","ProductIndex":165234}
{"itemId":"B000P6QBJ8","ProductIndex":170272}
{"itemId":"B005F6O5NW","ProductIndex":205860}
{"itemId":"B00BWKG1QE","ProductIndex":206908}
{"itemId":"B004EIL4R2","ProductIndex":154206}
{"itemId":"B000K8P8VI","ProductIndex":157775}
{"itemId":"B000ANOZ4O","ProductIndex":104893}
{"itemId":"B00EFD6KKM","ProductIndex":186477}
{"itemId":"B00006BH7F","ProductIndex":151501}
{"itemId":"B00004TLNI","ProductIndex":162093}
{"itemId":"B006FATD52","ProductIndex":125404}
{"itemId":"B002GZXO5A","ProductIndex":54333}
{"itemId":"B006XA7JY6","ProductIndex":60957}
{"itemId":"B002PK156G","ProductIndex":163617}
{"itemId":"B0009FUAMY","ProductIndex":120222}
{"itemId":"B008DRA2GE","ProductIndex":50267}
{"itemId":"B0081B7RGK","ProductIndex":145175}
{"itemId":"B00064C3XC","ProductIndex":47563}
{"itemId":"B000J46XTE","ProductIndex":96589}
{"itemId":"B0007M3PJY","ProductIndex":64387}
{"itemId":"B000B91220","ProductIndex":123721}
{"itemId":"B006GHDF94","ProductIndex":144624}
{"itemId":"B000JI1OW6","ProductIndex":110804}
{"itemId":"B00C5DDFKC","ProductIndex":136473}
{"itemId":"B002GXGFDA","ProductIndex":174353}
{"itemId":"B002GWQ4IW","ProductIndex":84770}
{"itemId":"B007S6HQ6K","ProductIndex":85815}
{"itemId":"B00001XE0L","ProductIndex":155892}
{"itemId":"B00BJFMH4W","ProductIndex":131973}
{"itemId":"B000HDMUV2","ProductIndex":54429}
{"itemId":"B0018G5N70","ProductIndex":204157}
{"itemId":"B000BLHZO2","ProductIndex":113318}
{"itemId":"B001UQQSZE","ProductIndex":115090}
{"itemId":"B001GPOI1U","ProductIndex":87862}
{"itemId":"B0024CAXCM","ProductIndex":59526}
{"itemId":"B005HZMATC","ProductIndex":91918}
{"itemId":"B00009PGTE","ProductIndex":90955}
{"itemId":"B001BBMW76","ProductIndex":170493}
{"itemId":"B001DGL2W0","ProductIndex":204866}
{"itemId":"B000ZRS57S","ProductIndex":163312}
{"itemId":"B007MWYCG2","ProductIndex":52087}
{"itemId":"B002HSUK80","ProductIndex":97611}
{"itemId":"B0075IQKYA","ProductIndex":74190}
{"itemId":"B00H6TVFDO","ProductIndex":144336}
{"itemId":"B0001AU6XU","ProductIndex":66492}
{"itemId":"B006QD2JYA","ProductIndex":107777}
{"itemId":"B0080DHH0A","ProductIndex":147264}
{"itemId":"B0009MWCQ4","ProductIndex":155264}
{"itemId":"B007QXLSM8","ProductIndex":123270}
{"itemId":"B0019K9RZE","ProductIndex":114897}
{"itemId":"B00439G59E","ProductIndex":63969}
{"itemId":"B0038D7NU6","ProductIndex":58793}
{"itemId":"B005MWFDEE","ProductIndex":137047}
{"itemId":"B00FPA5SWA","ProductIndex":105209}
{"itemId":"B001EJHMW0","ProductIndex":41894}
{"itemId":"B009D17FBE","ProductIndex":193017}
{"itemId":"B007RN9WJS","ProductIndex":142690}
{"itemId":"B0083IG8K2","ProductIndex":59191}
{"itemId":"B0087KGNTM","ProductIndex":101158}
{"itemId":"B009VDKW8W","ProductIndex":122439}
{"itemId":"B00CGVPXY4","ProductIndex":138247}
{"itemId":"B00067YSM8","ProductIndex":137906}
{"itemId":"B003U8COQW","ProductIndex":69382}
{"itemId":"B005HAT52C","ProductIndex":206794}
{"itemId":"B004FM1X1O","ProductIndex":83733}
{"itemId":"B009T08IU6","ProductIndex":143640}
{"itemId":"B0084H5JGQ","ProductIndex":74349}
{"itemId":"B00092GTZE","ProductIndex":132711}
{"itemId":"B006JN1WU4","ProductIndex":70868}
{"itemId":"B000BHNENC","ProductIndex":109834}
{"itemId":"B00GSX3RYO","ProductIndex":106722}
{"itemId":"B002DCLJR6","ProductIndex":103779}
{"itemId":"B007UXBKAE","ProductIndex":79522}
{"itemId":"B00166VDGM","ProductIndex":69753}
{"itemId":"B002ALV9VQ","ProductIndex":104742}
{"itemId":"B0067PMWXA","ProductIndex":119418}
{"itemId":"B00858I560","ProductIndex":83336}
{"itemId":"B0000659BN","ProductIndex":155784}
{"itemId":"B003H04T84","ProductIndex":169543}
{"itemId":"B008BUHCOI","ProductIndex":111382}
{"itemId":"B002VA7RPS","ProductIndex":50511}
{"itemId":"B001TNMHYY","ProductIndex":185904}
{"itemId":"B00188RXQ2","ProductIndex":149106}
{"itemId":"B00DVGB89M","ProductIndex":127191}
{"itemId":"B0035XUYHI","ProductIndex":125243}
{"itemId":"B007PK9RO8","ProductIndex":161200}
{"itemId":"B004GJ0OOI","ProductIndex":183443}
{"itemId":"B00BWE3KSM","ProductIndex":81390}
{"itemId":"B00ABDP8KS","ProductIndex":149766}
{"itemId":"B004AQDJLM","ProductIndex":66659}
{"itemId":"B001EW66RY","ProductIndex":185710}
{"itemId":"B0041U2D7I","ProductIndex":68245}
{"itemId":"B001OBZKPY","ProductIndex":170450}
{"itemId":"B009LRWA24","ProductIndex":68643}
{"itemId":"B004I2GFZA","ProductIndex":138067}
{"itemId":"B00006JQQ1","ProductIndex":176248}
{"itemId":"B004LEKIY4","ProductIndex":125667}
{"itemId":"B003KWSGV0","ProductIndex":51183}
{"itemId":"B00067PXD6","ProductIndex":142074}
{"itemId":"B001IZZ7J0","ProductIndex":127331}
{"itemId":"B008R34H7E","ProductIndex":204577}
{"itemId":"B0001F9KL4","ProductIndex":108328}
{"itemId":"B00DREUQNM","ProductIndex":201156}
{"itemId":"B002K3Z3H0","ProductIndex":73157}
{"itemId":"B008CMTTEQ","ProductIndex":139025}
{"itemId":"B0010HGBCI","ProductIndex":106489}
{"itemId":"B0028V2FAW","ProductIndex":138036}
{"itemId":"B002TG3D5C","ProductIndex":109731}
{"itemId":"B000A1KD1K","ProductIndex":98700}
{"itemId":"B005B08FJ2","ProductIndex":107466}
{"itemId":"B006U5F0B8","ProductIndex":187264}
{"itemId":"B003G2YVUY","ProductIndex":121871}
{"itemId":"B00067AY1C","ProductIndex":63008}
{"itemId":"B005KPDVOW","ProductIndex":161042}
{"itemId":"B00642RDGW","ProductIndex":42750}
{"itemId":"B003HLAXOM","ProductIndex":59494}
{"itemId":"B005NTVRH8","ProductIndex":69289}
{"itemId":"B001THT1P8","ProductIndex":146175}
{"itemId":"B00EOG9EBC","ProductIndex":129631}
{"itemId":"B005L8VEW4","ProductIndex":84934}
{"itemId":"B0026NSWSQ","ProductIndex":45147}
{"itemId":"B00HBGNQZM","ProductIndex":108302}
{"itemId":"B00F9E2NZC","ProductIndex":65936}
{"itemId":"B0009WZ0XG","ProductIndex":75579}
{"itemId":"B00F81XRD8","ProductIndex":92224}
{"itemId":"B008OZ8UMS","ProductIndex":157281}
{"itemId":"B002P3KNAW","ProductIndex":192436}
{"itemId":"B000HHLTWO","ProductIndex":92614}
{"itemId":"B003JZCDO4","ProductIndex":170216}
{"itemId":"B00F3120NG","ProductIndex":115232}
{"itemId":"B007IZX3IG","ProductIndex":102925}
{"itemId":"B003C2SZVY","ProductIndex":127718}
{"itemId":"B00CJRRY9M","ProductIndex":121622}
{"itemId":"B00265FN0O","ProductIndex":60537}
{"itemId":"B002POIZ74","ProductIndex":177640}
{"itemId":"B00AXOP9QS","ProductIndex":88181}
{"itemId":"B00117D6TS","ProductIndex":187789}
{"itemId":"B000NWK6WM","ProductIndex":182515}
{"itemId":"B004XDZ7LW","ProductIndex":47985}
{"itemId":"B003AQBKPU","ProductIndex":116319}
{"itemId":"B0009FUAOM","ProductIndex":141741}
{"itemId":"B00I21X5A6","ProductIndex":147385}
{"itemId":"B001418UU6","ProductIndex":61387}
{"itemId":"B001AI3IFK","ProductIndex":159306}
{"itemId":"B0015IX8PU","ProductIndex":95067}
{"itemId":"B00009R95M","ProductIndex":108090}
{"itemId":"B0002T5YB4","ProductIndex":119919}
{"itemId":"B004VTQ50A","ProductIndex":123594}
{"itemId":"B0051PP7C0","ProductIndex":162043}
{"itemId":"B000EMW99Y","ProductIndex":53108}
{"itemId":"B00EYS1GFC","ProductIndex":151884}
{"itemId":"B00I0VRE6E","ProductIndex":85564}
{"itemId":"B00620MR9Y","ProductIndex":50357}
{"itemId":"B005DQGNCA","ProductIndex":205209}
{"itemId":"B00APTIYPO","ProductIndex":83806}
{"itemId":"B0013FGX1G","ProductIndex":206441}
{"itemId":"B000ACAWW4","ProductIndex":129194}
{"itemId":"B004EQ0KV0","ProductIndex":160695}
{"itemId":"B003RGRPKC","ProductIndex":95433}
{"itemId":"B004H1VKJ8","ProductIndex":138727}
{"itemId":"B0060O8X18","ProductIndex":204695}
{"itemId":"B009YIYT3S","ProductIndex":115814}
{"itemId":"B008GUUWAE","ProductIndex":151765}
{"itemId":"B006MLOQME","ProductIndex":129846}
{"itemId":"B004ZMX7Y0","ProductIndex":143643}
{"itemId":"B00ATTVLKK","ProductIndex":100328}
{"itemId":"B0048ESU10","ProductIndex":88127}
{"itemId":"B009ZZNHYC","ProductIndex":64369}
{"itemId":"B00B2FVR9U","ProductIndex":103775}
{"itemId":"B00DIFH4UI","ProductIndex":85934}
{"itemId":"B007XYARMM","ProductIndex":192059}
{"itemId":"B007IWOQ1C","ProductIndex":72999}
{"itemId":"B003UDTA3W","ProductIndex":113289}
{"itemId":"B000Y2KI92","ProductIndex":202147}
{"itemId":"B002N4MP0O","ProductIndex":151544}
{"itemId":"B000HS12TI","ProductIndex":193502}
{"itemId":"B0019XUUFM","ProductIndex":171994}
{"itemId":"B00GJYQEGA","ProductIndex":130381}
{"itemId":"B00K444GP2","ProductIndex":142523}
{"itemId":"B00BXOYQPW","ProductIndex":116127}
{"itemId":"B004RE3YU8","ProductIndex":144872}
{"itemId":"B003V11QRQ","ProductIndex":189678}
{"itemId":"B002DUCKNK","ProductIndex":57831}
{"itemId":"B00021Z1YM","ProductIndex":190717}
{"itemId":"B00BYOEH6O","ProductIndex":127471}
{"itemId":"B00HIY8VLQ","ProductIndex":59906}
{"itemId":"B00009R8YQ","ProductIndex":189158}
{"itemId":"B0041EXD14","ProductIndex":108232}
{"itemId":"B007IRM6BO","ProductIndex":207382}
{"itemId":"B000SKQZ3S","ProductIndex":141021}
{"itemId":"B00F14400Q","ProductIndex":160115}
{"itemId":"B00A66YHRK","ProductIndex":61332}
{"itemId":"B00186FYLA","ProductIndex":92859}
{"itemId":"B004HE4QDC","ProductIndex":140363}
{"itemId":"B003HLB5YO","ProductIndex":60108}
{"itemId":"B00AK9ZTRU","ProductIndex":185027}
{"itemId":"B000BCDF86","ProductIndex":130312}
{"itemId":"B001R0OT5Y","ProductIndex":141182}
{"itemId":"B00HYPPVPS","ProductIndex":165611}
{"itemId":"B009MZCRLE","ProductIndex":114768}
{"itemId":"B000RO5NZQ","ProductIndex":170311}
{"itemId":"B000BW87VQ","ProductIndex":82469}
{"itemId":"B00HC0691U","ProductIndex":99745}
{"itemId":"B000T4IRSY","ProductIndex":156239}
{"itemId":"B00BNRQ27Y","ProductIndex":142893}
{"itemId":"B00JJWH98Q","ProductIndex":43725}
{"itemId":"B00E3Y1X6O","ProductIndex":105540}
{"itemId":"B00000JYXN","ProductIndex":156886}
{"itemId":"B00F698UVQ","ProductIndex":161801}
{"itemId":"B008RE8T8Q","ProductIndex":131083}
{"itemId":"B0002Y2P6Q","ProductIndex":201797}
{"itemId":"B0000C4DW1","ProductIndex":77287}
{"itemId":"B001TLMUCU","ProductIndex":186572}
{"itemId":"B002II3Q0S","ProductIndex":178571}
{"itemId":"B003VTZE6C","ProductIndex":74829}
{"itemId":"B000E19XU8","ProductIndex":134065}
{"itemId":"B00004UFRX","ProductIndex":121344}
{"itemId":"B0002KR0T2","ProductIndex":105091}
{"itemId":"B002QPY4UE","ProductIndex":114643}
{"itemId":"B008DM6NJE","ProductIndex":134397}
{"itemId":"B002PCRZ5E","ProductIndex":205859}
{"itemId":"B000BSF3NU","ProductIndex":200818}
{"itemId":"B004FN1AWK","ProductIndex":150304}
{"itemId":"B000A39X5A","ProductIndex":206928}
{"itemId":"B0096ZRHW4","ProductIndex":121444}
{"itemId":"B0069SDZKE","ProductIndex":206505}
{"itemId":"B00FHB0IOK","ProductIndex":190153}
{"itemId":"B007NG4HLM","ProductIndex":169150}
{"itemId":"B00EZVPDOS","ProductIndex":137837}
{"itemId":"B002A6HVCC","ProductIndex":43171}
{"itemId":"B0044BZH72","ProductIndex":99695}
{"itemId":"B009Z8ZKL2","ProductIndex":110640}
{"itemId":"B001QWRV3A","ProductIndex":181720}
{"itemId":"B0065DA6O6","ProductIndex":91759}
{"itemId":"B0085MH2II","ProductIndex":129721}
{"itemId":"B0012E0Y9U","ProductIndex":197524}
{"itemId":"B000OWR0TS","ProductIndex":169341}
{"itemId":"B003H7Z01C","ProductIndex":139018}
{"itemId":"B009ZHI86W","ProductIndex":166470}
{"itemId":"B00JA7ZQOY","ProductIndex":136519}
{"itemId":"B000RO1VYS","ProductIndex":74237}
{"itemId":"B002C94RVK","ProductIndex":108992}
{"itemId":"B002I5MC06","ProductIndex":164723}
{"itemId":"B00116XQ62","ProductIndex":168037}
{"itemId":"B001FRNEA0","ProductIndex":146401}
{"itemId":"B00EOMUDV6","ProductIndex":127923}
{"itemId":"B0019SPJ6M","ProductIndex":184835}
{"itemId":"B000YSHVC8","ProductIndex":151023}
{"itemId":"B00BBD1LUI","ProductIndex":103171}
{"itemId":"B003697W3A","ProductIndex":206527}
{"itemId":"B0072KJKLG","ProductIndex":130190}
{"itemId":"B000Y8HSM6","ProductIndex":82693}
{"itemId":"B008I97OEA","ProductIndex":120545}
{"itemId":"B001AQWIFS","ProductIndex":112315}
{"itemId":"B000HVD43W","ProductIndex":91196}
{"itemId":"B00GCPNCY8","ProductIndex":149156}
{"itemId":"B0046SHT60","ProductIndex":189139}
{"itemId":"B006WORZHY","ProductIndex":120532}
{"itemId":"B0019LTXSO","ProductIndex":114172}
{"itemId":"B007ZHR2MA","ProductIndex":143053}
{"itemId":"B003E303X4","ProductIndex":160275}
{"itemId":"B005NFJ7J2","ProductIndex":147177}
{"itemId":"B00006I5T8","ProductIndex":95328}
{"itemId":"B0091M0026","ProductIndex":118022}
{"itemId":"B00GL2976O","ProductIndex":176778}
{"itemId":"B003THL9DI","ProductIndex":106089}
{"itemId":"B002MQIKZW","ProductIndex":132108}
{"itemId":"B0013FJ9DA","ProductIndex":69081}
{"itemId":"B008JAZIKA","ProductIndex":192530}
{"itemId":"B00DFB6PZ0","ProductIndex":198217}
{"itemId":"B000XFELDE","ProductIndex":192168}
{"itemId":"B003IH8JN2","ProductIndex":112988}
{"itemId":"B0023WIWJY","ProductIndex":197318}
{"itemId":"B000095S9F","ProductIndex":83477}
{"itemId":"B005GL6ADO","ProductIndex":188317}
{"itemId":"B003TP9U0E","ProductIndex":109828}
{"itemId":"B0009WIDI0","ProductIndex":171545}
{"itemId":"B000X4421Q","ProductIndex":132832}
{"itemId":"B00006HY17","ProductIndex":146691}
{"itemId":"B00315268A","ProductIndex":102775}
{"itemId":"B00BPZWIYU","ProductIndex":107172}
{"itemId":"B000F374QU","ProductIndex":164204}
{"itemId":"B0036G3H3W","ProductIndex":172694}
{"itemId":"B00BSR0UW2","ProductIndex":118218}
{"itemId":"B00EV0IIV8","ProductIndex":199179}
{"itemId":"B008LX1M7I","ProductIndex":186843}
{"itemId":"B0081K6QZE","ProductIndex":117754}
{"itemId":"B0001D56SM","ProductIndex":73947}
{"itemId":"B00GC3KCGG","ProductIndex":142264}
{"itemId":"B004PGM9LS","ProductIndex":131042}
{"itemId":"B000JMJWUI","ProductIndex":200122}
{"itemId":"B003XT66MG","ProductIndex":96950}
{"itemId":"B00007EDYF","ProductIndex":115360}
{"itemId":"B00CDSYNDM","ProductIndex":132366}
{"itemId":"B00435C79K","ProductIndex":69933}
{"itemId":"B00AQALP9O","ProductIndex":92775}
{"itemId":"B001GIMED6","ProductIndex":191720}
{"itemId":"B00C18YRS0","ProductIndex":175902}
{"itemId":"B001H4YUSG","ProductIndex":124717}
{"itemId":"B0047AFZXG","ProductIndex":86880}
{"itemId":"B007PJ1M4M","ProductIndex":165806}
{"itemId":"B0002F8P6O","ProductIndex":207431}
{"itemId":"B000X35LG2","ProductIndex":83921}
{"itemId":"B005H412KQ","ProductIndex":175131}
{"itemId":"B004JBPDD0","ProductIndex":140874}
{"itemId":"B002Q7GTAA","ProductIndex":133207}
{"itemId":"B001L123ZW","ProductIndex":147539}
{"itemId":"B007AWMYN2","ProductIndex":95797}
{"itemId":"B00BG5CS58","ProductIndex":187220}
{"itemId":"B006R2KOHE","ProductIndex":136259}
{"itemId":"B002892O1Y","ProductIndex":137729}
{"itemId":"B008VWVRTW","ProductIndex":178166}
{"itemId":"B002Q6ZTZM","ProductIndex":202831}
{"itemId":"B000I2T5J2","ProductIndex":177069}
{"itemId":"B004PEHWCG","ProductIndex":185969}
{"itemId":"B009I0W3YO","ProductIndex":130230}
{"itemId":"B000EIVC32","ProductIndex":72666}
{"itemId":"B008FPLBM8","ProductIndex":173334}
{"itemId":"B00IYJCNQI","ProductIndex":144938}
{"itemId":"B0007YFBHQ","ProductIndex":198678}
{"itemId":"B005FH45ZE","ProductIndex":183568}
{"itemId":"B00AWJM066","ProductIndex":202482}
{"itemId":"B0001GV58O","ProductIndex":146672}
{"itemId":"B003VZKO1Q","ProductIndex":160716}
{"itemId":"B00456QPTU","ProductIndex":161426}
{"itemId":"B001AM3PRW","ProductIndex":114740}
{"itemId":"B008JB0V4W","ProductIndex":145268}
{"itemId":"B00BYIJZKI","ProductIndex":160570}
{"itemId":"B000OW3592","ProductIndex":90007}
{"itemId":"B0002KK5A8","ProductIndex":171333}
{"itemId":"B0080F647A","ProductIndex":132895}
{"itemId":"B009LHF4F4","ProductIndex":58857}
{"itemId":"B007UID3D6","ProductIndex":184490}
{"itemId":"B00005B99V","ProductIndex":141846}
{"itemId":"B000F4VLGI","ProductIndex":103578}
{"itemId":"B004AKJVEW","ProductIndex":167700}
{"itemId":"B002IIAT1M","ProductIndex":171958}
{"itemId":"B000PK3CB4","ProductIndex":159337}
{"itemId":"B00EVVE1ZY","ProductIndex":194994}
{"itemId":"B00E3QV5YM","ProductIndex":172511}
{"itemId":"B001PSCO8W","ProductIndex":198426}
{"itemId":"B003VRS25Y","ProductIndex":157713}
{"itemId":"B00BYBWJ30","ProductIndex":201772}
{"itemId":"B00C5JS6RS","ProductIndex":183394}
{"itemId":"B00D74FW4K","ProductIndex":132029}
{"itemId":"B003IYOFYC","ProductIndex":125637}
{"itemId":"B0043D35Z2","ProductIndex":202969}
{"itemId":"B007NN5ANE","ProductIndex":170554}
{"itemId":"B003E47FTS","ProductIndex":173861}
{"itemId":"B00A82562M","ProductIndex":162103}
{"itemId":"B0017S40LE","ProductIndex":117979}
{"itemId":"B003LS9KKE","ProductIndex":199681}
{"itemId":"B0009HMXHW","ProductIndex":205971}
{"itemId":"B004AR2JG2","ProductIndex":198048}
{"itemId":"B00746TT2I","ProductIndex":201588}
{"itemId":"B004YWJADI","ProductIndex":159364}
{"itemId":"B000GE9LKU","ProductIndex":163546}
{"itemId":"B009W1OIHE","ProductIndex":174888}
{"itemId":"B006LW1HSK","ProductIndex":202240}
{"itemId":"B00509VG1S","ProductIndex":135000}
{"itemId":"B005J3866S","ProductIndex":160184}
{"itemId":"B008XI5AMO","ProductIndex":187174}
{"itemId":"B001BNYX58","ProductIndex":147716}
{"itemId":"B0009F4ORG","ProductIndex":186566}
{"itemId":"B0096VEGXQ","ProductIndex":76924}
{"itemId":"B008ILKUB2","ProductIndex":160698}
{"itemId":"B001DQNGLK","ProductIndex":185991}
{"itemId":"B007Y1FIKU","ProductIndex":164438}
{"itemId":"B000068NXE","ProductIndex":177172}
{"itemId":"B004RTT1DM","ProductIndex":112444}
{"itemId":"B001CXN0D8","ProductIndex":195963}
{"itemId":"B00A17LQGY","ProductIndex":188161}
{"itemId":"B008DZ17TC","ProductIndex":123296}
{"itemId":"B004HQYQZ8","ProductIndex":175424}
{"itemId":"B00004SY5D","ProductIndex":111509}
{"itemId":"B000EPN00S","ProductIndex":175357}
{"itemId":"B009S4H1P6","ProductIndex":83115}
{"itemId":"B00G5L9ODW","ProductIndex":150454}
{"itemId":"B00009R8FK","ProductIndex":103602}
{"itemId":"B004QMKFL2","ProductIndex":155481}
{"itemId":"B004FR6MMO","ProductIndex":195125}
{"itemId":"B00ANGO2U0","ProductIndex":149681}
{"itemId":"B00870XUU2","ProductIndex":147601}
{"itemId":"B003PDJDMK","ProductIndex":191794}
{"itemId":"B000KL19MW","ProductIndex":199608}
{"itemId":"B001SVH8KU","ProductIndex":162092}
{"itemId":"B0083MQH3Q","ProductIndex":124232}
{"itemId":"B000NZ8MXE","ProductIndex":183916}
{"itemId":"B004HIGP4Q","ProductIndex":200708}
{"itemId":"B00DIGYUQS","ProductIndex":151862}
{"itemId":"B00B72ASEI","ProductIndex":79180}
{"itemId":"B00008IP5M","ProductIndex":188049}
{"itemId":"B005SR77L0","ProductIndex":195649}
{"itemId":"B00EYWA2M6","ProductIndex":171746}
{"itemId":"B000A4A1PA","ProductIndex":144578}
{"itemId":"B00FG8DLWK","ProductIndex":95178}
{"itemId":"B0061GNRKW","ProductIndex":116990}
{"itemId":"B00A67O9O0","ProductIndex":208213}
{"itemId":"B006RDM6XS","ProductIndex":61153}
{"itemId":"B000VMUTPS","ProductIndex":191982}
{"itemId":"B007MCMSGS","ProductIndex":183797}
{"itemId":"B001MS6NQ4","ProductIndex":109228}
{"itemId":"9985580974","ProductIndex":202851}
{"itemId":"B009XNID1S","ProductIndex":188006}
{"itemId":"B003UJ4IHO","ProductIndex":192420}
{"itemId":"B00F6531DC","ProductIndex":198538}
{"itemId":"B003AV1Y60","ProductIndex":186696}
{"itemId":"B00CUOAK22","ProductIndex":205721}
{"itemId":"B004RC02PA","ProductIndex":193257}
{"itemId":"B0083F1SE6","ProductIndex":155661}
{"itemId":"B004D2LVH2","ProductIndex":190734}
{"itemId":"B006QB1RQI","ProductIndex":126932}
{"itemId":"B00A7WA7A4","ProductIndex":150812}
{"itemId":"B004CZCORG","ProductIndex":189578}
{"itemId":"B000EI5DLY","ProductIndex":115845}
{"itemId":"B00EKVXDWM","ProductIndex":200433}
{"itemId":"B0046EL11I","ProductIndex":201484}
{"itemId":"B006QB8K3G","ProductIndex":144795}
{"itemId":"B000BQ77L8","ProductIndex":203588}
{"itemId":"B00EVQPU04","ProductIndex":191983}
{"itemId":"B003AYQBH4","ProductIndex":158974}
{"itemId":"B003CNS1DA","ProductIndex":156364}
{"itemId":"B008F5TAYY","ProductIndex":115045}
{"itemId":"B0053IY6Y0","ProductIndex":203592}
{"itemId":"B00BPAG15W","ProductIndex":114927}
{"itemId":"B00H28PXGY","ProductIndex":178305}
{"itemId":"B005N8DC04","ProductIndex":190688}
{"itemId":"B000PDAZAW","ProductIndex":171291}
{"itemId":"B000SQXIA0","ProductIndex":153208}
{"itemId":"B0033TOLH8","ProductIndex":115736}
{"itemId":"B00008NJEF","ProductIndex":197991}
{"itemId":"B004I8Z33E","ProductIndex":154632}
{"itemId":"B00G40JDWG","ProductIndex":157697}
{"itemId":"B000AQH9XK","ProductIndex":207704}
{"itemId":"B009PO15G0","ProductIndex":113697}
{"itemId":"B000UZTTK2","ProductIndex":187668}
{"itemId":"B0088PVBZC","ProductIndex":104340}
{"itemId":"B0009N5BWK","ProductIndex":180747}
{"itemId":"B000OHSIG2","ProductIndex":187729}
{"itemId":"B000EMBGS4","ProductIndex":173619}
{"itemId":"B003XFSLA0","ProductIndex":192558}
{"itemId":"B004NF87Z8","ProductIndex":136264}
{"itemId":"B003LL7NUU","ProductIndex":162926}
{"itemId":"B0041QUPPE","ProductIndex":180499}
{"itemId":"B00062J3KU","ProductIndex":208198}
{"itemId":"B00008L3IQ","ProductIndex":198739}
{"itemId":"B0028MMP9W","ProductIndex":191082}
{"itemId":"B001D1A8KM","ProductIndex":140488}
{"itemId":"B00763WFXY","ProductIndex":207481}
{"itemId":"B0007W2H2K","ProductIndex":141222}
{"itemId":"B008I8AH4A","ProductIndex":148178}
{"itemId":"B005EJLFYW","ProductIndex":175540}
{"itemId":"B00AFYZ5XI","ProductIndex":183553}
{"itemId":"B004WL9OKA","ProductIndex":200397}
{"itemId":"B0076708PW","ProductIndex":197384}
{"itemId":"B002Y0XWUY","ProductIndex":196298}
{"itemId":"B00496JT94","ProductIndex":130355}
{"itemId":"B004IMC4JQ","ProductIndex":151425}
{"itemId":"B002KMIX96","ProductIndex":120664}
{"itemId":"B0019EPHTU","ProductIndex":179886}
{"itemId":"B0053ORLW8","ProductIndex":191079}
{"itemId":"B008XLYR7A","ProductIndex":188997}
{"itemId":"B004Z7DQBE","ProductIndex":180467}
{"itemId":"B005CYM4WQ","ProductIndex":142703}
{"itemId":"B007QEEYXC","ProductIndex":152821}
{"itemId":"B00139PT3U","ProductIndex":188373}
{"itemId":"B00B0S3WPQ","ProductIndex":184944}
{"itemId":"B0032FOJXY","ProductIndex":182096}
{"itemId":"B009U1SXS6","ProductIndex":175976}
{"itemId":"B00154YUT2","ProductIndex":105509}
{"itemId":"B0007WLI16","ProductIndex":183646}
{"itemId":"B00BFZOTOW","ProductIndex":200713}
{"itemId":"B000YPW6IU","ProductIndex":184273}
{"itemId":"B00DDXQMSA","ProductIndex":196894}
{"itemId":"B00HTQG5AW","ProductIndex":161510}
{"itemId":"B002UQVUA6","ProductIndex":196459}
{"itemId":"B002GQPTGG","ProductIndex":177555}
{"itemId":"B00FJBUFC8","ProductIndex":178656}
{"itemId":"B007WU44IK","ProductIndex":196997}
{"itemId":"B001MJ0H24","ProductIndex":184869}
{"itemId":"B003AVMZDQ","ProductIndex":194043}
{"itemId":"B0060HSE8C","ProductIndex":161594}
{"itemId":"B006NBA0SM","ProductIndex":206876}
{"itemId":"B00198P822","ProductIndex":153879}
{"itemId":"B000186ZSW","ProductIndex":175457}
{"itemId":"B0086KN7L0","ProductIndex":185015}
{"itemId":"B0085NQGV6","ProductIndex":152426}
{"itemId":"B007GULD0S","ProductIndex":188474}
{"itemId":"B000HJ0S88","ProductIndex":204179}
{"itemId":"B006ETZNR6","ProductIndex":207968}
{"itemId":"B008RQ9U28","ProductIndex":178380}
{"itemId":"B000OY83E2","ProductIndex":200564}
{"itemId":"B008XI3BXO","ProductIndex":192377}
{"itemId":"B002P3KNFC","ProductIndex":206047}
{"itemId":"B0035TQA5W","ProductIndex":176800}
{"itemId":"B003QIM3OE","ProductIndex":163188}
{"itemId":"B00005NANV","ProductIndex":194768}
{"itemId":"B00B42RT0C","ProductIndex":176063}
{"itemId":"B001UGDUB4","ProductIndex":185369}
{"itemId":"B007D2WT3O","ProductIndex":178227}
{"itemId":"B008ZE1LF6","ProductIndex":198660}
{"itemId":"B0085OU79W","ProductIndex":204968}
{"itemId":"B005V6QKPC","ProductIndex":195557}
