{"itemId":"B001UE6N6A","ProductIndex":2351}
{"itemId":"B005Z458XU","ProductIndex":54443}
{"itemId":"B007Q45EF4","ProductIndex":210}
{"itemId":"B005ARQV6U","ProductIndex":237}
{"itemId":"B000IV6S9S","ProductIndex":13337}
{"itemId":"B007A0CYCK","ProductIndex":45725}
{"itemId":"B000P8BQ2S","ProductIndex":104598}
{"itemId":"B000FJD5IA","ProductIndex":2555}
{"itemId":"B00E4B1TW4","ProductIndex":2563}
{"itemId":"B001HX4ELU","ProductIndex":76911}
{"itemId":"B002JQNXZC","ProductIndex":118}
{"itemId":"B005J2PTNW","ProductIndex":12065}
{"itemId":"B002V9W3KI","ProductIndex":8763}
{"itemId":"B0019447JQ","ProductIndex":10219}
{"itemId":"B005EZTUMU","ProductIndex":1731}
{"itemId":"B004GW25WY","ProductIndex":882}
{"itemId":"B0082JFD1W","ProductIndex":60836}
{"itemId":"B00000K3RE","ProductIndex":70602}
{"itemId":"B003ZX8B3W","ProductIndex":346}
{"itemId":"B002ROGICG","ProductIndex":37459}
{"itemId":"B001FWYGJS","ProductIndex":876}
{"itemId":"B00126RZR2","ProductIndex":30453}
{"itemId":"B005JX3WVC","ProductIndex":39303}
{"itemId":"B00GL1I1JY","ProductIndex":11223}
{"itemId":"B007Y0098W","ProductIndex":53654}
{"itemId":"B005HSG3TC","ProductIndex":298}
{"itemId":"B005SEZR0G","ProductIndex":1773}
{"itemId":"B00004Z0BM","ProductIndex":147399}
{"itemId":"B0098EYM3A","ProductIndex":5922}
{"itemId":"B006VS8WFK","ProductIndex":22191}
{"itemId":"B004AGX4YO","ProductIndex":2095}
{"itemId":"B00001W0EQ","ProductIndex":4174}
{"itemId":"B009NE5Y9G","ProductIndex":25817}
{"itemId":"B003AVN6E8","ProductIndex":46985}
{"itemId":"B004PST5FE","ProductIndex":35555}
{"itemId":"B004D4R9VC","ProductIndex":5285}
{"itemId":"B0086WBM9M","ProductIndex":31513}
{"itemId":"B001ENOZY4","ProductIndex":1448}
{"itemId":"B004YIFOPK","ProductIndex":5358}
{"itemId":"B004YW79F4","ProductIndex":1968}
{"itemId":"B000VM3QIU","ProductIndex":33114}
{"itemId":"B004FNRTGG","ProductIndex":30243}
{"itemId":"B004GW5PTY","ProductIndex":3999}
{"itemId":"B0057GXAW2","ProductIndex":187352}
{"itemId":"B001HXCOOO","ProductIndex":3680}
{"itemId":"B007SM7O2U","ProductIndex":473}
{"itemId":"B00547IQ8C","ProductIndex":23304}
{"itemId":"B00000J4GE","ProductIndex":13541}
{"itemId":"B004A7Z3BA","ProductIndex":34178}
{"itemId":"B00006JPDE","ProductIndex":65566}
{"itemId":"B002RJLKE2","ProductIndex":50872}
{"itemId":"B00CHSRKGK","ProductIndex":22951}
{"itemId":"B0045AOUQ6","ProductIndex":149397}
{"itemId":"B002MVQF40","ProductIndex":41273}
{"itemId":"B00EOE4G4E","ProductIndex":2842}
{"itemId":"B001WAKDK4","ProductIndex":50977}
{"itemId":"B000BKJOQ0","ProductIndex":50027}
{"itemId":"B00348KXD4","ProductIndex":155177}
{"itemId":"B00419OIRM","ProductIndex":10348}
{"itemId":"B000UN8MKM","ProductIndex":11943}
{"itemId":"B008S7KL7O","ProductIndex":38742}
{"itemId":"B002WN1GOW","ProductIndex":2875}
{"itemId":"B0018MA8LA","ProductIndex":27229}
{"itemId":"B00FRDUZUK","ProductIndex":17553}
{"itemId":"B00DYOUGSU","ProductIndex":14304}
{"itemId":"B001U0O7SA","ProductIndex":9435}
{"itemId":"B00FE4D0G8","ProductIndex":56105}
{"itemId":"B003FJYOPA","ProductIndex":54052}
{"itemId":"B001F50UHM","ProductIndex":4500}
{"itemId":"B003TUE2PW","ProductIndex":39648}
{"itemId":"B003QIVFC0","ProductIndex":37263}
{"itemId":"B000CSXP1Q","ProductIndex":150576}
{"itemId":"B000UZVKO0","ProductIndex":16139}
{"itemId":"B0093VH9UQ","ProductIndex":67880}
{"itemId":"B00EVWX5UK","ProductIndex":23270}
{"itemId":"B00EUUZMGI","ProductIndex":94776}
{"itemId":"B002PNL0F4","ProductIndex":35899}
{"itemId":"B005LY7G9S","ProductIndex":121441}
{"itemId":"B006IKGL7C","ProductIndex":122759}
{"itemId":"B00HQUKBTW","ProductIndex":207793}
{"itemId":"B0000B35CK","ProductIndex":13367}
{"itemId":"B000A4AWOU","ProductIndex":49184}
{"itemId":"B009T5FY44","ProductIndex":14945}
{"itemId":"B005WYJ8AM","ProductIndex":4952}
{"itemId":"B006XXQRSM","ProductIndex":3515}
{"itemId":"B00425MQGA","ProductIndex":6762}
{"itemId":"B009DCNP9O","ProductIndex":1276}
{"itemId":"B00138V93A","ProductIndex":108338}
{"itemId":"B0047741BG","ProductIndex":12299}
{"itemId":"B00HUGNN06","ProductIndex":56961}
{"itemId":"B00EAZVWNA","ProductIndex":115767}
{"itemId":"B0053OLY9O","ProductIndex":455}
{"itemId":"B0008JHJQQ","ProductIndex":192160}
{"itemId":"B004S6084U","ProductIndex":24758}
{"itemId":"B002OHD8O2","ProductIndex":83786}
{"itemId":"B001B8R828","ProductIndex":119727}
{"itemId":"B00391Z83G","ProductIndex":14293}
{"itemId":"B001781QJI","ProductIndex":38163}
{"itemId":"B00CHYOP7Q","ProductIndex":49581}
{"itemId":"B003E16ODE","ProductIndex":7184}
{"itemId":"B004K8WPUQ","ProductIndex":5446}
{"itemId":"B001EKW0O4","ProductIndex":78583}
{"itemId":"B008OHKMPE","ProductIndex":22835}
{"itemId":"B004NUS72G","ProductIndex":34261}
{"itemId":"B00009QORF","ProductIndex":30402}
{"itemId":"B00DKVGYUQ","ProductIndex":205053}
{"itemId":"B0043TV8QO","ProductIndex":6820}
{"itemId":"B001TVAU0E","ProductIndex":2819}
{"itemId":"B002T5SH68","ProductIndex":93856}
{"itemId":"B00DBA1VYU","ProductIndex":4566}
{"itemId":"B004BNSRGQ","ProductIndex":54518}
{"itemId":"B000GU88CQ","ProductIndex":4115}
{"itemId":"B00009R7QK","ProductIndex":106442}
{"itemId":"B009HQKR0Q","ProductIndex":44324}
{"itemId":"B00313JCU2","ProductIndex":42784}
{"itemId":"B009HPC21O","ProductIndex":35264}
{"itemId":"B0000D0Y4Z","ProductIndex":104383}
{"itemId":"B003FO68ZE","ProductIndex":19270}
{"itemId":"B003JOPWHK","ProductIndex":17218}
{"itemId":"B000094ADV","ProductIndex":92756}
{"itemId":"B00JP12170","ProductIndex":5058}
{"itemId":"B00433SRP0","ProductIndex":79678}
{"itemId":"B005C32Q8O","ProductIndex":34651}
{"itemId":"B001IC2B1U","ProductIndex":205228}
{"itemId":"B001B56X3G","ProductIndex":199738}
{"itemId":"B000Q6V2UK","ProductIndex":103190}
{"itemId":"B000GZYMHG","ProductIndex":16269}
{"itemId":"B002XRZ9G8","ProductIndex":4687}
{"itemId":"B002VGWFF4","ProductIndex":9847}
{"itemId":"B007TPGEVI","ProductIndex":54573}
{"itemId":"B0063M1AMG","ProductIndex":16030}
{"itemId":"B00D467DRK","ProductIndex":50862}
{"itemId":"B007ZW548E","ProductIndex":8428}
{"itemId":"B006OEL86Q","ProductIndex":12490}
{"itemId":"B000G6ZXFU","ProductIndex":61224}
{"itemId":"B004STRSUY","ProductIndex":79181}
{"itemId":"B000EPFG6Y","ProductIndex":22615}
{"itemId":"B008RRAY1I","ProductIndex":9727}
{"itemId":"B004CQGAYS","ProductIndex":1309}
{"itemId":"B0036G7O6I","ProductIndex":170237}
{"itemId":"B007QWJV1E","ProductIndex":85418}
{"itemId":"B00942TK8I","ProductIndex":6360}
{"itemId":"B006M0SUE0","ProductIndex":11044}
{"itemId":"B0071I142M","ProductIndex":76183}
{"itemId":"B00B5ZWY7G","ProductIndex":55406}
{"itemId":"B000EUGX7A","ProductIndex":9475}
{"itemId":"B00IYA2QK0","ProductIndex":45057}
{"itemId":"B001URUQ7Y","ProductIndex":24383}
{"itemId":"B004C51HRY","ProductIndex":21939}
{"itemId":"B00GSCJU3M","ProductIndex":129052}
{"itemId":"B00C37AZXK","ProductIndex":9535}
{"itemId":"B001FA1NFU","ProductIndex":53119}
{"itemId":"B002653KNQ","ProductIndex":21809}
{"itemId":"B002RWJGR2","ProductIndex":77918}
{"itemId":"B0081IKGES","ProductIndex":19532}
{"itemId":"B00007E7K1","ProductIndex":12506}
{"itemId":"B00CQBY174","ProductIndex":35576}
{"itemId":"B000067O87","ProductIndex":29316}
{"itemId":"B004Q9T78C","ProductIndex":29409}
{"itemId":"B00JORO0FG","ProductIndex":156677}
{"itemId":"B000GACRBO","ProductIndex":86969}
{"itemId":"B000S1NUKI","ProductIndex":127734}
{"itemId":"B000ND0LIU","ProductIndex":94502}
{"itemId":"B000IM88EA","ProductIndex":13852}
{"itemId":"B0081XAXXM","ProductIndex":7126}
{"itemId":"B00369Q4ZC","ProductIndex":161843}
{"itemId":"B004X3OZ7E","ProductIndex":204741}
{"itemId":"B0007U0IQE","ProductIndex":26965}
{"itemId":"B003IN0GRI","ProductIndex":8620}
{"itemId":"B0036VXX2M","ProductIndex":172602}
{"itemId":"B008K4XK7S","ProductIndex":51020}
{"itemId":"B009IYSP5Q","ProductIndex":106266}
{"itemId":"B003I29YF4","ProductIndex":14327}
{"itemId":"B001JT5BDC","ProductIndex":91886}
{"itemId":"B0026NX3Z8","ProductIndex":64785}
{"itemId":"B000IALOWK","ProductIndex":117547}
{"itemId":"B00CO8TBNS","ProductIndex":10135}
{"itemId":"B003ZSAKMM","ProductIndex":40230}
{"itemId":"B00007E8AB","ProductIndex":28282}
{"itemId":"B00HPPL1M4","ProductIndex":65816}
{"itemId":"B005OUV0J6","ProductIndex":63742}
{"itemId":"B0042B6IQS","ProductIndex":36698}
{"itemId":"B0072LEKMO","ProductIndex":18772}
{"itemId":"B00005AK8O","ProductIndex":136466}
{"itemId":"B00DURJORA","ProductIndex":69556}
{"itemId":"B0006I3ATO","ProductIndex":62900}
{"itemId":"B00AW0ZR7Y","ProductIndex":106796}
{"itemId":"B002MQIHWS","ProductIndex":61813}
{"itemId":"B004BV7XQ8","ProductIndex":12425}
{"itemId":"B00406Q59K","ProductIndex":13931}
{"itemId":"B004XFGSIQ","ProductIndex":26054}
{"itemId":"B00008N9M7","ProductIndex":18022}
{"itemId":"B003HIXH84","ProductIndex":107614}
{"itemId":"B009AYWOGK","ProductIndex":61165}
{"itemId":"B007XZG3BU","ProductIndex":68513}
{"itemId":"B0013BT8US","ProductIndex":16824}
{"itemId":"B000TH3ALK","ProductIndex":29390}
{"itemId":"B005U8XJDW","ProductIndex":15153}
{"itemId":"B008GWPC1Q","ProductIndex":20213}
{"itemId":"B0099QUUY2","ProductIndex":97859}
{"itemId":"B0088O721K","ProductIndex":63139}
{"itemId":"B000M8WTI6","ProductIndex":122349}
{"itemId":"B006698TPM","ProductIndex":58414}
{"itemId":"B00GH92V8C","ProductIndex":36026}
{"itemId":"B00009R6QD","ProductIndex":54706}
{"itemId":"B000OGA802","ProductIndex":23607}
{"itemId":"B0015YOWK4","ProductIndex":158637}
{"itemId":"B00447C4HM","ProductIndex":30131}
{"itemId":"B000UZA7PI","ProductIndex":17689}
{"itemId":"B003DRBVRI","ProductIndex":89428}
{"itemId":"B00002CEX9","ProductIndex":71138}
{"itemId":"B007Q6UL7S","ProductIndex":45449}
{"itemId":"B005LFQVUC","ProductIndex":49800}
{"itemId":"B001L2SQB6","ProductIndex":88355}
{"itemId":"B009L7OD6A","ProductIndex":158264}
{"itemId":"B003BKV44C","ProductIndex":39373}
{"itemId":"B000V5EQY0","ProductIndex":116948}
{"itemId":"B0013T2T1U","ProductIndex":72132}
{"itemId":"B004QWAYQS","ProductIndex":89512}
{"itemId":"B004LTF5RO","ProductIndex":94261}
{"itemId":"B00G91XG6O","ProductIndex":61547}
{"itemId":"B00155137S","ProductIndex":53326}
{"itemId":"B000V0ET92","ProductIndex":12899}
{"itemId":"B0007L1VOG","ProductIndex":88952}
{"itemId":"B0063V48EY","ProductIndex":67788}
{"itemId":"B0002BEV9S","ProductIndex":24948}
{"itemId":"B002Q1R090","ProductIndex":194047}
{"itemId":"B003AILWI8","ProductIndex":100790}
{"itemId":"B002Q4VC9G","ProductIndex":11883}
{"itemId":"B003NZMJKI","ProductIndex":77986}
{"itemId":"B0007LZGDI","ProductIndex":158620}
{"itemId":"B0032FOJVQ","ProductIndex":16564}
{"itemId":"B000N50RH8","ProductIndex":75079}
{"itemId":"B0065VKQ34","ProductIndex":6019}
{"itemId":"B0057LA818","ProductIndex":27865}
{"itemId":"B0015ADZYC","ProductIndex":43421}
{"itemId":"B00A87HIQ4","ProductIndex":24391}
{"itemId":"B006RO4V44","ProductIndex":169346}
{"itemId":"B000050ZTQ","ProductIndex":87604}
{"itemId":"B000067O7I","ProductIndex":146419}
{"itemId":"B00AEV90L0","ProductIndex":76971}
{"itemId":"B005HEUUG8","ProductIndex":31234}
{"itemId":"B008KTOZEU","ProductIndex":114093}
{"itemId":"B001GIPRDA","ProductIndex":110781}
{"itemId":"B004VTROIC","ProductIndex":127685}
{"itemId":"B001MQ8EZO","ProductIndex":68250}
{"itemId":"B00FXYT12G","ProductIndex":9755}
{"itemId":"B003VMKXSS","ProductIndex":48551}
{"itemId":"B009TG9YDU","ProductIndex":150375}
{"itemId":"B003X1PIZU","ProductIndex":27275}
{"itemId":"B001V97ISG","ProductIndex":61753}
{"itemId":"B004T1YA66","ProductIndex":18243}
{"itemId":"B003F7N93K","ProductIndex":50828}
{"itemId":"B0026SGOCC","ProductIndex":17027}
{"itemId":"B002ZKR7X6","ProductIndex":41297}
{"itemId":"B001RUI3Q0","ProductIndex":11114}
{"itemId":"B000VZJA78","ProductIndex":63549}
{"itemId":"B002KCNYXG","ProductIndex":50670}
{"itemId":"B008CY8SVY","ProductIndex":93702}
{"itemId":"B004KJ6AHY","ProductIndex":73455}
{"itemId":"B0007ZL6DS","ProductIndex":17848}
{"itemId":"B004UR160C","ProductIndex":57306}
{"itemId":"B001CSR4XK","ProductIndex":77813}
{"itemId":"B00BHHBOMS","ProductIndex":141448}
{"itemId":"B000PALZE0","ProductIndex":5623}
{"itemId":"B000NRTCCM","ProductIndex":46681}
{"itemId":"B00101UHS8","ProductIndex":20141}
{"itemId":"B007VQ5BR8","ProductIndex":36912}
{"itemId":"B0044D7J1W","ProductIndex":20553}
{"itemId":"B00FI7TCGI","ProductIndex":184274}
{"itemId":"B000I83GEG","ProductIndex":82689}
{"itemId":"9966634975","ProductIndex":167741}
{"itemId":"B00F23HCVU","ProductIndex":104232}
{"itemId":"B0040ZK0B0","ProductIndex":58945}
{"itemId":"B000OBJW22","ProductIndex":25919}
{"itemId":"B00AAQL43G","ProductIndex":117451}
{"itemId":"B009O249SE","ProductIndex":120041}
{"itemId":"B001PPTT9M","ProductIndex":107252}
{"itemId":"B000NWZ7HQ","ProductIndex":165334}
{"itemId":"B004VSHE60","ProductIndex":10036}
{"itemId":"B008FUCNDO","ProductIndex":163755}
{"itemId":"B00ACN3H2S","ProductIndex":91338}
{"itemId":"B000UMY5W2","ProductIndex":62407}
{"itemId":"B000VTWQ84","ProductIndex":49792}
{"itemId":"B00G5CKH6O","ProductIndex":24176}
{"itemId":"B008K17DDS","ProductIndex":202949}
{"itemId":"B002JPMNAE","ProductIndex":28571}
{"itemId":"B007E5WPKM","ProductIndex":68468}
{"itemId":"B002T58JXY","ProductIndex":95144}
{"itemId":"B0019LZPYU","ProductIndex":74645}
{"itemId":"B00COGA6A2","ProductIndex":21333}
{"itemId":"B004PNNNB6","ProductIndex":103384}
{"itemId":"B005LR73I4","ProductIndex":117591}
{"itemId":"B0098NWYSQ","ProductIndex":169968}
{"itemId":"B000UZ66YY","ProductIndex":11669}
{"itemId":"B000BN9F8E","ProductIndex":63052}
{"itemId":"B005NKV6LO","ProductIndex":80769}
{"itemId":"B0097K44ZG","ProductIndex":106985}
{"itemId":"B00IFWTLFA","ProductIndex":119436}
{"itemId":"B0013G7S1Y","ProductIndex":76914}
{"itemId":"B000BXFGCS","ProductIndex":78304}
{"itemId":"B003OYM9KS","ProductIndex":139433}
{"itemId":"B001QDE4FC","ProductIndex":58582}
{"itemId":"B00D5G00XI","ProductIndex":158986}
{"itemId":"B00EC698S8","ProductIndex":69247}
{"itemId":"B00C0K0QDO","ProductIndex":99850}
{"itemId":"B005QVY30G","ProductIndex":17277}
{"itemId":"B002SRQLM4","ProductIndex":31154}
{"itemId":"B000J40H82","ProductIndex":56680}
{"itemId":"B0053ZA6G0","ProductIndex":171646}
{"itemId":"B006X7X5XS","ProductIndex":104677}
{"itemId":"B004KVGQE4","ProductIndex":130006}
{"itemId":"B001QWVYZ6","ProductIndex":38437}
{"itemId":"B0009FUXEY","ProductIndex":90796}
{"itemId":"B001C484LA","ProductIndex":36796}
{"itemId":"B0036WT118","ProductIndex":61087}
{"itemId":"B009HPC21Y","ProductIndex":48923}
{"itemId":"B00DVGJFB0","ProductIndex":153738}
{"itemId":"B00A75USBE","ProductIndex":85905}
{"itemId":"B0009F4OS0","ProductIndex":62633}
{"itemId":"B000CQ03CW","ProductIndex":131715}
{"itemId":"B00133RCCC","ProductIndex":17839}
{"itemId":"B0087OYB38","ProductIndex":18803}
{"itemId":"B00466HUC0","ProductIndex":138809}
{"itemId":"B00ADDKKCM","ProductIndex":109236}
{"itemId":"B000K5VD2O","ProductIndex":55229}
{"itemId":"B0096D76QI","ProductIndex":48959}
{"itemId":"B002I0X8TA","ProductIndex":45463}
{"itemId":"B00108UG6E","ProductIndex":76565}
{"itemId":"B002POBVQQ","ProductIndex":66714}
{"itemId":"B00ATY30AO","ProductIndex":34181}
{"itemId":"B003KWCBHA","ProductIndex":33071}
{"itemId":"B00008ACR6","ProductIndex":146183}
{"itemId":"B003ZUAY4E","ProductIndex":63545}
{"itemId":"B003QNDDL6","ProductIndex":13094}
{"itemId":"B0037W1IPE","ProductIndex":123924}
{"itemId":"B001SUZNGW","ProductIndex":13762}
{"itemId":"B008W59Q00","ProductIndex":66282}
{"itemId":"B004UC3EYS","ProductIndex":114817}
{"itemId":"B0000D89CX","ProductIndex":30438}
{"itemId":"B00008VA0N","ProductIndex":120024}
{"itemId":"B002JEU7JO","ProductIndex":57481}
{"itemId":"B004VQH8Z4","ProductIndex":101075}
{"itemId":"B001QDCHOM","ProductIndex":37490}
{"itemId":"B009NRPKVU","ProductIndex":24034}
{"itemId":"B00FR85IRK","ProductIndex":30675}
{"itemId":"B000OX0IGO","ProductIndex":23982}
{"itemId":"B001DYUKRK","ProductIndex":85634}
{"itemId":"B001DS7JOS","ProductIndex":82703}
{"itemId":"B003OSTDPI","ProductIndex":51338}
{"itemId":"B006YZTC0Y","ProductIndex":34827}
{"itemId":"B00DE1ICZ2","ProductIndex":34608}
{"itemId":"B000Q3AKDI","ProductIndex":51380}
{"itemId":"B009D8ES26","ProductIndex":133644}
{"itemId":"B004O358J2","ProductIndex":81348}
{"itemId":"B002M2QIZ0","ProductIndex":185861}
{"itemId":"B0045C6MZQ","ProductIndex":83945}
{"itemId":"B005LLYIWO","ProductIndex":80615}
{"itemId":"B00006HYIZ","ProductIndex":147926}
{"itemId":"B007992DM8","ProductIndex":115819}
{"itemId":"B0000CE3CE","ProductIndex":55160}
{"itemId":"B0056GJLTY","ProductIndex":139040}
{"itemId":"B0007M6GH2","ProductIndex":33457}
{"itemId":"B00252XY04","ProductIndex":46743}
{"itemId":"B000OKLT8S","ProductIndex":53584}
{"itemId":"B0087MZSIC","ProductIndex":83299}
{"itemId":"B000SAMLKO","ProductIndex":78844}
{"itemId":"B0093OWIYA","ProductIndex":43396}
{"itemId":"B001UHDY8W","ProductIndex":177914}
{"itemId":"B0048A8SZ2","ProductIndex":57733}
{"itemId":"B0010DO7U0","ProductIndex":120269}
{"itemId":"B000FOU0VU","ProductIndex":43449}
{"itemId":"B004C53YP2","ProductIndex":31150}
{"itemId":"B002N46WG2","ProductIndex":83277}
{"itemId":"B00CBNRLQU","ProductIndex":59598}
{"itemId":"B0000AHEPT","ProductIndex":104108}
{"itemId":"B0002J1I1Y","ProductIndex":75196}
{"itemId":"B007O9NRDC","ProductIndex":22452}
{"itemId":"B002SN8YVE","ProductIndex":22721}
{"itemId":"B00852X534","ProductIndex":35266}
{"itemId":"B002LTWT6Q","ProductIndex":74255}
{"itemId":"B005A0B4B4","ProductIndex":15100}
{"itemId":"B003QNX46A","ProductIndex":92618}
{"itemId":"B00BWK59PS","ProductIndex":90570}
{"itemId":"B00095M5EA","ProductIndex":30148}
{"itemId":"B00001OX5V","ProductIndex":103442}
{"itemId":"B002NEG16I","ProductIndex":67562}
{"itemId":"B003H3G5OM","ProductIndex":155828}
{"itemId":"B0035PH6D6","ProductIndex":105597}
{"itemId":"B003DSQMQC","ProductIndex":23833}
{"itemId":"B001TOD3K0","ProductIndex":49303}
{"itemId":"B007ZYWI8G","ProductIndex":114980}
{"itemId":"B004BM66K6","ProductIndex":68495}
{"itemId":"B000MMXQFW","ProductIndex":72117}
{"itemId":"B0000683E3","ProductIndex":47330}
{"itemId":"B000BLI0DW","ProductIndex":33978}
{"itemId":"B000PEPCEK","ProductIndex":18707}
{"itemId":"B004VY72RK","ProductIndex":123085}
{"itemId":"B003GSLFV6","ProductIndex":182303}
{"itemId":"B003ODH4DQ","ProductIndex":70283}
{"itemId":"B002JP2Z1Q","ProductIndex":93855}
{"itemId":"B003U8G95Y","ProductIndex":54021}
{"itemId":"B00FLCVJVQ","ProductIndex":107443}
{"itemId":"B004N7B7K8","ProductIndex":44879}
{"itemId":"B000J3OPMC","ProductIndex":123184}
{"itemId":"B000FFQDUQ","ProductIndex":39866}
{"itemId":"B002CMTSSO","ProductIndex":68589}
{"itemId":"B000RVD89M","ProductIndex":56603}
{"itemId":"B000PKFXO8","ProductIndex":93552}
{"itemId":"B001J8NE5K","ProductIndex":68028}
{"itemId":"B0086WBLLG","ProductIndex":28510}
{"itemId":"B002V1EWDM","ProductIndex":72124}
{"itemId":"B001W4DMXU","ProductIndex":36424}
{"itemId":"B002715AFA","ProductIndex":72591}
{"itemId":"B00CNZP884","ProductIndex":20577}
{"itemId":"B00385V3YG","ProductIndex":113137}
{"itemId":"B00BW962OQ","ProductIndex":179227}
{"itemId":"B000196C2K","ProductIndex":84647}
{"itemId":"B004K3LCV4","ProductIndex":148508}
{"itemId":"B0011ZVWT6","ProductIndex":145530}
{"itemId":"B003EGP368","ProductIndex":62190}
{"itemId":"B00GVYCNWM","ProductIndex":176266}
{"itemId":"B001B8RSAA","ProductIndex":71179}
{"itemId":"B00004ZD32","ProductIndex":81317}
{"itemId":"B0006BCCRM","ProductIndex":47584}
{"itemId":"B00BOV4Q9U","ProductIndex":115510}
{"itemId":"B007YP6RIS","ProductIndex":53440}
{"itemId":"B000TCRKZ2","ProductIndex":60478}
{"itemId":"B000G1Q7AK","ProductIndex":161989}
{"itemId":"B0026O18TK","ProductIndex":95764}
{"itemId":"B0054EN22U","ProductIndex":75199}
{"itemId":"B0027E5YWG","ProductIndex":89097}
{"itemId":"B003VYB1J6","ProductIndex":175463}
{"itemId":"B004S5HNH6","ProductIndex":90892}
{"itemId":"B00A9WMN3Q","ProductIndex":103473}
{"itemId":"B00BBIP2IK","ProductIndex":66494}
{"itemId":"B00EK9LW90","ProductIndex":107557}
{"itemId":"B002KL8W4I","ProductIndex":143237}
{"itemId":"B00G037DQ0","ProductIndex":51921}
{"itemId":"B008BGEMSG","ProductIndex":128533}
{"itemId":"B000067TV1","ProductIndex":107001}
{"itemId":"B0045TLF10","ProductIndex":41384}
{"itemId":"B000EPLPPU","ProductIndex":30223}
{"itemId":"B00330Q44K","ProductIndex":157797}
{"itemId":"B00FAYFXAI","ProductIndex":151399}
{"itemId":"B0026V5MY0","ProductIndex":37491}
{"itemId":"B00C5ZRIB2","ProductIndex":109250}
{"itemId":"B009FX7CFE","ProductIndex":89054}
{"itemId":"B002RWJHKI","ProductIndex":25538}
{"itemId":"B007AV3RDO","ProductIndex":143708}
{"itemId":"B003ZYUCDS","ProductIndex":34001}
{"itemId":"B001G2VE7Y","ProductIndex":131406}
{"itemId":"B002JXZL1E","ProductIndex":91102}
{"itemId":"B001CIMOMQ","ProductIndex":96921}
{"itemId":"B0007KQ6GK","ProductIndex":178687}
{"itemId":"B00DSGAKYO","ProductIndex":198479}
{"itemId":"B001JE5MEA","ProductIndex":82213}
{"itemId":"B00FJXKV7A","ProductIndex":183226}
{"itemId":"B004AKG1WC","ProductIndex":194373}
{"itemId":"B00E365VF6","ProductIndex":44810}
{"itemId":"B00155C5IY","ProductIndex":59363}
{"itemId":"B003RH08Z0","ProductIndex":72075}
{"itemId":"B0031RGESQ","ProductIndex":55762}
{"itemId":"B00EV2Y5A4","ProductIndex":158169}
{"itemId":"B0055BJBMC","ProductIndex":49973}
{"itemId":"B006YJE7DC","ProductIndex":176614}
{"itemId":"B0052F35I2","ProductIndex":169693}
{"itemId":"B005IQWH98","ProductIndex":45622}
{"itemId":"B00DTVTX3M","ProductIndex":118885}
{"itemId":"B007X0M8QO","ProductIndex":136029}
{"itemId":"B003H2BZAM","ProductIndex":134552}
{"itemId":"B0000636X1","ProductIndex":121289}
{"itemId":"B003ZMPZDW","ProductIndex":68221}
{"itemId":"B001T9N0SA","ProductIndex":44413}
{"itemId":"B0049QSO5O","ProductIndex":135423}
{"itemId":"B000IN08BA","ProductIndex":134887}
{"itemId":"B00A0BXBTG","ProductIndex":45344}
{"itemId":"B000CC9VF6","ProductIndex":65555}
{"itemId":"B0001KCV2E","ProductIndex":139632}
{"itemId":"B005Q1EZD6","ProductIndex":76243}
{"itemId":"B008LXPS0K","ProductIndex":49203}
{"itemId":"B0076O2YS4","ProductIndex":19905}
{"itemId":"B0016JA30G","ProductIndex":93982}
{"itemId":"B002TG3ASM","ProductIndex":112095}
{"itemId":"B000TB8WMS","ProductIndex":144263}
{"itemId":"B000234W0O","ProductIndex":62763}
{"itemId":"B002HI1ZSE","ProductIndex":199896}
{"itemId":"B009WUY7NA","ProductIndex":130862}
{"itemId":"B00CFKO2H0","ProductIndex":42815}
{"itemId":"B003MFEV64","ProductIndex":86111}
{"itemId":"B003TN6626","ProductIndex":51343}
{"itemId":"B00CSM95LI","ProductIndex":184268}
{"itemId":"B0045ZGOU6","ProductIndex":119218}
{"itemId":"B004H1SBK4","ProductIndex":50073}
{"itemId":"B00EZM34RU","ProductIndex":178979}
{"itemId":"B000TMK658","ProductIndex":194580}
{"itemId":"B009AEPXJU","ProductIndex":146705}
{"itemId":"B0040GJJ1G","ProductIndex":117298}
{"itemId":"B0093IN4GM","ProductIndex":152914}
{"itemId":"B00DVGEHKY","ProductIndex":157224}
{"itemId":"B005FI66PU","ProductIndex":108322}
{"itemId":"B0011ZK6YS","ProductIndex":26218}
{"itemId":"B0012DCG56","ProductIndex":51580}
{"itemId":"B001BBS7ZW","ProductIndex":60788}
{"itemId":"B00005B6S7","ProductIndex":54402}
{"itemId":"B00009R6ME","ProductIndex":68492}
{"itemId":"B0079MSP0O","ProductIndex":190699}
{"itemId":"B009HNHNJ2","ProductIndex":98671}
{"itemId":"B000816XKC","ProductIndex":101869}
{"itemId":"B001C9BQII","ProductIndex":152738}
{"itemId":"B001C4WIY4","ProductIndex":65975}
{"itemId":"B000YQBW5C","ProductIndex":52602}
{"itemId":"B000FX4ZXA","ProductIndex":195571}
{"itemId":"B0088S61WW","ProductIndex":153069}
{"itemId":"B00AQRX07W","ProductIndex":108363}
{"itemId":"B00BU3ZKW4","ProductIndex":201854}
{"itemId":"B000HDKZNM","ProductIndex":88709}
{"itemId":"B00005T3WF","ProductIndex":50496}
{"itemId":"B004BBJNHK","ProductIndex":82716}
{"itemId":"B0018CG95O","ProductIndex":97568}
{"itemId":"B001H9O73O","ProductIndex":10179}
{"itemId":"B001DH8LL4","ProductIndex":117897}
{"itemId":"B00G9TKCBS","ProductIndex":156929}
{"itemId":"B004W8EFWK","ProductIndex":84221}
{"itemId":"B00550OTGG","ProductIndex":79312}
{"itemId":"B0048L51EM","ProductIndex":79574}
{"itemId":"B003XV7Y2A","ProductIndex":156593}
{"itemId":"B00CWQD86S","ProductIndex":113038}
{"itemId":"B00FPBCTGM","ProductIndex":148194}
{"itemId":"B005Z445ZC","ProductIndex":72766}
{"itemId":"B00AU8FS0Y","ProductIndex":97269}
{"itemId":"B00BFF9MPI","ProductIndex":124558}
{"itemId":"B00FAIPVPG","ProductIndex":90466}
{"itemId":"B00CA873OQ","ProductIndex":170278}
{"itemId":"B004RZJDZW","ProductIndex":173598}
{"itemId":"B00C3N9SUK","ProductIndex":83766}
{"itemId":"B007O0BCII","ProductIndex":69311}
{"itemId":"B0090CS29A","ProductIndex":60644}
{"itemId":"B00C3ZDBJW","ProductIndex":151321}
{"itemId":"B001GENPBK","ProductIndex":46713}
{"itemId":"B0030CPJME","ProductIndex":146427}
{"itemId":"B004S8NXRC","ProductIndex":135883}
{"itemId":"B00121ZVBO","ProductIndex":146786}
{"itemId":"B0007N7HCO","ProductIndex":95514}
{"itemId":"B003NREGZ2","ProductIndex":54148}
{"itemId":"B0035ZV0LK","ProductIndex":63639}
{"itemId":"B003VJKMD2","ProductIndex":140816}
{"itemId":"B00C2WE7CG","ProductIndex":52324}
{"itemId":"B003RH5DQY","ProductIndex":160772}
{"itemId":"B00118EM1S","ProductIndex":62650}
{"itemId":"B0089LNWM0","ProductIndex":162010}
{"itemId":"B001F0RNVI","ProductIndex":160837}
{"itemId":"B007X5ZGMM","ProductIndex":150521}
{"itemId":"B00009QOST","ProductIndex":136641}
{"itemId":"B003Q1P9EC","ProductIndex":156266}
{"itemId":"B000B75TTY","ProductIndex":92425}
{"itemId":"B001AVZFDA","ProductIndex":62151}
{"itemId":"B00GP3MWMK","ProductIndex":148361}
{"itemId":"B003FW9T0M","ProductIndex":13401}
{"itemId":"B0058KA40I","ProductIndex":180589}
{"itemId":"B000087LGD","ProductIndex":93001}
{"itemId":"B001QCAGF0","ProductIndex":87508}
{"itemId":"B000H6E7UG","ProductIndex":71982}
{"itemId":"B00BMVPL0U","ProductIndex":49905}
{"itemId":"B0002JFNR4","ProductIndex":51710}
{"itemId":"B00FG9MMRY","ProductIndex":159266}
{"itemId":"B000VV36OK","ProductIndex":56968}
{"itemId":"B001MQ9C5U","ProductIndex":149518}
{"itemId":"B00II0R1VK","ProductIndex":145372}
{"itemId":"B000VCIUBS","ProductIndex":97942}
{"itemId":"B0040Z30R6","ProductIndex":146707}
{"itemId":"B00CS38JSM","ProductIndex":200301}
{"itemId":"B006RGWPS6","ProductIndex":63322}
{"itemId":"B00001ZUJU","ProductIndex":126632}
{"itemId":"B002Q0WNMK","ProductIndex":124832}
{"itemId":"B000BMQQPK","ProductIndex":153784}
{"itemId":"B003DA0SQU","ProductIndex":67736}
{"itemId":"B000GZARKM","ProductIndex":119427}
{"itemId":"B009YK2H5S","ProductIndex":159145}
{"itemId":"B005HE8I4O","ProductIndex":202351}
{"itemId":"B000V1LWZ0","ProductIndex":68020}
{"itemId":"B0007UY662","ProductIndex":56379}
{"itemId":"B00HV058RW","ProductIndex":136219}
{"itemId":"B0039HI86Y","ProductIndex":114364}
{"itemId":"B004WWXMD4","ProductIndex":79546}
{"itemId":"B000IEVASY","ProductIndex":105939}
{"itemId":"B002TFFHFM","ProductIndex":25055}
{"itemId":"B000GTAED8","ProductIndex":78705}
{"itemId":"B002YF0MOI","ProductIndex":96239}
{"itemId":"B0006DQOWO","ProductIndex":105795}
{"itemId":"B009PHTSRA","ProductIndex":155381}
{"itemId":"B00BHLKDQC","ProductIndex":206696}
{"itemId":"B006W2JJU2","ProductIndex":155454}
{"itemId":"B00EHBES10","ProductIndex":32443}
{"itemId":"B001C1BLD6","ProductIndex":169398}
{"itemId":"B00C92O3FU","ProductIndex":145990}
{"itemId":"B000F6VA80","ProductIndex":116537}
{"itemId":"B008LQV36U","ProductIndex":187411}
{"itemId":"B00AL27NIE","ProductIndex":80636}
{"itemId":"B002B7JFYC","ProductIndex":109361}
{"itemId":"B003BYRO1A","ProductIndex":71055}
{"itemId":"B0043EV0RG","ProductIndex":82136}
{"itemId":"B00659NEFS","ProductIndex":85602}
{"itemId":"B002ALCSY8","ProductIndex":60584}
{"itemId":"B00009V2OY","ProductIndex":94831}
{"itemId":"B005JWIZC4","ProductIndex":77615}
{"itemId":"B00BVQXTGY","ProductIndex":67080}
{"itemId":"B004BOCKUE","ProductIndex":93425}
{"itemId":"B008P0UECG","ProductIndex":189810}
{"itemId":"B004PAWWO8","ProductIndex":71590}
{"itemId":"B000EN8A8C","ProductIndex":193978}
{"itemId":"B00302A0SW","ProductIndex":197125}
{"itemId":"B000I1FAWY","ProductIndex":61259}
{"itemId":"B000IVO4ZS","ProductIndex":56954}
{"itemId":"B00031S4KO","ProductIndex":61910}
{"itemId":"B0053ZUW28","ProductIndex":87034}
{"itemId":"B00H89ANJY","ProductIndex":121687}
{"itemId":"B00797CZHI","ProductIndex":122016}
{"itemId":"B0018DQC7S","ProductIndex":67410}
{"itemId":"B003O85I4I","ProductIndex":92518}
{"itemId":"B00009K7ET","ProductIndex":92138}
{"itemId":"B001KXQ6HM","ProductIndex":101247}
{"itemId":"B00EYCEZLA","ProductIndex":90680}
{"itemId":"B002DP0CIK","ProductIndex":128709}
{"itemId":"B009EONU6O","ProductIndex":166153}
{"itemId":"B001GC473W","ProductIndex":35765}
{"itemId":"B006H8WFU2","ProductIndex":49907}
{"itemId":"B00H7OFBNI","ProductIndex":147348}
{"itemId":"B000VVZ0E4","ProductIndex":206380}
{"itemId":"B00FJFEDZY","ProductIndex":112750}
{"itemId":"B000BNJJBW","ProductIndex":46987}
{"itemId":"B000SMTTSY","ProductIndex":146371}
{"itemId":"B00BGZ2N8A","ProductIndex":128117}
{"itemId":"B003C34WDI","ProductIndex":73083}
{"itemId":"B000KZD75A","ProductIndex":109021}
{"itemId":"B000G6MFBK","ProductIndex":78146}
{"itemId":"B000BZ4TY2","ProductIndex":147964}
{"itemId":"B00AX9ZA80","ProductIndex":111657}
{"itemId":"B000TQCVM0","ProductIndex":151132}
{"itemId":"B0042AYUK0","ProductIndex":67836}
{"itemId":"B0050VN4TS","ProductIndex":129752}
{"itemId":"B000V78950","ProductIndex":162220}
{"itemId":"B00076FVKG","ProductIndex":130738}
{"itemId":"B009WSFE7U","ProductIndex":150480}
{"itemId":"B0072856PC","ProductIndex":193733}
{"itemId":"B007XAQP90","ProductIndex":87004}
{"itemId":"B00HIYA72M","ProductIndex":67239}
{"itemId":"B00FDOEVKS","ProductIndex":158524}
{"itemId":"B003P4INFM","ProductIndex":96782}
{"itemId":"B003UDPKPO","ProductIndex":179636}
{"itemId":"B000QS1R7G","ProductIndex":103154}
{"itemId":"B001A5PR1G","ProductIndex":48082}
{"itemId":"B00AEG4RRW","ProductIndex":169291}
{"itemId":"B001A4HFGC","ProductIndex":163249}
{"itemId":"B006IKGHYO","ProductIndex":98804}
{"itemId":"B00CB2IXLI","ProductIndex":190928}
{"itemId":"B00CHU5B4Q","ProductIndex":31884}
{"itemId":"B0009RUWH0","ProductIndex":133062}
{"itemId":"B001P9BVI0","ProductIndex":136250}
{"itemId":"B000EIJ8K6","ProductIndex":170573}
{"itemId":"B002LLPGVE","ProductIndex":112619}
{"itemId":"B001KN8EP4","ProductIndex":197984}
{"itemId":"B001TF20J4","ProductIndex":92099}
{"itemId":"B005J7YDZW","ProductIndex":57166}
{"itemId":"B00H27JF8W","ProductIndex":179800}
{"itemId":"B00BMUH6UO","ProductIndex":79611}
{"itemId":"B005TWE488","ProductIndex":155205}
{"itemId":"B0007ZAK4O","ProductIndex":92624}
{"itemId":"B009D9KHZ2","ProductIndex":200649}
{"itemId":"B000B8FRFE","ProductIndex":140320}
{"itemId":"B008UDZXTW","ProductIndex":77069}
{"itemId":"B00009R6X4","ProductIndex":50096}
{"itemId":"B005FV526G","ProductIndex":121773}
{"itemId":"B001OMGXP4","ProductIndex":116834}
{"itemId":"B0041SNR7A","ProductIndex":115055}
{"itemId":"B005L9VYTG","ProductIndex":123478}
{"itemId":"B004WK557W","ProductIndex":87425}
{"itemId":"B00863L2NC","ProductIndex":189207}
{"itemId":"B003RRY2TS","ProductIndex":177725}
{"itemId":"B005OD73FS","ProductIndex":129457}
{"itemId":"B004KNZJXG","ProductIndex":171960}
{"itemId":"B0017D1LPW","ProductIndex":78478}
{"itemId":"B005KSOX78","ProductIndex":147901}
{"itemId":"B007KKVM2I","ProductIndex":201486}
{"itemId":"B00A0C50EE","ProductIndex":123743}
{"itemId":"B00BUKOXGG","ProductIndex":75752}
{"itemId":"B004NEUJJ6","ProductIndex":111741}
{"itemId":"B003CGOWQ2","ProductIndex":63934}
{"itemId":"B004FWJMXU","ProductIndex":48797}
{"itemId":"B000O7HK1G","ProductIndex":61301}
{"itemId":"B0071RSVJC","ProductIndex":79460}
{"itemId":"B003RKS9FI","ProductIndex":99557}
{"itemId":"B00HCDUB7U","ProductIndex":120566}
{"itemId":"B003OT7O5I","ProductIndex":78937}
{"itemId":"B000NCYPP6","ProductIndex":191493}
{"itemId":"B00BVT69U4","ProductIndex":62927}
{"itemId":"B00ATANTTK","ProductIndex":63161}
{"itemId":"B00J97X2YG","ProductIndex":79623}
{"itemId":"B00004TS3Q","ProductIndex":135355}
{"itemId":"B005UFUFZ0","ProductIndex":97159}
{"itemId":"B003YVAMJQ","ProductIndex":133321}
{"itemId":"B000EG8IAY","ProductIndex":147533}
{"itemId":"B007QYN4VU","ProductIndex":91042}
{"itemId":"B00GV2Y50W","ProductIndex":172394}
{"itemId":"B00DQHPSCE","ProductIndex":135289}
{"itemId":"B00F6EL6O4","ProductIndex":48731}
{"itemId":"B0041LX7AO","ProductIndex":134073}
{"itemId":"B0009FUFQ0","ProductIndex":152287}
{"itemId":"B0027VSQ3I","ProductIndex":178173}
{"itemId":"B004LPP8P2","ProductIndex":113251}
{"itemId":"B0089LN2FC","ProductIndex":144576}
{"itemId":"B0000683EB","ProductIndex":109107}
{"itemId":"B004Z3WC6S","ProductIndex":169455}
{"itemId":"B00BIPJ0SO","ProductIndex":71261}
{"itemId":"B002674SJO","ProductIndex":172445}
{"itemId":"B004071UOY","ProductIndex":145279}
{"itemId":"B000O52ZU4","ProductIndex":103521}
{"itemId":"B001GEK39W","ProductIndex":54866}
{"itemId":"B009OWI4SK","ProductIndex":143575}
{"itemId":"B000E9X7M0","ProductIndex":136047}
{"itemId":"B0002VY1ES","ProductIndex":201625}
{"itemId":"B007WA43GS","ProductIndex":72343}
{"itemId":"B007G4NSQ6","ProductIndex":152043}
{"itemId":"B0000X5RM8","ProductIndex":96135}
{"itemId":"B003IPC1WO","ProductIndex":120704}
{"itemId":"B00F68HQR6","ProductIndex":56350}
{"itemId":"B005JSVOYE","ProductIndex":107224}
{"itemId":"B0049592W4","ProductIndex":157863}
{"itemId":"B00I143AMW","ProductIndex":124266}
{"itemId":"B003ZUXX38","ProductIndex":92039}
{"itemId":"B000S5XTNW","ProductIndex":52591}
{"itemId":"B004G60AJK","ProductIndex":177618}
{"itemId":"B0033DKKUG","ProductIndex":97730}
{"itemId":"B00D600M68","ProductIndex":84302}
{"itemId":"B005ISQ9WC","ProductIndex":113177}
{"itemId":"B008V995EO","ProductIndex":203353}
{"itemId":"B005C5I3VG","ProductIndex":166021}
{"itemId":"B0051ZQ7YM","ProductIndex":127028}
{"itemId":"B00FEKDJ22","ProductIndex":206368}
{"itemId":"B001TBFGTE","ProductIndex":123954}
{"itemId":"B00BU7B074","ProductIndex":148932}
{"itemId":"B000R0MFOC","ProductIndex":62749}
{"itemId":"B00FPL3OWU","ProductIndex":116662}
{"itemId":"B007T1CSGW","ProductIndex":179814}
{"itemId":"B008E0N9AG","ProductIndex":139838}
{"itemId":"B0033ZBFDA","ProductIndex":183859}
{"itemId":"B002LBCUQ8","ProductIndex":123559}
{"itemId":"B0037WT752","ProductIndex":64676}
{"itemId":"B005OSJ5JA","ProductIndex":126002}
{"itemId":"B008LHCOGM","ProductIndex":68614}
{"itemId":"B003ZLO0G6","ProductIndex":187380}
{"itemId":"B005J7ZZTU","ProductIndex":127938}
{"itemId":"B00022VBEU","ProductIndex":43056}
{"itemId":"B000IVNJAE","ProductIndex":150986}
{"itemId":"B00C7I3N4S","ProductIndex":164044}
{"itemId":"B007TYUTPG","ProductIndex":121604}
{"itemId":"B0000899VO","ProductIndex":104859}
{"itemId":"B00450J4OO","ProductIndex":116340}
{"itemId":"B009WN0LAK","ProductIndex":112893}
{"itemId":"B00ARPM1D2","ProductIndex":160118}
{"itemId":"B000WMAT2A","ProductIndex":166948}
{"itemId":"B007JSZDP8","ProductIndex":72598}
{"itemId":"B004Z6ZI16","ProductIndex":144246}
{"itemId":"B001P24UB2","ProductIndex":130603}
{"itemId":"B004BLPBVM","ProductIndex":88062}
{"itemId":"B006UOMN2I","ProductIndex":133154}
{"itemId":"B0032K9DOY","ProductIndex":157880}
{"itemId":"B00023CFB2","ProductIndex":135344}
{"itemId":"B000AM4YHS","ProductIndex":135843}
{"itemId":"B008HP0OWY","ProductIndex":195705}
{"itemId":"B008PFE4CW","ProductIndex":43896}
{"itemId":"B0080E1JZ8","ProductIndex":180346}
{"itemId":"B008X9L5MM","ProductIndex":77145}
{"itemId":"B002Y2AQVK","ProductIndex":66450}
{"itemId":"B004HZQI64","ProductIndex":150833}
{"itemId":"B0054MLBW0","ProductIndex":140591}
{"itemId":"B00005A3LW","ProductIndex":198469}
{"itemId":"B000U9O8MW","ProductIndex":160342}
{"itemId":"B000R4FPM2","ProductIndex":207035}
{"itemId":"B0000520I7","ProductIndex":115793}
{"itemId":"B0052AUUHG","ProductIndex":128856}
{"itemId":"B00FRL4WP6","ProductIndex":102023}
{"itemId":"B0015571Q0","ProductIndex":124167}
{"itemId":"B00A2CM2CA","ProductIndex":203146}
{"itemId":"B0000A086G","ProductIndex":135826}
{"itemId":"B004RQ7RNQ","ProductIndex":145882}
{"itemId":"B0065X7A5E","ProductIndex":112375}
{"itemId":"B008PBRGZ8","ProductIndex":161208}
{"itemId":"B0090UMDBA","ProductIndex":127420}
{"itemId":"B00HWMOZEG","ProductIndex":62519}
{"itemId":"B00009R6FH","ProductIndex":117545}
{"itemId":"B003G2YZDC","ProductIndex":202079}
{"itemId":"B00CK2AAWY","ProductIndex":96398}
{"itemId":"B004OHCVSO","ProductIndex":122546}
{"itemId":"B0078IWQ2M","ProductIndex":168792}
{"itemId":"B000NV6GTA","ProductIndex":111007}
{"itemId":"B002PXRBFW","ProductIndex":72891}
{"itemId":"B003O5YVEO","ProductIndex":142351}
{"itemId":"B00BM8MVVK","ProductIndex":148723}
{"itemId":"B00CKAPWE2","ProductIndex":107896}
{"itemId":"B00I30QBPC","ProductIndex":169351}
{"itemId":"B000PSLJFC","ProductIndex":126550}
{"itemId":"B00024ENY8","ProductIndex":159336}
{"itemId":"B004W81A5A","ProductIndex":95711}
{"itemId":"B00B4CV8FY","ProductIndex":95605}
{"itemId":"B000060PEV","ProductIndex":63017}
{"itemId":"B000OWY5YQ","ProductIndex":178274}
{"itemId":"B000QS10L4","ProductIndex":161442}
{"itemId":"B009KGE7MW","ProductIndex":205033}
{"itemId":"B00005T3MK","ProductIndex":158903}
{"itemId":"B00C694F3G","ProductIndex":141388}
{"itemId":"B004V3TM8S","ProductIndex":80760}
{"itemId":"B0013P1XFM","ProductIndex":134861}
{"itemId":"B000VE77TC","ProductIndex":104024}
{"itemId":"B008TKQ2BE","ProductIndex":179371}
{"itemId":"B00COQGIPY","ProductIndex":69533}
{"itemId":"B008R3LOM0","ProductIndex":144743}
{"itemId":"B001253842","ProductIndex":188921}
{"itemId":"B0046VXW8Q","ProductIndex":192794}
{"itemId":"B009DH5VS2","ProductIndex":181392}
{"itemId":"B003A4HBN2","ProductIndex":108631}
{"itemId":"B00DHWUZD0","ProductIndex":103902}
{"itemId":"B00EYZY8DC","ProductIndex":100976}
{"itemId":"B00B2AW0JG","ProductIndex":179669}
{"itemId":"B002WQ7GVQ","ProductIndex":149409}
{"itemId":"B009OWEMU4","ProductIndex":79496}
{"itemId":"B00AI1848Q","ProductIndex":167427}
{"itemId":"B007EJOQ0A","ProductIndex":184086}
{"itemId":"B0058RA8B6","ProductIndex":106417}
{"itemId":"B000CSRAMG","ProductIndex":202177}
{"itemId":"B00005RS9R","ProductIndex":128014}
{"itemId":"B00659JCOU","ProductIndex":200781}
{"itemId":"B005NM9EGG","ProductIndex":207340}
{"itemId":"9990950164","ProductIndex":123586}
{"itemId":"B00009V3FL","ProductIndex":115753}
{"itemId":"B000UCFP08","ProductIndex":201395}
{"itemId":"B0044AFQZQ","ProductIndex":188587}
{"itemId":"B004NNUDEI","ProductIndex":170166}
{"itemId":"B000LPDPQ0","ProductIndex":190729}
{"itemId":"B0031TW6OK","ProductIndex":169263}
{"itemId":"B003W2TIJM","ProductIndex":199660}
{"itemId":"B001HDV3U0","ProductIndex":207401}
{"itemId":"B00005CP13","ProductIndex":138867}
{"itemId":"B00AIIHE4Y","ProductIndex":164998}
{"itemId":"B004FKP510","ProductIndex":164697}
{"itemId":"B00CDG2XHC","ProductIndex":167014}
{"itemId":"B00J3ZNB04","ProductIndex":120743}
{"itemId":"B006Q3HJP4","ProductIndex":78312}
{"itemId":"B001LQP3J0","ProductIndex":186098}
{"itemId":"B00004Z7EF","ProductIndex":173836}
{"itemId":"B007JM5RSC","ProductIndex":145420}
{"itemId":"B001N7UVJ4","ProductIndex":153631}
{"itemId":"B001VI0R2Q","ProductIndex":79789}
{"itemId":"B000TTM82A","ProductIndex":145898}
{"itemId":"B0045CD790","ProductIndex":161183}
{"itemId":"B004RRYMOM","ProductIndex":207528}
{"itemId":"B009V579UY","ProductIndex":180497}
{"itemId":"B00009UT8X","ProductIndex":118900}
{"itemId":"B000ETJ8AK","ProductIndex":153979}
{"itemId":"B00ECSQVV8","ProductIndex":207578}
{"itemId":"B001MKKA5C","ProductIndex":123286}
{"itemId":"B002Q10UQU","ProductIndex":200570}
{"itemId":"B003N383TQ","ProductIndex":135726}
{"itemId":"B007ST45KW","ProductIndex":204334}
{"itemId":"B002G1YPAM","ProductIndex":85198}
{"itemId":"B005F04S6W","ProductIndex":199479}
{"itemId":"B00301TADY","ProductIndex":66363}
{"itemId":"B00FFXWF3C","ProductIndex":201355}
{"itemId":"B00A725G8M","ProductIndex":178536}
{"itemId":"B0002E59A0","ProductIndex":150478}
{"itemId":"B0021LQX5W","ProductIndex":147077}
{"itemId":"B00138ZKXU","ProductIndex":156629}
{"itemId":"B00GHSKR8Y","ProductIndex":206451}
{"itemId":"B0014H5XPK","ProductIndex":88468}
{"itemId":"B005PUP2XK","ProductIndex":151038}
{"itemId":"B0031Y2QGS","ProductIndex":179497}
{"itemId":"B009IKC3M6","ProductIndex":115895}
{"itemId":"B00005NJ5W","ProductIndex":177823}
{"itemId":"B00IL7BRZQ","ProductIndex":141857}
{"itemId":"B005CLM4A6","ProductIndex":154916}
{"itemId":"B000NV9IYK","ProductIndex":115941}
{"itemId":"B009IX5910","ProductIndex":180062}
{"itemId":"B005KUPH4O","ProductIndex":141407}
{"itemId":"B001B4SUIS","ProductIndex":148035}
{"itemId":"B009YBSXWI","ProductIndex":172102}
{"itemId":"B003QF3F9Y","ProductIndex":81618}
{"itemId":"B005UR2G5K","ProductIndex":153727}
{"itemId":"B0091E6Y7Y","ProductIndex":160542}
{"itemId":"B0078HLRE6","ProductIndex":179860}
{"itemId":"B003A4H2KO","ProductIndex":80748}
{"itemId":"B00BYM2DUI","ProductIndex":168226}
{"itemId":"B00763XENO","ProductIndex":193162}
{"itemId":"B009OKCTUG","ProductIndex":208239}
{"itemId":"B00ITUKH92","ProductIndex":82232}
{"itemId":"B00E2S4A5M","ProductIndex":176295}
{"itemId":"B0014NIFD6","ProductIndex":107890}
{"itemId":"B00A8ZZUK2","ProductIndex":74200}
{"itemId":"B002DW98D8","ProductIndex":184587}
{"itemId":"B00427MQKE","ProductIndex":138898}
{"itemId":"B000W8W6QQ","ProductIndex":117635}
{"itemId":"B000063ILG","ProductIndex":148533}
{"itemId":"B00GUE5LGS","ProductIndex":148490}
{"itemId":"B000AY4URA","ProductIndex":173489}
{"itemId":"B000HQNUXG","ProductIndex":155955}
{"itemId":"B00CUTJ4YW","ProductIndex":127511}
{"itemId":"B0031Y02NC","ProductIndex":84100}
{"itemId":"B0055P3OGW","ProductIndex":179883}
{"itemId":"B0006I4RAU","ProductIndex":179008}
{"itemId":"B008N2NWZM","ProductIndex":138178}
{"itemId":"B000ILFV28","ProductIndex":199997}
{"itemId":"B005Q09V0Y","ProductIndex":195708}
{"itemId":"B008U4YPX6","ProductIndex":185420}
{"itemId":"B00JLOES8G","ProductIndex":116443}
{"itemId":"B00C95KCA2","ProductIndex":144502}
{"itemId":"B001F0RO1M","ProductIndex":133725}
{"itemId":"B001F50K04","ProductIndex":161126}
{"itemId":"B003WL5BQ2","ProductIndex":204924}
{"itemId":"B00F311Z32","ProductIndex":141506}
{"itemId":"B00BKT5NOS","ProductIndex":174374}
{"itemId":"B0002GO77Y","ProductIndex":78549}
{"itemId":"B000KMRFXI","ProductIndex":183652}
{"itemId":"B0089IHI14","ProductIndex":169584}
{"itemId":"B008Z6VH08","ProductIndex":182067}
{"itemId":"B00IQT7TXI","ProductIndex":185754}
{"itemId":"B00AI86UMG","ProductIndex":194714}
{"itemId":"B004AL45H4","ProductIndex":180759}
{"itemId":"B009JC7YKO","ProductIndex":200099}
{"itemId":"B0030NPOUA","ProductIndex":195147}
{"itemId":"B007OOURWQ","ProductIndex":182572}
{"itemId":"B000EPYLII","ProductIndex":177226}
{"itemId":"B004P5USRG","ProductIndex":184823}
{"itemId":"B001KW8C7U","ProductIndex":200312}
{"itemId":"B0013EHPF0","ProductIndex":154695}
{"itemId":"B0055KCY7C","ProductIndex":207789}
{"itemId":"B003BLRJQS","ProductIndex":155145}
{"itemId":"B000KGN5KQ","ProductIndex":75695}
{"itemId":"B00C9L6K3Y","ProductIndex":147149}
{"itemId":"B00DFUUDK4","ProductIndex":157318}
{"itemId":"B009AEL3YO","ProductIndex":178503}
{"itemId":"B00BVVFDFO","ProductIndex":70693}
{"itemId":"B0087OXN32","ProductIndex":181769}
{"itemId":"B003GRUPHW","ProductIndex":182032}
{"itemId":"B00BWA4DXC","ProductIndex":134064}
{"itemId":"B00C9UCGWY","ProductIndex":202618}
{"itemId":"B00GWFWFQE","ProductIndex":158065}
{"itemId":"B000G7YQUC","ProductIndex":106677}
{"itemId":"B000HVHP8C","ProductIndex":166733}
{"itemId":"B0014XEDJQ","ProductIndex":156778}
{"itemId":"B000I0XNCY","ProductIndex":172980}
{"itemId":"B00I7QPTVO","ProductIndex":155262}
{"itemId":"B0057Q9XI2","ProductIndex":186952}
{"itemId":"B002EB6XGS","ProductIndex":124143}
{"itemId":"B004NVZVEW","ProductIndex":110625}
{"itemId":"B00004YZD0","ProductIndex":166632}
{"itemId":"B005DJYECS","ProductIndex":203660}
{"itemId":"B007RQJ25O","ProductIndex":158570}
{"itemId":"B00005NJ86","ProductIndex":195861}
{"itemId":"B0047BNS7K","ProductIndex":139392}
{"itemId":"B004OYO5O0","ProductIndex":152699}
{"itemId":"B006IC50Q8","ProductIndex":115884}
{"itemId":"B00GLMAGQ4","ProductIndex":131862}
{"itemId":"B004BNW62W","ProductIndex":164156}
{"itemId":"B000EHUJEG","ProductIndex":190770}
{"itemId":"B005FASWW8","ProductIndex":167840}
{"itemId":"B001451XFQ","ProductIndex":199877}
{"itemId":"B00APRSJ06","ProductIndex":188040}
{"itemId":"B004LB4A32","ProductIndex":208152}
{"itemId":"B001OHOY78","ProductIndex":207423}
{"itemId":"B0037JBEME","ProductIndex":175015}
{"itemId":"B00005NJEM","ProductIndex":153859}
{"itemId":"B003LJUC6O","ProductIndex":149840}
{"itemId":"B000FCNBJ0","ProductIndex":195003}
{"itemId":"B000WW1YW4","ProductIndex":129680}
{"itemId":"B009H0LILE","ProductIndex":141426}
{"itemId":"B00HLKL132","ProductIndex":177446}
{"itemId":"B000IMWFNK","ProductIndex":198687}
{"itemId":"B004J1WFX6","ProductIndex":161000}
{"itemId":"B006JS1Z06","ProductIndex":180726}
{"itemId":"B002XDQIWQ","ProductIndex":115354}
{"itemId":"B003CSGQ1O","ProductIndex":148985}
{"itemId":"B00755N1K4","ProductIndex":193990}
{"itemId":"B0019HGRH8","ProductIndex":128382}
{"itemId":"B002U7LZPK","ProductIndex":155749}
{"itemId":"B005LZS39Y","ProductIndex":201556}
{"itemId":"B0016G1BB4","ProductIndex":171031}
{"itemId":"B00FLISUQM","ProductIndex":145319}
{"itemId":"B004MYF4JC","ProductIndex":169662}
{"itemId":"B007PAOTB4","ProductIndex":204201}
{"itemId":"B00169TKO6","ProductIndex":201857}
{"itemId":"B006P553OM","ProductIndex":114104}
{"itemId":"B002T0SL9G","ProductIndex":167790}
{"itemId":"B00A4Q0LJU","ProductIndex":142107}
{"itemId":"B008IO54ME","ProductIndex":191744}
{"itemId":"B007C50GFK","ProductIndex":203383}
{"itemId":"B0032GAKEK","ProductIndex":107596}
{"itemId":"B00870XTRQ","ProductIndex":195978}
{"itemId":"B005W8NEXA","ProductIndex":184916}
{"itemId":"B002FOO66I","ProductIndex":197449}
{"itemId":"B00A20RBGE","ProductIndex":195887}
{"itemId":"B001IX7FQK","ProductIndex":201498}
{"itemId":"B00JJJK2VU","ProductIndex":190397}
{"itemId":"B004QGSA56","ProductIndex":183192}
{"itemId":"B004UGZAOG","ProductIndex":196829}
{"itemId":"B004TQQV4U","ProductIndex":170599}
{"itemId":"B00004Z78W","ProductIndex":203041}
{"itemId":"B000H0TT0A","ProductIndex":199709}
{"itemId":"B00108IHJ2","ProductIndex":135067}
{"itemId":"B000WCP1YQ","ProductIndex":100244}
{"itemId":"B004UJHUAU","ProductIndex":177023}
{"itemId":"B001P22P9Q","ProductIndex":149437}
{"itemId":"B00AWL78SO","ProductIndex":157055}
{"itemId":"B004TBHH1G","ProductIndex":203677}
{"itemId":"B003ENAKXC","ProductIndex":156971}
{"itemId":"B0002423UO","ProductIndex":185737}
{"itemId":"B00E7V3244","ProductIndex":178630}
{"itemId":"B00000JHWV","ProductIndex":160352}
{"itemId":"B002BK422O","ProductIndex":199450}
{"itemId":"B003WLUBZI","ProductIndex":190724}
{"itemId":"B009ED0ZCM","ProductIndex":200842}
{"itemId":"B006PK7GZG","ProductIndex":184898}
{"itemId":"B00B3OO0P8","ProductIndex":202063}
{"itemId":"B004FP3INC","ProductIndex":202088}
{"itemId":"B00873ABC4","ProductIndex":89693}
{"itemId":"B00D4164H0","ProductIndex":191512}
{"itemId":"B0052R8JL8","ProductIndex":196642}
{"itemId":"B004BPVDB0","ProductIndex":171945}
{"itemId":"B004UMCH0A","ProductIndex":189920}
{"itemId":"B00AJG5TAQ","ProductIndex":205804}
{"itemId":"B000CMST1I","ProductIndex":196927}
{"itemId":"B0018YCVX6","ProductIndex":179411}
{"itemId":"B002MPVSMK","ProductIndex":178210}
{"itemId":"B001W2D40S","ProductIndex":197780}
{"itemId":"B003LD0GEI","ProductIndex":154189}
{"itemId":"B00GPEM8Y6","ProductIndex":174535}
{"itemId":"B001UDRU6S","ProductIndex":205983}
{"itemId":"B007D87XTI","ProductIndex":190027}
{"itemId":"B008MDSU7M","ProductIndex":167930}
{"itemId":"B0062JZCGK","ProductIndex":154245}
{"itemId":"B006JASEIK","ProductIndex":194675}
{"itemId":"B005VQOYOQ","ProductIndex":195476}
{"itemId":"B000BODUD4","ProductIndex":142557}
{"itemId":"B00AUKBUOU","ProductIndex":164573}
{"itemId":"B000OV76UC","ProductIndex":192618}
{"itemId":"B00JL6UWKM","ProductIndex":171769}
{"itemId":"B007KB5YUI","ProductIndex":181658}
{"itemId":"B00008W96U","ProductIndex":190386}
{"itemId":"B000NO1VHE","ProductIndex":173229}
{"itemId":"B0010C9MOC","ProductIndex":177320}
{"itemId":"B004WPI8GW","ProductIndex":195332}
{"itemId":"B00008VSEJ","ProductIndex":178124}
{"itemId":"B00BQUBI18","ProductIndex":180979}
{"itemId":"B0032XHZ64","ProductIndex":197822}
{"itemId":"B007VP4JW2","ProductIndex":202398}
{"itemId":"B0000AE6C1","ProductIndex":193022}
{"itemId":"B002UANGL8","ProductIndex":167635}
{"itemId":"B005KVSCRC","ProductIndex":162510}
{"itemId":"B00G2KD5JK","ProductIndex":199993}
{"itemId":"B002OH4C5G","ProductIndex":205645}
{"itemId":"B000EDJL8A","ProductIndex":196921}
{"itemId":"B00744U2FI","ProductIndex":197281}
{"itemId":"B001SKXWKG","ProductIndex":206295}
{"itemId":"B00HZTMZU2","ProductIndex":185219}
{"itemId":"B00FRHU0YW","ProductIndex":182198}
{"itemId":"B00HFSX96W","ProductIndex":202646}
{"itemId":"B007S7JMAW","ProductIndex":184095}
{"itemId":"B001UE8LS8","ProductIndex":206234}
{"itemId":"B00B134OIY","ProductIndex":180742}
{"itemId":"B003PNO212","ProductIndex":195258}
