{"itemId":"B001CBKJGG","ProductIndex":2409}
{"itemId":"B004S9CT08","ProductIndex":10108}
{"itemId":"B00B4X2JHY","ProductIndex":18433}
{"itemId":"B00BT7RAPG","ProductIndex":95}
{"itemId":"B00004ZC9V","ProductIndex":2810}
{"itemId":"B003B3P2CO","ProductIndex":2412}
{"itemId":"B0031AQ302","ProductIndex":1330}
{"itemId":"B004P8K24W","ProductIndex":690}
{"itemId":"B000HCUTU2","ProductIndex":6556}
{"itemId":"B004I75J3O","ProductIndex":109751}
{"itemId":"B0013CED4I","ProductIndex":1892}
{"itemId":"B007Y5PQQ2","ProductIndex":66874}
{"itemId":"B001NJQ5PG","ProductIndex":1996}
{"itemId":"B000V9USBG","ProductIndex":44551}
{"itemId":"B000FDDUXG","ProductIndex":13277}
{"itemId":"B00AX49VBW","ProductIndex":4384}
{"itemId":"B000HR73BK","ProductIndex":26577}
{"itemId":"B00G2HS9K8","ProductIndex":117502}
{"itemId":"B00067CC8K","ProductIndex":125504}
{"itemId":"B005LU2Z2A","ProductIndex":11124}
{"itemId":"B00C5REUSE","ProductIndex":16491}
{"itemId":"B000UWX70S","ProductIndex":749}
{"itemId":"B003QA5LA0","ProductIndex":4055}
{"itemId":"B002XKFI16","ProductIndex":110758}
{"itemId":"B001CCLBSU","ProductIndex":2528}
{"itemId":"B00D5T3QK4","ProductIndex":208}
{"itemId":"B0002XIX0O","ProductIndex":15443}
{"itemId":"B008WXSW02","ProductIndex":193890}
{"itemId":"B009DMJY2Q","ProductIndex":119281}
{"itemId":"B006M5C0P0","ProductIndex":168455}
{"itemId":"B0000996BO","ProductIndex":40997}
{"itemId":"B009AOCNXY","ProductIndex":40274}
{"itemId":"B002HWRJY4","ProductIndex":258}
{"itemId":"B0033SC2SE","ProductIndex":7775}
{"itemId":"B001P86SMK","ProductIndex":12511}
{"itemId":"B00D02AHEO","ProductIndex":715}
{"itemId":"B003DX3O6I","ProductIndex":18682}
{"itemId":"B00383WNF6","ProductIndex":29515}
{"itemId":"B0000EI9VU","ProductIndex":18115}
{"itemId":"B004OFR6AY","ProductIndex":30128}
{"itemId":"B00DKH1NII","ProductIndex":146931}
{"itemId":"B001MTE32O","ProductIndex":7972}
{"itemId":"B0019GWYRQ","ProductIndex":24660}
{"itemId":"B00752R9PK","ProductIndex":1657}
{"itemId":"B003VAIJEU","ProductIndex":170961}
{"itemId":"B008PPV2PO","ProductIndex":13694}
{"itemId":"B001EMMZP6","ProductIndex":63837}
{"itemId":"B0046HAW7Y","ProductIndex":4736}
{"itemId":"B0042BUXG4","ProductIndex":2483}
{"itemId":"B0069Y2BVC","ProductIndex":10469}
{"itemId":"B00FFVYUQY","ProductIndex":16770}
{"itemId":"B009XETXHA","ProductIndex":52457}
{"itemId":"B001EQ4BVI","ProductIndex":3015}
{"itemId":"B000UA0JMO","ProductIndex":67901}
{"itemId":"B00100PEM8","ProductIndex":7683}
{"itemId":"B000ALG080","ProductIndex":94314}
{"itemId":"B005EM6IAA","ProductIndex":8444}
{"itemId":"B006OIAL42","ProductIndex":92764}
{"itemId":"B004D3824G","ProductIndex":89942}
{"itemId":"B006T60QNK","ProductIndex":37821}
{"itemId":"B003QNDDXO","ProductIndex":25790}
{"itemId":"B0043WY8FO","ProductIndex":167954}
{"itemId":"B002OL2I30","ProductIndex":22546}
{"itemId":"B004OZ922E","ProductIndex":27596}
{"itemId":"B00BCXF6MG","ProductIndex":14499}
{"itemId":"B0053QJW8C","ProductIndex":102242}
{"itemId":"B00FF9MLQW","ProductIndex":5176}
{"itemId":"B007VTYZ40","ProductIndex":25945}
{"itemId":"B009PK2MNY","ProductIndex":6532}
{"itemId":"B002ZFJ0DQ","ProductIndex":44326}
{"itemId":"B000HGSL4E","ProductIndex":19279}
{"itemId":"B00F86NHZ6","ProductIndex":53916}
{"itemId":"B00091SC78","ProductIndex":144169}
{"itemId":"B006OLFMZ2","ProductIndex":20911}
{"itemId":"B00EPIWXYY","ProductIndex":4472}
{"itemId":"B00004Z6Q6","ProductIndex":24042}
{"itemId":"B003EAYDO2","ProductIndex":135159}
{"itemId":"B004RQ048Q","ProductIndex":21622}
{"itemId":"B00760XXMY","ProductIndex":37668}
{"itemId":"B005612QLY","ProductIndex":28276}
{"itemId":"B0031RGEUY","ProductIndex":8314}
{"itemId":"B003ZSHNFE","ProductIndex":71926}
{"itemId":"B003CHOFKY","ProductIndex":27808}
{"itemId":"B006YLYYZ6","ProductIndex":1350}
{"itemId":"B0098ZZKGC","ProductIndex":80374}
{"itemId":"B00HDWYT96","ProductIndex":129892}
{"itemId":"B009S0VT62","ProductIndex":91636}
{"itemId":"B000YTVXFI","ProductIndex":105811}
{"itemId":"B001NOVG5A","ProductIndex":62286}
{"itemId":"B00CVD9RO4","ProductIndex":191278}
{"itemId":"B003TNMABW","ProductIndex":12096}
{"itemId":"B00G0OYHCW","ProductIndex":6072}
{"itemId":"B00870WB1G","ProductIndex":112027}
{"itemId":"B001TLQK8U","ProductIndex":17212}
{"itemId":"B006QCQWP8","ProductIndex":22116}
{"itemId":"B006291K7A","ProductIndex":11272}
{"itemId":"B008Z2661W","ProductIndex":860}
{"itemId":"B004FDV5JI","ProductIndex":143293}
{"itemId":"B004UDH29K","ProductIndex":5762}
{"itemId":"B000FKG3WY","ProductIndex":41366}
{"itemId":"B00BRI4W1M","ProductIndex":26745}
{"itemId":"B0057VOVE8","ProductIndex":9358}
{"itemId":"B005DPFSA4","ProductIndex":1872}
{"itemId":"B008BNY2NY","ProductIndex":38447}
{"itemId":"B003ES5ZR8","ProductIndex":752}
{"itemId":"B007M4ZGZG","ProductIndex":7990}
{"itemId":"B004ZCLXAU","ProductIndex":70554}
{"itemId":"B00AYFGNDY","ProductIndex":74119}
{"itemId":"B0018QUX5C","ProductIndex":151832}
{"itemId":"B009OS4V8G","ProductIndex":12120}
{"itemId":"B0040FHB6C","ProductIndex":4008}
{"itemId":"B00009MK3T","ProductIndex":7965}
{"itemId":"B00415PFL4","ProductIndex":24453}
{"itemId":"B0050P19LY","ProductIndex":4876}
{"itemId":"B0039UWW54","ProductIndex":12645}
{"itemId":"B0027JJTY0","ProductIndex":16788}
{"itemId":"B0052VCQBS","ProductIndex":36056}
{"itemId":"B000ZPIMN2","ProductIndex":15751}
{"itemId":"B001EYU3HQ","ProductIndex":48853}
{"itemId":"B000056SSM","ProductIndex":3805}
{"itemId":"B0043VE28S","ProductIndex":10255}
{"itemId":"B00B7IR5AW","ProductIndex":46318}
{"itemId":"B00494QFBG","ProductIndex":21624}
{"itemId":"B0090I46U8","ProductIndex":9170}
{"itemId":"B001MYLBJ2","ProductIndex":42851}
{"itemId":"B00A02N3VQ","ProductIndex":15753}
{"itemId":"B0039RPITE","ProductIndex":50597}
{"itemId":"B000EDQ3WM","ProductIndex":147540}
{"itemId":"B00858I4M0","ProductIndex":30547}
{"itemId":"B00E08OEGY","ProductIndex":41206}
{"itemId":"B00009R6JT","ProductIndex":3875}
{"itemId":"B003WGIYMK","ProductIndex":23556}
{"itemId":"B0085RQV7Q","ProductIndex":83125}
{"itemId":"B00DK2JQOQ","ProductIndex":9630}
{"itemId":"B008YYT1IG","ProductIndex":133835}
{"itemId":"B002SUCMUG","ProductIndex":39311}
{"itemId":"B007BWCDYQ","ProductIndex":31984}
{"itemId":"B000I3AGWQ","ProductIndex":36703}
{"itemId":"B007FKHT9I","ProductIndex":119983}
{"itemId":"B00BV9AOL4","ProductIndex":22052}
{"itemId":"B00BJ7JDB0","ProductIndex":95359}
{"itemId":"B00171V6CW","ProductIndex":41156}
{"itemId":"B00006I5BG","ProductIndex":44991}
{"itemId":"B003U8HYIA","ProductIndex":28503}
{"itemId":"B005E2XLNM","ProductIndex":19546}
{"itemId":"B0007XGORI","ProductIndex":52455}
{"itemId":"B0017J3XMU","ProductIndex":25896}
{"itemId":"B00CHDSPSM","ProductIndex":7573}
{"itemId":"B0054O2ZXM","ProductIndex":22086}
{"itemId":"B0030CGMAC","ProductIndex":4834}
{"itemId":"B00005KI35","ProductIndex":109753}
{"itemId":"B001TI7GTK","ProductIndex":15330}
{"itemId":"B008BW9XHK","ProductIndex":206076}
{"itemId":"B00C53DIW2","ProductIndex":85717}
{"itemId":"B003F3XUEM","ProductIndex":80415}
{"itemId":"B000FPH3SM","ProductIndex":14512}
{"itemId":"B00BM9SLQ8","ProductIndex":175367}
{"itemId":"B000031KIM","ProductIndex":8873}
{"itemId":"B000GIYBUG","ProductIndex":55000}
{"itemId":"B0000630TK","ProductIndex":51624}
{"itemId":"B004MCPK8E","ProductIndex":51575}
{"itemId":"B001A3B6FE","ProductIndex":23317}
{"itemId":"B00BFIC88I","ProductIndex":65504}
{"itemId":"B006MR0ZC8","ProductIndex":205584}
{"itemId":"B00168NF7U","ProductIndex":26440}
{"itemId":"B0026KEHYM","ProductIndex":23707}
{"itemId":"B00H2QUBMW","ProductIndex":5827}
{"itemId":"B001QMG1V8","ProductIndex":80163}
{"itemId":"B008LTB3QW","ProductIndex":19736}
{"itemId":"B000B753CC","ProductIndex":18259}
{"itemId":"B006U3ZIM6","ProductIndex":19006}
{"itemId":"B001AWV1HS","ProductIndex":118398}
{"itemId":"B001N85YZ4","ProductIndex":83326}
{"itemId":"B002O0KSME","ProductIndex":17522}
{"itemId":"B000CMKZ42","ProductIndex":126225}
{"itemId":"B005ILJTHG","ProductIndex":62205}
{"itemId":"B001NXUS0A","ProductIndex":134749}
{"itemId":"B001P4UAF0","ProductIndex":23937}
{"itemId":"B005Z44PXO","ProductIndex":64888}
{"itemId":"B001U8UAB0","ProductIndex":57618}
{"itemId":"B005HEEL18","ProductIndex":104557}
{"itemId":"B005DBCI2Y","ProductIndex":65677}
{"itemId":"B001N0RJQO","ProductIndex":28749}
{"itemId":"B000BY2DJQ","ProductIndex":18530}
{"itemId":"B00EDM00VU","ProductIndex":139789}
{"itemId":"B000OCEKDM","ProductIndex":71384}
{"itemId":"B007RESG3A","ProductIndex":29169}
{"itemId":"B003D3NFAS","ProductIndex":68273}
{"itemId":"B003VTZ0DY","ProductIndex":13962}
{"itemId":"B008I5ZPB8","ProductIndex":75345}
{"itemId":"B00000JBPB","ProductIndex":58240}
{"itemId":"B001DYK87C","ProductIndex":22890}
{"itemId":"B00826L4G8","ProductIndex":34207}
{"itemId":"B001FWH0A0","ProductIndex":16550}
{"itemId":"B004K1FTGU","ProductIndex":14152}
{"itemId":"B005NJS3RU","ProductIndex":57941}
{"itemId":"B004V949OO","ProductIndex":18220}
{"itemId":"B002LQ5B4Q","ProductIndex":19711}
{"itemId":"B00000J3Q8","ProductIndex":62668}
{"itemId":"B00009R8I1","ProductIndex":166848}
{"itemId":"B00DIGC6GO","ProductIndex":41561}
{"itemId":"B00GNUEFMA","ProductIndex":17276}
{"itemId":"B007BWD4K8","ProductIndex":65285}
{"itemId":"B00DWORCMU","ProductIndex":50777}
{"itemId":"B0079XWO4G","ProductIndex":27389}
{"itemId":"B008KCPNB6","ProductIndex":184974}
{"itemId":"B0097BEFI6","ProductIndex":134231}
{"itemId":"B00AOB0L0Y","ProductIndex":83654}
{"itemId":"B00CUOUGAS","ProductIndex":117227}
{"itemId":"B00A9SSJS8","ProductIndex":170564}
{"itemId":"B00079XZEM","ProductIndex":44934}
{"itemId":"B001MRR684","ProductIndex":101403}
{"itemId":"B0080DQ26A","ProductIndex":102847}
{"itemId":"B004QR1IDG","ProductIndex":196161}
{"itemId":"B007GFTS0U","ProductIndex":77720}
{"itemId":"B0002HLKIW","ProductIndex":107933}
{"itemId":"B00004VUM1","ProductIndex":50099}
{"itemId":"B003E2PUJ2","ProductIndex":45321}
{"itemId":"B001413DEE","ProductIndex":51849}
{"itemId":"B001FN2PDG","ProductIndex":26675}
{"itemId":"B0080HVHFM","ProductIndex":57482}
{"itemId":"B003EB0AXY","ProductIndex":4773}
{"itemId":"B0067GVA1O","ProductIndex":69903}
{"itemId":"B0032IBYXO","ProductIndex":34901}
{"itemId":"B009J8W8D6","ProductIndex":160789}
{"itemId":"B0056MPWZU","ProductIndex":20869}
{"itemId":"B003S6VHBY","ProductIndex":208106}
{"itemId":"B00065ZK7M","ProductIndex":40418}
{"itemId":"B004BU7WEM","ProductIndex":111606}
{"itemId":"B000E1B3LK","ProductIndex":115853}
{"itemId":"B0000AHEPS","ProductIndex":152580}
{"itemId":"B005WVDVSA","ProductIndex":74168}
{"itemId":"B0021YG5FM","ProductIndex":15633}
{"itemId":"B0014E9XP4","ProductIndex":153914}
{"itemId":"B009QRX9ZG","ProductIndex":205591}
{"itemId":"B007RYYVPW","ProductIndex":36963}
{"itemId":"B003MUKRD0","ProductIndex":44650}
{"itemId":"B000GX43E0","ProductIndex":39684}
{"itemId":"B001912A5W","ProductIndex":39064}
{"itemId":"B008LR9WDK","ProductIndex":16995}
{"itemId":"B009XBCK5A","ProductIndex":157923}
{"itemId":"B00006I5JO","ProductIndex":48831}
{"itemId":"B00008V3DR","ProductIndex":39291}
{"itemId":"B008JNZNCK","ProductIndex":43592}
{"itemId":"B0067XG1T8","ProductIndex":17292}
{"itemId":"B001RJKU7Q","ProductIndex":172870}
{"itemId":"B004I5K4F4","ProductIndex":32923}
{"itemId":"B004VTFNG2","ProductIndex":85565}
{"itemId":"B004CJ6Y0A","ProductIndex":41804}
{"itemId":"B004F1NZTS","ProductIndex":26065}
{"itemId":"B00573S3RC","ProductIndex":35642}
{"itemId":"B0089KDD5C","ProductIndex":21514}
{"itemId":"B008JFRZT2","ProductIndex":207783}
{"itemId":"B000F8T4AY","ProductIndex":22655}
{"itemId":"B004JXVOEA","ProductIndex":24093}
{"itemId":"B002ER0GUQ","ProductIndex":24860}
{"itemId":"B0050A1O64","ProductIndex":17242}
{"itemId":"B0000A5AAU","ProductIndex":127456}
{"itemId":"B00C2B7OCW","ProductIndex":29099}
{"itemId":"B00D3NXM2Y","ProductIndex":48613}
{"itemId":"B004MJ0OEW","ProductIndex":80931}
{"itemId":"B0050CNYUG","ProductIndex":79426}
{"itemId":"B006BCK7RM","ProductIndex":21977}
{"itemId":"B004YLCE2S","ProductIndex":13533}
{"itemId":"B003AG24PU","ProductIndex":77827}
{"itemId":"B002BX2552","ProductIndex":50724}
{"itemId":"B006ZOCAJE","ProductIndex":196395}
{"itemId":"B0009E3UUY","ProductIndex":27572}
{"itemId":"B00404LHEK","ProductIndex":26838}
{"itemId":"B002FNVA8G","ProductIndex":16665}
{"itemId":"B00F6OV6T4","ProductIndex":136457}
{"itemId":"B0049JCBQE","ProductIndex":58700}
{"itemId":"B0055BLKYO","ProductIndex":167839}
{"itemId":"B0010DF6UK","ProductIndex":41088}
{"itemId":"B0043X6LIA","ProductIndex":134053}
{"itemId":"B00AWPYG4O","ProductIndex":50306}
{"itemId":"B00091S0SY","ProductIndex":143548}
{"itemId":"B00BISLDAY","ProductIndex":28976}
{"itemId":"B004AF9II6","ProductIndex":8734}
{"itemId":"B0057G3GSU","ProductIndex":108007}
{"itemId":"B00302MJOU","ProductIndex":57125}
{"itemId":"B001AV5ZHG","ProductIndex":12375}
{"itemId":"B00C2JNGB2","ProductIndex":69265}
{"itemId":"B007G93S5C","ProductIndex":147994}
{"itemId":"B00BOTAI0I","ProductIndex":32413}
{"itemId":"B0009JRTUG","ProductIndex":94198}
{"itemId":"B0067G0YR0","ProductIndex":48634}
{"itemId":"B0055QYKQ4","ProductIndex":59180}
{"itemId":"B00CAYAIL0","ProductIndex":16194}
{"itemId":"B008472LNK","ProductIndex":89819}
{"itemId":"B004T33WXQ","ProductIndex":71203}
{"itemId":"B005VSHMDE","ProductIndex":64326}
{"itemId":"B005SZ66XM","ProductIndex":3163}
{"itemId":"B001KWVSIA","ProductIndex":180322}
{"itemId":"B003LPUYGQ","ProductIndex":80304}
{"itemId":"B007A9UUJK","ProductIndex":20522}
{"itemId":"B001NG24GI","ProductIndex":35700}
{"itemId":"B004FYC794","ProductIndex":129183}
{"itemId":"B003M0LKQI","ProductIndex":85381}
{"itemId":"B002VS4V0Y","ProductIndex":25077}
{"itemId":"B006LSXG88","ProductIndex":164701}
{"itemId":"B000TLOFYC","ProductIndex":38394}
{"itemId":"B008CDNW6G","ProductIndex":27841}
{"itemId":"B00198L9RA","ProductIndex":9410}
{"itemId":"B000HDONWQ","ProductIndex":16384}
{"itemId":"B00GX2DEOS","ProductIndex":45452}
{"itemId":"B007WTU3FY","ProductIndex":87855}
{"itemId":"B005XXMMG4","ProductIndex":77378}
{"itemId":"B003OU639A","ProductIndex":19094}
{"itemId":"B006YU5PMS","ProductIndex":154049}
{"itemId":"B00005AK7D","ProductIndex":105754}
{"itemId":"B0056441IM","ProductIndex":63663}
{"itemId":"B005AM8Z3W","ProductIndex":75071}
{"itemId":"B004W7395K","ProductIndex":152135}
{"itemId":"B002WTN8QK","ProductIndex":12920}
{"itemId":"B0019R560C","ProductIndex":84925}
{"itemId":"B005LTU54Q","ProductIndex":16368}
{"itemId":"B000IY92O8","ProductIndex":32738}
{"itemId":"B004P15HD0","ProductIndex":7374}
{"itemId":"B000083JZG","ProductIndex":67380}
{"itemId":"B008JBNAPO","ProductIndex":125321}
{"itemId":"B00352UZQO","ProductIndex":41422}
{"itemId":"B003EB0AY8","ProductIndex":19926}
{"itemId":"B003BA1E2Y","ProductIndex":56700}
{"itemId":"B003U7BJF0","ProductIndex":97015}
{"itemId":"B002PHLZXC","ProductIndex":12142}
{"itemId":"B00CZARBUK","ProductIndex":133713}
{"itemId":"B00AGOKLO0","ProductIndex":25627}
{"itemId":"B001U0O91A","ProductIndex":75250}
{"itemId":"B000E7GDTG","ProductIndex":63644}
{"itemId":"B00DE1DW70","ProductIndex":74101}
{"itemId":"B004EYSNKM","ProductIndex":98446}
{"itemId":"B007Y8DJEA","ProductIndex":11640}
{"itemId":"B00B4J3UN0","ProductIndex":185714}
{"itemId":"B009B8EAZS","ProductIndex":43007}
{"itemId":"B006OAW5BC","ProductIndex":27563}
{"itemId":"B002V1B5PU","ProductIndex":26192}
{"itemId":"B000P8DP4A","ProductIndex":110289}
{"itemId":"B009GKH5Q2","ProductIndex":70244}
{"itemId":"B001A3OC50","ProductIndex":182990}
{"itemId":"B0031WRG56","ProductIndex":73163}
{"itemId":"B009B0RK3K","ProductIndex":46458}
{"itemId":"B0007QS5XQ","ProductIndex":87389}
{"itemId":"B0037LQY7M","ProductIndex":18576}
{"itemId":"B00D9E8O70","ProductIndex":55961}
{"itemId":"B000XBO228","ProductIndex":49415}
{"itemId":"B00A6U6CK6","ProductIndex":29129}
{"itemId":"B0091PVRIE","ProductIndex":72203}
{"itemId":"B000J697G8","ProductIndex":129405}
{"itemId":"B00322OOCS","ProductIndex":21814}
{"itemId":"B009394C8A","ProductIndex":37505}
{"itemId":"B002ZPO8YW","ProductIndex":180417}
{"itemId":"B002NWKZX0","ProductIndex":15034}
{"itemId":"B004ET1DJU","ProductIndex":94411}
{"itemId":"B0006HVKM4","ProductIndex":16699}
{"itemId":"B003HB6BFW","ProductIndex":46391}
{"itemId":"B00HNYSLN4","ProductIndex":63916}
{"itemId":"B000HGMMG2","ProductIndex":162933}
{"itemId":"B004F3CYO8","ProductIndex":175556}
{"itemId":"B00BPV3OQ0","ProductIndex":100549}
{"itemId":"B00EUKS6NY","ProductIndex":73177}
{"itemId":"B000I1D1HA","ProductIndex":134041}
{"itemId":"B000V1PB3O","ProductIndex":27540}
{"itemId":"B0018SHJPM","ProductIndex":17710}
{"itemId":"B0038C5FWA","ProductIndex":83475}
{"itemId":"B008579P2Y","ProductIndex":107014}
{"itemId":"B0021AES3M","ProductIndex":37967}
{"itemId":"B005K0MCQA","ProductIndex":120969}
{"itemId":"B003A4H4VQ","ProductIndex":89605}
{"itemId":"B004FPLRJ4","ProductIndex":94457}
{"itemId":"B00683JXS8","ProductIndex":52631}
{"itemId":"B003Q8MNOE","ProductIndex":205240}
{"itemId":"B004ZLV1IA","ProductIndex":60435}
{"itemId":"B0000BY4HU","ProductIndex":72384}
{"itemId":"B003L23OBG","ProductIndex":85549}
{"itemId":"B0057QKQQU","ProductIndex":128099}
{"itemId":"B0007W2IVU","ProductIndex":77146}
{"itemId":"B001C4EUBI","ProductIndex":144388}
{"itemId":"B000G1E59U","ProductIndex":67561}
{"itemId":"B00005T3IR","ProductIndex":130834}
{"itemId":"B008PUND6U","ProductIndex":71556}
{"itemId":"B0007SKSEI","ProductIndex":115263}
{"itemId":"B009LNEMTW","ProductIndex":204316}
{"itemId":"B00C66C950","ProductIndex":47238}
{"itemId":"B0039KXWVC","ProductIndex":157141}
{"itemId":"B001UVGYSA","ProductIndex":165332}
{"itemId":"B0015H8L4Y","ProductIndex":85562}
{"itemId":"B008VDUJHC","ProductIndex":194118}
{"itemId":"B001PPTZ5K","ProductIndex":84464}
{"itemId":"B00C08GTA0","ProductIndex":88400}
{"itemId":"B004W9HWHE","ProductIndex":46183}
{"itemId":"B001MUSU5Y","ProductIndex":68450}
{"itemId":"B001USYGJW","ProductIndex":169490}
{"itemId":"B0048ABBPG","ProductIndex":194765}
{"itemId":"B00005UK8Y","ProductIndex":120418}
{"itemId":"B00005O7MW","ProductIndex":41930}
{"itemId":"B00005AY9I","ProductIndex":97735}
{"itemId":"B000S6R93W","ProductIndex":64814}
{"itemId":"B006GHYBGK","ProductIndex":14028}
{"itemId":"B005P99KWU","ProductIndex":25541}
{"itemId":"B005M1QFA6","ProductIndex":78425}
{"itemId":"B00GM15NGM","ProductIndex":191719}
{"itemId":"B006G44HZI","ProductIndex":22315}
{"itemId":"B007NYZ2RC","ProductIndex":120949}
{"itemId":"B000PD02HI","ProductIndex":46002}
{"itemId":"B0034E0978","ProductIndex":207325}
{"itemId":"B00F5WBUNY","ProductIndex":31765}
{"itemId":"B0000AHO8W","ProductIndex":66542}
{"itemId":"B00BJQ86H8","ProductIndex":67364}
{"itemId":"B00ECQ7BTQ","ProductIndex":191965}
{"itemId":"B001FWU96M","ProductIndex":33616}
{"itemId":"B007TB5RMY","ProductIndex":89122}
{"itemId":"B0000AE6AI","ProductIndex":83847}
{"itemId":"B00F3JSINY","ProductIndex":65837}
{"itemId":"B0045HHQW4","ProductIndex":86607}
{"itemId":"B002H40M2S","ProductIndex":175353}
{"itemId":"B007HRUU1I","ProductIndex":135514}
{"itemId":"B000J10M62","ProductIndex":77944}
{"itemId":"B003BLXJ6C","ProductIndex":63885}
{"itemId":"B000O50VEQ","ProductIndex":21979}
{"itemId":"B0026K2LRC","ProductIndex":54312}
{"itemId":"B001KAFRCK","ProductIndex":68421}
{"itemId":"B009XP1J26","ProductIndex":125380}
{"itemId":"B008ON0X48","ProductIndex":86959}
{"itemId":"B00CS7TJ3C","ProductIndex":69724}
{"itemId":"B0081YPVJ2","ProductIndex":76168}
{"itemId":"B00GNPMGLC","ProductIndex":140208}
{"itemId":"B002XE1RHQ","ProductIndex":135816}
{"itemId":"B004JHKFVY","ProductIndex":69598}
{"itemId":"B003ZWXTY4","ProductIndex":137559}
{"itemId":"B0098R9B92","ProductIndex":120046}
{"itemId":"B00EQ07V4S","ProductIndex":43842}
{"itemId":"B000E88D2U","ProductIndex":59387}
{"itemId":"B008EO25LG","ProductIndex":196800}
{"itemId":"B00A2C10O6","ProductIndex":70001}
{"itemId":"B002QPWA2S","ProductIndex":82051}
{"itemId":"B000EH8M36","ProductIndex":153798}
{"itemId":"B0021AEN64","ProductIndex":193123}
{"itemId":"B002RM7F1G","ProductIndex":195595}
{"itemId":"B002EK0176","ProductIndex":58528}
{"itemId":"B000BU51CQ","ProductIndex":62280}
{"itemId":"B00006BBLS","ProductIndex":108034}
{"itemId":"B000GDP9XY","ProductIndex":47163}
{"itemId":"B0051GN8RA","ProductIndex":105216}
{"itemId":"B000TIDCG2","ProductIndex":64671}
{"itemId":"B005TX3PGE","ProductIndex":129879}
{"itemId":"B000FCSWHQ","ProductIndex":113304}
{"itemId":"B0018AMC66","ProductIndex":97556}
{"itemId":"B00E9FYRBA","ProductIndex":206699}
{"itemId":"B001UH5ZTI","ProductIndex":79709}
{"itemId":"B00EDT9DQG","ProductIndex":48087}
{"itemId":"B004S3ZHXK","ProductIndex":111841}
{"itemId":"B0041ORN9M","ProductIndex":37540}
{"itemId":"B002NFVE8W","ProductIndex":38511}
{"itemId":"B008GVD7F0","ProductIndex":109033}
{"itemId":"B007P5LZP2","ProductIndex":69387}
{"itemId":"B0030COB0U","ProductIndex":92090}
{"itemId":"B007RZMMRU","ProductIndex":76177}
{"itemId":"B003TYGAYO","ProductIndex":49995}
{"itemId":"B001NLV1KS","ProductIndex":170937}
{"itemId":"B000KED8Q4","ProductIndex":145839}
{"itemId":"B000LWESXW","ProductIndex":98088}
{"itemId":"B001UHGUS8","ProductIndex":167176}
{"itemId":"B001MJKSS2","ProductIndex":73539}
{"itemId":"B005EAQLDQ","ProductIndex":51074}
{"itemId":"B0012RAQJA","ProductIndex":206037}
{"itemId":"B001UJ4C0O","ProductIndex":38024}
{"itemId":"B005R5LZHU","ProductIndex":180432}
{"itemId":"B001F4UV6I","ProductIndex":42933}
{"itemId":"B00F13EPQQ","ProductIndex":118980}
{"itemId":"B005DIBG1G","ProductIndex":43766}
{"itemId":"B003SEWLB6","ProductIndex":72406}
{"itemId":"B001DCDJMA","ProductIndex":172737}
{"itemId":"B0099XFRIY","ProductIndex":31454}
{"itemId":"B004SMAXIU","ProductIndex":144512}
{"itemId":"B003ML6XLY","ProductIndex":68243}
{"itemId":"B00FEN4CZM","ProductIndex":80719}
{"itemId":"B005IU9L3O","ProductIndex":76020}
{"itemId":"B00005NWR1","ProductIndex":86850}
{"itemId":"B005JTTRB0","ProductIndex":49018}
{"itemId":"B00G0PHTAI","ProductIndex":182573}
{"itemId":"B002ALV9V6","ProductIndex":114790}
{"itemId":"B0014KGXNS","ProductIndex":104827}
{"itemId":"B001BFZ2OM","ProductIndex":123287}
{"itemId":"B002NZE34Y","ProductIndex":90671}
{"itemId":"B000167TXY","ProductIndex":42895}
{"itemId":"B0064J54VG","ProductIndex":47058}
{"itemId":"B0002OMSTA","ProductIndex":80101}
{"itemId":"B0019K6MS4","ProductIndex":64009}
{"itemId":"B001FB53OQ","ProductIndex":77554}
{"itemId":"B007MAIMQU","ProductIndex":126370}
{"itemId":"B00FBJBYTQ","ProductIndex":116700}
{"itemId":"B007CE4H38","ProductIndex":35379}
{"itemId":"B000UPXBFQ","ProductIndex":83429}
{"itemId":"B001J2YYZ0","ProductIndex":70642}
{"itemId":"B005GSF1EG","ProductIndex":77090}
{"itemId":"B003AVM8Q0","ProductIndex":70624}
{"itemId":"B0044DUCVG","ProductIndex":41200}
{"itemId":"B000094AE4","ProductIndex":30865}
{"itemId":"B00194CT7I","ProductIndex":169320}
{"itemId":"B004FLW8IM","ProductIndex":101758}
{"itemId":"B004T8ZELO","ProductIndex":174621}
{"itemId":"B001B81UOK","ProductIndex":138692}
{"itemId":"B004VD4F1W","ProductIndex":88977}
{"itemId":"B001I6HRGU","ProductIndex":50091}
{"itemId":"B00DJ5XH4O","ProductIndex":122237}
{"itemId":"B000PKXWLE","ProductIndex":154147}
{"itemId":"B00005S8KY","ProductIndex":34544}
{"itemId":"B001TA8B4W","ProductIndex":36947}
{"itemId":"B00GQGCFGE","ProductIndex":198417}
{"itemId":"B004DGUHHI","ProductIndex":132657}
{"itemId":"B0006FS24K","ProductIndex":86039}
{"itemId":"B005BU4492","ProductIndex":46373}
{"itemId":"B004MWJSB4","ProductIndex":58080}
{"itemId":"B008YVT3ZA","ProductIndex":76387}
{"itemId":"B004U7KT8M","ProductIndex":43403}
{"itemId":"B004R4GWWA","ProductIndex":101706}
{"itemId":"B0032GEJW4","ProductIndex":74751}
{"itemId":"B00004TLNF","ProductIndex":108029}
{"itemId":"B008V376S2","ProductIndex":157161}
{"itemId":"B00BD8I3EI","ProductIndex":54053}
{"itemId":"B001NIEGUI","ProductIndex":180578}
{"itemId":"B000KIT6LQ","ProductIndex":100829}
{"itemId":"B004K30BGQ","ProductIndex":55851}
{"itemId":"B000E1HDB4","ProductIndex":102629}
{"itemId":"B003KFO7QA","ProductIndex":98565}
{"itemId":"B000TMEIAC","ProductIndex":114975}
{"itemId":"B003JME5NO","ProductIndex":189522}
{"itemId":"B002N66G0C","ProductIndex":62378}
{"itemId":"B00BNQJABK","ProductIndex":160080}
{"itemId":"B0009VU7QM","ProductIndex":68005}
{"itemId":"B0056K5D92","ProductIndex":170631}
{"itemId":"B008RDQWQI","ProductIndex":57646}
{"itemId":"B0016059RC","ProductIndex":115481}
{"itemId":"B00EZC61A2","ProductIndex":134837}
{"itemId":"B000TQ9L9G","ProductIndex":176199}
{"itemId":"B00005QWZ5","ProductIndex":206115}
{"itemId":"B002LAL9QG","ProductIndex":195998}
{"itemId":"B00AKG1PMQ","ProductIndex":144202}
{"itemId":"B004E3NXR6","ProductIndex":144403}
{"itemId":"B004P5K6BY","ProductIndex":158313}
{"itemId":"B002M2GXVO","ProductIndex":104550}
{"itemId":"B007Q30RFW","ProductIndex":75598}
{"itemId":"B000NEI0MS","ProductIndex":76831}
{"itemId":"B004SPN9E2","ProductIndex":145260}
{"itemId":"B003R7KSYG","ProductIndex":83660}
{"itemId":"B009OY2G9Q","ProductIndex":67339}
{"itemId":"B001MQACXG","ProductIndex":123956}
{"itemId":"B00INO6JX2","ProductIndex":27956}
{"itemId":"B004YSH002","ProductIndex":84847}
{"itemId":"B00GN7HZQG","ProductIndex":206486}
{"itemId":"B00082FHHQ","ProductIndex":205647}
{"itemId":"B0043CYRIW","ProductIndex":192045}
{"itemId":"B004THF84I","ProductIndex":106959}
{"itemId":"B00029NVFA","ProductIndex":200996}
{"itemId":"B00A36C7HU","ProductIndex":153578}
{"itemId":"B00EZJVR40","ProductIndex":88056}
{"itemId":"B00009R99J","ProductIndex":116000}
{"itemId":"B00B29D3QG","ProductIndex":100352}
{"itemId":"B0001KO99C","ProductIndex":150570}
{"itemId":"B000083JZ0","ProductIndex":47580}
{"itemId":"B008JO1QGQ","ProductIndex":74807}
{"itemId":"B00JQTPGQO","ProductIndex":177089}
{"itemId":"B00009R8YG","ProductIndex":138277}
{"itemId":"B000KL0XQK","ProductIndex":140252}
{"itemId":"B005E2WEXA","ProductIndex":208229}
{"itemId":"B002LRUPPK","ProductIndex":115915}
{"itemId":"B000OSZA58","ProductIndex":103666}
{"itemId":"B004I0FKS0","ProductIndex":136614}
{"itemId":"B000TTIP7C","ProductIndex":110590}
{"itemId":"B000ZIMD0M","ProductIndex":50238}
{"itemId":"B00GUX2YTQ","ProductIndex":127005}
{"itemId":"B00A0Z26LQ","ProductIndex":79836}
{"itemId":"B0013N5ORC","ProductIndex":135915}
{"itemId":"B001AG60R0","ProductIndex":77645}
{"itemId":"B000V6WWD6","ProductIndex":167180}
{"itemId":"B0007WW4XW","ProductIndex":79961}
{"itemId":"B000NWEM2C","ProductIndex":192287}
{"itemId":"B007R5YVOC","ProductIndex":183044}
{"itemId":"B004M8SU2Q","ProductIndex":47441}
{"itemId":"B000067QFE","ProductIndex":102020}
{"itemId":"B007CO2JGU","ProductIndex":139345}
{"itemId":"B00GZDXDVE","ProductIndex":195144}
{"itemId":"B0018D134A","ProductIndex":179197}
{"itemId":"B0011YR8KO","ProductIndex":52714}
{"itemId":"B003U8ELSG","ProductIndex":82926}
{"itemId":"B002DYIX3W","ProductIndex":113732}
{"itemId":"B00D38N332","ProductIndex":194657}
{"itemId":"B00362YNLG","ProductIndex":85071}
{"itemId":"B004C1U2WE","ProductIndex":156127}
{"itemId":"B003AJ7OE8","ProductIndex":134466}
{"itemId":"B008MI79CE","ProductIndex":42712}
{"itemId":"B004ETTDMO","ProductIndex":164328}
{"itemId":"B004Z6NRIC","ProductIndex":35840}
{"itemId":"B000IZAN5Y","ProductIndex":166246}
{"itemId":"B0027ZO8NG","ProductIndex":109850}
{"itemId":"B00A333EKC","ProductIndex":165143}
{"itemId":"B001H74WQS","ProductIndex":179200}
{"itemId":"B0074QBMGY","ProductIndex":142185}
{"itemId":"B006Z4AAG4","ProductIndex":109339}
{"itemId":"B003X4XIOA","ProductIndex":147447}
{"itemId":"B002OSQGOK","ProductIndex":72509}
{"itemId":"B001Q2COXC","ProductIndex":41968}
{"itemId":"B00ATLDBLU","ProductIndex":71300}
{"itemId":"B000PCEG58","ProductIndex":97087}
{"itemId":"B009RSFJD4","ProductIndex":108089}
{"itemId":"B009O6XGMU","ProductIndex":114008}
{"itemId":"B00E0G6VPS","ProductIndex":114235}
{"itemId":"B008M8QV8M","ProductIndex":66650}
{"itemId":"B003VYB1JG","ProductIndex":157329}
{"itemId":"B0053HVRG6","ProductIndex":119510}
{"itemId":"B003O7GLSG","ProductIndex":93296}
{"itemId":"B00519B0UO","ProductIndex":143918}
{"itemId":"B000KH7MZ4","ProductIndex":51068}
{"itemId":"B001KW4L52","ProductIndex":83826}
{"itemId":"B004BH73RG","ProductIndex":148565}
{"itemId":"B000FKDML4","ProductIndex":58287}
{"itemId":"B007PV53OA","ProductIndex":87535}
{"itemId":"B000095ISI","ProductIndex":114656}
{"itemId":"B00552P8BO","ProductIndex":70439}
{"itemId":"B00DH3JGQQ","ProductIndex":167675}
{"itemId":"B004N70ZB0","ProductIndex":194757}
{"itemId":"B0063JUA98","ProductIndex":72523}
{"itemId":"B00BPOD1GK","ProductIndex":149015}
{"itemId":"B00AG1GVA6","ProductIndex":83808}
{"itemId":"B00H4S9J94","ProductIndex":129916}
{"itemId":"B00DNVBUF2","ProductIndex":167652}
{"itemId":"B004MFBHB0","ProductIndex":102246}
{"itemId":"B00DW0EV2I","ProductIndex":110435}
{"itemId":"B0030MHEHW","ProductIndex":134986}
{"itemId":"B000BUPXM4","ProductIndex":198835}
{"itemId":"B006HK1QAA","ProductIndex":76095}
{"itemId":"B00C9F5E5K","ProductIndex":95999}
{"itemId":"B004CTU2Z8","ProductIndex":124956}
{"itemId":"B0042L1Z8E","ProductIndex":99818}
{"itemId":"B00066HOUC","ProductIndex":82407}
{"itemId":"B005DUV8BW","ProductIndex":114616}
{"itemId":"B008JGL1P0","ProductIndex":144617}
{"itemId":"B006ZPLTH2","ProductIndex":160174}
{"itemId":"B007F5MNO4","ProductIndex":150520}
{"itemId":"B004Z3KOAE","ProductIndex":88789}
{"itemId":"B003SE6IL0","ProductIndex":65391}
{"itemId":"B004IV93SC","ProductIndex":153470}
{"itemId":"9985607600","ProductIndex":144157}
{"itemId":"B00AA6OHNU","ProductIndex":129074}
{"itemId":"B007TO3EK8","ProductIndex":60502}
{"itemId":"B000GIPHNG","ProductIndex":36925}
{"itemId":"B004QXECHY","ProductIndex":193721}
{"itemId":"B0054EIGW6","ProductIndex":141513}
{"itemId":"B002LIO8FM","ProductIndex":39577}
{"itemId":"B0002DF0F0","ProductIndex":67020}
{"itemId":"B005G50NQK","ProductIndex":91016}
{"itemId":"B004JLFS58","ProductIndex":48124}
{"itemId":"B00A65D3QC","ProductIndex":151358}
{"itemId":"B000VDF5JC","ProductIndex":81590}
{"itemId":"B009SPNLUE","ProductIndex":73759}
{"itemId":"B005IBUIGW","ProductIndex":206828}
{"itemId":"B001GSMVWA","ProductIndex":89559}
{"itemId":"B007FQNK2W","ProductIndex":84360}
{"itemId":"B003JCXFIK","ProductIndex":118949}
{"itemId":"B0014XDBKI","ProductIndex":154246}
{"itemId":"B000T9QG8M","ProductIndex":109669}
{"itemId":"B0017TYGNA","ProductIndex":49384}
{"itemId":"B0002H6LZ4","ProductIndex":103739}
{"itemId":"B0024NL1EA","ProductIndex":82718}
{"itemId":"B00005T3C1","ProductIndex":113200}
{"itemId":"B004EXKCYI","ProductIndex":136323}
{"itemId":"B001AZLIM8","ProductIndex":167696}
{"itemId":"B004AUSJZY","ProductIndex":176320}
{"itemId":"B004HJ20LW","ProductIndex":128995}
{"itemId":"B000H00152","ProductIndex":93558}
{"itemId":"B00GR9GCDW","ProductIndex":161127}
{"itemId":"B000GBVA34","ProductIndex":46489}
{"itemId":"B00IEL2E6A","ProductIndex":107367}
{"itemId":"B0094H1FRM","ProductIndex":207765}
{"itemId":"B001JIBM54","ProductIndex":59352}
{"itemId":"B0047YMMR4","ProductIndex":130130}
{"itemId":"B000I1TKKW","ProductIndex":52423}
{"itemId":"B00BJE3WEW","ProductIndex":71661}
{"itemId":"B003URKYRO","ProductIndex":103142}
{"itemId":"B000067FOQ","ProductIndex":170916}
{"itemId":"B0012VOYD0","ProductIndex":183918}
{"itemId":"B009L63R8G","ProductIndex":186551}
{"itemId":"B00005V9BU","ProductIndex":101782}
{"itemId":"B008K85XCO","ProductIndex":88160}
{"itemId":"B000MXNHZU","ProductIndex":87910}
{"itemId":"B000TUZOAC","ProductIndex":94413}
{"itemId":"B005NDQHFG","ProductIndex":102473}
{"itemId":"B006H9VJC6","ProductIndex":200530}
{"itemId":"B000IG66VS","ProductIndex":144283}
{"itemId":"B002ZJUXRY","ProductIndex":56165}
{"itemId":"B000278KLM","ProductIndex":62012}
{"itemId":"B002TPM5YS","ProductIndex":102710}
{"itemId":"B000VS3BIO","ProductIndex":194089}
{"itemId":"B000I3DUGK","ProductIndex":138608}
{"itemId":"B00BBL20SC","ProductIndex":176196}
{"itemId":"B008I62AN8","ProductIndex":55613}
{"itemId":"B002VYP5QW","ProductIndex":76427}
{"itemId":"B003CZ7X96","ProductIndex":141050}
{"itemId":"B002KLLG2I","ProductIndex":112961}
{"itemId":"B00HGLX9A4","ProductIndex":136084}
{"itemId":"B0081YPWZA","ProductIndex":119373}
{"itemId":"B003MWOG62","ProductIndex":102871}
{"itemId":"B002L0O54E","ProductIndex":57493}
{"itemId":"B0007KPS3W","ProductIndex":138488}
{"itemId":"B006LX2MQK","ProductIndex":74534}
{"itemId":"B000QY31KQ","ProductIndex":89298}
{"itemId":"B0036UTQLK","ProductIndex":59273}
{"itemId":"B0080C6XUG","ProductIndex":182838}
{"itemId":"B000065UTC","ProductIndex":41864}
{"itemId":"B00009R6X9","ProductIndex":136510}
{"itemId":"B001IWXBS2","ProductIndex":108659}
{"itemId":"B003BM9EP6","ProductIndex":125608}
{"itemId":"B004FLB0LS","ProductIndex":103120}
{"itemId":"B00022669A","ProductIndex":192209}
{"itemId":"B0002V9IJG","ProductIndex":84445}
{"itemId":"B0002BG6QY","ProductIndex":65116}
{"itemId":"B009A6XFPM","ProductIndex":108962}
{"itemId":"B0058FEGC0","ProductIndex":148825}
{"itemId":"B00BKBV2VY","ProductIndex":129082}
{"itemId":"B005GWTMBA","ProductIndex":85164}
{"itemId":"B003ZU14C0","ProductIndex":130325}
{"itemId":"B009FTWHEO","ProductIndex":130848}
{"itemId":"B0024G48VU","ProductIndex":125045}
{"itemId":"B003CKAOKQ","ProductIndex":130318}
{"itemId":"B00F49A36I","ProductIndex":85015}
{"itemId":"B002V1APEM","ProductIndex":167005}
{"itemId":"B0019LYPVO","ProductIndex":113029}
{"itemId":"B001MBPFEC","ProductIndex":104616}
{"itemId":"B003OXNNCC","ProductIndex":97619}
{"itemId":"B00B289JK6","ProductIndex":197500}
{"itemId":"B000E8HR9K","ProductIndex":117597}
{"itemId":"B001QWPUME","ProductIndex":71591}
{"itemId":"B003ISZX1W","ProductIndex":185483}
{"itemId":"B00AEG52R6","ProductIndex":180563}
{"itemId":"B0091HA6EI","ProductIndex":131907}
{"itemId":"B008D6SVSQ","ProductIndex":136972}
{"itemId":"B008WJB18G","ProductIndex":59663}
{"itemId":"B007PAOTGY","ProductIndex":56678}
{"itemId":"B003ZUCITS","ProductIndex":63294}
{"itemId":"B001MQ6AI2","ProductIndex":95483}
{"itemId":"B001MW5FQY","ProductIndex":72885}
{"itemId":"B0043310UE","ProductIndex":153465}
{"itemId":"B0055O7KMC","ProductIndex":178723}
{"itemId":"B00DV7EHYE","ProductIndex":133880}
{"itemId":"B004ZL2Q6G","ProductIndex":91857}
{"itemId":"B00GXKOC3M","ProductIndex":188925}
{"itemId":"B00315P1JQ","ProductIndex":46941}
{"itemId":"B00CYBPTKE","ProductIndex":156768}
{"itemId":"B009S2959S","ProductIndex":151812}
{"itemId":"B001K2GQRI","ProductIndex":59184}
{"itemId":"B00432JGMO","ProductIndex":130221}
{"itemId":"B004P896YO","ProductIndex":117513}
{"itemId":"B00CG8K2YS","ProductIndex":78442}
{"itemId":"B000V28ISI","ProductIndex":83899}
{"itemId":"B00AYPQCDK","ProductIndex":111925}
{"itemId":"B0046HP4ZE","ProductIndex":42264}
{"itemId":"B003VTY2S8","ProductIndex":59542}
{"itemId":"B000A0R4FY","ProductIndex":148927}
{"itemId":"B0000AI1EC","ProductIndex":107187}
{"itemId":"B000068BRM","ProductIndex":148903}
{"itemId":"B0028WVRQO","ProductIndex":110953}
{"itemId":"B008EO28LS","ProductIndex":111155}
{"itemId":"B0026IBI0U","ProductIndex":148052}
{"itemId":"B003NBFFSK","ProductIndex":128236}
{"itemId":"B001G0MEGG","ProductIndex":80218}
{"itemId":"B00DIY4BC8","ProductIndex":159020}
{"itemId":"B0046VJLV8","ProductIndex":53273}
{"itemId":"B001F3HVSU","ProductIndex":73955}
{"itemId":"B00538P9R8","ProductIndex":198027}
{"itemId":"B004OJI0BO","ProductIndex":203457}
{"itemId":"B0002ER3EK","ProductIndex":164461}
{"itemId":"B004WOBGVM","ProductIndex":87558}
{"itemId":"B008H8FIQ8","ProductIndex":157067}
{"itemId":"B007F5FYTA","ProductIndex":87062}
{"itemId":"B002N48PAS","ProductIndex":107952}
{"itemId":"B000J0RY5K","ProductIndex":160004}
{"itemId":"B009GU9FQ0","ProductIndex":166621}
{"itemId":"B007FHQEU6","ProductIndex":97243}
{"itemId":"B00B2UY45E","ProductIndex":146771}
{"itemId":"B007R9UG38","ProductIndex":103244}
{"itemId":"B002Y27P5K","ProductIndex":48805}
{"itemId":"B006ZQBLRE","ProductIndex":71732}
{"itemId":"B0000DD7XN","ProductIndex":98358}
{"itemId":"B0001CLYCU","ProductIndex":149699}
{"itemId":"B0007Q2GQS","ProductIndex":133166}
{"itemId":"B00006B6P0","ProductIndex":104903}
{"itemId":"B000A3WH8K","ProductIndex":69072}
{"itemId":"B00DLPCHYS","ProductIndex":123734}
{"itemId":"B004HHI5K4","ProductIndex":104287}
{"itemId":"B006TFBQUI","ProductIndex":87418}
{"itemId":"B005OQJEIY","ProductIndex":188880}
{"itemId":"B00011CRZE","ProductIndex":101626}
{"itemId":"B004HY2INC","ProductIndex":190300}
{"itemId":"B006ZOPKZK","ProductIndex":175184}
{"itemId":"B0027DD7TE","ProductIndex":138690}
{"itemId":"B0002LGP8S","ProductIndex":106043}
{"itemId":"B000BM4TX6","ProductIndex":134954}
{"itemId":"B0009JCS9I","ProductIndex":131206}
{"itemId":"B001MQ4NE0","ProductIndex":60227}
{"itemId":"B003ULPCTA","ProductIndex":124176}
{"itemId":"B000BVYBNU","ProductIndex":131340}
{"itemId":"B00E405296","ProductIndex":87926}
{"itemId":"B005VTRTEA","ProductIndex":201420}
{"itemId":"B009EHRPVC","ProductIndex":117816}
{"itemId":"B0018FDWMY","ProductIndex":163033}
{"itemId":"B0049XK2KM","ProductIndex":204921}
{"itemId":"B000I94F6I","ProductIndex":95886}
{"itemId":"B009IBXAE0","ProductIndex":153445}
{"itemId":"B006G8N84A","ProductIndex":154192}
{"itemId":"B000GPTC62","ProductIndex":105616}
{"itemId":"B00EO0IL2Q","ProductIndex":60030}
{"itemId":"B00470U9QO","ProductIndex":137954}
{"itemId":"B00AE2IT5M","ProductIndex":149136}
{"itemId":"B00121PX2Q","ProductIndex":166543}
{"itemId":"B001JT7D5G","ProductIndex":165763}
{"itemId":"B001T7IR1M","ProductIndex":82690}
{"itemId":"B003QTFBNI","ProductIndex":100467}
{"itemId":"B000BU1HYC","ProductIndex":148770}
{"itemId":"B000MWSPJY","ProductIndex":90932}
{"itemId":"B00G0N9GIS","ProductIndex":201978}
{"itemId":"B001SVNH1E","ProductIndex":58973}
{"itemId":"B001OS42V0","ProductIndex":166897}
{"itemId":"B003VWYA3M","ProductIndex":104866}
{"itemId":"B00A443UO0","ProductIndex":130279}
{"itemId":"B00C1CSCTQ","ProductIndex":123275}
{"itemId":"B00474P0HS","ProductIndex":107999}
{"itemId":"B00514DXZY","ProductIndex":149204}
{"itemId":"B00354WFI8","ProductIndex":130308}
{"itemId":"B003A8V21K","ProductIndex":119461}
{"itemId":"B00A6VXYD8","ProductIndex":91365}
{"itemId":"B001TH8ORY","ProductIndex":110034}
{"itemId":"B0000DHB75","ProductIndex":155261}
{"itemId":"B00004S5H6","ProductIndex":45505}
{"itemId":"B0035JDOWO","ProductIndex":166633}
{"itemId":"B0040BQANQ","ProductIndex":159072}
{"itemId":"B005F7M7IG","ProductIndex":116716}
{"itemId":"B00F1B6NKE","ProductIndex":113842}
{"itemId":"B00HC3YW8E","ProductIndex":69828}
{"itemId":"B001WE9S3I","ProductIndex":172430}
{"itemId":"B00F3EUWBK","ProductIndex":197916}
{"itemId":"B009NCG7IU","ProductIndex":154512}
{"itemId":"B001EYV7HQ","ProductIndex":71426}
{"itemId":"B002UOFDO2","ProductIndex":195585}
{"itemId":"B002OTPUPU","ProductIndex":90139}
{"itemId":"B008N1KSF0","ProductIndex":145181}
{"itemId":"B00GNXWHPE","ProductIndex":164784}
{"itemId":"B008AEW4M0","ProductIndex":182974}
{"itemId":"B00006B6WP","ProductIndex":182646}
{"itemId":"B00GCZXAJ0","ProductIndex":142780}
{"itemId":"B0015YYFCE","ProductIndex":126914}
{"itemId":"B001YHSF5A","ProductIndex":167987}
{"itemId":"B000PW37M6","ProductIndex":182073}
{"itemId":"B00ITIPNL6","ProductIndex":72302}
{"itemId":"B0073XY6PW","ProductIndex":121111}
{"itemId":"B002ROGGFA","ProductIndex":197922}
{"itemId":"B006K4BZFE","ProductIndex":104357}
{"itemId":"B0000AZ680","ProductIndex":181280}
{"itemId":"B001G0N2D0","ProductIndex":175103}
{"itemId":"B00IJV9EWW","ProductIndex":148199}
{"itemId":"B00HK15XDG","ProductIndex":172029}
{"itemId":"B00IA3GWLA","ProductIndex":201127}
{"itemId":"B000062HSS","ProductIndex":200947}
{"itemId":"B000FD9N0K","ProductIndex":110103}
{"itemId":"B004SCE5Z2","ProductIndex":93782}
{"itemId":"B000PJKYFW","ProductIndex":132173}
{"itemId":"B007WY8M66","ProductIndex":199918}
{"itemId":"B0024NK36C","ProductIndex":112521}
{"itemId":"B0057T2MSW","ProductIndex":193647}
{"itemId":"B001MQ8CQK","ProductIndex":190259}
{"itemId":"B0001DBEHE","ProductIndex":159021}
{"itemId":"B002KJE4LA","ProductIndex":156326}
{"itemId":"B000YC8MBI","ProductIndex":134664}
{"itemId":"B0068G1MH0","ProductIndex":172489}
{"itemId":"B000LJI62O","ProductIndex":98084}
{"itemId":"B00004TB3O","ProductIndex":103504}
{"itemId":"B005HQ4YXQ","ProductIndex":143002}
{"itemId":"B00005O79Y","ProductIndex":119581}
{"itemId":"B008VPL4S8","ProductIndex":204666}
{"itemId":"B005CMIV2K","ProductIndex":151600}
{"itemId":"B00009QOPP","ProductIndex":123654}
{"itemId":"B0091V64BI","ProductIndex":147256}
{"itemId":"B00BEPWHSI","ProductIndex":171131}
{"itemId":"B000U0J4ES","ProductIndex":204681}
{"itemId":"B00I44SG5K","ProductIndex":101555}
{"itemId":"B005S5OWM4","ProductIndex":202497}
{"itemId":"B005EGL612","ProductIndex":146250}
{"itemId":"B00B8ID0DW","ProductIndex":206315}
{"itemId":"B000LZR8GS","ProductIndex":166553}
{"itemId":"B001M4FT1I","ProductIndex":129155}
{"itemId":"B007AQ2UY6","ProductIndex":176771}
{"itemId":"B00006JQQN","ProductIndex":93462}
{"itemId":"B008V0IB8Y","ProductIndex":123560}
{"itemId":"B00719OCRU","ProductIndex":195063}
{"itemId":"B007IQNK9C","ProductIndex":148444}
{"itemId":"B00AO1C2GK","ProductIndex":191152}
{"itemId":"B002WUUE9S","ProductIndex":144712}
{"itemId":"B004YDXIDU","ProductIndex":199139}
{"itemId":"B005SLU5SI","ProductIndex":101024}
{"itemId":"B00005A0QW","ProductIndex":85031}
{"itemId":"B009BFZ29O","ProductIndex":163928}
{"itemId":"B002CTIW6G","ProductIndex":202360}
{"itemId":"B002UNAUY6","ProductIndex":95912}
{"itemId":"B000OFVFIC","ProductIndex":204341}
{"itemId":"B004AM5X3S","ProductIndex":116976}
{"itemId":"B003A8NF1A","ProductIndex":203602}
{"itemId":"B00007KFT0","ProductIndex":52205}
{"itemId":"B002QNF66C","ProductIndex":148504}
{"itemId":"B0002KR29A","ProductIndex":180831}
{"itemId":"B004ZQ6FTK","ProductIndex":151173}
{"itemId":"B00006HYPS","ProductIndex":112116}
{"itemId":"B006LB8P6I","ProductIndex":137423}
{"itemId":"B00DTJKHQG","ProductIndex":140954}
{"itemId":"B0026RHE9K","ProductIndex":199671}
{"itemId":"B0082GN8OO","ProductIndex":97244}
{"itemId":"B003HL9V8Q","ProductIndex":100233}
{"itemId":"B007NSOUYO","ProductIndex":148170}
{"itemId":"B00008WKY5","ProductIndex":176347}
{"itemId":"B00GLPQC28","ProductIndex":104209}
{"itemId":"B00078WHP6","ProductIndex":198466}
{"itemId":"B004QJP2TA","ProductIndex":167660}
{"itemId":"B004VSZ9FS","ProductIndex":120000}
{"itemId":"B005IPJXKU","ProductIndex":150123}
{"itemId":"B004I4ZY32","ProductIndex":112410}
{"itemId":"B0039H2IL0","ProductIndex":140891}
{"itemId":"B00009Q977","ProductIndex":140727}
{"itemId":"B001JT05JM","ProductIndex":197553}
{"itemId":"B00FZ2UOV8","ProductIndex":135639}
{"itemId":"B00A3X9KS2","ProductIndex":194424}
{"itemId":"B0043GS8VK","ProductIndex":144171}
{"itemId":"B00BJ6Y80W","ProductIndex":89367}
{"itemId":"B000R4QS00","ProductIndex":163469}
{"itemId":"B00746TMRU","ProductIndex":131755}
{"itemId":"B003NFFI56","ProductIndex":193777}
{"itemId":"B005CLG5LK","ProductIndex":170326}
{"itemId":"B003H2EU04","ProductIndex":184118}
{"itemId":"B003ZX49NI","ProductIndex":99086}
{"itemId":"B00006HOMM","ProductIndex":99182}
{"itemId":"B00DYL03SQ","ProductIndex":123004}
{"itemId":"B0051U7BHE","ProductIndex":115595}
{"itemId":"B004ASD82A","ProductIndex":143644}
{"itemId":"B0010F7EP8","ProductIndex":102427}
{"itemId":"B008X92UZ8","ProductIndex":104947}
{"itemId":"B003VSFPGW","ProductIndex":143875}
{"itemId":"B0081U8XU0","ProductIndex":140968}
{"itemId":"B004SQQDDU","ProductIndex":86492}
{"itemId":"B0082ES3P0","ProductIndex":176829}
{"itemId":"B0097HXWRU","ProductIndex":148554}
{"itemId":"B008C7B8RM","ProductIndex":149195}
{"itemId":"B00005BVA9","ProductIndex":178235}
{"itemId":"B00DS2ZMDM","ProductIndex":200511}
{"itemId":"B005UD2QWM","ProductIndex":156858}
{"itemId":"B004JMZXS4","ProductIndex":184696}
{"itemId":"B00E0MVM42","ProductIndex":152272}
{"itemId":"B006YHLDGS","ProductIndex":158547}
{"itemId":"B00450I2QK","ProductIndex":188069}
{"itemId":"B00B7NI1K0","ProductIndex":148680}
{"itemId":"B0061RLDEI","ProductIndex":114341}
{"itemId":"B00EDU4UPE","ProductIndex":196664}
{"itemId":"B007K5B6U6","ProductIndex":189541}
{"itemId":"B00001Z3JC","ProductIndex":205522}
{"itemId":"B007KG4QKC","ProductIndex":191715}
{"itemId":"B002KK74QQ","ProductIndex":126959}
{"itemId":"B0017KG4P2","ProductIndex":117077}
{"itemId":"B002LLVJRO","ProductIndex":191852}
{"itemId":"B001G0S7DU","ProductIndex":186590}
{"itemId":"B005MM01ZU","ProductIndex":158061}
{"itemId":"B0058V0CCW","ProductIndex":135613}
{"itemId":"B008YBFSIG","ProductIndex":203917}
{"itemId":"B00E1R2QGO","ProductIndex":150545}
{"itemId":"B001E29MMK","ProductIndex":189821}
{"itemId":"B000P23J7O","ProductIndex":113463}
{"itemId":"B000XPC5FA","ProductIndex":154239}
{"itemId":"B008NYSMAK","ProductIndex":147958}
{"itemId":"B00006L537","ProductIndex":185293}
{"itemId":"B0009JR4HO","ProductIndex":123663}
{"itemId":"B00GVMAOVQ","ProductIndex":128095}
{"itemId":"B000UMPMOC","ProductIndex":164997}
{"itemId":"B005Z44AWK","ProductIndex":201995}
{"itemId":"B00188KBTS","ProductIndex":111787}
{"itemId":"B00CA2X5W6","ProductIndex":157666}
{"itemId":"B004BIUH9Q","ProductIndex":152968}
{"itemId":"B000CSR88W","ProductIndex":154711}
{"itemId":"B006AF52VQ","ProductIndex":184110}
{"itemId":"B00F5ENKLW","ProductIndex":197176}
{"itemId":"B00GJ29W52","ProductIndex":159690}
{"itemId":"B00835PKD6","ProductIndex":97682}
{"itemId":"B008MUZJPQ","ProductIndex":189296}
{"itemId":"B0089NOZCE","ProductIndex":176432}
{"itemId":"B000HQ3KLI","ProductIndex":156419}
{"itemId":"B0040J2V04","ProductIndex":203055}
{"itemId":"B0000ABPHT","ProductIndex":198049}
{"itemId":"B00A40FK4C","ProductIndex":131849}
{"itemId":"B001Q2FM68","ProductIndex":185835}
{"itemId":"B009SPUFC6","ProductIndex":143013}
{"itemId":"B001AX22DE","ProductIndex":126149}
{"itemId":"B004Q7IADW","ProductIndex":196907}
{"itemId":"B009Z6Z2DU","ProductIndex":202724}
{"itemId":"B005BYFTII","ProductIndex":178868}
{"itemId":"B0000520IV","ProductIndex":204624}
{"itemId":"B009R617M8","ProductIndex":190067}
{"itemId":"B005GGSN1G","ProductIndex":99812}
{"itemId":"B0019ENWOM","ProductIndex":177041}
{"itemId":"B007I6T7YE","ProductIndex":206404}
{"itemId":"B000OH48J8","ProductIndex":186333}
{"itemId":"B003FJ9MRK","ProductIndex":184287}
{"itemId":"B008K6XLQQ","ProductIndex":189490}
{"itemId":"B0037SNQKI","ProductIndex":207457}
{"itemId":"B003DKPEFU","ProductIndex":204101}
{"itemId":"B00JPZTCJQ","ProductIndex":149135}
{"itemId":"B00CW3MZGA","ProductIndex":188320}
{"itemId":"B0031PYXYA","ProductIndex":196668}
{"itemId":"B005WKG97Q","ProductIndex":108182}
{"itemId":"B00078E772","ProductIndex":205763}
{"itemId":"B00B7NNXNU","ProductIndex":165879}
{"itemId":"B008BDIPC8","ProductIndex":202719}
{"itemId":"B003HMTCRA","ProductIndex":151404}
{"itemId":"B00B976FZM","ProductIndex":155609}
{"itemId":"B000CDSPRU","ProductIndex":157691}
{"itemId":"B007W7UUAO","ProductIndex":162500}
{"itemId":"B0030BE12E","ProductIndex":126478}
{"itemId":"B0035TO9SW","ProductIndex":118230}
{"itemId":"B00115TD7O","ProductIndex":141194}
{"itemId":"B0046U6Y1Y","ProductIndex":127343}
{"itemId":"B0057PX2SK","ProductIndex":180853}
{"itemId":"B005YR1KMQ","ProductIndex":158074}
{"itemId":"B00005NIMD","ProductIndex":144588}
{"itemId":"B000EGUBRM","ProductIndex":136074}
{"itemId":"B00IUON5H8","ProductIndex":193219}
{"itemId":"B004AL3W96","ProductIndex":189044}
{"itemId":"B009JM7VTI","ProductIndex":190581}
{"itemId":"B007VN2UUW","ProductIndex":201341}
{"itemId":"B006K78TNC","ProductIndex":197090}
{"itemId":"B003LMO370","ProductIndex":182440}
{"itemId":"B003F4FOP4","ProductIndex":194354}
{"itemId":"B000NV7K8G","ProductIndex":174127}
{"itemId":"B00FP40P2E","ProductIndex":186521}
{"itemId":"B00JH3E3T0","ProductIndex":177980}
{"itemId":"B004LJO6OW","ProductIndex":172146}
{"itemId":"B003VYB1GO","ProductIndex":164399}
{"itemId":"B00CR5L61I","ProductIndex":116766}
{"itemId":"B00000JBSN","ProductIndex":162790}
{"itemId":"B007PWXH7O","ProductIndex":175604}
{"itemId":"B003WUN1MY","ProductIndex":199373}
{"itemId":"B00DQJ9Y9K","ProductIndex":194365}
{"itemId":"B009MS7DGK","ProductIndex":204574}
{"itemId":"B004I2H6LM","ProductIndex":196707}
{"itemId":"B008YPL6HE","ProductIndex":205113}
{"itemId":"B001QWTV8S","ProductIndex":182409}
{"itemId":"B004WZ8ONY","ProductIndex":171482}
{"itemId":"B00BRAGMNQ","ProductIndex":190042}
{"itemId":"B00B4NG7V8","ProductIndex":194026}
{"itemId":"B00376ANBK","ProductIndex":193877}
{"itemId":"B000FKK3MU","ProductIndex":176702}
{"itemId":"B001GAT15I","ProductIndex":150642}
{"itemId":"B00008DWTE","ProductIndex":193229}
{"itemId":"B00B2MTSN0","ProductIndex":175537}
{"itemId":"B000KL6SHI","ProductIndex":157389}
{"itemId":"B00DIGBSEA","ProductIndex":180956}
{"itemId":"B007K4EWYY","ProductIndex":177567}
{"itemId":"B000GB0COW","ProductIndex":199352}
{"itemId":"B003EHRZ04","ProductIndex":182167}
{"itemId":"B001MYCD9E","ProductIndex":190924}
{"itemId":"B000PHSEG0","ProductIndex":161662}
{"itemId":"B00CQ7HS1Y","ProductIndex":189670}
{"itemId":"B006GSQ4LE","ProductIndex":202734}
{"itemId":"B007KB7FOQ","ProductIndex":192302}
{"itemId":"B00G3PPASS","ProductIndex":203021}
{"itemId":"B005HIUV0O","ProductIndex":207244}
{"itemId":"B000TI0DT6","ProductIndex":192280}
{"itemId":"B001TKUYLK","ProductIndex":181484}
{"itemId":"B00GVMLUSC","ProductIndex":184034}
{"itemId":"B000IM6NS8","ProductIndex":189378}
