{"itemId":"B00BCA4116","ProductIndex":14455}
{"itemId":"B004JFYF8A","ProductIndex":38735}
{"itemId":"B001V399CU","ProductIndex":104902}
{"itemId":"B003LJW77G","ProductIndex":29405}
{"itemId":"B004K61QAS","ProductIndex":1477}
{"itemId":"B004N85YAG","ProductIndex":5835}
{"itemId":"B0000DHVN3","ProductIndex":21278}
{"itemId":"B007T9WGMA","ProductIndex":3408}
{"itemId":"B004MKNJ84","ProductIndex":7731}
{"itemId":"B004I5BUSO","ProductIndex":124}
{"itemId":"B009D79VH4","ProductIndex":572}
{"itemId":"B001MXLD4G","ProductIndex":1695}
{"itemId":"B00IVPU6AA","ProductIndex":20747}
{"itemId":"B004LAEKBU","ProductIndex":16466}
{"itemId":"B002T84DQI","ProductIndex":33213}
{"itemId":"B007O9WVZM","ProductIndex":24431}
{"itemId":"B00006HCCK","ProductIndex":41639}
{"itemId":"B003RDWUH8","ProductIndex":176328}
{"itemId":"B0012IJYYM","ProductIndex":18816}
{"itemId":"B0035LBRJO","ProductIndex":2862}
{"itemId":"B004YLUHZY","ProductIndex":67050}
{"itemId":"B005MWMBBM","ProductIndex":596}
{"itemId":"B004ARP28O","ProductIndex":189366}
{"itemId":"B00FWZLMUU","ProductIndex":74223}
{"itemId":"B001JQ9RJY","ProductIndex":103127}
{"itemId":"B004Q0PT3I","ProductIndex":374}
{"itemId":"B000HZ9CCA","ProductIndex":1094}
{"itemId":"B0025UHKNS","ProductIndex":3202}
{"itemId":"B00EIB70N2","ProductIndex":16449}
{"itemId":"B0011NVMO8","ProductIndex":349}
{"itemId":"B002Q81SZK","ProductIndex":74447}
{"itemId":"B001P86SP2","ProductIndex":53225}
{"itemId":"B005HSG3L0","ProductIndex":2205}
{"itemId":"B003BI6W0K","ProductIndex":25258}
{"itemId":"B004JU0E8U","ProductIndex":22351}
{"itemId":"B003VW26K6","ProductIndex":24189}
{"itemId":"B000JJN9PK","ProductIndex":21565}
{"itemId":"B000F2KUN0","ProductIndex":61856}
{"itemId":"B00B5VXVGS","ProductIndex":16092}
{"itemId":"B0036B8UPM","ProductIndex":43718}
{"itemId":"B003UT6C9G","ProductIndex":714}
{"itemId":"B002QHUVN6","ProductIndex":34474}
{"itemId":"B0028ACYKE","ProductIndex":37086}
{"itemId":"B0026FCI2U","ProductIndex":2527}
{"itemId":"B001BJOVK4","ProductIndex":169488}
{"itemId":"B0085SOU2I","ProductIndex":25909}
{"itemId":"B00111NUM2","ProductIndex":49844}
{"itemId":"B00113B7PM","ProductIndex":31624}
{"itemId":"B004YZRX34","ProductIndex":27516}
{"itemId":"B00A0LUG30","ProductIndex":3981}
{"itemId":"B00JDAIMQ2","ProductIndex":5614}
{"itemId":"B001N9X4CS","ProductIndex":2176}
{"itemId":"B003A7C9WM","ProductIndex":7057}
{"itemId":"B00DQGIHNW","ProductIndex":4569}
{"itemId":"B003MA9HYU","ProductIndex":17750}
{"itemId":"B00BVGF6JC","ProductIndex":6271}
{"itemId":"B008GUZACO","ProductIndex":71738}
{"itemId":"B001SER4AQ","ProductIndex":3246}
{"itemId":"B0025X1AKO","ProductIndex":25493}
{"itemId":"B0096SK7G4","ProductIndex":79223}
{"itemId":"B00JG01M2U","ProductIndex":102487}
{"itemId":"B0076AUCKU","ProductIndex":25316}
{"itemId":"B00CO8TBOW","ProductIndex":2219}
{"itemId":"B003VIGGUQ","ProductIndex":159805}
{"itemId":"B001PKCK2A","ProductIndex":26627}
{"itemId":"B002FB7IWU","ProductIndex":5391}
{"itemId":"B002JSDHCY","ProductIndex":5148}
{"itemId":"B001DUQU9G","ProductIndex":32807}
{"itemId":"B000FEKENO","ProductIndex":26422}
{"itemId":"B00ANJIDGQ","ProductIndex":92591}
{"itemId":"B00ESYW40S","ProductIndex":8857}
{"itemId":"B008DQHIOE","ProductIndex":59727}
{"itemId":"B00005T3UD","ProductIndex":31556}
{"itemId":"B0006TIA02","ProductIndex":7381}
{"itemId":"B005QWH5KA","ProductIndex":14413}
{"itemId":"B003R2YBP8","ProductIndex":14560}
{"itemId":"B00760EP4Y","ProductIndex":19019}
{"itemId":"B009ELOLUQ","ProductIndex":5718}
{"itemId":"B007OWTGPW","ProductIndex":105057}
{"itemId":"B000L484VW","ProductIndex":25942}
{"itemId":"B004BR3KSC","ProductIndex":9058}
{"itemId":"B000P3ZADE","ProductIndex":16062}
{"itemId":"B002ROAZ20","ProductIndex":6605}
{"itemId":"B004FD1D2C","ProductIndex":15654}
{"itemId":"B002DEM9KK","ProductIndex":31544}
{"itemId":"B002A96WMY","ProductIndex":31369}
{"itemId":"B007Z7KROK","ProductIndex":82861}
{"itemId":"B00G56ZNZU","ProductIndex":7115}
{"itemId":"B000083LPL","ProductIndex":92115}
{"itemId":"B009OLIA9Y","ProductIndex":179933}
{"itemId":"B00BD8HA4W","ProductIndex":104219}
{"itemId":"B005EZMFKY","ProductIndex":60021}
{"itemId":"B002ACP2FY","ProductIndex":21197}
{"itemId":"B003FMUP32","ProductIndex":27542}
{"itemId":"B00390JT1O","ProductIndex":9663}
{"itemId":"B003E91RE2","ProductIndex":9465}
{"itemId":"B00032CIJQ","ProductIndex":13887}
{"itemId":"B003SVSJ1K","ProductIndex":514}
{"itemId":"B000TCU1Z8","ProductIndex":15622}
{"itemId":"B0018SX2OE","ProductIndex":16464}
{"itemId":"B0012IJYZQ","ProductIndex":7209}
{"itemId":"B0085ZI5U4","ProductIndex":24823}
{"itemId":"B0002F94V4","ProductIndex":112845}
{"itemId":"B004ESTX0W","ProductIndex":74768}
{"itemId":"B003N114QW","ProductIndex":25530}
{"itemId":"B009DNOE66","ProductIndex":100844}
{"itemId":"B00881UIDW","ProductIndex":92531}
{"itemId":"B005G2HSSY","ProductIndex":34367}
{"itemId":"B0068XYNH4","ProductIndex":21531}
{"itemId":"B0050J9B8I","ProductIndex":101745}
{"itemId":"B000AANVQA","ProductIndex":138454}
{"itemId":"B00H1XKC1Q","ProductIndex":6283}
{"itemId":"B008XGD5ZA","ProductIndex":84308}
{"itemId":"B00865M162","ProductIndex":196528}
{"itemId":"B000UVZ5TA","ProductIndex":37367}
{"itemId":"B006ZZXVCI","ProductIndex":24295}
{"itemId":"B0027P9C9G","ProductIndex":3595}
{"itemId":"B002Z3H36O","ProductIndex":23143}
{"itemId":"B00516547C","ProductIndex":32562}
{"itemId":"B00F8LQBXG","ProductIndex":20671}
{"itemId":"B0009OOD9Q","ProductIndex":55307}
{"itemId":"B001NUL2TY","ProductIndex":5986}
{"itemId":"B005EWB396","ProductIndex":12368}
{"itemId":"B00HVMIL1U","ProductIndex":29368}
{"itemId":"B001C4CTBG","ProductIndex":41975}
{"itemId":"B0015YKWW6","ProductIndex":20373}
{"itemId":"B0000BYRIN","ProductIndex":14114}
{"itemId":"B000TAEGMO","ProductIndex":19629}
{"itemId":"B004H8FN80","ProductIndex":66647}
{"itemId":"B005OTGFJC","ProductIndex":62879}
{"itemId":"B008LIBZJS","ProductIndex":126492}
{"itemId":"B0000635UX","ProductIndex":23195}
{"itemId":"B000PH77B8","ProductIndex":104591}
{"itemId":"B00BLGJU6W","ProductIndex":55839}
{"itemId":"B002X2P7CE","ProductIndex":141658}
{"itemId":"B005IPJX7S","ProductIndex":59643}
{"itemId":"B0014IYZDK","ProductIndex":7460}
{"itemId":"B0045H4FLO","ProductIndex":22133}
{"itemId":"B004YSI2HM","ProductIndex":29419}
{"itemId":"B0031RGGCU","ProductIndex":28036}
{"itemId":"B0099VAMJK","ProductIndex":57286}
{"itemId":"B0080TD0ZU","ProductIndex":78755}
{"itemId":"B009TBYOXK","ProductIndex":95088}
{"itemId":"B001DYJJVS","ProductIndex":125217}
{"itemId":"B00383PB0U","ProductIndex":2874}
{"itemId":"B0054EFKHA","ProductIndex":47684}
{"itemId":"B000IZE8X2","ProductIndex":53304}
{"itemId":"B00006I5J4","ProductIndex":24495}
{"itemId":"B00000JI4F","ProductIndex":3028}
{"itemId":"B007MJGFXS","ProductIndex":49015}
{"itemId":"B003TYFT4G","ProductIndex":28926}
{"itemId":"B004M13GA4","ProductIndex":8806}
{"itemId":"B005KT37ZQ","ProductIndex":66534}
{"itemId":"B00066Z9XG","ProductIndex":11699}
{"itemId":"B002NU4ZME","ProductIndex":30426}
{"itemId":"B003OYDX7G","ProductIndex":133820}
{"itemId":"B009JS61MK","ProductIndex":16064}
{"itemId":"B009SGB3EE","ProductIndex":102831}
{"itemId":"B000KI8FZY","ProductIndex":16057}
{"itemId":"B00193EX8M","ProductIndex":34303}
{"itemId":"B004I8W4UY","ProductIndex":77011}
{"itemId":"B005Y4H3YI","ProductIndex":9538}
{"itemId":"B000P3ZPC0","ProductIndex":72728}
{"itemId":"B004S5ECRA","ProductIndex":100211}
{"itemId":"B007RHW0ZW","ProductIndex":14189}
{"itemId":"B002PY7OJE","ProductIndex":30721}
{"itemId":"B00JGPQ3Z6","ProductIndex":90856}
{"itemId":"B0001BWFPQ","ProductIndex":141900}
{"itemId":"B005OUIIFA","ProductIndex":34175}
{"itemId":"B009IJTMOE","ProductIndex":50578}
{"itemId":"B000QJ56RM","ProductIndex":60872}
{"itemId":"B005Z4520E","ProductIndex":52974}
{"itemId":"B00138MVBY","ProductIndex":14742}
{"itemId":"B000F7JYJQ","ProductIndex":11494}
{"itemId":"B00456NYZI","ProductIndex":48550}
{"itemId":"B004ZJ1BO6","ProductIndex":111047}
{"itemId":"B000EI7SE4","ProductIndex":47295}
{"itemId":"B00DAR4ITE","ProductIndex":25158}
{"itemId":"B004BUVAS6","ProductIndex":24666}
{"itemId":"B00HC0ZDOE","ProductIndex":5281}
{"itemId":"B003WRP9ZO","ProductIndex":49152}
{"itemId":"B003D8EA7A","ProductIndex":20145}
{"itemId":"B0085592ZG","ProductIndex":121418}
{"itemId":"B00GN6PPXW","ProductIndex":13064}
{"itemId":"B00CFS9YO8","ProductIndex":171734}
{"itemId":"B005G0MNWW","ProductIndex":30318}
{"itemId":"B00869KUHK","ProductIndex":11524}
{"itemId":"B007TB1HUA","ProductIndex":92291}
{"itemId":"B00E43JYVU","ProductIndex":43061}
{"itemId":"B0076BNK30","ProductIndex":4712}
{"itemId":"B00919CI5Q","ProductIndex":15297}
{"itemId":"B009NR5FD8","ProductIndex":99776}
{"itemId":"B004HKJTTC","ProductIndex":17441}
{"itemId":"B004HIN9WC","ProductIndex":21341}
{"itemId":"B000CO79MG","ProductIndex":79478}
{"itemId":"B006IE5YYO","ProductIndex":93213}
{"itemId":"B007S9ZB64","ProductIndex":9162}
{"itemId":"B000AY5D1W","ProductIndex":89750}
{"itemId":"B007H3L24Q","ProductIndex":26166}
{"itemId":"B0083WYD9Q","ProductIndex":16850}
{"itemId":"B00D38XDXM","ProductIndex":5038}
{"itemId":"B004OZ59JY","ProductIndex":28016}
{"itemId":"B002QQ8CC4","ProductIndex":21594}
{"itemId":"B005UNU778","ProductIndex":66478}
{"itemId":"B0085YTDBA","ProductIndex":25139}
{"itemId":"B0064X1HFE","ProductIndex":36077}
{"itemId":"B0055T6UNM","ProductIndex":38105}
{"itemId":"B000V8PON4","ProductIndex":94980}
{"itemId":"B003XUM3NQ","ProductIndex":20813}
{"itemId":"B0054KPK9C","ProductIndex":15500}
{"itemId":"B002M78EPM","ProductIndex":37302}
{"itemId":"B004EYSMX0","ProductIndex":107824}
{"itemId":"B001RTKZSA","ProductIndex":60630}
{"itemId":"B001ODOL3Y","ProductIndex":75467}
{"itemId":"B005EOR1L8","ProductIndex":12093}
{"itemId":"B0034GXNYM","ProductIndex":12117}
{"itemId":"B0027P9CZK","ProductIndex":17580}
{"itemId":"B006H1M50E","ProductIndex":127647}
{"itemId":"B000BK3RE0","ProductIndex":112722}
{"itemId":"B000NEDYEC","ProductIndex":15142}
{"itemId":"B0077E48TG","ProductIndex":20455}
{"itemId":"B000N7DA7K","ProductIndex":201398}
{"itemId":"B00823GSV2","ProductIndex":90599}
{"itemId":"B000IBNXX2","ProductIndex":6044}
{"itemId":"B002RWJDOI","ProductIndex":119593}
{"itemId":"B00IN8I3XM","ProductIndex":99539}
{"itemId":"B004L0JI94","ProductIndex":16609}
{"itemId":"B00009W3DV","ProductIndex":14493}
{"itemId":"B0012N9ROE","ProductIndex":47376}
{"itemId":"B00744U3S4","ProductIndex":105890}
{"itemId":"B00FZM1C2S","ProductIndex":83865}
{"itemId":"B0072LD4IU","ProductIndex":56386}
{"itemId":"B00COV03TG","ProductIndex":80890}
{"itemId":"B0002KR5MO","ProductIndex":82965}
{"itemId":"B004GTR8LA","ProductIndex":161816}
{"itemId":"B0090EC794","ProductIndex":41079}
{"itemId":"B000NPE59E","ProductIndex":40085}
{"itemId":"B00A6Z46QI","ProductIndex":125421}
{"itemId":"B006B2G21M","ProductIndex":110464}
{"itemId":"B0041RLFVG","ProductIndex":85878}
{"itemId":"B0042IEVD8","ProductIndex":7754}
{"itemId":"B000EXZ0VC","ProductIndex":51401}
{"itemId":"B001D7VDAK","ProductIndex":27265}
{"itemId":"B00547FF2M","ProductIndex":99328}
{"itemId":"B0018A7GU8","ProductIndex":172757}
{"itemId":"B002HU5UR4","ProductIndex":11207}
{"itemId":"B000GWEBMU","ProductIndex":82059}
{"itemId":"B000M6RX7K","ProductIndex":61214}
{"itemId":"B003L3E7N4","ProductIndex":49123}
{"itemId":"B00ATTMCQ2","ProductIndex":153915}
{"itemId":"B002KQ5KEI","ProductIndex":36844}
{"itemId":"B00ABU7Y26","ProductIndex":10407}
{"itemId":"B001UB4R5M","ProductIndex":42143}
{"itemId":"B00G5AF1S0","ProductIndex":75520}
{"itemId":"B00EMB4KVI","ProductIndex":35889}
{"itemId":"B00612YPM0","ProductIndex":74254}
{"itemId":"B0023OYITU","ProductIndex":83802}
{"itemId":"B002K40R84","ProductIndex":16355}
{"itemId":"B005N5Q2MW","ProductIndex":36381}
{"itemId":"B007EHOX7S","ProductIndex":82158}
{"itemId":"B0088C1Z6A","ProductIndex":140453}
{"itemId":"B004P4NZ7C","ProductIndex":67659}
{"itemId":"B000VLBELC","ProductIndex":127219}
{"itemId":"B00COGDERY","ProductIndex":12908}
{"itemId":"B0082PS2IM","ProductIndex":40719}
{"itemId":"B004U8ZHY2","ProductIndex":17819}
{"itemId":"B00B0YB996","ProductIndex":96608}
{"itemId":"B0084D69XM","ProductIndex":49871}
{"itemId":"B007TN2E6O","ProductIndex":157083}
{"itemId":"B007X26S8Q","ProductIndex":17700}
{"itemId":"B001UHLAOW","ProductIndex":141863}
{"itemId":"B000MNBWF2","ProductIndex":81551}
{"itemId":"B007KPWM1S","ProductIndex":85329}
{"itemId":"B00685U5GU","ProductIndex":44319}
{"itemId":"B00CRXZU94","ProductIndex":45489}
{"itemId":"B007ZYV79C","ProductIndex":162492}
{"itemId":"B004GIWN34","ProductIndex":36942}
{"itemId":"B00EVVNZT2","ProductIndex":90810}
{"itemId":"B000IAJZ76","ProductIndex":73337}
{"itemId":"B0081GCMHY","ProductIndex":19230}
{"itemId":"B002BOYSPQ","ProductIndex":23333}
{"itemId":"B0002TA96Y","ProductIndex":61794}
{"itemId":"B000117DEY","ProductIndex":23031}
{"itemId":"B003CO04CU","ProductIndex":38731}
{"itemId":"B00AY5T28M","ProductIndex":105590}
{"itemId":"B008TYKFWW","ProductIndex":23244}
{"itemId":"B007XL3Z8I","ProductIndex":95475}
{"itemId":"B004D5XX4S","ProductIndex":49830}
{"itemId":"B001SEQPJM","ProductIndex":98791}
{"itemId":"B00E7HJ0Q2","ProductIndex":160513}
{"itemId":"B006S2V7J2","ProductIndex":26954}
{"itemId":"B00CU9GRUG","ProductIndex":52948}
{"itemId":"B0009B0E4M","ProductIndex":85607}
{"itemId":"B002MWW2NW","ProductIndex":124750}
{"itemId":"B006HZJXQ4","ProductIndex":21611}
{"itemId":"B0044Y2ATC","ProductIndex":27700}
{"itemId":"B0091Q316E","ProductIndex":34854}
{"itemId":"B0001YEYKM","ProductIndex":148492}
{"itemId":"B001BI4QUK","ProductIndex":32571}
{"itemId":"B0029M8NEM","ProductIndex":61264}
{"itemId":"B00CD0J4BG","ProductIndex":67637}
{"itemId":"B001KL814A","ProductIndex":123549}
{"itemId":"B002AQ5D6I","ProductIndex":66897}
{"itemId":"B009ZRH51G","ProductIndex":140361}
{"itemId":"B000HZ48OM","ProductIndex":34361}
{"itemId":"B003VOVZLA","ProductIndex":175405}
{"itemId":"B0011Z6CUA","ProductIndex":80070}
{"itemId":"B001DSXDL6","ProductIndex":53672}
{"itemId":"B00748JPEI","ProductIndex":127440}
{"itemId":"B00CX49H9Q","ProductIndex":151297}
{"itemId":"B005FIX5FE","ProductIndex":35466}
{"itemId":"B008ULPD0S","ProductIndex":9029}
{"itemId":"B0039RSYVS","ProductIndex":14140}
{"itemId":"B00359FQJ8","ProductIndex":127795}
{"itemId":"B00FS4UNG4","ProductIndex":72547}
{"itemId":"B0079UWSCW","ProductIndex":39498}
{"itemId":"B00CGWNK2U","ProductIndex":26480}
{"itemId":"B004UR9TI8","ProductIndex":127744}
{"itemId":"B0096PVLL2","ProductIndex":10708}
{"itemId":"B001MVAJ48","ProductIndex":38469}
{"itemId":"B00BU33VX4","ProductIndex":185688}
{"itemId":"B00CXAL6CQ","ProductIndex":83258}
{"itemId":"B0042SXZDA","ProductIndex":65531}
{"itemId":"B002SCGY5S","ProductIndex":23332}
{"itemId":"B003ZEXG68","ProductIndex":146695}
{"itemId":"B004BH1P70","ProductIndex":41477}
{"itemId":"B0055PV8V0","ProductIndex":93393}
{"itemId":"B005GMWIR0","ProductIndex":75981}
{"itemId":"B006BHUHU4","ProductIndex":91563}
{"itemId":"B004U9SKHW","ProductIndex":49315}
{"itemId":"B005CM8V4I","ProductIndex":27651}
{"itemId":"B00FNHVVWG","ProductIndex":158438}
{"itemId":"B009RXUAB0","ProductIndex":25491}
{"itemId":"B0049U41A2","ProductIndex":56162}
{"itemId":"B00491J386","ProductIndex":28931}
{"itemId":"B000MQEI7S","ProductIndex":63586}
{"itemId":"B0007RB1VI","ProductIndex":205825}
{"itemId":"B000F2YHKM","ProductIndex":98550}
{"itemId":"B000Y14VYQ","ProductIndex":207004}
{"itemId":"B008SK1AW6","ProductIndex":72121}
{"itemId":"B0002344E8","ProductIndex":188321}
{"itemId":"B001CM0IF2","ProductIndex":32781}
{"itemId":"B00FSB799Q","ProductIndex":24962}
{"itemId":"B00004VX23","ProductIndex":55960}
{"itemId":"B00EKE4YEK","ProductIndex":19332}
{"itemId":"B000GHHYLK","ProductIndex":57810}
{"itemId":"B0090OSGQW","ProductIndex":80314}
{"itemId":"B00884T416","ProductIndex":86490}
{"itemId":"B008JNKI84","ProductIndex":39374}
{"itemId":"B000F768AE","ProductIndex":57018}
{"itemId":"B000TJKVW4","ProductIndex":161229}
{"itemId":"B001MV35K8","ProductIndex":74822}
{"itemId":"B004D56EJE","ProductIndex":142461}
{"itemId":"B00008VF4A","ProductIndex":69955}
{"itemId":"B003AOK5CQ","ProductIndex":130328}
{"itemId":"B00009UU27","ProductIndex":24207}
{"itemId":"B0057LCUFK","ProductIndex":25662}
{"itemId":"B0000512US","ProductIndex":17589}
{"itemId":"B004S7I9Y0","ProductIndex":41021}
{"itemId":"B003E1WITI","ProductIndex":72246}
{"itemId":"B003DTXN4K","ProductIndex":62105}
{"itemId":"B000J43MR0","ProductIndex":87830}
{"itemId":"B0014JK0XI","ProductIndex":160750}
{"itemId":"B002SVSRB8","ProductIndex":73991}
{"itemId":"B000CD7H06","ProductIndex":60465}
{"itemId":"B003UYLW0U","ProductIndex":84102}
{"itemId":"B005TDWUII","ProductIndex":19991}
{"itemId":"B004BDOQAC","ProductIndex":57549}
{"itemId":"B0037ZAJ92","ProductIndex":118993}
{"itemId":"B00352LQVC","ProductIndex":136563}
{"itemId":"B003Z3NGTG","ProductIndex":14982}
{"itemId":"B00870PC8U","ProductIndex":95975}
{"itemId":"B00CYO8T30","ProductIndex":79988}
{"itemId":"B00GGX94JI","ProductIndex":166604}
{"itemId":"B000F34AG2","ProductIndex":199134}
{"itemId":"B006DX5JSG","ProductIndex":154386}
{"itemId":"B004Y9BG4C","ProductIndex":75629}
{"itemId":"B007S9Z4PW","ProductIndex":49932}
{"itemId":"B007R99S14","ProductIndex":124508}
{"itemId":"B000LY1UKO","ProductIndex":124171}
{"itemId":"B00ARFLXWM","ProductIndex":40772}
{"itemId":"B0000DYV7B","ProductIndex":57841}
{"itemId":"B008UOLIFO","ProductIndex":35909}
{"itemId":"B004Y6YCGO","ProductIndex":82422}
{"itemId":"B00AUF8SOA","ProductIndex":95996}
{"itemId":"B008BUG0WS","ProductIndex":129387}
{"itemId":"B00GMGDH38","ProductIndex":28232}
{"itemId":"B0007SM8QO","ProductIndex":76676}
{"itemId":"B001MRVGTY","ProductIndex":68663}
{"itemId":"B0080C4DL2","ProductIndex":117504}
{"itemId":"B000MHR9LY","ProductIndex":60805}
{"itemId":"B00BR3QN5K","ProductIndex":180166}
{"itemId":"B004Z25AFE","ProductIndex":63443}
{"itemId":"B0002KRCUE","ProductIndex":81718}
{"itemId":"B00EK5XU58","ProductIndex":107860}
{"itemId":"B002ISZJ94","ProductIndex":143916}
{"itemId":"B005IT7I9O","ProductIndex":45955}
{"itemId":"B002OVUB6Q","ProductIndex":124796}
{"itemId":"B00439563A","ProductIndex":39649}
{"itemId":"B0083JZMH6","ProductIndex":168097}
{"itemId":"B003DYYPS8","ProductIndex":39022}
{"itemId":"B00A7OCBW4","ProductIndex":127863}
{"itemId":"B006HR16VC","ProductIndex":151232}
{"itemId":"B000VTJQ3M","ProductIndex":71271}
{"itemId":"B007FS4F9W","ProductIndex":43734}
{"itemId":"B00C0KOSIS","ProductIndex":62120}
{"itemId":"B00COBPO7W","ProductIndex":77650}
{"itemId":"B000FBXWOA","ProductIndex":42214}
{"itemId":"B00EV5CNKK","ProductIndex":79297}
{"itemId":"B009KJ6BH8","ProductIndex":70695}
{"itemId":"B0002JFOJQ","ProductIndex":94863}
{"itemId":"B00GMTIQ1I","ProductIndex":181463}
{"itemId":"B009A0OFBG","ProductIndex":105761}
{"itemId":"B000HAQUDY","ProductIndex":65867}
{"itemId":"B00292BRE0","ProductIndex":193700}
{"itemId":"B000C1MY1A","ProductIndex":28145}
{"itemId":"B003FPL8C6","ProductIndex":169045}
{"itemId":"B000B8JI9A","ProductIndex":142103}
{"itemId":"B00B2IRFLG","ProductIndex":39992}
{"itemId":"B0017K4DPK","ProductIndex":104164}
{"itemId":"B007R8U59E","ProductIndex":75484}
{"itemId":"B00E58RRGS","ProductIndex":156945}
{"itemId":"B007A6Y1CA","ProductIndex":73801}
{"itemId":"B004YI8Y52","ProductIndex":57950}
{"itemId":"B001V32Z26","ProductIndex":44379}
{"itemId":"B00175W8ZM","ProductIndex":111001}
{"itemId":"B002EQ3CQW","ProductIndex":135512}
{"itemId":"B0056483JK","ProductIndex":49342}
{"itemId":"B001MS2PT8","ProductIndex":199012}
{"itemId":"B006DX89CY","ProductIndex":50624}
{"itemId":"B004SKBILS","ProductIndex":37306}
{"itemId":"B0036XQVDI","ProductIndex":41964}
{"itemId":"B0030MEJ8Y","ProductIndex":34218}
{"itemId":"B00FFIN8SS","ProductIndex":70005}
{"itemId":"B001FSJC6E","ProductIndex":33306}
{"itemId":"B0088IAFLA","ProductIndex":198945}
{"itemId":"B005G2U7AA","ProductIndex":54666}
{"itemId":"B0049W8M3C","ProductIndex":68208}
{"itemId":"B001IT2E42","ProductIndex":71112}
{"itemId":"B008LQTFJW","ProductIndex":125035}
{"itemId":"B000GUYSB6","ProductIndex":93409}
{"itemId":"B004WEPDK2","ProductIndex":27363}
{"itemId":"B005UF9B0U","ProductIndex":96960}
{"itemId":"B004WOBFJK","ProductIndex":104864}
{"itemId":"B002IT1BR2","ProductIndex":167439}
{"itemId":"B000FLNU4C","ProductIndex":57832}
{"itemId":"B0049W4PLK","ProductIndex":34732}
{"itemId":"B0053H5R2G","ProductIndex":58847}
{"itemId":"B004P5ZHZO","ProductIndex":176779}
{"itemId":"B0058MJWKE","ProductIndex":71886}
{"itemId":"B005SN3IN0","ProductIndex":76467}
{"itemId":"B0017SJOH4","ProductIndex":73546}
{"itemId":"B0096DBO0M","ProductIndex":66755}
{"itemId":"B000HBEKKS","ProductIndex":96944}
{"itemId":"B0048IFW9Y","ProductIndex":42752}
{"itemId":"B003EBP2UU","ProductIndex":101808}
{"itemId":"B000FE7Q5I","ProductIndex":56849}
{"itemId":"B004YIZVW6","ProductIndex":44028}
{"itemId":"B002ATF4T6","ProductIndex":182768}
{"itemId":"B006XB56VI","ProductIndex":21852}
{"itemId":"B007PAR6SC","ProductIndex":150305}
{"itemId":"B000S677D4","ProductIndex":42486}
{"itemId":"B001GOK9GE","ProductIndex":39650}
{"itemId":"B0013RUY6O","ProductIndex":204020}
{"itemId":"B00006HGY8","ProductIndex":88941}
{"itemId":"B001Q9ER3U","ProductIndex":157997}
{"itemId":"B00932VFMI","ProductIndex":116769}
{"itemId":"B007EPMRKK","ProductIndex":43985}
{"itemId":"B005HN5E3I","ProductIndex":94204}
{"itemId":"B000083KJ0","ProductIndex":111915}
{"itemId":"B000V79G0M","ProductIndex":22327}
{"itemId":"B002IY7AOU","ProductIndex":108289}
{"itemId":"B00099DWUM","ProductIndex":77954}
{"itemId":"B000056B2J","ProductIndex":71785}
{"itemId":"B0052Q519M","ProductIndex":172187}
{"itemId":"B00000K10G","ProductIndex":101080}
{"itemId":"B00021BYZC","ProductIndex":46511}
{"itemId":"B0028NB05Q","ProductIndex":109818}
{"itemId":"B006W94ADG","ProductIndex":74427}
{"itemId":"B003PD2Z1G","ProductIndex":30543}
{"itemId":"B007RUG8CU","ProductIndex":58077}
{"itemId":"B001BHKWWW","ProductIndex":70575}
{"itemId":"B0030H0MSA","ProductIndex":69616}
{"itemId":"B00003CW9Q","ProductIndex":27559}
{"itemId":"B00EV0CZYE","ProductIndex":40217}
{"itemId":"B000EY21BI","ProductIndex":62502}
{"itemId":"B00564Z4Y2","ProductIndex":96866}
{"itemId":"B000MRMEKA","ProductIndex":151512}
{"itemId":"B0008D7DDG","ProductIndex":116895}
{"itemId":"B007K9WE26","ProductIndex":79622}
{"itemId":"B000B64HF2","ProductIndex":50953}
{"itemId":"B001P9PSM0","ProductIndex":64425}
{"itemId":"B004X8NCXM","ProductIndex":104770}
{"itemId":"B001RTS8OI","ProductIndex":86557}
{"itemId":"B00E87E1LK","ProductIndex":68849}
{"itemId":"B0013SO3W4","ProductIndex":109437}
{"itemId":"B003V7ER2Q","ProductIndex":58302}
{"itemId":"B007PZ51I4","ProductIndex":51302}
{"itemId":"B008HRPF4O","ProductIndex":34994}
{"itemId":"B00347A6T6","ProductIndex":145273}
{"itemId":"B0015A70K2","ProductIndex":142480}
{"itemId":"B004QQ3RR2","ProductIndex":86645}
{"itemId":"B00CR986OY","ProductIndex":87214}
{"itemId":"B0006TIA8E","ProductIndex":132990}
{"itemId":"B005HUZ7W4","ProductIndex":54593}
{"itemId":"B006L1O4OA","ProductIndex":41002}
{"itemId":"B001QVFOBW","ProductIndex":61494}
{"itemId":"B000056B89","ProductIndex":78693}
{"itemId":"B005IUHY1U","ProductIndex":196272}
{"itemId":"B00DOZUL1Q","ProductIndex":63598}
{"itemId":"B003N17BSM","ProductIndex":66855}
{"itemId":"B0041J30SU","ProductIndex":171297}
{"itemId":"B005PAIXH2","ProductIndex":125521}
{"itemId":"B00BM0ALOM","ProductIndex":115952}
{"itemId":"B0073N21ZO","ProductIndex":203461}
{"itemId":"B00AFL168Y","ProductIndex":174612}
{"itemId":"B00ARXTWJ0","ProductIndex":147638}
{"itemId":"B00F2ENU2O","ProductIndex":57634}
{"itemId":"B000QHP95S","ProductIndex":93153}
{"itemId":"B0046T4W14","ProductIndex":69627}
{"itemId":"B009SNJ4M0","ProductIndex":80960}
{"itemId":"B004X0WXW6","ProductIndex":161644}
{"itemId":"B001XCX9RU","ProductIndex":47211}
{"itemId":"B005936J5S","ProductIndex":158486}
{"itemId":"B003FT1EY4","ProductIndex":71244}
{"itemId":"B000OQMS6O","ProductIndex":128827}
{"itemId":"B001UHOX1E","ProductIndex":160485}
{"itemId":"B001KN894U","ProductIndex":172486}
{"itemId":"B0000A576D","ProductIndex":33968}
{"itemId":"B007A3MPSU","ProductIndex":85064}
{"itemId":"B00CALHZKA","ProductIndex":101368}
{"itemId":"B003U0T5SU","ProductIndex":142759}
{"itemId":"B00IMALQ94","ProductIndex":163288}
{"itemId":"B009QNKPCK","ProductIndex":206790}
{"itemId":"B004HNZV78","ProductIndex":166746}
{"itemId":"B002IY35X0","ProductIndex":197749}
{"itemId":"B002KIQFIG","ProductIndex":101539}
{"itemId":"B001KWAD22","ProductIndex":26904}
{"itemId":"B0051UWCH8","ProductIndex":55644}
{"itemId":"B005255PDK","ProductIndex":50540}
{"itemId":"B007BTULMU","ProductIndex":70566}
{"itemId":"B000BS6RL2","ProductIndex":146011}
{"itemId":"B007VTVJJY","ProductIndex":110824}
{"itemId":"B000YF3B0M","ProductIndex":60376}
{"itemId":"B008D1N1JU","ProductIndex":129181}
{"itemId":"B003UTMB3C","ProductIndex":132383}
{"itemId":"B00095OL88","ProductIndex":123079}
{"itemId":"B000A3952Q","ProductIndex":177527}
{"itemId":"B001VHSK9E","ProductIndex":77311}
{"itemId":"B00K4PAPG0","ProductIndex":56432}
{"itemId":"B0015G61GK","ProductIndex":110759}
{"itemId":"B00006I4YB","ProductIndex":69967}
{"itemId":"B001QF2MUO","ProductIndex":114711}
{"itemId":"B00009MVJM","ProductIndex":39407}
{"itemId":"B004G8QES4","ProductIndex":67162}
{"itemId":"B001W0Y3RI","ProductIndex":166548}
{"itemId":"B008QPAXFI","ProductIndex":177645}
{"itemId":"B0084V445O","ProductIndex":90998}
{"itemId":"B004BA88DQ","ProductIndex":189499}
{"itemId":"B0057UE2CK","ProductIndex":99800}
{"itemId":"B001MXIMJK","ProductIndex":127300}
{"itemId":"B00F2BO2VK","ProductIndex":167901}
{"itemId":"B005UNSOD2","ProductIndex":124731}
{"itemId":"B001R568S0","ProductIndex":78406}
{"itemId":"B00CTQ0N9G","ProductIndex":79846}
{"itemId":"B003EWDH6A","ProductIndex":190370}
{"itemId":"B006LXTD26","ProductIndex":202045}
{"itemId":"B000J3TTA0","ProductIndex":171599}
{"itemId":"B0030I4V7C","ProductIndex":162169}
{"itemId":"B007MCMZFM","ProductIndex":107766}
{"itemId":"B001TFHYHW","ProductIndex":173223}
{"itemId":"B005ZO81IO","ProductIndex":150065}
{"itemId":"B000GB1LZ6","ProductIndex":163587}
{"itemId":"B009CXV834","ProductIndex":108817}
{"itemId":"B005I2YUTC","ProductIndex":168888}
{"itemId":"B00CRABRSU","ProductIndex":123359}
{"itemId":"B003NYINHC","ProductIndex":193231}
{"itemId":"B002IUOAFQ","ProductIndex":45861}
{"itemId":"B004I1FFBQ","ProductIndex":121994}
{"itemId":"B000B780VS","ProductIndex":88656}
{"itemId":"B001D1R6OI","ProductIndex":112417}
{"itemId":"B009PIOQLW","ProductIndex":173632}
{"itemId":"B006G78HMO","ProductIndex":79324}
{"itemId":"B005TUQVQS","ProductIndex":63810}
{"itemId":"B00HWZQVR2","ProductIndex":90823}
{"itemId":"B00000JDFW","ProductIndex":103662}
{"itemId":"B00B43LK10","ProductIndex":94792}
{"itemId":"B0064C0QJ8","ProductIndex":96735}
{"itemId":"B004DUMR8G","ProductIndex":44677}
{"itemId":"B004ID6J0K","ProductIndex":135681}
{"itemId":"B00DDYV6AI","ProductIndex":188423}
{"itemId":"B005IQGUIM","ProductIndex":135953}
{"itemId":"B002V17SZQ","ProductIndex":111211}
{"itemId":"B00F3NQ3TQ","ProductIndex":52143}
{"itemId":"B00BN9T26K","ProductIndex":83822}
{"itemId":"B001D27674","ProductIndex":159881}
{"itemId":"B00EIBEQD4","ProductIndex":43082}
{"itemId":"B000GKDUH4","ProductIndex":118313}
{"itemId":"B004BRMV6O","ProductIndex":25365}
{"itemId":"B008DJ2QI4","ProductIndex":69784}
{"itemId":"B008SP6CJM","ProductIndex":69471}
{"itemId":"B009CZW6DS","ProductIndex":144543}
{"itemId":"B0010HHJSI","ProductIndex":149342}
{"itemId":"B000OU4HOQ","ProductIndex":63672}
{"itemId":"B00009W3TV","ProductIndex":46656}
{"itemId":"B0076ATZJE","ProductIndex":84815}
{"itemId":"B003U8CK0W","ProductIndex":51389}
{"itemId":"B00AXEK8QY","ProductIndex":104621}
{"itemId":"B00A4V24M2","ProductIndex":105450}
{"itemId":"B0000ALKEN","ProductIndex":63249}
{"itemId":"B00C10I43M","ProductIndex":206598}
{"itemId":"B003FVCAV8","ProductIndex":83034}
{"itemId":"B000J4ESZA","ProductIndex":207130}
{"itemId":"B001CP6YKW","ProductIndex":151114}
{"itemId":"B0074NA8BW","ProductIndex":102437}
{"itemId":"B007RT68ZI","ProductIndex":120791}
{"itemId":"B001V5JAOK","ProductIndex":76210}
{"itemId":"B004D1I7N4","ProductIndex":205544}
{"itemId":"B0011590LI","ProductIndex":203240}
{"itemId":"B003UE4JUK","ProductIndex":52648}
{"itemId":"B00004Z5DD","ProductIndex":119479}
{"itemId":"B00521DXTM","ProductIndex":101557}
{"itemId":"B009BV7J7G","ProductIndex":164742}
{"itemId":"B0002JUHKM","ProductIndex":141048}
{"itemId":"B006Q4MGOM","ProductIndex":65955}
{"itemId":"B00077IN6O","ProductIndex":66167}
{"itemId":"B001RTEGYE","ProductIndex":90136}
{"itemId":"B00B00U7OS","ProductIndex":172986}
{"itemId":"B003H2HIG2","ProductIndex":109730}
{"itemId":"B0045DKSAU","ProductIndex":162148}
{"itemId":"B002OP1G66","ProductIndex":100287}
{"itemId":"B000098VQS","ProductIndex":48741}
{"itemId":"B0009VRB66","ProductIndex":63255}
{"itemId":"B000J34TPK","ProductIndex":43577}
{"itemId":"B0032GVEM2","ProductIndex":58503}
{"itemId":"B000VYS5RA","ProductIndex":44897}
{"itemId":"B001FC165A","ProductIndex":75955}
{"itemId":"B002HQZULE","ProductIndex":102411}
{"itemId":"B001QW4WNM","ProductIndex":114078}
{"itemId":"B001TYJULG","ProductIndex":75749}
{"itemId":"B00C2WEJXS","ProductIndex":76414}
{"itemId":"B003GMDHDG","ProductIndex":95979}
{"itemId":"B005OJCXP2","ProductIndex":45735}
{"itemId":"B004YK5AHA","ProductIndex":206955}
{"itemId":"B009RG41PS","ProductIndex":95075}
{"itemId":"B000H2VGHM","ProductIndex":54793}
{"itemId":"B00DVFMFR2","ProductIndex":139791}
{"itemId":"B0038QUAA8","ProductIndex":64087}
{"itemId":"B00B3LWEI6","ProductIndex":162393}
{"itemId":"B0017OAQDY","ProductIndex":74290}
{"itemId":"B008BDIZFA","ProductIndex":182977}
{"itemId":"B002UM5S0I","ProductIndex":158948}
{"itemId":"B000Y0KQEG","ProductIndex":95201}
{"itemId":"B00D7GDRDQ","ProductIndex":130758}
{"itemId":"B0085OFDMI","ProductIndex":146384}
{"itemId":"B0009P5HF4","ProductIndex":172133}
{"itemId":"B0009Y88EW","ProductIndex":46058}
{"itemId":"B00E9NTFB4","ProductIndex":145412}
{"itemId":"B000ESCAUQ","ProductIndex":88123}
{"itemId":"B000E1DAF2","ProductIndex":158374}
{"itemId":"B00BY9FW22","ProductIndex":84172}
{"itemId":"B0043WF9E8","ProductIndex":91921}
{"itemId":"B00IBSBBK6","ProductIndex":80932}
{"itemId":"B00CPLGFII","ProductIndex":45239}
{"itemId":"B007USMRXS","ProductIndex":195220}
{"itemId":"B004KJE8GE","ProductIndex":55329}
{"itemId":"B004NTTCDA","ProductIndex":108157}
{"itemId":"B001FWYLM0","ProductIndex":149018}
{"itemId":"B00A6RZMS2","ProductIndex":108772}
{"itemId":"B00JNSQ3II","ProductIndex":115289}
{"itemId":"B009JGTXLS","ProductIndex":64060}
{"itemId":"B003QX4KNQ","ProductIndex":181112}
{"itemId":"B0084C31WA","ProductIndex":113883}
{"itemId":"B004UI4OCI","ProductIndex":99077}
{"itemId":"B002TR0LUG","ProductIndex":89501}
{"itemId":"B002UZ592C","ProductIndex":190505}
{"itemId":"B006P0JS34","ProductIndex":78778}
{"itemId":"B006GTCZKC","ProductIndex":199566}
{"itemId":"B0050VGTWM","ProductIndex":135672}
{"itemId":"B0007LQ27W","ProductIndex":104808}
{"itemId":"B004TSNBQ4","ProductIndex":160132}
{"itemId":"B0000DK4LG","ProductIndex":119072}
{"itemId":"B000OMNK1K","ProductIndex":86701}
{"itemId":"B006K2NIHE","ProductIndex":167130}
{"itemId":"B00BMJR8QC","ProductIndex":131756}
{"itemId":"B0057M6VVS","ProductIndex":159109}
{"itemId":"B002XJIBY8","ProductIndex":130600}
{"itemId":"B003EWP9RK","ProductIndex":132119}
{"itemId":"B003HIJOLI","ProductIndex":126302}
{"itemId":"B002OD7YYQ","ProductIndex":74710}
{"itemId":"B0036BVM2K","ProductIndex":128470}
{"itemId":"B00301USL2","ProductIndex":196068}
{"itemId":"B009OLHSJW","ProductIndex":173586}
{"itemId":"B002B7I49E","ProductIndex":195505}
{"itemId":"B002HR8H04","ProductIndex":105896}
{"itemId":"B00GP3TZ3O","ProductIndex":164525}
{"itemId":"B007K1CG3Q","ProductIndex":121689}
{"itemId":"B003R3JZDA","ProductIndex":127821}
{"itemId":"B0055PKVYA","ProductIndex":202431}
{"itemId":"B00001W0DJ","ProductIndex":126561}
{"itemId":"B00B64G2A6","ProductIndex":149208}
{"itemId":"B002NQ2AUC","ProductIndex":171812}
{"itemId":"B000HLKKQQ","ProductIndex":133783}
{"itemId":"B005UJPNGM","ProductIndex":118267}
{"itemId":"B000QD7BT4","ProductIndex":157429}
{"itemId":"B000C6DX4M","ProductIndex":78029}
{"itemId":"B000055YJH","ProductIndex":142171}
{"itemId":"B004FEQ8MG","ProductIndex":90755}
{"itemId":"B000VAF7WK","ProductIndex":104888}
{"itemId":"B004LZRJ8G","ProductIndex":206297}
{"itemId":"B0028XIT32","ProductIndex":175927}
{"itemId":"B00HFO6RMO","ProductIndex":103938}
{"itemId":"B0047XUDCQ","ProductIndex":52103}
{"itemId":"B0009JGJCA","ProductIndex":78299}
{"itemId":"B00A3RUDT8","ProductIndex":205820}
{"itemId":"B006D9W22G","ProductIndex":79392}
{"itemId":"B0018LRIPK","ProductIndex":49897}
{"itemId":"B005HB8I5Q","ProductIndex":82082}
{"itemId":"B00898Z172","ProductIndex":193318}
{"itemId":"B00542K7PM","ProductIndex":90725}
{"itemId":"B0048JTRLW","ProductIndex":155446}
{"itemId":"B004EWB9EG","ProductIndex":55891}
{"itemId":"B00005UP41","ProductIndex":169803}
{"itemId":"B00CWKLHKS","ProductIndex":143048}
{"itemId":"B008J127K8","ProductIndex":85464}
{"itemId":"B003M574PE","ProductIndex":122981}
{"itemId":"B00821KT8M","ProductIndex":62923}
{"itemId":"B0035J0DSW","ProductIndex":135662}
{"itemId":"B00ASLQJBU","ProductIndex":110608}
{"itemId":"B0032FAM4Y","ProductIndex":64920}
{"itemId":"B00FER2X1S","ProductIndex":104047}
{"itemId":"B000AYWP18","ProductIndex":149153}
{"itemId":"B000AMQ1X8","ProductIndex":134885}
{"itemId":"B000MMDZKI","ProductIndex":89516}
{"itemId":"B0092KGLWK","ProductIndex":198631}
{"itemId":"B0085X0FAE","ProductIndex":193697}
{"itemId":"B00004RDNQ","ProductIndex":199853}
{"itemId":"B005JY5XK4","ProductIndex":69298}
{"itemId":"B0030L1BVI","ProductIndex":111037}
{"itemId":"B00104EWA4","ProductIndex":78467}
{"itemId":"B0054YV4L6","ProductIndex":123852}
{"itemId":"B0089PHJ70","ProductIndex":201932}
{"itemId":"B005R4VBX4","ProductIndex":65287}
{"itemId":"B002NVKB1W","ProductIndex":96385}
{"itemId":"B00006JXUM","ProductIndex":197851}
{"itemId":"B003WH72PY","ProductIndex":183930}
{"itemId":"B0051MS4FA","ProductIndex":163250}
{"itemId":"B000KL6XUU","ProductIndex":112054}
{"itemId":"B003OGPJYO","ProductIndex":108713}
{"itemId":"B00ASVD6DE","ProductIndex":167142}
{"itemId":"B000MY5E2S","ProductIndex":201887}
{"itemId":"B003KXSLW8","ProductIndex":118109}
{"itemId":"B007PA6N72","ProductIndex":202152}
{"itemId":"B008GYQVUK","ProductIndex":125866}
{"itemId":"B000B5O0IM","ProductIndex":106570}
{"itemId":"B009O6XI82","ProductIndex":71747}
{"itemId":"B0041SN3E2","ProductIndex":49619}
{"itemId":"B002OEO3LW","ProductIndex":153624}
{"itemId":"B00B1WFFTW","ProductIndex":100341}
{"itemId":"B0002J46ZY","ProductIndex":172600}
{"itemId":"B008RLLK1M","ProductIndex":135435}
{"itemId":"B00C4XC8F6","ProductIndex":87372}
{"itemId":"B0007A2K3S","ProductIndex":175679}
{"itemId":"B00FM5BPLQ","ProductIndex":162912}
{"itemId":"B0030KR8K2","ProductIndex":153960}
{"itemId":"B0024NKHZY","ProductIndex":190218}
{"itemId":"B004OI2462","ProductIndex":173629}
{"itemId":"B0075W8IKA","ProductIndex":72883}
{"itemId":"B001AJKPAK","ProductIndex":97697}
{"itemId":"B000BO8T30","ProductIndex":70384}
{"itemId":"B008BE96ZC","ProductIndex":160383}
{"itemId":"B001CIRA1Q","ProductIndex":122613}
{"itemId":"B001UOKTZ6","ProductIndex":136766}
{"itemId":"B0068V15IQ","ProductIndex":159579}
{"itemId":"B003WRPKJ4","ProductIndex":163374}
{"itemId":"B001ANZPPG","ProductIndex":120680}
{"itemId":"B001OHGOYO","ProductIndex":155235}
{"itemId":"B004BFLP4A","ProductIndex":97861}
{"itemId":"B002SBDER0","ProductIndex":118155}
{"itemId":"B005NY0GIE","ProductIndex":161193}
{"itemId":"B00GZ1TVIA","ProductIndex":182459}
{"itemId":"B007BPOC7O","ProductIndex":46750}
{"itemId":"B000XDFJQY","ProductIndex":93865}
{"itemId":"B00A01G350","ProductIndex":103757}
{"itemId":"B001AIVMDU","ProductIndex":117343}
{"itemId":"B00587ORU4","ProductIndex":168524}
{"itemId":"B0000CCW64","ProductIndex":143801}
{"itemId":"B0060QOZ1S","ProductIndex":118359}
{"itemId":"B00AVU58MY","ProductIndex":207080}
{"itemId":"B000BRUGZG","ProductIndex":51842}
{"itemId":"B004CV32CQ","ProductIndex":207446}
{"itemId":"B009KII42E","ProductIndex":196994}
{"itemId":"B003ICX0A4","ProductIndex":142410}
{"itemId":"B00B1F19DK","ProductIndex":121531}
{"itemId":"B008EX4EHK","ProductIndex":92480}
{"itemId":"B0089FXN4S","ProductIndex":83553}
{"itemId":"B0006DPPB0","ProductIndex":82654}
{"itemId":"B0095ZFO7A","ProductIndex":151182}
{"itemId":"B0032FOJCU","ProductIndex":205161}
{"itemId":"B004BFVIVK","ProductIndex":186734}
{"itemId":"B006OU6IBA","ProductIndex":91418}
{"itemId":"B00BDEO2RO","ProductIndex":204207}
{"itemId":"B00AY38BN6","ProductIndex":163671}
{"itemId":"B003XVKAGM","ProductIndex":93103}
{"itemId":"B002WFKEHU","ProductIndex":145092}
{"itemId":"B005YXXU2S","ProductIndex":127291}
{"itemId":"B008IBAFP8","ProductIndex":140261}
{"itemId":"B001RB24WI","ProductIndex":143368}
{"itemId":"B002URQC3K","ProductIndex":183348}
{"itemId":"B003LVCKH6","ProductIndex":105227}
{"itemId":"B0002OMNZY","ProductIndex":172943}
{"itemId":"B00C4PFHOI","ProductIndex":127457}
{"itemId":"B0012LVWU8","ProductIndex":119877}
{"itemId":"B001FB64K8","ProductIndex":75609}
{"itemId":"B0040DDBPY","ProductIndex":141424}
{"itemId":"B002WJC0TG","ProductIndex":171658}
{"itemId":"B003LVFJU6","ProductIndex":147756}
{"itemId":"B004RRU7IW","ProductIndex":177795}
{"itemId":"B004AH0HV6","ProductIndex":161925}
{"itemId":"B003UKGKWO","ProductIndex":86320}
{"itemId":"B0052JCM6Y","ProductIndex":93034}
{"itemId":"B006GR1M58","ProductIndex":160700}
{"itemId":"B0060NCBVW","ProductIndex":125605}
{"itemId":"B005FOQRZS","ProductIndex":141444}
{"itemId":"B0018JKUPW","ProductIndex":91671}
{"itemId":"B003AX3PQK","ProductIndex":133943}
{"itemId":"B001PYV1IK","ProductIndex":138895}
{"itemId":"B000VLZ9ZE","ProductIndex":119561}
{"itemId":"B0040J5UL6","ProductIndex":169684}
{"itemId":"B000OWY6JK","ProductIndex":140558}
{"itemId":"B000F4C5CW","ProductIndex":168173}
{"itemId":"B006E5NPDY","ProductIndex":183022}
{"itemId":"B008XI5BEG","ProductIndex":138281}
{"itemId":"B006VK8GE0","ProductIndex":150014}
{"itemId":"B0009PD37S","ProductIndex":88363}
{"itemId":"B007T1M26I","ProductIndex":124340}
{"itemId":"B00HF2LP3C","ProductIndex":122616}
{"itemId":"B001KQRYIE","ProductIndex":95345}
{"itemId":"B007VBC2Z2","ProductIndex":172665}
{"itemId":"B002ISTM38","ProductIndex":151333}
{"itemId":"B00HH5E962","ProductIndex":165435}
{"itemId":"B004G600CC","ProductIndex":148959}
{"itemId":"B004H5GWB0","ProductIndex":165103}
{"itemId":"B00BANG35M","ProductIndex":75935}
{"itemId":"B000AQD9XO","ProductIndex":194823}
{"itemId":"B002U0KC1U","ProductIndex":162702}
{"itemId":"B000EGC9MC","ProductIndex":153834}
{"itemId":"B004D5WB96","ProductIndex":140871}
{"itemId":"B009A3QKAM","ProductIndex":186102}
{"itemId":"B003YMR5KE","ProductIndex":131220}
{"itemId":"B008199FYY","ProductIndex":166281}
{"itemId":"B003AV7KWM","ProductIndex":147795}
{"itemId":"B004Z4MFU0","ProductIndex":124424}
{"itemId":"B000053HMQ","ProductIndex":176298}
{"itemId":"B00933N57A","ProductIndex":119754}
{"itemId":"B005V1L7AK","ProductIndex":142653}
{"itemId":"B000TFLFW8","ProductIndex":150600}
{"itemId":"B008Y48IDK","ProductIndex":179974}
{"itemId":"B006QR2TAA","ProductIndex":146648}
{"itemId":"B004CJFQMC","ProductIndex":147941}
{"itemId":"B00AM8FVOK","ProductIndex":95093}
{"itemId":"B0051PWTVW","ProductIndex":134796}
{"itemId":"B003XNWAIG","ProductIndex":187669}
{"itemId":"B004KS3SVQ","ProductIndex":147058}
{"itemId":"B0035AGIAS","ProductIndex":200586}
{"itemId":"B000C3Z72G","ProductIndex":114904}
{"itemId":"B00151W7WW","ProductIndex":174491}
{"itemId":"B0078CZZ7G","ProductIndex":183294}
{"itemId":"B002Z78GNE","ProductIndex":199579}
{"itemId":"B006OHTGK8","ProductIndex":115699}
{"itemId":"B000070G4C","ProductIndex":89366}
{"itemId":"B000OE074G","ProductIndex":114097}
{"itemId":"B001QVES1O","ProductIndex":160181}
{"itemId":"B00517HLU4","ProductIndex":172542}
{"itemId":"B000FD0NWC","ProductIndex":117572}
{"itemId":"B00CHR9VYK","ProductIndex":100464}
{"itemId":"B001CBRXKQ","ProductIndex":124439}
{"itemId":"B000O77T3K","ProductIndex":156883}
{"itemId":"B00DL5KFRO","ProductIndex":205800}
{"itemId":"B000WZ830W","ProductIndex":207127}
{"itemId":"B00B6VU46W","ProductIndex":204782}
{"itemId":"B004VQ4RXK","ProductIndex":135403}
{"itemId":"B0078KOQ46","ProductIndex":155350}
{"itemId":"B000DZB8GM","ProductIndex":132733}
{"itemId":"B004S6NJCI","ProductIndex":141186}
{"itemId":"B00EOXAXZG","ProductIndex":204158}
{"itemId":"B0063W8XKS","ProductIndex":128038}
{"itemId":"B0001OHH4M","ProductIndex":194527}
{"itemId":"B00DNGR4FC","ProductIndex":170280}
{"itemId":"B006N3MAPQ","ProductIndex":194623}
{"itemId":"B004DYURB6","ProductIndex":154377}
{"itemId":"B000LY4DY4","ProductIndex":137380}
{"itemId":"B00D8U1DMI","ProductIndex":130641}
{"itemId":"B002JS96UG","ProductIndex":199015}
{"itemId":"B002ON4372","ProductIndex":185410}
{"itemId":"B000RE2JVM","ProductIndex":161918}
{"itemId":"B0087IIOGO","ProductIndex":162919}
{"itemId":"B000E158DE","ProductIndex":119012}
{"itemId":"B0007YFBH6","ProductIndex":192807}
{"itemId":"B004PFIQCK","ProductIndex":118599}
{"itemId":"B00CJ0X4K2","ProductIndex":114335}
{"itemId":"B003EI4DPI","ProductIndex":195280}
{"itemId":"B000JJG830","ProductIndex":150586}
{"itemId":"B0007QS6IU","ProductIndex":125042}
{"itemId":"B007IJBK4G","ProductIndex":152658}
{"itemId":"B00I8BDA7S","ProductIndex":185899}
{"itemId":"B00E878Z08","ProductIndex":203217}
{"itemId":"B00CWMHT2Q","ProductIndex":207972}
{"itemId":"B003TPBP0C","ProductIndex":167335}
{"itemId":"B00006JPPN","ProductIndex":204433}
{"itemId":"B006954X8U","ProductIndex":124873}
{"itemId":"B007L7R5K8","ProductIndex":124227}
{"itemId":"B000SB0DMG","ProductIndex":175222}
{"itemId":"B00F34JP7W","ProductIndex":191052}
{"itemId":"B00556O4L0","ProductIndex":115579}
{"itemId":"B0050L8OUM","ProductIndex":192402}
{"itemId":"B000S6DJG8","ProductIndex":97794}
{"itemId":"B0007KQWFU","ProductIndex":204573}
{"itemId":"B001V5J4JG","ProductIndex":162807}
{"itemId":"B00E1TPPOM","ProductIndex":147391}
{"itemId":"B0049NW7T6","ProductIndex":195541}
{"itemId":"B00FV10HMO","ProductIndex":162267}
{"itemId":"B003TLRP82","ProductIndex":162976}
{"itemId":"B004QPHQTI","ProductIndex":200435}
{"itemId":"B000RJVSNM","ProductIndex":121378}
{"itemId":"B009O939V0","ProductIndex":153548}
{"itemId":"B008RUS8TK","ProductIndex":177152}
{"itemId":"B005GFJ5G4","ProductIndex":183937}
{"itemId":"B0007KK2H4","ProductIndex":199445}
{"itemId":"B0014LE9TW","ProductIndex":201122}
{"itemId":"B0007NI2BY","ProductIndex":163785}
{"itemId":"B007O32LLW","ProductIndex":113641}
{"itemId":"B00CPOX7G8","ProductIndex":156649}
{"itemId":"B000092YQ1","ProductIndex":169674}
{"itemId":"B000SQOCAU","ProductIndex":115712}
{"itemId":"B000IZGIGM","ProductIndex":170460}
{"itemId":"B0021AET2W","ProductIndex":102118}
{"itemId":"B00AM9WGJW","ProductIndex":154829}
{"itemId":"B0048A9BFI","ProductIndex":203367}
{"itemId":"B002HIJ4KU","ProductIndex":199731}
{"itemId":"B001MRYTUW","ProductIndex":132833}
{"itemId":"B00GUTZB8G","ProductIndex":196500}
{"itemId":"B003RKSY76","ProductIndex":140995}
{"itemId":"B00DU7T4M0","ProductIndex":196004}
{"itemId":"B000H9KSO2","ProductIndex":145259}
{"itemId":"B007WNN5SW","ProductIndex":179317}
{"itemId":"B005NIRFSO","ProductIndex":179582}
{"itemId":"B0078D0DOU","ProductIndex":200524}
{"itemId":"B004YA4OLI","ProductIndex":196214}
{"itemId":"B001PNSG2K","ProductIndex":185972}
{"itemId":"B002OIO6HY","ProductIndex":103974}
{"itemId":"B006C6IZB2","ProductIndex":166803}
{"itemId":"B0054JE74W","ProductIndex":176604}
{"itemId":"B000066SSV","ProductIndex":198357}
{"itemId":"B00B3QY9OS","ProductIndex":137107}
{"itemId":"B007G9G4A8","ProductIndex":186192}
{"itemId":"B00CXVM61A","ProductIndex":190105}
{"itemId":"B00CUOCOVM","ProductIndex":173895}
{"itemId":"B003MVR4Q2","ProductIndex":208317}
{"itemId":"B00BJ2MC0E","ProductIndex":179077}
{"itemId":"B004CJPNUW","ProductIndex":150742}
{"itemId":"B001G4X4FW","ProductIndex":184163}
{"itemId":"B007X5VS88","ProductIndex":146770}
{"itemId":"B00K3X0B94","ProductIndex":159056}
{"itemId":"B00BDZZFTM","ProductIndex":144640}
{"itemId":"B0015AB7LU","ProductIndex":198425}
{"itemId":"B0091INSNS","ProductIndex":193778}
{"itemId":"B005VT0N48","ProductIndex":112766}
{"itemId":"B00BEXN824","ProductIndex":172264}
{"itemId":"B00D5YW55G","ProductIndex":194444}
{"itemId":"B004C4SOTE","ProductIndex":183409}
{"itemId":"B0007W5L96","ProductIndex":133333}
{"itemId":"B001MW29AY","ProductIndex":196819}
{"itemId":"B003GSLDXQ","ProductIndex":192607}
{"itemId":"B008140GOC","ProductIndex":193549}
{"itemId":"B006PKZXBA","ProductIndex":206561}
{"itemId":"B00ICGUVW6","ProductIndex":150399}
{"itemId":"B007VZY8N2","ProductIndex":194688}
{"itemId":"B0001DZ33K","ProductIndex":185950}
{"itemId":"B0051OLOUA","ProductIndex":161289}
{"itemId":"B000CQR9TC","ProductIndex":189887}
{"itemId":"B0047MN3GU","ProductIndex":194460}
{"itemId":"B002XQ3D5S","ProductIndex":202024}
{"itemId":"B008FCBP7C","ProductIndex":199752}
{"itemId":"B0042EGPJ0","ProductIndex":202438}
{"itemId":"B00F72HHMA","ProductIndex":205775}
{"itemId":"B0014JYOQW","ProductIndex":158739}
{"itemId":"B000YJAZCA","ProductIndex":148459}
{"itemId":"B00FIP3M4S","ProductIndex":166563}
{"itemId":"B00E0TFC7I","ProductIndex":162592}
{"itemId":"B00026BXQC","ProductIndex":204491}
{"itemId":"B00080CUBO","ProductIndex":123741}
{"itemId":"B00004SA2Z","ProductIndex":192957}
{"itemId":"B0015L7EZW","ProductIndex":166361}
{"itemId":"B003ZUXHGQ","ProductIndex":184077}
{"itemId":"B009OM4Q1O","ProductIndex":204189}
{"itemId":"B0039TE258","ProductIndex":181237}
{"itemId":"B008OIC0YO","ProductIndex":187878}
{"itemId":"B0085SVIJQ","ProductIndex":191771}
{"itemId":"B008LHFTA0","ProductIndex":167212}
{"itemId":"B00GQGX2V6","ProductIndex":184596}
{"itemId":"B00CHXFANU","ProductIndex":197914}
{"itemId":"B003JTXYGQ","ProductIndex":201317}
{"itemId":"B000ORD83A","ProductIndex":156093}
{"itemId":"B0045ZRNG0","ProductIndex":197274}
{"itemId":"B0016L6X80","ProductIndex":175200}
{"itemId":"B00I49DDY4","ProductIndex":188293}
{"itemId":"B00JQWLA4I","ProductIndex":202099}
{"itemId":"B002XX2JVU","ProductIndex":192843}
{"itemId":"B00301MA36","ProductIndex":170014}
{"itemId":"B003NQO0M2","ProductIndex":208233}
{"itemId":"B00376B25G","ProductIndex":148030}
{"itemId":"B0006A83N0","ProductIndex":174683}
{"itemId":"B008J4T7LC","ProductIndex":180539}
{"itemId":"B00513MFO0","ProductIndex":187814}
{"itemId":"B000AMFNHS","ProductIndex":201111}
{"itemId":"B002RWJGU4","ProductIndex":201522}
{"itemId":"B0045DVQ06","ProductIndex":146664}
{"itemId":"B00EGPQVF8","ProductIndex":190969}
{"itemId":"B000FH2BVO","ProductIndex":190660}
{"itemId":"B000GIUHBS","ProductIndex":167613}
{"itemId":"B007D5NHUU","ProductIndex":197618}
{"itemId":"B005HSSSTK","ProductIndex":186365}
{"itemId":"B00007JQNX","ProductIndex":177431}
{"itemId":"B00I4ZMNN0","ProductIndex":192174}
{"itemId":"B00KCT3K3I","ProductIndex":196611}
{"itemId":"B0002ZO5X6","ProductIndex":163560}
{"itemId":"B000SE82JE","ProductIndex":184337}
{"itemId":"B00AWR23Q0","ProductIndex":202432}
{"itemId":"B00193WW2G","ProductIndex":191519}
{"itemId":"B00G6JPSZG","ProductIndex":201494}
{"itemId":"B003KIH2PA","ProductIndex":195914}
{"itemId":"B008N1LCN2","ProductIndex":184529}
{"itemId":"B001241C7I","ProductIndex":183881}
{"itemId":"B008FNXWCM","ProductIndex":183566}
{"itemId":"B00I1AHH1Q","ProductIndex":193493}
{"itemId":"B004XV5XS6","ProductIndex":202111}
