{"itemId":"B0008GLND4","ProductIndex":114677}
{"itemId":"B003VWU79I","ProductIndex":2362}
{"itemId":"B001BLWS84","ProductIndex":55786}
{"itemId":"B0013BW8X2","ProductIndex":47382}
{"itemId":"B0001GMT02","ProductIndex":69860}
{"itemId":"B001QTXL82","ProductIndex":770}
{"itemId":"B000JO7PIM","ProductIndex":2560}
{"itemId":"B0057CWRIY","ProductIndex":26844}
{"itemId":"B004FKJFZC","ProductIndex":91139}
{"itemId":"B007VAFWPA","ProductIndex":72952}
{"itemId":"B000P0W5B2","ProductIndex":65210}
{"itemId":"B000WWKM2M","ProductIndex":139713}
{"itemId":"B005R5MEXE","ProductIndex":21082}
{"itemId":"B002C88FDM","ProductIndex":39852}
{"itemId":"B005MR598O","ProductIndex":17134}
{"itemId":"B0045FM6SU","ProductIndex":654}
{"itemId":"B00A14F1WC","ProductIndex":23292}
{"itemId":"B002I00730","ProductIndex":3175}
{"itemId":"B004DY9QJU","ProductIndex":142965}
{"itemId":"B002TK2D04","ProductIndex":32708}
{"itemId":"B00752VKSC","ProductIndex":5196}
{"itemId":"B0002EXF0Q","ProductIndex":36938}
{"itemId":"B001PTH0VW","ProductIndex":4530}
{"itemId":"B00BBGIQ62","ProductIndex":39624}
{"itemId":"B004KPLNO8","ProductIndex":30903}
{"itemId":"B00HSGFPC2","ProductIndex":32377}
{"itemId":"B0031RFVJ4","ProductIndex":3189}
{"itemId":"B004VRQNS6","ProductIndex":2112}
{"itemId":"B005C31F2M","ProductIndex":11282}
{"itemId":"B003I2TQGQ","ProductIndex":149814}
{"itemId":"B000FD9YB8","ProductIndex":31354}
{"itemId":"B003MWN4RO","ProductIndex":6421}
{"itemId":"B0037TEO3K","ProductIndex":2725}
{"itemId":"B009HPC228","ProductIndex":11266}
{"itemId":"B000A7OW3Y","ProductIndex":157807}
{"itemId":"B007AA3DOS","ProductIndex":14135}
{"itemId":"B004WIUNZI","ProductIndex":32337}
{"itemId":"B001AVW6BO","ProductIndex":8918}
{"itemId":"B000N8DJB6","ProductIndex":9827}
{"itemId":"B003BWCK2A","ProductIndex":28142}
{"itemId":"B000WQ21SQ","ProductIndex":4463}
{"itemId":"B00030DEQE","ProductIndex":7446}
{"itemId":"B0035PBHRM","ProductIndex":10206}
{"itemId":"B000M51NOU","ProductIndex":28300}
{"itemId":"B00894YP00","ProductIndex":886}
{"itemId":"B001EW665G","ProductIndex":47560}
{"itemId":"B003IXE35E","ProductIndex":12590}
{"itemId":"B0023FDJ0S","ProductIndex":35235}
{"itemId":"B00419QNHK","ProductIndex":46305}
{"itemId":"B0012GK3MQ","ProductIndex":1051}
{"itemId":"B00BJNHGRM","ProductIndex":9693}
{"itemId":"B0002ZPFAS","ProductIndex":11317}
{"itemId":"B00GMGDFPI","ProductIndex":9472}
{"itemId":"B003Y4977Q","ProductIndex":22684}
{"itemId":"B0009MWTQM","ProductIndex":90374}
{"itemId":"B00006RHZG","ProductIndex":13068}
{"itemId":"B00AZG3TGG","ProductIndex":202534}
{"itemId":"B0064KO6SM","ProductIndex":36264}
{"itemId":"B004DKVRDM","ProductIndex":14816}
{"itemId":"B001UOEIZI","ProductIndex":28865}
{"itemId":"B002XDRWZS","ProductIndex":22120}
{"itemId":"B000NK3H4S","ProductIndex":1722}
{"itemId":"B00DR0BQ0I","ProductIndex":2669}
{"itemId":"B00CAB5ZKC","ProductIndex":14235}
{"itemId":"B00413PEZS","ProductIndex":4949}
{"itemId":"B0057OC5WK","ProductIndex":24021}
{"itemId":"B0043M9AU2","ProductIndex":2509}
{"itemId":"B00005AM78","ProductIndex":137202}
{"itemId":"B0041HP79M","ProductIndex":38196}
{"itemId":"B0079TOGDW","ProductIndex":22329}
{"itemId":"B007BIDYFC","ProductIndex":50553}
{"itemId":"B0054JE64I","ProductIndex":7509}
{"itemId":"B006K553ZQ","ProductIndex":40483}
{"itemId":"B009Z4RGFY","ProductIndex":5694}
{"itemId":"B00A83I8G2","ProductIndex":1481}
{"itemId":"B000CE9P4Q","ProductIndex":118968}
{"itemId":"B00ETBHOIM","ProductIndex":15542}
{"itemId":"B004GIGNVC","ProductIndex":11258}
{"itemId":"B000MPMHD6","ProductIndex":87501}
{"itemId":"B005DMFDKW","ProductIndex":5585}
{"itemId":"B003JZNZR8","ProductIndex":21701}
{"itemId":"B0034XDTF8","ProductIndex":9284}
{"itemId":"B00BQO56Z8","ProductIndex":5757}
{"itemId":"B00DNR3HP2","ProductIndex":50473}
{"itemId":"B000B5SLSM","ProductIndex":35547}
{"itemId":"B0032JRRWU","ProductIndex":7389}
{"itemId":"B000E204LY","ProductIndex":5927}
{"itemId":"B005PKX4GW","ProductIndex":47952}
{"itemId":"B00B2ASBLM","ProductIndex":43414}
{"itemId":"B002RCNX8K","ProductIndex":601}
{"itemId":"B001V4WIBS","ProductIndex":119301}
{"itemId":"B0087FHJCW","ProductIndex":108807}
{"itemId":"B004D5CWNQ","ProductIndex":33415}
{"itemId":"B00FJWKYYG","ProductIndex":6879}
{"itemId":"B003XFYER4","ProductIndex":93416}
{"itemId":"B005YQY5TM","ProductIndex":7598}
{"itemId":"B0008GMHEI","ProductIndex":7151}
{"itemId":"B005HY4UIW","ProductIndex":24544}
{"itemId":"B001JEQ154","ProductIndex":24280}
{"itemId":"B00CKNP6CC","ProductIndex":70690}
{"itemId":"B0009WPSEC","ProductIndex":17474}
{"itemId":"B0071HZ5LE","ProductIndex":18665}
{"itemId":"B001N82JSY","ProductIndex":6452}
{"itemId":"B003YA4XJW","ProductIndex":33734}
{"itemId":"B00008Y0UM","ProductIndex":50197}
{"itemId":"B004Q287M6","ProductIndex":42344}
{"itemId":"B003S7NT64","ProductIndex":127930}
{"itemId":"B000BF106C","ProductIndex":31270}
{"itemId":"B004TLH6GM","ProductIndex":15415}
{"itemId":"B00B3KZ48Y","ProductIndex":56301}
{"itemId":"B00DHOOCUK","ProductIndex":156588}
{"itemId":"B0006HBBF0","ProductIndex":25929}
{"itemId":"B00574HPX4","ProductIndex":35002}
{"itemId":"B004YW7WCY","ProductIndex":845}
{"itemId":"B000I96B2O","ProductIndex":137627}
{"itemId":"B004FI6AKW","ProductIndex":40879}
{"itemId":"B0039NLSAG","ProductIndex":30795}
{"itemId":"B000Q6EKZY","ProductIndex":40272}
{"itemId":"B000OZQM8A","ProductIndex":147614}
{"itemId":"B0009V140K","ProductIndex":28169}
{"itemId":"B004I5BP20","ProductIndex":143447}
{"itemId":"B004V3KD4U","ProductIndex":46322}
{"itemId":"B002MPESS6","ProductIndex":37959}
{"itemId":"B00CRXZMVU","ProductIndex":45754}
{"itemId":"B00009R6WL","ProductIndex":9129}
{"itemId":"B001DHRIYK","ProductIndex":188393}
{"itemId":"B001T6BK6M","ProductIndex":64193}
{"itemId":"B0046TUR3G","ProductIndex":45470}
{"itemId":"B000EEXEIW","ProductIndex":14758}
{"itemId":"B005OSFUL2","ProductIndex":8825}
{"itemId":"B00AXSNBCI","ProductIndex":53611}
{"itemId":"B007P1X90A","ProductIndex":143248}
{"itemId":"B00B605UNA","ProductIndex":150913}
{"itemId":"B00EB478X8","ProductIndex":105785}
{"itemId":"B000LDFR8Q","ProductIndex":50694}
{"itemId":"B0094PI0GI","ProductIndex":18961}
{"itemId":"B0002BEX78","ProductIndex":54027}
{"itemId":"B000FVTPX2","ProductIndex":20718}
{"itemId":"B002MY8ENM","ProductIndex":14664}
{"itemId":"B0045EPIG8","ProductIndex":24801}
{"itemId":"B004L4CY2I","ProductIndex":22447}
{"itemId":"B00006B6TF","ProductIndex":143960}
{"itemId":"B002C9O5DK","ProductIndex":136581}
{"itemId":"B004JKNFNQ","ProductIndex":112158}
{"itemId":"B000BPRGK6","ProductIndex":10061}
{"itemId":"B000EIWCF4","ProductIndex":41304}
{"itemId":"B005FH45XG","ProductIndex":148498}
{"itemId":"B00005NHGP","ProductIndex":26625}
{"itemId":"B0002CTETO","ProductIndex":31299}
{"itemId":"B00GOKHPZS","ProductIndex":202625}
{"itemId":"B00201UOLM","ProductIndex":66945}
{"itemId":"B000IMWJ7C","ProductIndex":64768}
{"itemId":"B0060I19DI","ProductIndex":60510}
{"itemId":"B002WNAFSU","ProductIndex":3901}
{"itemId":"B004DTNT3O","ProductIndex":38739}
{"itemId":"B0035JKJAE","ProductIndex":11904}
{"itemId":"B004VST3V4","ProductIndex":178534}
{"itemId":"B0013FW8XS","ProductIndex":3162}
{"itemId":"B001UHMT10","ProductIndex":40356}
{"itemId":"B000K5VCUC","ProductIndex":6886}
{"itemId":"B007FH1FZ0","ProductIndex":7609}
{"itemId":"B002VEDQMC","ProductIndex":46686}
{"itemId":"B003ZFRA00","ProductIndex":48319}
{"itemId":"B0016OIQFK","ProductIndex":77487}
{"itemId":"B004ABCBIY","ProductIndex":108838}
{"itemId":"B003NFC5AC","ProductIndex":113479}
{"itemId":"B006PHZUMA","ProductIndex":19608}
{"itemId":"B007B5P9SU","ProductIndex":47141}
{"itemId":"B004EK8XBK","ProductIndex":173711}
{"itemId":"B00305E3T6","ProductIndex":44016}
{"itemId":"B001UJK66I","ProductIndex":18390}
{"itemId":"B004I0N0ZU","ProductIndex":40964}
{"itemId":"B000G122KO","ProductIndex":146844}
{"itemId":"B006OFZQY0","ProductIndex":74530}
{"itemId":"B001U0WROQ","ProductIndex":70280}
{"itemId":"B00BUB4FOK","ProductIndex":113162}
{"itemId":"B003BIFOLI","ProductIndex":75787}
{"itemId":"B001NPEC5A","ProductIndex":9735}
{"itemId":"B00007E7BS","ProductIndex":118401}
{"itemId":"B003ZX7V9M","ProductIndex":155704}
{"itemId":"B0006688Z2","ProductIndex":156355}
{"itemId":"B00004RG6K","ProductIndex":23386}
{"itemId":"B007W4KN2C","ProductIndex":102321}
{"itemId":"B00BTJWSXS","ProductIndex":118818}
{"itemId":"B00APQA572","ProductIndex":11974}
{"itemId":"B000JF6186","ProductIndex":81440}
{"itemId":"B005EI5MRY","ProductIndex":96062}
{"itemId":"B000WZWGK0","ProductIndex":89519}
{"itemId":"B00J55JSGI","ProductIndex":35455}
{"itemId":"B005FDOGQ6","ProductIndex":36597}
{"itemId":"B001GO5TU0","ProductIndex":13310}
{"itemId":"B0040M1SWS","ProductIndex":53966}
{"itemId":"B003VU4BJM","ProductIndex":71851}
{"itemId":"B000XDLND2","ProductIndex":33126}
{"itemId":"B0018MGVPM","ProductIndex":80166}
{"itemId":"B002VJKAW6","ProductIndex":53670}
{"itemId":"B00IKDETOC","ProductIndex":50161}
{"itemId":"B000P0PF78","ProductIndex":37359}
{"itemId":"B001584XYK","ProductIndex":88742}
{"itemId":"B002JGTO5K","ProductIndex":128004}
{"itemId":"B00A6HW62W","ProductIndex":116952}
{"itemId":"B001N7AFSG","ProductIndex":5388}
{"itemId":"B00HVRJVYG","ProductIndex":24467}
{"itemId":"B000F6RGQ0","ProductIndex":38405}
{"itemId":"B00AEG4Z60","ProductIndex":123681}
{"itemId":"B002VK7L04","ProductIndex":18334}
{"itemId":"B00A77C0GS","ProductIndex":73564}
{"itemId":"B000KNNRHA","ProductIndex":38043}
{"itemId":"B000UCI4YC","ProductIndex":32740}
{"itemId":"B004EZ9SBO","ProductIndex":88391}
{"itemId":"B007XVKVH6","ProductIndex":43389}
{"itemId":"B002H1030M","ProductIndex":30436}
{"itemId":"B004SBB664","ProductIndex":45690}
{"itemId":"B001UQBCGE","ProductIndex":44853}
{"itemId":"B002U4PM52","ProductIndex":91801}
{"itemId":"B000L20CAA","ProductIndex":174087}
{"itemId":"B001FOQI7O","ProductIndex":24248}
{"itemId":"B002P5KOXG","ProductIndex":7746}
{"itemId":"B003EA3S5W","ProductIndex":136160}
{"itemId":"B002IS47D8","ProductIndex":111350}
{"itemId":"B00024DIDK","ProductIndex":7200}
{"itemId":"B002LI70J8","ProductIndex":36068}
{"itemId":"B003AVN6D4","ProductIndex":12672}
{"itemId":"B006570ORQ","ProductIndex":28627}
{"itemId":"B00512HSGQ","ProductIndex":63372}
{"itemId":"B002FL507A","ProductIndex":20491}
{"itemId":"B00CTCDCWK","ProductIndex":127546}
{"itemId":"B0060C4KVC","ProductIndex":117263}
{"itemId":"B0044FCQIG","ProductIndex":16458}
{"itemId":"B00006HO3O","ProductIndex":15700}
{"itemId":"B006DU5PZQ","ProductIndex":49141}
{"itemId":"B004RIE8TA","ProductIndex":58634}
{"itemId":"B000JCUOY6","ProductIndex":82901}
{"itemId":"B00CERERCO","ProductIndex":131078}
{"itemId":"B0009J6PYW","ProductIndex":26048}
{"itemId":"B002BH3JDA","ProductIndex":12603}
{"itemId":"B003ICXBDA","ProductIndex":35358}
{"itemId":"B00E00HQL2","ProductIndex":30098}
{"itemId":"B00119LFYE","ProductIndex":86740}
{"itemId":"B001MVHS74","ProductIndex":85739}
{"itemId":"B000VRILSA","ProductIndex":90317}
{"itemId":"B004WE7UQ2","ProductIndex":9592}
{"itemId":"B001DVVGFI","ProductIndex":32424}
{"itemId":"B000LOIW4G","ProductIndex":143697}
{"itemId":"B003WM2N94","ProductIndex":13250}
{"itemId":"B007K80TGU","ProductIndex":30010}
{"itemId":"B00184769U","ProductIndex":22666}
{"itemId":"B00006JI6X","ProductIndex":51492}
{"itemId":"B000F1F3EM","ProductIndex":120356}
{"itemId":"B004OR147S","ProductIndex":104960}
{"itemId":"B009PZA6DW","ProductIndex":81988}
{"itemId":"B009O7XUW0","ProductIndex":25103}
{"itemId":"B009TOXRK8","ProductIndex":66178}
{"itemId":"B0023XKUHA","ProductIndex":14250}
{"itemId":"B003KUTD7S","ProductIndex":36231}
{"itemId":"B004CLYEBY","ProductIndex":28676}
{"itemId":"B00009J5VX","ProductIndex":13713}
{"itemId":"B00B7TBX36","ProductIndex":16460}
{"itemId":"B000288I4U","ProductIndex":57861}
{"itemId":"B006IKGWWQ","ProductIndex":32250}
{"itemId":"B007VQPM0Y","ProductIndex":47440}
{"itemId":"B000ROKSN8","ProductIndex":18104}
{"itemId":"B004P5Y1OW","ProductIndex":40737}
{"itemId":"B003U8HVZG","ProductIndex":55630}
{"itemId":"B004SGSHDY","ProductIndex":16465}
{"itemId":"B0009EXWQQ","ProductIndex":35553}
{"itemId":"B000064069","ProductIndex":196369}
{"itemId":"B005DJ1ON0","ProductIndex":71117}
{"itemId":"B0033YD9TO","ProductIndex":152765}
{"itemId":"B007GUJ2E2","ProductIndex":135453}
{"itemId":"B000I6P1UA","ProductIndex":9726}
{"itemId":"B0019J6Q22","ProductIndex":97132}
{"itemId":"B00F5OEOKS","ProductIndex":37025}
{"itemId":"B0002E1S2S","ProductIndex":61774}
{"itemId":"B000BK5USG","ProductIndex":109398}
{"itemId":"B007XVN0RO","ProductIndex":19795}
{"itemId":"B00142MUEW","ProductIndex":29802}
{"itemId":"B0057O9O6K","ProductIndex":190176}
{"itemId":"B007P044VY","ProductIndex":127144}
{"itemId":"B000A2JUBI","ProductIndex":135469}
{"itemId":"B004QYBR8K","ProductIndex":54827}
{"itemId":"B00FBM7GNG","ProductIndex":29526}
{"itemId":"B000I21Z5E","ProductIndex":15234}
{"itemId":"B000HZZ8HI","ProductIndex":114491}
{"itemId":"B001C1QY6K","ProductIndex":63296}
{"itemId":"B00IVPV5QE","ProductIndex":66148}
{"itemId":"B00A6GKE22","ProductIndex":30726}
{"itemId":"B0039RSXUU","ProductIndex":43062}
{"itemId":"B000094FV6","ProductIndex":29516}
{"itemId":"B008I64SF6","ProductIndex":139987}
{"itemId":"B000V5CVU6","ProductIndex":37805}
{"itemId":"B00C452XFO","ProductIndex":29258}
{"itemId":"B004CRSM48","ProductIndex":25377}
{"itemId":"B003O9FY50","ProductIndex":91976}
{"itemId":"B001XUXZYE","ProductIndex":25970}
{"itemId":"B00009R6WW","ProductIndex":10715}
{"itemId":"B0089LR6OA","ProductIndex":46579}
{"itemId":"B009R374GO","ProductIndex":161220}
{"itemId":"B001V9L1AC","ProductIndex":160231}
{"itemId":"B001970526","ProductIndex":112108}
{"itemId":"B0006FS1Z0","ProductIndex":21262}
{"itemId":"B00FY9RKW8","ProductIndex":36521}
{"itemId":"B004LTZYN4","ProductIndex":105174}
{"itemId":"B004SS8QXI","ProductIndex":51136}
{"itemId":"B002GU60BK","ProductIndex":14927}
{"itemId":"B00604YTFW","ProductIndex":84989}
{"itemId":"B006T1UAMW","ProductIndex":70131}
{"itemId":"B00KR0QHXW","ProductIndex":97579}
{"itemId":"B005JVI4EO","ProductIndex":208282}
{"itemId":"B0009Y6S4E","ProductIndex":128588}
{"itemId":"B0009EUSYU","ProductIndex":19459}
{"itemId":"B00400NGKC","ProductIndex":149753}
{"itemId":"B000AB2N8Q","ProductIndex":69357}
{"itemId":"B004FKI0F8","ProductIndex":49293}
{"itemId":"B003M8I0U4","ProductIndex":133577}
{"itemId":"B003AQCZJ0","ProductIndex":178918}
{"itemId":"B00ITI058W","ProductIndex":38329}
{"itemId":"B00006BAXT","ProductIndex":79208}
{"itemId":"B000MPNUE6","ProductIndex":13278}
{"itemId":"B007ZG8CLG","ProductIndex":110684}
{"itemId":"B004INH5ZI","ProductIndex":128441}
{"itemId":"B0054K85JY","ProductIndex":52282}
{"itemId":"B00024VTAE","ProductIndex":54427}
{"itemId":"B001MYT5OK","ProductIndex":39569}
{"itemId":"B001VYQFR6","ProductIndex":88917}
{"itemId":"B005DFAMYG","ProductIndex":71063}
{"itemId":"B00B4G8XOY","ProductIndex":59445}
{"itemId":"B00763W2XM","ProductIndex":122350}
{"itemId":"B004WPUHXO","ProductIndex":61230}
{"itemId":"B004QTSRTM","ProductIndex":33995}
{"itemId":"B000S92GVO","ProductIndex":166347}
{"itemId":"B00DOPW5K6","ProductIndex":130518}
{"itemId":"B00ICC34V0","ProductIndex":118836}
{"itemId":"B0001FV314","ProductIndex":104245}
{"itemId":"B006YG9848","ProductIndex":66289}
{"itemId":"B00BWZEILY","ProductIndex":32396}
{"itemId":"B003U8HYVC","ProductIndex":12970}
{"itemId":"B0055ZIT1C","ProductIndex":95684}
{"itemId":"B0074A5KNG","ProductIndex":44683}
{"itemId":"B00CRXZRQ0","ProductIndex":56660}
{"itemId":"B0040PQZZK","ProductIndex":125708}
{"itemId":"B00008Y47F","ProductIndex":106711}
{"itemId":"B0012N9RJY","ProductIndex":54229}
{"itemId":"B00EUUN76U","ProductIndex":27448}
{"itemId":"B002JRLDS0","ProductIndex":133429}
{"itemId":"B008XW7T8I","ProductIndex":15391}
{"itemId":"B005JZP3IU","ProductIndex":20727}
{"itemId":"B00JNVXFYA","ProductIndex":100646}
{"itemId":"B000U4NHU6","ProductIndex":184648}
{"itemId":"B0034L90EO","ProductIndex":55621}
{"itemId":"B003962EBU","ProductIndex":29937}
{"itemId":"B002T828RY","ProductIndex":85787}
{"itemId":"B0016XKO0G","ProductIndex":105049}
{"itemId":"B00GYHCUXI","ProductIndex":70411}
{"itemId":"B0098T1CK6","ProductIndex":128768}
{"itemId":"B001AAEUDM","ProductIndex":31831}
{"itemId":"B000VO07YE","ProductIndex":172053}
{"itemId":"B009SJR8TK","ProductIndex":69396}
{"itemId":"B002CVTUGU","ProductIndex":107604}
{"itemId":"B00HSRQZKM","ProductIndex":140983}
{"itemId":"B0001FI49I","ProductIndex":18545}
{"itemId":"B004GVM3DQ","ProductIndex":154929}
{"itemId":"B0015AV3XM","ProductIndex":13273}
{"itemId":"B000PBW6VK","ProductIndex":40785}
{"itemId":"B001M1DLYS","ProductIndex":38620}
{"itemId":"B000SDW7K0","ProductIndex":34936}
{"itemId":"B00CXNBXXA","ProductIndex":72429}
{"itemId":"B0000UV0IQ","ProductIndex":37062}
{"itemId":"B009SIKV86","ProductIndex":58337}
{"itemId":"B004DCAMKE","ProductIndex":85436}
{"itemId":"B000MS0528","ProductIndex":27405}
{"itemId":"B000066R6K","ProductIndex":55011}
{"itemId":"B003E1UCY6","ProductIndex":76578}
{"itemId":"B00009R896","ProductIndex":12112}
{"itemId":"B00IEFS0LY","ProductIndex":203946}
{"itemId":"B002T7KT9E","ProductIndex":46201}
{"itemId":"B0050MLR96","ProductIndex":104268}
{"itemId":"B009LTUB14","ProductIndex":35457}
{"itemId":"B00DEQLDDU","ProductIndex":37773}
{"itemId":"B00GSVNHZ0","ProductIndex":163038}
{"itemId":"B00DQCF9LY","ProductIndex":29244}
{"itemId":"B00ILNV6C4","ProductIndex":167209}
{"itemId":"B003NLM7ZO","ProductIndex":34871}
{"itemId":"B000MWHH0M","ProductIndex":39236}
{"itemId":"B002XIL2H2","ProductIndex":170410}
{"itemId":"B003W97018","ProductIndex":48921}
{"itemId":"B002HSU7PG","ProductIndex":55393}
{"itemId":"B00A25SYOC","ProductIndex":52013}
{"itemId":"B002Y31PHS","ProductIndex":77081}
{"itemId":"B000XZSLB2","ProductIndex":174067}
{"itemId":"B00G8772CS","ProductIndex":75137}
{"itemId":"B0006FS2L8","ProductIndex":172070}
{"itemId":"B002RCNWPE","ProductIndex":69001}
{"itemId":"B0060QHROA","ProductIndex":142660}
{"itemId":"B0013A30TE","ProductIndex":84675}
{"itemId":"B001R3M7XM","ProductIndex":37229}
{"itemId":"B002AQ7HJE","ProductIndex":42229}
{"itemId":"B004P1ITU8","ProductIndex":31706}
{"itemId":"B0007M3PKS","ProductIndex":32875}
{"itemId":"B0006AZ5AO","ProductIndex":107411}
{"itemId":"B0056XBMAI","ProductIndex":41443}
{"itemId":"B004WLA4P4","ProductIndex":24460}
{"itemId":"B001B6C5H8","ProductIndex":111344}
{"itemId":"B00GSLT6LE","ProductIndex":167230}
{"itemId":"B004X63LQ2","ProductIndex":57996}
{"itemId":"B002LZURVO","ProductIndex":51501}
{"itemId":"B004ZF0SYO","ProductIndex":188604}
{"itemId":"B001O8TEKY","ProductIndex":73809}
{"itemId":"B002QKCM3K","ProductIndex":138176}
{"itemId":"B00E91J5YI","ProductIndex":111373}
{"itemId":"B004JK3RLQ","ProductIndex":54035}
{"itemId":"B00BUS08GC","ProductIndex":120512}
{"itemId":"B004161LRU","ProductIndex":23942}
{"itemId":"B004UUSALC","ProductIndex":42361}
{"itemId":"B003ZSHNGI","ProductIndex":23807}
{"itemId":"B0035BP2S6","ProductIndex":53824}
{"itemId":"B001N7JW9Y","ProductIndex":153616}
{"itemId":"B000067RMT","ProductIndex":17088}
{"itemId":"B004YXZBTE","ProductIndex":99708}
{"itemId":"B0093IG1L2","ProductIndex":177839}
{"itemId":"B0001M47FG","ProductIndex":47002}
{"itemId":"B006LSYCP4","ProductIndex":86867}
{"itemId":"B001BS794K","ProductIndex":129627}
{"itemId":"B000E5T7RI","ProductIndex":76100}
{"itemId":"B003FMUMSK","ProductIndex":71057}
{"itemId":"B0083DSSN2","ProductIndex":193154}
{"itemId":"B00DMI06B0","ProductIndex":117278}
{"itemId":"B00186URQC","ProductIndex":38806}
{"itemId":"B001MQ2ZTA","ProductIndex":60285}
{"itemId":"B00852OWHW","ProductIndex":174179}
{"itemId":"B0036WT410","ProductIndex":37137}
{"itemId":"B002KI9UHY","ProductIndex":143014}
{"itemId":"B005ZM9XGU","ProductIndex":111710}
{"itemId":"B003AM8822","ProductIndex":132750}
{"itemId":"B000W4B1ZC","ProductIndex":46682}
{"itemId":"B00IJJY1Q8","ProductIndex":30627}
{"itemId":"B009D7XPJY","ProductIndex":39570}
{"itemId":"B00JEOC1LO","ProductIndex":48604}
{"itemId":"B004I44DHU","ProductIndex":108529}
{"itemId":"B0024R57U0","ProductIndex":35201}
{"itemId":"B0041RR1NW","ProductIndex":145967}
{"itemId":"B000WZ7Y5C","ProductIndex":92511}
{"itemId":"B0009FV7J4","ProductIndex":44974}
{"itemId":"B001JEBT1U","ProductIndex":43168}
{"itemId":"B00061OPNG","ProductIndex":101272}
{"itemId":"B0047ILW3U","ProductIndex":139295}
{"itemId":"B00462RPGA","ProductIndex":57708}
{"itemId":"B008KBGAT6","ProductIndex":23016}
{"itemId":"B00CKK4EOQ","ProductIndex":59501}
{"itemId":"B000N410NE","ProductIndex":81569}
{"itemId":"B006NSIJ92","ProductIndex":110673}
{"itemId":"B000XRCDVY","ProductIndex":157514}
{"itemId":"B00006RTY7","ProductIndex":137204}
{"itemId":"B003WZBR48","ProductIndex":48646}
{"itemId":"B002CZFY52","ProductIndex":38887}
{"itemId":"B000QWA9LW","ProductIndex":39943}
{"itemId":"B004TF3P68","ProductIndex":23609}
{"itemId":"B0054GY7TA","ProductIndex":98507}
{"itemId":"B000KIO4YU","ProductIndex":155439}
{"itemId":"B000WXXINQ","ProductIndex":49156}
{"itemId":"B0052QPEJ4","ProductIndex":47983}
{"itemId":"B004C3VI0M","ProductIndex":136861}
{"itemId":"B000BWCTT2","ProductIndex":108125}
{"itemId":"B00006B7CT","ProductIndex":136734}
{"itemId":"B000V0IE7A","ProductIndex":128764}
{"itemId":"B004Y471SW","ProductIndex":131191}
{"itemId":"B00C573A7Q","ProductIndex":172912}
{"itemId":"B0009W3XM6","ProductIndex":59831}
{"itemId":"B0085Z553Y","ProductIndex":166363}
{"itemId":"B00EL93SLE","ProductIndex":71552}
{"itemId":"B00519AJ92","ProductIndex":144064}
{"itemId":"B0026N3PRE","ProductIndex":137343}
{"itemId":"B003V5JPDO","ProductIndex":162495}
{"itemId":"B000077CEB","ProductIndex":178679}
{"itemId":"B00DWHCTRK","ProductIndex":163436}
{"itemId":"B000ZM8D4I","ProductIndex":32207}
{"itemId":"B00744SGFQ","ProductIndex":183212}
{"itemId":"B004YDFGLM","ProductIndex":171011}
{"itemId":"B007QXRA4I","ProductIndex":107982}
{"itemId":"B00784ONFE","ProductIndex":116893}
{"itemId":"B0047T9S4E","ProductIndex":72864}
{"itemId":"B00AODGGL0","ProductIndex":201975}
{"itemId":"B001DNY55E","ProductIndex":43198}
{"itemId":"B001MUQSHQ","ProductIndex":67161}
{"itemId":"B00A27UQB4","ProductIndex":86203}
{"itemId":"B00BD4POZS","ProductIndex":73127}
{"itemId":"B000EVQU2M","ProductIndex":154240}
{"itemId":"B00HGUVDBC","ProductIndex":197207}
{"itemId":"B000FOLY88","ProductIndex":136414}
{"itemId":"B004M3DJWM","ProductIndex":88165}
{"itemId":"B00GFHG0WO","ProductIndex":136538}
{"itemId":"B004DPD9PQ","ProductIndex":194477}
{"itemId":"B0082PT7JA","ProductIndex":59649}
{"itemId":"B004MF9HI0","ProductIndex":30425}
{"itemId":"B00000DMA3","ProductIndex":45755}
{"itemId":"B00ADD94ZQ","ProductIndex":79771}
{"itemId":"B000T0GBMC","ProductIndex":110662}
{"itemId":"B0007YZCIY","ProductIndex":48724}
{"itemId":"B00IBINI7K","ProductIndex":54105}
{"itemId":"B001BGEJ0O","ProductIndex":164840}
{"itemId":"B00BW006UQ","ProductIndex":31974}
{"itemId":"B000FARS6Y","ProductIndex":111571}
{"itemId":"B000BCDOLE","ProductIndex":115493}
{"itemId":"B001OFTXW6","ProductIndex":69188}
{"itemId":"B00BJU89DU","ProductIndex":176012}
{"itemId":"B004S5AYDQ","ProductIndex":70739}
{"itemId":"B005UJR4R8","ProductIndex":64103}
{"itemId":"B0001XNTDG","ProductIndex":116991}
{"itemId":"B000G35RGI","ProductIndex":128040}
{"itemId":"B001OPHFN0","ProductIndex":153184}
{"itemId":"B00B7A6BPK","ProductIndex":179397}
{"itemId":"B002PACO7K","ProductIndex":84523}
{"itemId":"B005GM8UT0","ProductIndex":168705}
{"itemId":"B0052LAVPG","ProductIndex":72565}
{"itemId":"B00006OXEP","ProductIndex":169739}
{"itemId":"B00EUDTNWE","ProductIndex":172011}
{"itemId":"B005QXXYLS","ProductIndex":101189}
{"itemId":"B003SWCLP4","ProductIndex":186286}
{"itemId":"B004Q75EIG","ProductIndex":80254}
{"itemId":"B00006RVNT","ProductIndex":88085}
{"itemId":"B000BSMO6E","ProductIndex":102277}
{"itemId":"B00J0EDQP8","ProductIndex":149045}
{"itemId":"B00EHDZLDM","ProductIndex":134417}
{"itemId":"B00666YV2A","ProductIndex":68715}
{"itemId":"B00834SJGW","ProductIndex":87387}
{"itemId":"B005NBNT40","ProductIndex":111620}
{"itemId":"B000UHIHVW","ProductIndex":165618}
{"itemId":"B003OG810I","ProductIndex":81456}
{"itemId":"B0081ZDVI4","ProductIndex":108771}
{"itemId":"B001EBE2NK","ProductIndex":145708}
{"itemId":"B001B4JC4E","ProductIndex":46961}
{"itemId":"B00155ID1C","ProductIndex":125456}
{"itemId":"B00005QT61","ProductIndex":199766}
{"itemId":"B005POIWZQ","ProductIndex":82900}
{"itemId":"B003XN3E22","ProductIndex":83188}
{"itemId":"B00ILV7VGG","ProductIndex":99391}
{"itemId":"B009J34J42","ProductIndex":138287}
{"itemId":"B00303GAFS","ProductIndex":63396}
{"itemId":"B002YKCDZE","ProductIndex":98520}
{"itemId":"B001I7WRK0","ProductIndex":73230}
{"itemId":"B00669L9JA","ProductIndex":45693}
{"itemId":"B0028QQC0Q","ProductIndex":109805}
{"itemId":"B000JI093G","ProductIndex":89517}
{"itemId":"B002JODVLU","ProductIndex":133452}
{"itemId":"B00I52I2PU","ProductIndex":105555}
{"itemId":"B004SCD7PQ","ProductIndex":157022}
{"itemId":"B001MSTA0A","ProductIndex":68998}
{"itemId":"B00006I5BU","ProductIndex":80270}
{"itemId":"B001N2NTWU","ProductIndex":160902}
{"itemId":"B007K32346","ProductIndex":80824}
{"itemId":"B004HQLW3W","ProductIndex":94464}
{"itemId":"B0000AB4NV","ProductIndex":78492}
{"itemId":"B001B0Z6RU","ProductIndex":49826}
{"itemId":"B00G7UXEWI","ProductIndex":141290}
{"itemId":"B004GWW7ZY","ProductIndex":127265}
{"itemId":"B006JI1PBU","ProductIndex":44051}
{"itemId":"B003ZUJ68O","ProductIndex":53325}
{"itemId":"B0072LGI42","ProductIndex":23380}
{"itemId":"B007T13JI8","ProductIndex":199043}
{"itemId":"B00BXV09E2","ProductIndex":26594}
{"itemId":"B0000632G2","ProductIndex":77482}
{"itemId":"B00BL81QNU","ProductIndex":101543}
{"itemId":"B000NEHR8Q","ProductIndex":54455}
{"itemId":"B004J2PIUM","ProductIndex":96198}
{"itemId":"B004HJNE7Q","ProductIndex":55893}
{"itemId":"B000SDPDU6","ProductIndex":47822}
{"itemId":"B000IZGI76","ProductIndex":73107}
{"itemId":"B00E5UIB16","ProductIndex":46344}
{"itemId":"B0013TMCZS","ProductIndex":145361}
{"itemId":"B004LU4722","ProductIndex":115075}
{"itemId":"B002JPBDWI","ProductIndex":122761}
{"itemId":"B008J53LBS","ProductIndex":171949}
{"itemId":"B001A5K3DS","ProductIndex":101524}
{"itemId":"B00FE8MKT2","ProductIndex":137329}
{"itemId":"B002N7WTIY","ProductIndex":135089}
{"itemId":"B00BJ0AEWY","ProductIndex":192082}
{"itemId":"B003DPR99O","ProductIndex":59829}
{"itemId":"B004CQNTF6","ProductIndex":58990}
{"itemId":"B0028BVV66","ProductIndex":113833}
{"itemId":"B00EVNVU10","ProductIndex":131928}
{"itemId":"B002I8U76Y","ProductIndex":85635}
{"itemId":"B00078F54G","ProductIndex":40325}
{"itemId":"B004B50AJ6","ProductIndex":168511}
{"itemId":"B009UEZ9XA","ProductIndex":73417}
{"itemId":"B000GHDRDO","ProductIndex":112477}
{"itemId":"B00CH3BLK6","ProductIndex":138156}
{"itemId":"B007L6067S","ProductIndex":181556}
{"itemId":"B001M7897Q","ProductIndex":124137}
{"itemId":"B0001XE07A","ProductIndex":43960}
{"itemId":"B002LCAKBO","ProductIndex":127016}
{"itemId":"B000G22YVA","ProductIndex":110260}
{"itemId":"B004DUMUCO","ProductIndex":133337}
{"itemId":"B00GSVTLC8","ProductIndex":133990}
{"itemId":"B008VPQ8TS","ProductIndex":57503}
{"itemId":"B002AQ5EJE","ProductIndex":81519}
{"itemId":"B009SL3WS4","ProductIndex":79467}
{"itemId":"B004W4BPAE","ProductIndex":172036}
{"itemId":"B00009UHBS","ProductIndex":56363}
{"itemId":"B004NNRR74","ProductIndex":148024}
{"itemId":"B0000XMTNI","ProductIndex":123156}
{"itemId":"B000OEERQ0","ProductIndex":139071}
{"itemId":"B00099XT9Q","ProductIndex":117955}
{"itemId":"B00007KQKJ","ProductIndex":170103}
{"itemId":"B00A80CKSC","ProductIndex":173900}
{"itemId":"B001T9N0DA","ProductIndex":35614}
{"itemId":"B0067WJFY2","ProductIndex":46243}
{"itemId":"B005R2J4QM","ProductIndex":75251}
{"itemId":"B000NV6GQS","ProductIndex":85452}
{"itemId":"B0032XFZC0","ProductIndex":51238}
{"itemId":"B004A7Z3FQ","ProductIndex":101395}
{"itemId":"B00006WNKQ","ProductIndex":79277}
{"itemId":"B00006GJT4","ProductIndex":48282}
{"itemId":"B00004TVSD","ProductIndex":116552}
{"itemId":"B005625APM","ProductIndex":146212}
{"itemId":"B004GYQNWK","ProductIndex":131159}
{"itemId":"B006HPR9GU","ProductIndex":185860}
{"itemId":"B0099WSJEY","ProductIndex":65199}
{"itemId":"B0027P9BOC","ProductIndex":86542}
{"itemId":"B0006ADJY8","ProductIndex":72810}
{"itemId":"B000VBASYQ","ProductIndex":29182}
{"itemId":"B0060OR6C0","ProductIndex":90965}
{"itemId":"B001BWPCTU","ProductIndex":88089}
{"itemId":"B00GA2PSGS","ProductIndex":94358}
{"itemId":"B007VZ78Z2","ProductIndex":125140}
{"itemId":"B003NQI1IG","ProductIndex":39822}
{"itemId":"B007L9KVQQ","ProductIndex":57022}
{"itemId":"B004TGWR48","ProductIndex":104273}
{"itemId":"B003VIWIFI","ProductIndex":121157}
{"itemId":"B002ZJBBH0","ProductIndex":192611}
{"itemId":"B005XO4J5K","ProductIndex":50717}
{"itemId":"B007HTHTG0","ProductIndex":62523}
{"itemId":"B0052US0VE","ProductIndex":167824}
{"itemId":"B00A8NIB6Y","ProductIndex":149356}
{"itemId":"B001TK3QV0","ProductIndex":93653}
{"itemId":"B0082MNB72","ProductIndex":148465}
{"itemId":"B0018MHE30","ProductIndex":142689}
{"itemId":"B00H2TDNLK","ProductIndex":76912}
{"itemId":"B009KA1URS","ProductIndex":74886}
{"itemId":"B00569MIU0","ProductIndex":159419}
{"itemId":"B00CITMOZA","ProductIndex":66515}
{"itemId":"B000CSW6CU","ProductIndex":173837}
{"itemId":"B005QC9SWS","ProductIndex":64590}
{"itemId":"B001O3I7OI","ProductIndex":188839}
{"itemId":"B005WJBYCC","ProductIndex":98937}
{"itemId":"B006Q9J438","ProductIndex":204353}
{"itemId":"B00A0EXGCK","ProductIndex":95335}
{"itemId":"B003E47FX4","ProductIndex":80328}
{"itemId":"B0058JRAHY","ProductIndex":202425}
{"itemId":"B00B2B9YJO","ProductIndex":77677}
{"itemId":"B004094RTM","ProductIndex":82946}
{"itemId":"B007P5MENY","ProductIndex":108187}
{"itemId":"B005JJBFJW","ProductIndex":37619}
{"itemId":"B00FN9BJL2","ProductIndex":195772}
{"itemId":"B00F54AMKE","ProductIndex":174675}
{"itemId":"B00FQ1NO9W","ProductIndex":38314}
{"itemId":"B0080K6W7M","ProductIndex":112935}
{"itemId":"B007QY7QN2","ProductIndex":103614}
{"itemId":"B003KX0ZXG","ProductIndex":55848}
{"itemId":"B00CEFRJQW","ProductIndex":89813}
{"itemId":"B000TSOMY8","ProductIndex":202321}
{"itemId":"B00EM29TS6","ProductIndex":69879}
{"itemId":"B008RCDFGY","ProductIndex":103688}
{"itemId":"B007YTA9XI","ProductIndex":47484}
{"itemId":"B001IAADIU","ProductIndex":48215}
{"itemId":"B0069RXK9G","ProductIndex":54354}
{"itemId":"B001S4GLZU","ProductIndex":101893}
{"itemId":"B005QB1YM6","ProductIndex":107361}
{"itemId":"B007OX02PO","ProductIndex":166403}
{"itemId":"B000CHVLQS","ProductIndex":48818}
{"itemId":"B00B27N12Y","ProductIndex":84907}
{"itemId":"B000HCN2QU","ProductIndex":93173}
{"itemId":"B006K1K620","ProductIndex":88504}
{"itemId":"B0061JPX9M","ProductIndex":89788}
{"itemId":"B004J1FRZE","ProductIndex":38156}
{"itemId":"B005KK89VM","ProductIndex":146531}
{"itemId":"B0007LBP5G","ProductIndex":169535}
{"itemId":"B00005NPW3","ProductIndex":124775}
{"itemId":"B00BQHCCQQ","ProductIndex":116124}
{"itemId":"B001MQ4N54","ProductIndex":125066}
{"itemId":"B000BQKGS4","ProductIndex":168139}
{"itemId":"B002614IEK","ProductIndex":140640}
{"itemId":"B00DQVBZFO","ProductIndex":107452}
{"itemId":"B00BLT7WNM","ProductIndex":169060}
{"itemId":"B0007WW6FI","ProductIndex":90508}
{"itemId":"B008XW077S","ProductIndex":130917}
{"itemId":"B002SQKHRK","ProductIndex":141137}
{"itemId":"B009KT79CE","ProductIndex":184322}
{"itemId":"B0039UJNOW","ProductIndex":122490}
{"itemId":"B00141LV8O","ProductIndex":116577}
{"itemId":"B00A29HAMK","ProductIndex":139926}
{"itemId":"B004L0ANRU","ProductIndex":79365}
{"itemId":"B00DR77538","ProductIndex":196931}
{"itemId":"B008C2KQMK","ProductIndex":198290}
{"itemId":"B001GILS1U","ProductIndex":67233}
{"itemId":"B004YUIZE0","ProductIndex":75084}
{"itemId":"B0002QYNJQ","ProductIndex":54658}
{"itemId":"B000JLU2AI","ProductIndex":108493}
{"itemId":"B004EI8O8Y","ProductIndex":132534}
{"itemId":"B005TWE3O8","ProductIndex":75244}
{"itemId":"B001UKVT1I","ProductIndex":118664}
{"itemId":"B00DLZV6Z4","ProductIndex":170327}
{"itemId":"B007OQ5FCQ","ProductIndex":134342}
{"itemId":"B0001YI90S","ProductIndex":99454}
{"itemId":"B007RV6SD8","ProductIndex":96112}
{"itemId":"B00006G2OM","ProductIndex":110185}
{"itemId":"B001AH6RBI","ProductIndex":183815}
{"itemId":"B0002ER3BS","ProductIndex":55670}
{"itemId":"B004W8KE9S","ProductIndex":75138}
{"itemId":"B000NWHWJ2","ProductIndex":124861}
{"itemId":"B001CB3C4W","ProductIndex":160212}
{"itemId":"B0019AMSQO","ProductIndex":84393}
{"itemId":"B003ZB8SVY","ProductIndex":167023}
{"itemId":"B001GOQ91I","ProductIndex":65095}
{"itemId":"B001VNBIXS","ProductIndex":203945}
{"itemId":"B003ED7ZR6","ProductIndex":85147}
{"itemId":"B000K5YAMY","ProductIndex":85432}
{"itemId":"B00DP1S6VG","ProductIndex":129695}
{"itemId":"B0054W8MK4","ProductIndex":148434}
{"itemId":"B007VA8QL2","ProductIndex":91847}
{"itemId":"B005M5U5QW","ProductIndex":63929}
{"itemId":"B0028Z1C70","ProductIndex":180265}
{"itemId":"B009GKIC8M","ProductIndex":79220}
{"itemId":"B000FUJD62","ProductIndex":162778}
{"itemId":"B004TJRS4O","ProductIndex":186592}
{"itemId":"B0008G5GDC","ProductIndex":113458}
{"itemId":"B0043528US","ProductIndex":89578}
{"itemId":"B004XONV1O","ProductIndex":104344}
{"itemId":"B0047Q3ROO","ProductIndex":140195}
{"itemId":"B000001OMV","ProductIndex":106113}
{"itemId":"B002Q0WNWU","ProductIndex":91891}
{"itemId":"B0056JJY84","ProductIndex":55380}
{"itemId":"B005FJ7V6C","ProductIndex":162682}
{"itemId":"B002EP30EW","ProductIndex":119761}
{"itemId":"B009B7U9Q8","ProductIndex":123265}
{"itemId":"B003G3QK4S","ProductIndex":46980}
{"itemId":"B0062KF2P0","ProductIndex":154799}
{"itemId":"B000FITJ04","ProductIndex":72200}
{"itemId":"B004MEXF4S","ProductIndex":120457}
{"itemId":"B003QJ40NA","ProductIndex":146268}
{"itemId":"B002TSICL0","ProductIndex":120851}
{"itemId":"B001AW3MWK","ProductIndex":83089}
{"itemId":"B0006AYZRS","ProductIndex":105745}
{"itemId":"B003X38DY6","ProductIndex":166128}
{"itemId":"B00D9BRFB4","ProductIndex":181023}
{"itemId":"B000V1XS34","ProductIndex":106546}
{"itemId":"B00AAZ7HXS","ProductIndex":134022}
{"itemId":"B003U8CQJW","ProductIndex":160334}
{"itemId":"B007QTAXEQ","ProductIndex":138037}
{"itemId":"B000KDWT24","ProductIndex":108414}
{"itemId":"B008FC8YTE","ProductIndex":123269}
{"itemId":"B000VNMKIQ","ProductIndex":140439}
{"itemId":"B00BSXX2LM","ProductIndex":94800}
{"itemId":"B008N2UK66","ProductIndex":84518}
{"itemId":"B009J1HPUY","ProductIndex":111130}
{"itemId":"B001BAREDO","ProductIndex":76756}
{"itemId":"B007NUOWL8","ProductIndex":94926}
{"itemId":"B00400NGLQ","ProductIndex":96995}
{"itemId":"B00EWRA4J4","ProductIndex":106742}
{"itemId":"B000LIJ5Y8","ProductIndex":113970}
{"itemId":"B00ATE5AOI","ProductIndex":203697}
{"itemId":"B002U2L5OG","ProductIndex":85290}
{"itemId":"B001E0MQB6","ProductIndex":151493}
{"itemId":"B00C5198G4","ProductIndex":164876}
{"itemId":"B0001KKWRK","ProductIndex":133210}
{"itemId":"B001MQ8ADK","ProductIndex":101723}
{"itemId":"B004OBYZZW","ProductIndex":174104}
{"itemId":"B000P6H908","ProductIndex":97403}
{"itemId":"B000GVL34U","ProductIndex":70556}
{"itemId":"B001TE1SJ8","ProductIndex":126095}
{"itemId":"B003P136SY","ProductIndex":107099}
{"itemId":"B001EH8GOA","ProductIndex":23094}
{"itemId":"B005QSHTT6","ProductIndex":74761}
{"itemId":"B001482ENI","ProductIndex":201495}
{"itemId":"B005DPSDOC","ProductIndex":112836}
{"itemId":"B0035RQZSG","ProductIndex":77572}
{"itemId":"B000VUZN3I","ProductIndex":103604}
{"itemId":"B007XTQ9I8","ProductIndex":74789}
{"itemId":"B003V98BB2","ProductIndex":179296}
{"itemId":"B002BK38KG","ProductIndex":90463}
{"itemId":"B0045H6A7Q","ProductIndex":103023}
{"itemId":"B00009V7H2","ProductIndex":117992}
{"itemId":"B00006B80W","ProductIndex":38086}
{"itemId":"B00INV8QRC","ProductIndex":203067}
{"itemId":"B001QXDSQ8","ProductIndex":67333}
{"itemId":"B001O0DR1O","ProductIndex":116405}
{"itemId":"B0009PUVF0","ProductIndex":160803}
{"itemId":"B001C3V5Y4","ProductIndex":195559}
{"itemId":"B00316MYSG","ProductIndex":112337}
{"itemId":"B007IL4W9E","ProductIndex":44558}
{"itemId":"B00342RMO8","ProductIndex":147337}
{"itemId":"B004844NL6","ProductIndex":170313}
{"itemId":"B002B78ZNO","ProductIndex":80050}
{"itemId":"B00CDIE0QW","ProductIndex":104006}
{"itemId":"B000P0M9AE","ProductIndex":143226}
{"itemId":"B00B5OJ6SM","ProductIndex":142977}
{"itemId":"B00005ABCA","ProductIndex":176041}
{"itemId":"B000050NPJ","ProductIndex":208254}
{"itemId":"B00HZT7LCO","ProductIndex":153266}
{"itemId":"B004K4PZL6","ProductIndex":191849}
{"itemId":"B001AMA9T4","ProductIndex":169338}
{"itemId":"B0057UTXVK","ProductIndex":157822}
{"itemId":"B004MMF2VO","ProductIndex":69531}
{"itemId":"B00024EFVO","ProductIndex":174198}
{"itemId":"B0007R6RDA","ProductIndex":126203}
{"itemId":"B0058GXUKI","ProductIndex":133729}
{"itemId":"B002BW4LDM","ProductIndex":132215}
{"itemId":"B001CEI2K8","ProductIndex":148226}
{"itemId":"B004HIKFW4","ProductIndex":166674}
{"itemId":"B00FSB5ZBU","ProductIndex":80492}
{"itemId":"B008YJ73O0","ProductIndex":137663}
{"itemId":"B0002471YM","ProductIndex":101204}
{"itemId":"B004S74TG2","ProductIndex":169124}
{"itemId":"B00811ZN84","ProductIndex":170889}
{"itemId":"B00CPVBX7G","ProductIndex":173008}
{"itemId":"B00BQXT3U8","ProductIndex":171656}
{"itemId":"B0007OCY2Q","ProductIndex":133422}
{"itemId":"B00806LZXM","ProductIndex":111375}
{"itemId":"B002BDU8J2","ProductIndex":149377}
{"itemId":"B0018OPKFW","ProductIndex":72655}
{"itemId":"B004BUT8QW","ProductIndex":160220}
{"itemId":"B0048H5QAK","ProductIndex":115901}
{"itemId":"B0075813XS","ProductIndex":89580}
{"itemId":"B009BI3MCA","ProductIndex":119219}
{"itemId":"B007RSPRG0","ProductIndex":92438}
{"itemId":"B002PAR0HE","ProductIndex":146374}
{"itemId":"B007KO7ZZM","ProductIndex":72863}
{"itemId":"B0000507JH","ProductIndex":107512}
{"itemId":"B0062EXNNY","ProductIndex":156587}
{"itemId":"B00CPYXT02","ProductIndex":127918}
{"itemId":"B00HWML45Y","ProductIndex":82880}
{"itemId":"B0056BSPFA","ProductIndex":166656}
{"itemId":"B000Q37AFE","ProductIndex":124072}
{"itemId":"B001GA0V5W","ProductIndex":77252}
{"itemId":"B008CZ8MWS","ProductIndex":164911}
{"itemId":"B00ARDMZRG","ProductIndex":190611}
{"itemId":"B007KT2IFY","ProductIndex":198982}
{"itemId":"B00H6XDT7K","ProductIndex":104740}
{"itemId":"B005LASBDW","ProductIndex":94524}
{"itemId":"B0038SW1PI","ProductIndex":80083}
{"itemId":"B004QVVGDY","ProductIndex":152473}
{"itemId":"B00AUBFNWY","ProductIndex":203852}
{"itemId":"B002E285UO","ProductIndex":92823}
{"itemId":"B00AMA8MYO","ProductIndex":117709}
{"itemId":"B001D6ZISO","ProductIndex":125365}
{"itemId":"B000JQOYO8","ProductIndex":163538}
{"itemId":"B000I2T5JM","ProductIndex":83444}
{"itemId":"B0001NE53Y","ProductIndex":65544}
{"itemId":"B0017K4CII","ProductIndex":177120}
{"itemId":"B002IAUYUG","ProductIndex":92442}
{"itemId":"B007SXDH98","ProductIndex":125325}
{"itemId":"B001ARXFX6","ProductIndex":189415}
{"itemId":"B002Z1WI6Q","ProductIndex":200915}
{"itemId":"B00HHGTI44","ProductIndex":163877}
{"itemId":"B008D6VN90","ProductIndex":143289}
{"itemId":"B0039YP194","ProductIndex":147535}
{"itemId":"B003ZZ9JQS","ProductIndex":180783}
{"itemId":"B002C581M0","ProductIndex":146946}
{"itemId":"B00HRJRCB2","ProductIndex":190258}
{"itemId":"B0039064VM","ProductIndex":163069}
{"itemId":"B0094NPQ3A","ProductIndex":113626}
{"itemId":"B0024FAPMW","ProductIndex":185914}
{"itemId":"B0036RBMEW","ProductIndex":55183}
{"itemId":"B00G4V0VUI","ProductIndex":175259}
{"itemId":"B00263IOVG","ProductIndex":120731}
{"itemId":"B00005B9AU","ProductIndex":126042}
{"itemId":"B002RL8TN0","ProductIndex":123120}
{"itemId":"B0014WUYNG","ProductIndex":206838}
{"itemId":"B004TEOMH0","ProductIndex":138949}
{"itemId":"B002HKJW0K","ProductIndex":142541}
{"itemId":"B004TNU40U","ProductIndex":41322}
{"itemId":"B00ADIWMG4","ProductIndex":133779}
{"itemId":"B0065M5YAS","ProductIndex":182070}
{"itemId":"B000FA8ZXE","ProductIndex":99899}
{"itemId":"B002L20PA0","ProductIndex":197079}
{"itemId":"B00004WCF0","ProductIndex":92059}
{"itemId":"B00457ABOO","ProductIndex":160613}
{"itemId":"B001F51GZC","ProductIndex":96350}
{"itemId":"B00110ZWTM","ProductIndex":131630}
{"itemId":"B000CBRADW","ProductIndex":157900}
{"itemId":"B00082OJQG","ProductIndex":158752}
{"itemId":"B002QVOMUK","ProductIndex":98287}
{"itemId":"B002UL5VW4","ProductIndex":95703}
{"itemId":"B00641R1PQ","ProductIndex":152158}
{"itemId":"B002PYXT0M","ProductIndex":156723}
{"itemId":"B00AY4S5O0","ProductIndex":177474}
{"itemId":"B006MN7F8E","ProductIndex":103855}
{"itemId":"B00856XB6G","ProductIndex":74432}
{"itemId":"B00301JZIE","ProductIndex":135441}
{"itemId":"B003AM8EN0","ProductIndex":51448}
{"itemId":"B00E0JV52E","ProductIndex":194268}
{"itemId":"B001G15GWE","ProductIndex":155107}
{"itemId":"B00AWU4JUA","ProductIndex":152366}
{"itemId":"B00COXAEPM","ProductIndex":95083}
{"itemId":"B002RX2AZG","ProductIndex":108993}
{"itemId":"B001CDXAJC","ProductIndex":137545}
{"itemId":"B00H8948JU","ProductIndex":190073}
{"itemId":"B001RYHZO2","ProductIndex":139336}
{"itemId":"B00529PTN2","ProductIndex":162312}
{"itemId":"B0010CBMO0","ProductIndex":186089}
{"itemId":"B005NRYJAW","ProductIndex":196753}
{"itemId":"B002TNKK0Q","ProductIndex":108685}
{"itemId":"B000MR1UAA","ProductIndex":185761}
{"itemId":"B000GUSJGQ","ProductIndex":147554}
{"itemId":"B009RIK3LW","ProductIndex":148691}
{"itemId":"B003739DU0","ProductIndex":203791}
{"itemId":"B000PIRVEK","ProductIndex":153305}
{"itemId":"B003SEQBH6","ProductIndex":187343}
{"itemId":"B00D6BJ9KW","ProductIndex":171609}
{"itemId":"B005SF1CRC","ProductIndex":196499}
{"itemId":"B002EDO188","ProductIndex":137935}
{"itemId":"B003RDIDZ6","ProductIndex":169602}
{"itemId":"B00ALRW4Z6","ProductIndex":141285}
{"itemId":"B003KGBD20","ProductIndex":128598}
{"itemId":"B0055UH5PI","ProductIndex":176718}
{"itemId":"B00028ZGGS","ProductIndex":199389}
{"itemId":"B000N2VHU2","ProductIndex":193616}
{"itemId":"B0026IUXB0","ProductIndex":149672}
{"itemId":"B003E2TJOE","ProductIndex":174826}
{"itemId":"B005CFLR9Q","ProductIndex":135460}
{"itemId":"B00188CKXS","ProductIndex":194647}
{"itemId":"B00AKJWJXW","ProductIndex":141578}
{"itemId":"B001SPVUBE","ProductIndex":114764}
{"itemId":"B0094IUXA6","ProductIndex":121488}
{"itemId":"B002RTDPDQ","ProductIndex":185113}
{"itemId":"B0019UF7WG","ProductIndex":199967}
{"itemId":"B000H9FL08","ProductIndex":163149}
{"itemId":"B007XQRF1Q","ProductIndex":176993}
{"itemId":"B001S2PZ6S","ProductIndex":122067}
{"itemId":"B00001O2YP","ProductIndex":207670}
{"itemId":"B0083X8UJ4","ProductIndex":126156}
{"itemId":"B007N9IIRS","ProductIndex":161807}
{"itemId":"B0002J4492","ProductIndex":127587}
{"itemId":"B005TZO27S","ProductIndex":152779}
{"itemId":"B0087UBRVG","ProductIndex":153110}
{"itemId":"B004CT8NCM","ProductIndex":201312}
{"itemId":"B0043TTF46","ProductIndex":200840}
{"itemId":"B000NPCI7K","ProductIndex":147559}
{"itemId":"B001GZ9E1O","ProductIndex":113059}
{"itemId":"B00DWC241G","ProductIndex":195471}
{"itemId":"B0081S4UY0","ProductIndex":163419}
{"itemId":"B000NLHLIK","ProductIndex":162855}
{"itemId":"B00AJ48XBA","ProductIndex":189305}
{"itemId":"B00BSUJK84","ProductIndex":180170}
{"itemId":"B004XDAU82","ProductIndex":188739}
{"itemId":"B007HJIBSK","ProductIndex":147759}
{"itemId":"B00E5XT4N2","ProductIndex":191681}
{"itemId":"B005AJ66OA","ProductIndex":169944}
{"itemId":"B0000789GI","ProductIndex":104695}
{"itemId":"B000MXUCMQ","ProductIndex":153112}
{"itemId":"B006QP0I6O","ProductIndex":200347}
{"itemId":"B008B1HT7C","ProductIndex":168678}
{"itemId":"B000666C00","ProductIndex":167641}
{"itemId":"B0093TF3JC","ProductIndex":174346}
{"itemId":"B000E9VO48","ProductIndex":202218}
{"itemId":"B00FPUT6BE","ProductIndex":163234}
{"itemId":"B000M4YAJQ","ProductIndex":174546}
{"itemId":"B005UQP6LC","ProductIndex":121561}
{"itemId":"B00GDCQ36Y","ProductIndex":148146}
{"itemId":"B000XZ796K","ProductIndex":161337}
{"itemId":"B00008X06A","ProductIndex":207323}
{"itemId":"B00008X3RU","ProductIndex":192856}
{"itemId":"B003EEMIHC","ProductIndex":186930}
{"itemId":"B001N87WY0","ProductIndex":145360}
{"itemId":"B005YBGS0Q","ProductIndex":194283}
{"itemId":"B00117Q1MC","ProductIndex":190346}
{"itemId":"B0035YF742","ProductIndex":169984}
{"itemId":"B009PIORQG","ProductIndex":127534}
{"itemId":"B00001O30A","ProductIndex":195095}
{"itemId":"B00DDMVDU8","ProductIndex":199822}
{"itemId":"B00A7KZS4Q","ProductIndex":170720}
{"itemId":"B0009DVD86","ProductIndex":151733}
{"itemId":"B00EK1E2RM","ProductIndex":112038}
{"itemId":"B000JIJSUG","ProductIndex":147544}
{"itemId":"B004OVE2HI","ProductIndex":84689}
{"itemId":"B006UJSAUW","ProductIndex":163698}
{"itemId":"B008GW08A6","ProductIndex":204484}
{"itemId":"B00009UHJ2","ProductIndex":146544}
{"itemId":"B0000523NS","ProductIndex":163165}
{"itemId":"B001B01624","ProductIndex":149885}
{"itemId":"B003V35YJK","ProductIndex":121806}
{"itemId":"B00GFV3N66","ProductIndex":206378}
{"itemId":"B003XUEHNU","ProductIndex":142384}
{"itemId":"B003D8CDS8","ProductIndex":199787}
{"itemId":"B0078PUP3C","ProductIndex":113683}
{"itemId":"B002ONU97K","ProductIndex":166608}
{"itemId":"B003RBZYQY","ProductIndex":105863}
{"itemId":"B00DF9YVTE","ProductIndex":208101}
{"itemId":"B00INB388E","ProductIndex":185621}
{"itemId":"B000GT9MV8","ProductIndex":165658}
{"itemId":"B005JZCRG6","ProductIndex":153328}
{"itemId":"B00633PWEM","ProductIndex":192588}
{"itemId":"B004NNQD60","ProductIndex":139213}
{"itemId":"B002GYGAZW","ProductIndex":141926}
{"itemId":"B002SW9PU4","ProductIndex":195929}
{"itemId":"B00BETZO5M","ProductIndex":148826}
{"itemId":"B00FG1K616","ProductIndex":192244}
{"itemId":"B004YKXHNE","ProductIndex":204427}
{"itemId":"B002DVTGJ0","ProductIndex":146083}
{"itemId":"B007F7VPIM","ProductIndex":174736}
{"itemId":"B004EE12E6","ProductIndex":148965}
{"itemId":"B004LHV2X2","ProductIndex":159730}
{"itemId":"B007K4UPWM","ProductIndex":153873}
{"itemId":"B003E2TM32","ProductIndex":204949}
{"itemId":"B0096693HU","ProductIndex":192197}
{"itemId":"B000IASWZC","ProductIndex":205997}
{"itemId":"B00207UG5U","ProductIndex":125599}
{"itemId":"B00DSK3FR4","ProductIndex":204503}
{"itemId":"B005989LE4","ProductIndex":169360}
{"itemId":"B004YD6LW0","ProductIndex":82384}
{"itemId":"B004EMHJXG","ProductIndex":183046}
{"itemId":"B0039ZSVBS","ProductIndex":207099}
{"itemId":"B000058ALT","ProductIndex":171938}
{"itemId":"B000X3PCX4","ProductIndex":154643}
{"itemId":"B00CB2DJAI","ProductIndex":162036}
{"itemId":"B003X2XZOK","ProductIndex":119341}
{"itemId":"B003X3C798","ProductIndex":150070}
{"itemId":"B003GDO57M","ProductIndex":159204}
{"itemId":"B000JJH3JS","ProductIndex":171314}
{"itemId":"B001KURSEU","ProductIndex":182271}
{"itemId":"B00DO36IP6","ProductIndex":197469}
{"itemId":"B00EEL3YN6","ProductIndex":186422}
{"itemId":"B00471ICFS","ProductIndex":186065}
{"itemId":"B00525BIKO","ProductIndex":176338}
{"itemId":"B0007XCT0O","ProductIndex":168083}
{"itemId":"B0000512CS","ProductIndex":189072}
{"itemId":"B003L7BE22","ProductIndex":195331}
{"itemId":"B00KLE0E88","ProductIndex":199957}
{"itemId":"B006P96784","ProductIndex":155843}
{"itemId":"B009ZO3SZG","ProductIndex":151024}
{"itemId":"B000023VUK","ProductIndex":173478}
{"itemId":"B006Z9XM78","ProductIndex":197405}
{"itemId":"B00001YVI8","ProductIndex":197758}
{"itemId":"B005VQASKU","ProductIndex":192762}
{"itemId":"B003U6FJS4","ProductIndex":204241}
{"itemId":"B0044YEGB2","ProductIndex":203245}
{"itemId":"B005BYU3LG","ProductIndex":180172}
{"itemId":"B00CGC88GI","ProductIndex":189965}
{"itemId":"B009Z2058G","ProductIndex":175824}
{"itemId":"B00430ERDO","ProductIndex":185344}
{"itemId":"B002C7RRQY","ProductIndex":204065}
{"itemId":"B005C189QY","ProductIndex":202710}
{"itemId":"B0002GYM7O","ProductIndex":201093}
{"itemId":"B0095S4FRM","ProductIndex":198921}
{"itemId":"B006OIQGOQ","ProductIndex":207357}
{"itemId":"B004NHYTQM","ProductIndex":207924}
{"itemId":"B0093T3IY4","ProductIndex":201918}
{"itemId":"B00337UBWY","ProductIndex":206078}
{"itemId":"B006AWYRZG","ProductIndex":187739}
{"itemId":"B004R9PCNK","ProductIndex":154152}
{"itemId":"B00744QSDI","ProductIndex":178786}
{"itemId":"B0001Q2BXC","ProductIndex":200591}
{"itemId":"B00CYNOMH8","ProductIndex":203497}
{"itemId":"B00F5T8WAG","ProductIndex":201988}
{"itemId":"B003LL1UJ0","ProductIndex":191911}
{"itemId":"B000B5N6SM","ProductIndex":180436}
{"itemId":"B003DLRIKI","ProductIndex":194230}
{"itemId":"B003OSLUAO","ProductIndex":194982}
