{"itemId":"B006K120UG","ProductIndex":10176}
{"itemId":"B001UN89WM","ProductIndex":91518}
{"itemId":"B0009X3JBU","ProductIndex":13563}
{"itemId":"B007G92ESE","ProductIndex":7316}
{"itemId":"B00133IY1A","ProductIndex":51386}
{"itemId":"B006JH8T3S","ProductIndex":229}
{"itemId":"B0000A2UAP","ProductIndex":181603}
{"itemId":"B00000JB8R","ProductIndex":180230}
{"itemId":"B004I4YOUG","ProductIndex":4820}
{"itemId":"B006DNT57M","ProductIndex":180190}
{"itemId":"B004TM1JBE","ProductIndex":1994}
{"itemId":"B000F7VKL6","ProductIndex":6004}
{"itemId":"B00AZMLIWW","ProductIndex":20889}
{"itemId":"B007RKTZAW","ProductIndex":71989}
{"itemId":"B009IBXEDW","ProductIndex":28127}
{"itemId":"B000063KEB","ProductIndex":161725}
{"itemId":"B009P4NH3E","ProductIndex":203455}
{"itemId":"B00AM4A87O","ProductIndex":30741}
{"itemId":"B004G26K0W","ProductIndex":208224}
{"itemId":"B0081YSJWS","ProductIndex":49662}
{"itemId":"B000FW60FW","ProductIndex":3257}
{"itemId":"B002RMPHMU","ProductIndex":2213}
{"itemId":"B003NG26VY","ProductIndex":25098}
{"itemId":"B0032Z4OMA","ProductIndex":18256}
{"itemId":"B000IDUP3G","ProductIndex":15363}
{"itemId":"B00ANDSL96","ProductIndex":12772}
{"itemId":"B00GMELB74","ProductIndex":177932}
{"itemId":"B004YADU4A","ProductIndex":2980}
{"itemId":"B000V3H0OA","ProductIndex":28424}
{"itemId":"B001OV7MIC","ProductIndex":42163}
{"itemId":"B004JKBVAA","ProductIndex":56505}
{"itemId":"B009F7TXMK","ProductIndex":11610}
{"itemId":"B003DZ122E","ProductIndex":15081}
{"itemId":"B00CDKPYEM","ProductIndex":73716}
{"itemId":"B0017JHU10","ProductIndex":11591}
{"itemId":"B0019M6GP6","ProductIndex":913}
{"itemId":"B003Y322RO","ProductIndex":5448}
{"itemId":"B001262W9S","ProductIndex":67088}
{"itemId":"B000068O16","ProductIndex":2746}
{"itemId":"B00AXY9CF2","ProductIndex":8725}
{"itemId":"B003W22MOU","ProductIndex":6325}
{"itemId":"B005E8MVRI","ProductIndex":64752}
{"itemId":"B004EDMSO0","ProductIndex":16086}
{"itemId":"B003LXRQD2","ProductIndex":103580}
{"itemId":"B00DY2Y28M","ProductIndex":3896}
{"itemId":"B00005NDUP","ProductIndex":78321}
{"itemId":"B002BDU95A","ProductIndex":5191}
{"itemId":"B004L6MH96","ProductIndex":43410}
{"itemId":"B00303G9F4","ProductIndex":5001}
{"itemId":"B00428N9M2","ProductIndex":16099}
{"itemId":"B0089ME3CC","ProductIndex":4150}
{"itemId":"B0009YIJ2I","ProductIndex":39234}
{"itemId":"B00CFS2R8I","ProductIndex":82211}
{"itemId":"B00BC2CERC","ProductIndex":54919}
{"itemId":"B000652LTW","ProductIndex":105683}
{"itemId":"B006598LRO","ProductIndex":5915}
{"itemId":"B00EP7B8KA","ProductIndex":55163}
{"itemId":"B003VSCCXG","ProductIndex":75114}
{"itemId":"B002WYA4F8","ProductIndex":34084}
{"itemId":"B000M5U9GI","ProductIndex":4539}
{"itemId":"B001W8AHW0","ProductIndex":31703}
{"itemId":"B000PHOK04","ProductIndex":33908}
{"itemId":"B0083B6HEQ","ProductIndex":5624}
{"itemId":"B002J9HBSE","ProductIndex":2354}
{"itemId":"B000VRIK54","ProductIndex":28808}
{"itemId":"B003CQ9Y56","ProductIndex":175525}
{"itemId":"B00A3WRM5G","ProductIndex":18901}
{"itemId":"B003Y35N48","ProductIndex":37088}
{"itemId":"B005DCOQ8W","ProductIndex":12551}
{"itemId":"B004R0RQ8S","ProductIndex":908}
{"itemId":"B00EOMU2QW","ProductIndex":135900}
{"itemId":"B004BLIQEG","ProductIndex":11790}
{"itemId":"B009MA2KNY","ProductIndex":51916}
{"itemId":"B00L7OYASQ","ProductIndex":163494}
{"itemId":"B008HSO41I","ProductIndex":11727}
{"itemId":"B001CCLBSA","ProductIndex":4326}
{"itemId":"B0018144R0","ProductIndex":72090}
{"itemId":"B00006JPNR","ProductIndex":76179}
{"itemId":"B00008ZPJP","ProductIndex":32338}
{"itemId":"B00006JQLS","ProductIndex":76524}
{"itemId":"B002E7L7UO","ProductIndex":12039}
{"itemId":"B00AY60OAG","ProductIndex":72496}
{"itemId":"B0041PMD0A","ProductIndex":7015}
{"itemId":"B00179FSGE","ProductIndex":55690}
{"itemId":"B00CFS68M4","ProductIndex":19880}
{"itemId":"B0084KW4OI","ProductIndex":51897}
{"itemId":"B000GU781I","ProductIndex":40548}
{"itemId":"B00009R7H7","ProductIndex":105828}
{"itemId":"B003N65X28","ProductIndex":27062}
{"itemId":"B000H9054A","ProductIndex":20123}
{"itemId":"B000IEQTVW","ProductIndex":115012}
{"itemId":"B007XJIYRC","ProductIndex":32464}
{"itemId":"B00093040Y","ProductIndex":40193}
{"itemId":"B00CY2JIVY","ProductIndex":32817}
{"itemId":"B007525SLM","ProductIndex":14777}
{"itemId":"B0000DJEK7","ProductIndex":8634}
{"itemId":"B0002TQQUW","ProductIndex":15231}
{"itemId":"B0044Y5UO4","ProductIndex":12855}
{"itemId":"B003AK2ICK","ProductIndex":165298}
{"itemId":"B00ATEDHXE","ProductIndex":16684}
{"itemId":"B003M4JXN6","ProductIndex":30090}
{"itemId":"B003BWHLMO","ProductIndex":12553}
{"itemId":"B00CPZJDZG","ProductIndex":115837}
{"itemId":"B00884SJKS","ProductIndex":43485}
{"itemId":"B0081OJSMI","ProductIndex":43962}
{"itemId":"B0036SH8TE","ProductIndex":113573}
{"itemId":"B0093EMPX4","ProductIndex":54464}
{"itemId":"B005F6O61S","ProductIndex":130553}
{"itemId":"B007SP4KV0","ProductIndex":75335}
{"itemId":"B000TM5CY8","ProductIndex":42082}
{"itemId":"B003WOLOLU","ProductIndex":4604}
{"itemId":"B002AC0KVU","ProductIndex":42205}
{"itemId":"B003OX3OYY","ProductIndex":57979}
{"itemId":"B00BXF7JCI","ProductIndex":47933}
{"itemId":"B005Q79SYG","ProductIndex":27557}
{"itemId":"B000W3JHJK","ProductIndex":29991}
{"itemId":"B005NX7HY6","ProductIndex":6959}
{"itemId":"B001GI9EE8","ProductIndex":57814}
{"itemId":"B0095TCMVC","ProductIndex":110969}
{"itemId":"B002GR1YZ0","ProductIndex":5829}
{"itemId":"B000FGI970","ProductIndex":7657}
{"itemId":"B00BJ8NQLM","ProductIndex":106972}
{"itemId":"B000PVFOF0","ProductIndex":165347}
{"itemId":"B00CKPADS2","ProductIndex":37404}
{"itemId":"B007UN2RJ2","ProductIndex":23463}
{"itemId":"B000F8PYJE","ProductIndex":66844}
{"itemId":"B00DM5F1EA","ProductIndex":159554}
{"itemId":"B003LLEG00","ProductIndex":1717}
{"itemId":"B001PN3QCU","ProductIndex":43982}
{"itemId":"B00464MVC6","ProductIndex":173721}
{"itemId":"B0099VX46S","ProductIndex":44560}
{"itemId":"B005T3GPXO","ProductIndex":4047}
{"itemId":"B002A65U98","ProductIndex":38144}
{"itemId":"B007POCJ80","ProductIndex":94070}
{"itemId":"B009LTPPMO","ProductIndex":150113}
{"itemId":"B007BGTMFU","ProductIndex":42073}
{"itemId":"B0087S9CJ2","ProductIndex":25121}
{"itemId":"B009WSVRL2","ProductIndex":58620}
{"itemId":"B001JQ9JA6","ProductIndex":152365}
{"itemId":"B004CYEQB4","ProductIndex":29157}
{"itemId":"B0096YORV4","ProductIndex":5689}
{"itemId":"B00GBO3YK2","ProductIndex":30537}
{"itemId":"B007Y4NWQE","ProductIndex":8868}
{"itemId":"B0016Q50ZM","ProductIndex":106170}
{"itemId":"B002OSSG8Y","ProductIndex":164571}
{"itemId":"B004LYMXFG","ProductIndex":118075}
{"itemId":"B00HU76YAQ","ProductIndex":179548}
{"itemId":"B002ORDWES","ProductIndex":50037}
{"itemId":"B0048HGV36","ProductIndex":31562}
{"itemId":"B007TEE966","ProductIndex":6502}
{"itemId":"B0040723AO","ProductIndex":7003}
{"itemId":"B000VUIXOE","ProductIndex":59482}
{"itemId":"B000SA0ISQ","ProductIndex":191118}
{"itemId":"B000K20JRC","ProductIndex":41758}
{"itemId":"B002M78L6E","ProductIndex":18871}
{"itemId":"B007SU0LBS","ProductIndex":17704}
{"itemId":"B00IT9F4KK","ProductIndex":88782}
{"itemId":"B00009UHXR","ProductIndex":4955}
{"itemId":"B007UMJ0KC","ProductIndex":164546}
{"itemId":"B000P9CWRK","ProductIndex":46502}
{"itemId":"B00EV8CAQE","ProductIndex":136367}
{"itemId":"B005K9GWZS","ProductIndex":55896}
{"itemId":"B004EN55WW","ProductIndex":40104}
{"itemId":"B0007L8ANQ","ProductIndex":35386}
{"itemId":"B005681P3W","ProductIndex":114359}
{"itemId":"B00D7BYMB2","ProductIndex":38608}
{"itemId":"B000PGFQ62","ProductIndex":26276}
{"itemId":"B00B8O6IIK","ProductIndex":25179}
{"itemId":"B00BI9X1OO","ProductIndex":41037}
{"itemId":"B00018U7J0","ProductIndex":55446}
{"itemId":"B002V1HYMS","ProductIndex":42944}
{"itemId":"B002OQ1J12","ProductIndex":41334}
{"itemId":"B0012WXFO8","ProductIndex":4359}
{"itemId":"B007BD0H1G","ProductIndex":40177}
{"itemId":"B0029U0XF6","ProductIndex":15766}
{"itemId":"B005V0FWAW","ProductIndex":145316}
{"itemId":"B00558BXS0","ProductIndex":81196}
{"itemId":"B001OIMJQ0","ProductIndex":18323}
{"itemId":"B006WWN016","ProductIndex":33992}
{"itemId":"B0042LHDQ2","ProductIndex":139353}
{"itemId":"B00008US79","ProductIndex":63150}
{"itemId":"B00011KHTW","ProductIndex":26217}
{"itemId":"B002KEHNQ8","ProductIndex":163633}
{"itemId":"B00006G33M","ProductIndex":94578}
{"itemId":"B006PAAMA2","ProductIndex":24192}
{"itemId":"B000ZOR6HQ","ProductIndex":42961}
{"itemId":"B005648AY8","ProductIndex":20918}
{"itemId":"B00486TLQ6","ProductIndex":25336}
{"itemId":"B0000YVEHE","ProductIndex":69794}
{"itemId":"B004YL2KBS","ProductIndex":21365}
{"itemId":"B005YR0CVG","ProductIndex":126229}
{"itemId":"B00FKD6YGQ","ProductIndex":193118}
{"itemId":"B001721MOS","ProductIndex":80948}
{"itemId":"B00CR6SDBS","ProductIndex":54892}
{"itemId":"B0034XRDUK","ProductIndex":46913}
{"itemId":"B003UL37NS","ProductIndex":47123}
{"itemId":"B00BM0K8VS","ProductIndex":53252}
{"itemId":"B001OI2Z2I","ProductIndex":5477}
{"itemId":"B000H7KGS2","ProductIndex":45004}
{"itemId":"B002AULMFA","ProductIndex":19000}
{"itemId":"B00D3012QK","ProductIndex":57509}
{"itemId":"B003BVAD4I","ProductIndex":81477}
{"itemId":"B001L33MV4","ProductIndex":66155}
{"itemId":"B006AYQ3UG","ProductIndex":202730}
{"itemId":"B0032Z8KH0","ProductIndex":13972}
{"itemId":"B0060QHLPU","ProductIndex":54003}
{"itemId":"B008J4N0BK","ProductIndex":59947}
{"itemId":"B0070U8KSM","ProductIndex":39101}
{"itemId":"B004HFSRF4","ProductIndex":28305}
{"itemId":"B00C1T91OE","ProductIndex":157599}
{"itemId":"B001DFX6RU","ProductIndex":68287}
{"itemId":"B00H7HIYUM","ProductIndex":79903}
{"itemId":"B0038JECKO","ProductIndex":66222}
{"itemId":"B000QJ1TAU","ProductIndex":34193}
{"itemId":"B001ASDI1Y","ProductIndex":61018}
{"itemId":"B001C1U1SC","ProductIndex":139007}
{"itemId":"B005RUPU6W","ProductIndex":73528}
{"itemId":"B00B8F4CK0","ProductIndex":15029}
{"itemId":"B0056RCQJK","ProductIndex":44585}
{"itemId":"B002ZW8314","ProductIndex":69342}
{"itemId":"B000087BHV","ProductIndex":40792}
{"itemId":"B008FRCMX8","ProductIndex":38626}
{"itemId":"B00EZD58E6","ProductIndex":121905}
{"itemId":"B000N5YF9Y","ProductIndex":15036}
{"itemId":"B007C7ZUD6","ProductIndex":24370}
{"itemId":"B00BVOE1MM","ProductIndex":49571}
{"itemId":"B001Q6UU7K","ProductIndex":85151}
{"itemId":"B008MM3I5C","ProductIndex":49104}
{"itemId":"B00DG65R7Q","ProductIndex":78290}
{"itemId":"B003GSLDTA","ProductIndex":40896}
{"itemId":"B00C1XPZUO","ProductIndex":159194}
{"itemId":"B0047ZGFYY","ProductIndex":66559}
{"itemId":"B004WQQN8Q","ProductIndex":71871}
{"itemId":"B009R4LQSA","ProductIndex":100153}
{"itemId":"B0007P11M4","ProductIndex":11957}
{"itemId":"B0031ET9KO","ProductIndex":41733}
{"itemId":"B001GG04BC","ProductIndex":190600}
{"itemId":"B005CUC8BW","ProductIndex":65830}
{"itemId":"B0050I1NNA","ProductIndex":105284}
{"itemId":"B000PGXC4A","ProductIndex":159699}
{"itemId":"B00004SSQU","ProductIndex":142912}
{"itemId":"B005KKCP26","ProductIndex":81241}
{"itemId":"B004NNVHUC","ProductIndex":17934}
{"itemId":"B00889OCCW","ProductIndex":121728}
{"itemId":"B002MPC9DC","ProductIndex":165717}
{"itemId":"B003U490X6","ProductIndex":101940}
{"itemId":"B0034ZZ5W6","ProductIndex":52093}
{"itemId":"B0028XD0EU","ProductIndex":26154}
{"itemId":"B003O98UWE","ProductIndex":19967}
{"itemId":"B00467KQ84","ProductIndex":62984}
{"itemId":"B008V0H284","ProductIndex":8755}
{"itemId":"B000F1UFZ4","ProductIndex":69477}
{"itemId":"B00FC2R7ZC","ProductIndex":25438}
{"itemId":"B000XB4412","ProductIndex":37593}
{"itemId":"B004H1VSRW","ProductIndex":41328}
{"itemId":"B002DU645K","ProductIndex":77358}
{"itemId":"B001H2VBD0","ProductIndex":23461}
{"itemId":"B00005T3VH","ProductIndex":139795}
{"itemId":"B0015V5KBW","ProductIndex":62752}
{"itemId":"B00829XNKA","ProductIndex":52546}
{"itemId":"B009ZT3Z86","ProductIndex":113302}
{"itemId":"B00BXQTB6O","ProductIndex":89585}
{"itemId":"B0059O99HW","ProductIndex":21590}
{"itemId":"B00E0GZC8K","ProductIndex":131074}
{"itemId":"B001DUOWBO","ProductIndex":42595}
{"itemId":"B000PO045W","ProductIndex":37076}
{"itemId":"B0040I7J6G","ProductIndex":39048}
{"itemId":"B0001GO15S","ProductIndex":164195}
{"itemId":"B003VKXHKG","ProductIndex":32101}
{"itemId":"B006K926MK","ProductIndex":159750}
{"itemId":"B00AOH7AUW","ProductIndex":141318}
{"itemId":"B0078T11QS","ProductIndex":66579}
{"itemId":"B00140KRLC","ProductIndex":205169}
{"itemId":"B00CHKF1TQ","ProductIndex":37790}
{"itemId":"B00CSMAWH4","ProductIndex":26894}
{"itemId":"B003V8LT80","ProductIndex":67145}
{"itemId":"B000BYEW8Q","ProductIndex":114652}
{"itemId":"B0036ML6BG","ProductIndex":191880}
{"itemId":"B001128ENQ","ProductIndex":49703}
{"itemId":"B00005110L","ProductIndex":46955}
{"itemId":"B007ZSYC72","ProductIndex":57953}
{"itemId":"B000ES9J00","ProductIndex":59106}
{"itemId":"B004FLR38W","ProductIndex":199546}
{"itemId":"B000GTSG2Y","ProductIndex":204277}
{"itemId":"B00GIUWJ9Q","ProductIndex":52977}
{"itemId":"B003EYVOYU","ProductIndex":58420}
{"itemId":"B004MCLCE0","ProductIndex":122442}
{"itemId":"B0002KH218","ProductIndex":205350}
{"itemId":"B000NJSRXU","ProductIndex":44177}
{"itemId":"B006SF6ALY","ProductIndex":164644}
{"itemId":"B00HSP6ABI","ProductIndex":144941}
{"itemId":"B000JLK5NW","ProductIndex":13315}
{"itemId":"B005MQ3M52","ProductIndex":93414}
{"itemId":"B0044LXAM6","ProductIndex":34189}
{"itemId":"B004SH5UKQ","ProductIndex":143580}
{"itemId":"B00006OM4L","ProductIndex":102631}
{"itemId":"B000MPPABW","ProductIndex":115944}
{"itemId":"B005GRFGCO","ProductIndex":32517}
{"itemId":"B004GV7JIA","ProductIndex":12403}
{"itemId":"B00000JBB8","ProductIndex":135094}
{"itemId":"B006FS0F92","ProductIndex":57663}
{"itemId":"B007VSDW7W","ProductIndex":171279}
{"itemId":"B004PYD88S","ProductIndex":36441}
{"itemId":"B00INX9BME","ProductIndex":193749}
{"itemId":"B000AMRG2S","ProductIndex":164532}
{"itemId":"B001DDDAI2","ProductIndex":53098}
{"itemId":"B007BPE4O0","ProductIndex":31935}
{"itemId":"B001BTG3BE","ProductIndex":40307}
{"itemId":"B00GD1855M","ProductIndex":124713}
{"itemId":"B007QWI9YO","ProductIndex":64775}
{"itemId":"B000FTHARC","ProductIndex":87842}
{"itemId":"B000052WME","ProductIndex":119423}
{"itemId":"B009G7W20O","ProductIndex":104235}
{"itemId":"B000VBMNVM","ProductIndex":52417}
{"itemId":"B004V15YY6","ProductIndex":170079}
{"itemId":"B00369V2E0","ProductIndex":54916}
{"itemId":"B00856XDWI","ProductIndex":14513}
{"itemId":"B000093UDR","ProductIndex":98250}
{"itemId":"B0035JKJIQ","ProductIndex":55422}
{"itemId":"B002AQ0Q24","ProductIndex":47538}
{"itemId":"B000Q69P40","ProductIndex":33851}
{"itemId":"B00B7DVWJM","ProductIndex":76255}
{"itemId":"B0016HRCS4","ProductIndex":24278}
{"itemId":"B0009XHGGY","ProductIndex":74222}
{"itemId":"B005HEDAAQ","ProductIndex":22151}
{"itemId":"B004FL70BM","ProductIndex":91383}
{"itemId":"B0032F63TW","ProductIndex":103430}
{"itemId":"B0049O8TXS","ProductIndex":12418}
{"itemId":"B005HT0N3I","ProductIndex":173456}
{"itemId":"B008RV77NC","ProductIndex":164957}
{"itemId":"B000OLSFCU","ProductIndex":108890}
{"itemId":"B00269NNZW","ProductIndex":70002}
{"itemId":"B00B9FWKS0","ProductIndex":56835}
{"itemId":"B00EZXLCL4","ProductIndex":159052}
{"itemId":"B00029YNOS","ProductIndex":77935}
{"itemId":"B00F5EJZW0","ProductIndex":64374}
{"itemId":"B00198OS3C","ProductIndex":132265}
{"itemId":"B000VMXL12","ProductIndex":46667}
{"itemId":"B00378KMFU","ProductIndex":53805}
{"itemId":"B003AJ7ODY","ProductIndex":33877}
{"itemId":"B009OZVIS0","ProductIndex":15454}
{"itemId":"B002P9JTW4","ProductIndex":102108}
{"itemId":"B00006I5V3","ProductIndex":55096}
{"itemId":"B005P1QDAA","ProductIndex":85809}
{"itemId":"B0017HQN6A","ProductIndex":20933}
{"itemId":"B000JRPCHK","ProductIndex":28341}
{"itemId":"B00E0G69DC","ProductIndex":57046}
{"itemId":"B003B1XR28","ProductIndex":29015}
{"itemId":"B0099PM5GE","ProductIndex":35136}
{"itemId":"B002KDYT2A","ProductIndex":153423}
{"itemId":"B002VRFKN2","ProductIndex":48469}
{"itemId":"B00008PVXB","ProductIndex":35939}
{"itemId":"B00C8OT7FK","ProductIndex":8872}
{"itemId":"B003O54VEY","ProductIndex":97205}
{"itemId":"B00113NQAQ","ProductIndex":90530}
{"itemId":"B00178R6N8","ProductIndex":117565}
{"itemId":"B005ER3SDA","ProductIndex":61221}
{"itemId":"B00178LGNY","ProductIndex":115825}
{"itemId":"B00BUHTPFI","ProductIndex":92767}
{"itemId":"B005EEGBNW","ProductIndex":60760}
{"itemId":"B00CAMEQXS","ProductIndex":94256}
{"itemId":"B0030OC49S","ProductIndex":54051}
{"itemId":"B0006NAS7G","ProductIndex":83230}
{"itemId":"B006GSTK24","ProductIndex":130925}
{"itemId":"B0084OAQJY","ProductIndex":53746}
{"itemId":"B000A6TNKC","ProductIndex":24310}
{"itemId":"B001EZQ8YC","ProductIndex":16945}
{"itemId":"B0007OWN36","ProductIndex":127166}
{"itemId":"B0014B8GR8","ProductIndex":52638}
{"itemId":"B0082PT89E","ProductIndex":33459}
{"itemId":"B001DYPPTI","ProductIndex":34469}
{"itemId":"B00I8ZZLNK","ProductIndex":42127}
{"itemId":"B0002V3266","ProductIndex":100828}
{"itemId":"B003551SNA","ProductIndex":206779}
{"itemId":"B008O2HWAM","ProductIndex":74535}
{"itemId":"B000W454KK","ProductIndex":56368}
{"itemId":"B004E121O4","ProductIndex":89340}
{"itemId":"B00HMNJI3I","ProductIndex":61008}
{"itemId":"B0000512GH","ProductIndex":26991}
{"itemId":"B004J5IX9M","ProductIndex":88138}
{"itemId":"B0001ILXGQ","ProductIndex":20640}
{"itemId":"B004G51HCK","ProductIndex":172326}
{"itemId":"B00005K4NU","ProductIndex":82853}
{"itemId":"B0067Y5486","ProductIndex":59131}
{"itemId":"B000VSWT28","ProductIndex":73364}
{"itemId":"B00001OPI8","ProductIndex":166983}
{"itemId":"B005B0AL5S","ProductIndex":50876}
{"itemId":"B00A4NPF1C","ProductIndex":151084}
{"itemId":"B0046XARLE","ProductIndex":80861}
{"itemId":"B004QMC1GE","ProductIndex":108215}
{"itemId":"B005NH9L64","ProductIndex":112739}
{"itemId":"B000059L44","ProductIndex":152081}
{"itemId":"B00ATFFHEA","ProductIndex":18406}
{"itemId":"B000PH9V2G","ProductIndex":83129}
{"itemId":"B00GBJVL20","ProductIndex":135909}
{"itemId":"B0045YP7L4","ProductIndex":67925}
{"itemId":"B008S4PH3U","ProductIndex":133417}
{"itemId":"B003QIHHY0","ProductIndex":130995}
{"itemId":"B00063Y95I","ProductIndex":55985}
{"itemId":"B007QWH0QW","ProductIndex":15347}
{"itemId":"B009FYI1VW","ProductIndex":52002}
{"itemId":"B004YKA07U","ProductIndex":106953}
{"itemId":"B00AXXEL5Y","ProductIndex":91806}
{"itemId":"B002UQQDLW","ProductIndex":92048}
{"itemId":"B0007GBALA","ProductIndex":42866}
{"itemId":"B004YAOE3Q","ProductIndex":89206}
{"itemId":"B00395LQ3S","ProductIndex":28068}
{"itemId":"B00G9WU7SI","ProductIndex":98877}
{"itemId":"B005TA71QM","ProductIndex":126804}
{"itemId":"B000QY3GHO","ProductIndex":27039}
{"itemId":"B003E2PXCQ","ProductIndex":110672}
{"itemId":"B003S766DW","ProductIndex":27564}
{"itemId":"B0002IASD4","ProductIndex":72601}
{"itemId":"B004YW7W10","ProductIndex":51576}
{"itemId":"B004IP8FD2","ProductIndex":79416}
{"itemId":"B003Y5UX8W","ProductIndex":67425}
{"itemId":"B001FYGNGK","ProductIndex":52763}
{"itemId":"B006GCY9T4","ProductIndex":53117}
{"itemId":"B0019U680G","ProductIndex":24414}
{"itemId":"B0001G6UCA","ProductIndex":39052}
{"itemId":"B004R6GELC","ProductIndex":26819}
{"itemId":"B0096693FW","ProductIndex":187298}
{"itemId":"B000HWXGOS","ProductIndex":24771}
{"itemId":"B000MKMWW2","ProductIndex":86621}
{"itemId":"B004X56K8E","ProductIndex":61285}
{"itemId":"B000BYQDM4","ProductIndex":121356}
{"itemId":"B0078ZZ5PA","ProductIndex":47619}
{"itemId":"B0006JI3CC","ProductIndex":38362}
{"itemId":"B0089PIPBY","ProductIndex":72955}
{"itemId":"B00BU7RWR6","ProductIndex":95573}
{"itemId":"B003ZUXWSE","ProductIndex":87676}
{"itemId":"B002C79BU4","ProductIndex":32838}
{"itemId":"B007RPL884","ProductIndex":141560}
{"itemId":"B007R21JJA","ProductIndex":46737}
{"itemId":"B002ON3NFU","ProductIndex":41814}
{"itemId":"B001R3PRTS","ProductIndex":90267}
{"itemId":"B00452D50G","ProductIndex":58074}
{"itemId":"B009VGWZJS","ProductIndex":141786}
{"itemId":"B00009W3CR","ProductIndex":84832}
{"itemId":"B00B2BUC72","ProductIndex":129816}
{"itemId":"B003WWDR0S","ProductIndex":149735}
{"itemId":"B002HVQ5EK","ProductIndex":86478}
{"itemId":"B007B33F1A","ProductIndex":132082}
{"itemId":"B004P0HHNY","ProductIndex":109962}
{"itemId":"B00E3KRCMC","ProductIndex":162865}
{"itemId":"B0081B64T6","ProductIndex":69870}
{"itemId":"B002JAIMR2","ProductIndex":42107}
{"itemId":"B003DT0IE8","ProductIndex":60715}
{"itemId":"B0049IEQ5O","ProductIndex":106018}
{"itemId":"B00BUJBHGG","ProductIndex":29101}
{"itemId":"B0000632H5","ProductIndex":65211}
{"itemId":"B00199W47I","ProductIndex":131891}
{"itemId":"B000JKDTPE","ProductIndex":43813}
{"itemId":"B00JQAFNW0","ProductIndex":150222}
{"itemId":"B0050GLMLK","ProductIndex":54001}
{"itemId":"B00114Q8QE","ProductIndex":86102}
{"itemId":"B003H4QQ7M","ProductIndex":110144}
{"itemId":"B00E5PC8HY","ProductIndex":106481}
{"itemId":"B00926A6MU","ProductIndex":110518}
{"itemId":"B001158L2W","ProductIndex":157894}
{"itemId":"B000AZ0582","ProductIndex":53297}
{"itemId":"B004Q7FUGM","ProductIndex":42054}
{"itemId":"B002UBPNN6","ProductIndex":182358}
{"itemId":"B00A2WV5WI","ProductIndex":58282}
{"itemId":"B00823ISBU","ProductIndex":147512}
{"itemId":"B001G4LOFE","ProductIndex":35694}
{"itemId":"B000B7RFC8","ProductIndex":106777}
{"itemId":"B009VLA3R4","ProductIndex":144705}
{"itemId":"B006WBPGGY","ProductIndex":117464}
{"itemId":"B009ZBB75C","ProductIndex":34625}
{"itemId":"B00006J099","ProductIndex":31233}
{"itemId":"B001BLWXPM","ProductIndex":82062}
{"itemId":"B0018Y4O72","ProductIndex":103533}
{"itemId":"B00487IONQ","ProductIndex":98864}
{"itemId":"B005JHQJPY","ProductIndex":171250}
{"itemId":"B000MMWOT6","ProductIndex":148410}
{"itemId":"B001207AN2","ProductIndex":181121}
{"itemId":"B000XPJHSS","ProductIndex":116673}
{"itemId":"B008LWLH60","ProductIndex":108855}
{"itemId":"B0064AXUKW","ProductIndex":124235}
{"itemId":"B004YIDB64","ProductIndex":137524}
{"itemId":"B000AYWOZU","ProductIndex":61398}
{"itemId":"B00EVXNVIA","ProductIndex":187516}
{"itemId":"B00F3ZNZ8G","ProductIndex":137438}
{"itemId":"B003AXUOLE","ProductIndex":79037}
{"itemId":"B00D1VCN8M","ProductIndex":46572}
{"itemId":"B001T9FB3M","ProductIndex":151473}
{"itemId":"B007X5HO4A","ProductIndex":53804}
{"itemId":"B007UST4W0","ProductIndex":81305}
{"itemId":"B009MS1V4A","ProductIndex":178945}
{"itemId":"B0000AH5M4","ProductIndex":69884}
{"itemId":"B00A8X6EQ8","ProductIndex":87173}
{"itemId":"B002HEY3BY","ProductIndex":105672}
{"itemId":"B00G3MNFYW","ProductIndex":127667}
{"itemId":"B0000511C7","ProductIndex":195920}
{"itemId":"B005GLHPQA","ProductIndex":197574}
{"itemId":"B00DF8835I","ProductIndex":81658}
{"itemId":"B007SPUSIE","ProductIndex":82622}
{"itemId":"B003522AEO","ProductIndex":77678}
{"itemId":"B00BQOMZOS","ProductIndex":23627}
{"itemId":"B004XN5IUM","ProductIndex":193252}
{"itemId":"B000FL60A8","ProductIndex":70068}
{"itemId":"B00B7S09MI","ProductIndex":89536}
{"itemId":"B008EL22IA","ProductIndex":165425}
{"itemId":"B00476L5ES","ProductIndex":174526}
{"itemId":"B006VF6PBQ","ProductIndex":72745}
{"itemId":"B003OWO2IW","ProductIndex":171959}
{"itemId":"B0009ROUAA","ProductIndex":184996}
{"itemId":"B002656NNA","ProductIndex":93913}
{"itemId":"B00AZN4KIU","ProductIndex":184652}
{"itemId":"B006GBMIKW","ProductIndex":181949}
{"itemId":"B005J8OBJE","ProductIndex":25379}
{"itemId":"B004BG2J08","ProductIndex":41868}
{"itemId":"B0017G9CS2","ProductIndex":204075}
{"itemId":"B00EXWD06W","ProductIndex":135767}
{"itemId":"B00352MA58","ProductIndex":125626}
{"itemId":"B000FGJTBK","ProductIndex":154676}
{"itemId":"B000VL6F8E","ProductIndex":106605}
{"itemId":"B003JW8O22","ProductIndex":61459}
{"itemId":"B00C55CD58","ProductIndex":167589}
{"itemId":"B004E3NR54","ProductIndex":181555}
{"itemId":"B003I72X1Q","ProductIndex":31863}
{"itemId":"B000LY8DDG","ProductIndex":89132}
{"itemId":"B001QWW05E","ProductIndex":57277}
{"itemId":"B007P1JKRG","ProductIndex":137681}
{"itemId":"B00005OMZM","ProductIndex":72317}
{"itemId":"B004S61984","ProductIndex":104472}
{"itemId":"B000VJXB2O","ProductIndex":88848}
{"itemId":"B003XRV4OI","ProductIndex":142250}
{"itemId":"B001P822UM","ProductIndex":189257}
{"itemId":"B007PBQ0L0","ProductIndex":119440}
{"itemId":"B0009U8ZBC","ProductIndex":70568}
{"itemId":"B0000B3AMD","ProductIndex":161622}
{"itemId":"B0000SVSP8","ProductIndex":84621}
{"itemId":"B003TXNA6G","ProductIndex":159505}
{"itemId":"B00009XV8P","ProductIndex":138802}
{"itemId":"B009LEN1EI","ProductIndex":114394}
{"itemId":"B0002ZPSLY","ProductIndex":106964}
{"itemId":"B00DYTM7NC","ProductIndex":100203}
{"itemId":"B00007KJYW","ProductIndex":95688}
{"itemId":"B005AJ1WSA","ProductIndex":99329}
{"itemId":"B001D2CW1E","ProductIndex":38481}
{"itemId":"B0049JAFZ8","ProductIndex":88038}
{"itemId":"B000IZK0K2","ProductIndex":162522}
{"itemId":"B003RAFWNU","ProductIndex":203091}
{"itemId":"B00CJ7DFH2","ProductIndex":85791}
{"itemId":"B00100VSMI","ProductIndex":202733}
{"itemId":"B002BK20WI","ProductIndex":123434}
{"itemId":"B0081UWBWQ","ProductIndex":44512}
{"itemId":"B003IWRR3A","ProductIndex":19131}
{"itemId":"B00GCS4VPY","ProductIndex":162158}
{"itemId":"B00005OP2T","ProductIndex":46923}
{"itemId":"B009DAP82S","ProductIndex":61231}
{"itemId":"B00009V3AN","ProductIndex":152377}
{"itemId":"B000UVNHBI","ProductIndex":48434}
{"itemId":"B003H05TAG","ProductIndex":32486}
{"itemId":"B0002PQ02U","ProductIndex":171227}
{"itemId":"B00F5L6CAQ","ProductIndex":118255}
{"itemId":"B003MG4HB2","ProductIndex":131778}
{"itemId":"B00BGUEMJI","ProductIndex":178588}
{"itemId":"B0000996BS","ProductIndex":207803}
{"itemId":"B003WL2Z7K","ProductIndex":179791}
{"itemId":"B00CU2KHPO","ProductIndex":175350}
{"itemId":"B001AR3S8I","ProductIndex":129603}
{"itemId":"B005HR0G5K","ProductIndex":127184}
{"itemId":"B0050Q0JA0","ProductIndex":82007}
{"itemId":"B006ICQL5M","ProductIndex":206452}
{"itemId":"B0030BETQC","ProductIndex":87774}
{"itemId":"B004YN8CZE","ProductIndex":66800}
{"itemId":"B007R768Q4","ProductIndex":173323}
{"itemId":"B003I8DREW","ProductIndex":100511}
{"itemId":"B000KGYMDA","ProductIndex":165912}
{"itemId":"B00006HUXD","ProductIndex":122946}
{"itemId":"B004SUK5C6","ProductIndex":24710}
{"itemId":"B001DXUMXS","ProductIndex":49625}
{"itemId":"B00ANU2Z0U","ProductIndex":174647}
{"itemId":"B002OTDRGO","ProductIndex":179439}
{"itemId":"B007LGLMPI","ProductIndex":63247}
{"itemId":"B0038R9C8I","ProductIndex":79203}
{"itemId":"B00004TVQQ","ProductIndex":146932}
{"itemId":"B000CQIRD4","ProductIndex":38669}
{"itemId":"B008O5AYM2","ProductIndex":161307}
{"itemId":"B002AQDPC2","ProductIndex":33046}
{"itemId":"B00BBFOS5Q","ProductIndex":100387}
{"itemId":"B004FWHWFK","ProductIndex":83712}
{"itemId":"B001DUQTSS","ProductIndex":64835}
{"itemId":"B004HEPZL4","ProductIndex":114564}
{"itemId":"B007PQMMM6","ProductIndex":105791}
{"itemId":"B0026MRTRW","ProductIndex":44645}
{"itemId":"B000TLVH16","ProductIndex":119619}
{"itemId":"B004IVD8PG","ProductIndex":57827}
{"itemId":"B009P879VQ","ProductIndex":67741}
{"itemId":"B009W5BEMW","ProductIndex":205524}
{"itemId":"B00KCU5KZ8","ProductIndex":163644}
{"itemId":"B0085MSH0K","ProductIndex":59330}
{"itemId":"B00B4Y5JE8","ProductIndex":204931}
{"itemId":"B004J1SK30","ProductIndex":194452}
{"itemId":"B002VVR5FY","ProductIndex":139673}
{"itemId":"B0075C1C44","ProductIndex":68312}
{"itemId":"B004HXT4A8","ProductIndex":74133}
{"itemId":"B00EAYUZDY","ProductIndex":92262}
{"itemId":"B00DGR4GVI","ProductIndex":193920}
{"itemId":"B00JWWXZ2W","ProductIndex":121088}
{"itemId":"B009F8TKZ4","ProductIndex":54275}
{"itemId":"B001AU3NNA","ProductIndex":127110}
{"itemId":"B001FVFE1I","ProductIndex":110650}
{"itemId":"B005NDVPN0","ProductIndex":92374}
{"itemId":"B000MPR8B2","ProductIndex":73087}
{"itemId":"B00CSVB030","ProductIndex":99558}
{"itemId":"B00CCPLG7M","ProductIndex":114664}
{"itemId":"B00IVEHYPG","ProductIndex":96822}
{"itemId":"B001G4FSRO","ProductIndex":138307}
{"itemId":"B00JRTMOGS","ProductIndex":115733}
{"itemId":"B0000787O3","ProductIndex":181851}
{"itemId":"B003JTDMXG","ProductIndex":97098}
{"itemId":"B0002D0E7E","ProductIndex":133172}
{"itemId":"B005PGPV2Q","ProductIndex":135682}
{"itemId":"B006L5MQLE","ProductIndex":107051}
{"itemId":"B000GFUE6E","ProductIndex":143674}
{"itemId":"B00CTQ68NG","ProductIndex":173954}
{"itemId":"B000GIW4X2","ProductIndex":87887}
{"itemId":"B00EUXV4AI","ProductIndex":184611}
{"itemId":"B00ENE40HI","ProductIndex":78595}
{"itemId":"B00F2WF1W8","ProductIndex":126780}
{"itemId":"B003E2RZEK","ProductIndex":86928}
{"itemId":"B006L9I3HG","ProductIndex":89670}
{"itemId":"B000EPHHUM","ProductIndex":59523}
{"itemId":"B00006K13R","ProductIndex":96883}
{"itemId":"B001W85PC2","ProductIndex":165518}
{"itemId":"B007TG125U","ProductIndex":35604}
{"itemId":"B007JGBF4S","ProductIndex":147195}
{"itemId":"B00080AT2G","ProductIndex":117415}
{"itemId":"B0044YIDK2","ProductIndex":64977}
{"itemId":"B0000XMWW6","ProductIndex":81602}
{"itemId":"B00005OMZO","ProductIndex":85490}
{"itemId":"B00000JBIA","ProductIndex":65271}
{"itemId":"B0032GGTJ0","ProductIndex":132425}
{"itemId":"B004SW9MOG","ProductIndex":72054}
{"itemId":"B008KRJV8W","ProductIndex":107732}
{"itemId":"B0088VJU7C","ProductIndex":98793}
{"itemId":"B00155SY1G","ProductIndex":121053}
{"itemId":"B008FLEMRI","ProductIndex":147055}
{"itemId":"B0007M6GCC","ProductIndex":100173}
{"itemId":"B00552PEV8","ProductIndex":128386}
{"itemId":"B000W8DKKW","ProductIndex":150150}
{"itemId":"B000FBF24I","ProductIndex":109750}
{"itemId":"B00J6AE39E","ProductIndex":192559}
{"itemId":"B002SZMLNE","ProductIndex":145491}
{"itemId":"B00158OYQW","ProductIndex":84949}
{"itemId":"B0002F8WJ4","ProductIndex":129746}
{"itemId":"B00I006AJC","ProductIndex":159107}
{"itemId":"B000VE2PCG","ProductIndex":73835}
{"itemId":"B009ZJGR72","ProductIndex":126893}
{"itemId":"B0002340TC","ProductIndex":105383}
{"itemId":"B000GE1YHI","ProductIndex":101587}
{"itemId":"B002V3E1TK","ProductIndex":76500}
{"itemId":"B0007A6P4S","ProductIndex":104229}
{"itemId":"B0011YC3JK","ProductIndex":85886}
{"itemId":"B007I7C8C6","ProductIndex":182711}
{"itemId":"B00J58ZUT4","ProductIndex":112074}
{"itemId":"B002V5GO8E","ProductIndex":130007}
{"itemId":"B000IO60XO","ProductIndex":75894}
{"itemId":"B004EPVWWM","ProductIndex":94262}
{"itemId":"B000PQM3A4","ProductIndex":78617}
{"itemId":"B001TJBBU4","ProductIndex":111325}
{"itemId":"B009GQ55WC","ProductIndex":78265}
{"itemId":"B0057K1W00","ProductIndex":191439}
{"itemId":"B003NTQFYA","ProductIndex":134339}
{"itemId":"B005EEO882","ProductIndex":96480}
{"itemId":"B00HEAAZDQ","ProductIndex":111992}
{"itemId":"B001BA3Y1A","ProductIndex":136481}
{"itemId":"B009XP2H54","ProductIndex":145374}
{"itemId":"B00B8KWMKW","ProductIndex":57201}
{"itemId":"B0026O1M32","ProductIndex":111974}
{"itemId":"B0013FDL52","ProductIndex":42721}
{"itemId":"B001IAMU2W","ProductIndex":146592}
{"itemId":"B000FBMIWM","ProductIndex":92009}
{"itemId":"B0047EHM74","ProductIndex":174370}
{"itemId":"B00B5I7L2G","ProductIndex":154546}
{"itemId":"B000279516","ProductIndex":52428}
{"itemId":"B007OWTSFA","ProductIndex":106540}
{"itemId":"B005C2Z4KW","ProductIndex":197088}
{"itemId":"B000HZJRSY","ProductIndex":96076}
{"itemId":"B002DN8PXQ","ProductIndex":115072}
{"itemId":"B005D9LG6K","ProductIndex":41680}
{"itemId":"B001GLLF3I","ProductIndex":110583}
{"itemId":"B00A7FUHGU","ProductIndex":140768}
{"itemId":"B004GX4F7Q","ProductIndex":42581}
{"itemId":"B003AVPUYC","ProductIndex":55707}
{"itemId":"B0042YY22C","ProductIndex":131600}
{"itemId":"B00GUXH7WK","ProductIndex":110931}
{"itemId":"B0043GJP94","ProductIndex":161069}
{"itemId":"B000GUUX56","ProductIndex":188848}
{"itemId":"B002QBSWT2","ProductIndex":162300}
{"itemId":"B000KEYQ9M","ProductIndex":160063}
{"itemId":"B0081GUW4O","ProductIndex":162371}
{"itemId":"B004DP6EEY","ProductIndex":83959}
{"itemId":"B001QDZ2E4","ProductIndex":106265}
{"itemId":"B00611LEDO","ProductIndex":168839}
{"itemId":"B0007WTFAM","ProductIndex":81396}
{"itemId":"B0002ZPFLM","ProductIndex":71751}
{"itemId":"B00COBPCQA","ProductIndex":166488}
{"itemId":"B002XKBGS0","ProductIndex":204816}
{"itemId":"B0024NKH9U","ProductIndex":195872}
{"itemId":"B00C74P8TK","ProductIndex":169340}
{"itemId":"B006JW7QAK","ProductIndex":179796}
{"itemId":"B001FSX33C","ProductIndex":119503}
{"itemId":"B0030VENM2","ProductIndex":165426}
{"itemId":"B0046V20ZW","ProductIndex":109044}
{"itemId":"B0015AOHJ4","ProductIndex":205797}
{"itemId":"B000JMHFMK","ProductIndex":73793}
{"itemId":"B00ILCS11E","ProductIndex":114614}
{"itemId":"B0093HV5AK","ProductIndex":82954}
{"itemId":"B0031SZEEK","ProductIndex":178203}
{"itemId":"B0063R728M","ProductIndex":50483}
{"itemId":"B000VMFQRE","ProductIndex":125021}
{"itemId":"B0019PFQJ0","ProductIndex":135133}
{"itemId":"B000P7Y8M4","ProductIndex":156454}
{"itemId":"B005X7L0X6","ProductIndex":124391}
{"itemId":"B00508GH2M","ProductIndex":163012}
{"itemId":"B00007JDRC","ProductIndex":147415}
{"itemId":"B000ORUKE0","ProductIndex":118471}
{"itemId":"B00AGJ2RNS","ProductIndex":93141}
{"itemId":"B00DCVVI6E","ProductIndex":108205}
{"itemId":"B006AZROH6","ProductIndex":160777}
{"itemId":"B00023794K","ProductIndex":75217}
{"itemId":"B00008A91B","ProductIndex":130077}
{"itemId":"B00005B713","ProductIndex":101521}
{"itemId":"B009A4XOPK","ProductIndex":173191}
{"itemId":"B008K51TO8","ProductIndex":136577}
{"itemId":"B00ASFCM12","ProductIndex":180495}
{"itemId":"B003KN3JVQ","ProductIndex":153294}
{"itemId":"B000H3PPNM","ProductIndex":135759}
{"itemId":"B009F809Q8","ProductIndex":204694}
{"itemId":"B004I5AME2","ProductIndex":185387}
{"itemId":"B000ETFY30","ProductIndex":71468}
{"itemId":"B00DML7L8I","ProductIndex":195800}
{"itemId":"B000IBO1CE","ProductIndex":118483}
{"itemId":"B007MBS3MC","ProductIndex":199177}
{"itemId":"B002ZXACF8","ProductIndex":152597}
{"itemId":"B004ZX7RBS","ProductIndex":134336}
{"itemId":"B004PEIG7G","ProductIndex":60027}
{"itemId":"B00BHUQE6Q","ProductIndex":175059}
{"itemId":"B00F5EAYES","ProductIndex":197132}
{"itemId":"B006FIF6IC","ProductIndex":193047}
{"itemId":"998504780X","ProductIndex":66311}
{"itemId":"B00FWV3H7K","ProductIndex":128267}
{"itemId":"B005S0KF2A","ProductIndex":141193}
{"itemId":"B009W3YB56","ProductIndex":36627}
{"itemId":"B00522TL8S","ProductIndex":146184}
{"itemId":"B004D42Z3O","ProductIndex":48870}
{"itemId":"B0052IHMMO","ProductIndex":141028}
{"itemId":"B00FA4J2KA","ProductIndex":108519}
{"itemId":"B003R8WOPQ","ProductIndex":206202}
{"itemId":"B00AET49LS","ProductIndex":110762}
{"itemId":"B007KSLV8U","ProductIndex":184402}
{"itemId":"B000GJX71Y","ProductIndex":116001}
{"itemId":"B00AT7F9JQ","ProductIndex":111870}
{"itemId":"B004CAKOVY","ProductIndex":162554}
{"itemId":"B009VBM8I6","ProductIndex":190650}
{"itemId":"B005Q6RC8G","ProductIndex":205881}
{"itemId":"B00AZHL1JC","ProductIndex":205196}
{"itemId":"B001E5HVKM","ProductIndex":74022}
{"itemId":"B004N0F1FM","ProductIndex":193684}
{"itemId":"B003C7ICOE","ProductIndex":107256}
{"itemId":"B000BOF3UW","ProductIndex":73707}
{"itemId":"B004DDKF3M","ProductIndex":138169}
{"itemId":"B000TYXI06","ProductIndex":168903}
{"itemId":"B0031QM828","ProductIndex":75850}
{"itemId":"B005J8D09G","ProductIndex":138012}
{"itemId":"B0049PFYWQ","ProductIndex":156670}
{"itemId":"B0001DZ9N4","ProductIndex":114615}
{"itemId":"B002JTYLNC","ProductIndex":153185}
{"itemId":"B00009R8G3","ProductIndex":89909}
{"itemId":"B003WGTGV8","ProductIndex":74415}
{"itemId":"B002HKLSEI","ProductIndex":99554}
{"itemId":"B000BGKIUK","ProductIndex":71816}
{"itemId":"B0068J5A98","ProductIndex":73246}
{"itemId":"B00HB1T54S","ProductIndex":166988}
{"itemId":"B003UI06FI","ProductIndex":137339}
{"itemId":"B003ZRMSS2","ProductIndex":174479}
{"itemId":"B000GUHI72","ProductIndex":142910}
{"itemId":"B008H01EAU","ProductIndex":170504}
{"itemId":"B005G2U6GK","ProductIndex":126189}
{"itemId":"B001H8YEIS","ProductIndex":126341}
{"itemId":"B003HLAPY0","ProductIndex":204648}
{"itemId":"B00HU0LXUO","ProductIndex":197350}
{"itemId":"B005MLXZ68","ProductIndex":195940}
{"itemId":"B00884KR2Q","ProductIndex":101994}
{"itemId":"B007B8MRYQ","ProductIndex":115047}
{"itemId":"B003L11DQU","ProductIndex":123683}
{"itemId":"B00BOI8ICY","ProductIndex":137512}
{"itemId":"B0030X6STQ","ProductIndex":105628}
{"itemId":"B00AAMGRI2","ProductIndex":199343}
{"itemId":"B001DW5H34","ProductIndex":67541}
{"itemId":"B0085IOLZO","ProductIndex":93147}
{"itemId":"B00CEFF0QI","ProductIndex":139823}
{"itemId":"B004G6004A","ProductIndex":141941}
{"itemId":"B003PM2OJK","ProductIndex":204379}
{"itemId":"B000FFIYOO","ProductIndex":113741}
{"itemId":"B000NB294Q","ProductIndex":127247}
{"itemId":"B004T3KKPE","ProductIndex":92000}
{"itemId":"B000NLJGMO","ProductIndex":106673}
{"itemId":"B0055X1TPW","ProductIndex":120610}
{"itemId":"B0028MGWDM","ProductIndex":203802}
{"itemId":"B000071ADS","ProductIndex":148674}
{"itemId":"B000JH67E2","ProductIndex":125638}
{"itemId":"B0013UMPOU","ProductIndex":132913}
{"itemId":"B002HPJ0V6","ProductIndex":99243}
{"itemId":"B0045PMEP0","ProductIndex":200127}
{"itemId":"B000JIAVMK","ProductIndex":123392}
{"itemId":"B008UXLLES","ProductIndex":157685}
{"itemId":"B00AOAOKU2","ProductIndex":147354}
{"itemId":"B000UHH0JW","ProductIndex":99448}
{"itemId":"B0069RZ0Y4","ProductIndex":95245}
{"itemId":"B0093YMP9I","ProductIndex":197939}
{"itemId":"B00A5BZLT4","ProductIndex":196173}
{"itemId":"B004JJPBA2","ProductIndex":167146}
{"itemId":"B000WXTMP4","ProductIndex":204500}
{"itemId":"B007HJJMOW","ProductIndex":122103}
{"itemId":"B00B42UTFO","ProductIndex":133314}
{"itemId":"B0013FHJ8W","ProductIndex":157590}
{"itemId":"B007R61N60","ProductIndex":135155}
{"itemId":"B00005A3UN","ProductIndex":127256}
{"itemId":"B001KPSC18","ProductIndex":65159}
{"itemId":"B0054EJ4KY","ProductIndex":129960}
{"itemId":"B00EOGGWQC","ProductIndex":201944}
{"itemId":"B006VCOZGG","ProductIndex":74239}
{"itemId":"B000EZL1R2","ProductIndex":125585}
{"itemId":"B000MT3DT4","ProductIndex":131922}
{"itemId":"B000S5RS3E","ProductIndex":166321}
{"itemId":"B000KL18NC","ProductIndex":125915}
{"itemId":"B002ZOCI1I","ProductIndex":138855}
{"itemId":"B00414SB2U","ProductIndex":116605}
{"itemId":"B00HBAZ2U0","ProductIndex":80431}
{"itemId":"B008B3UMKQ","ProductIndex":169025}
{"itemId":"B00B1UML82","ProductIndex":120277}
{"itemId":"B001F51IMI","ProductIndex":115018}
{"itemId":"B002V19E9E","ProductIndex":144361}
{"itemId":"B000E974S8","ProductIndex":151533}
{"itemId":"B000EYFS9A","ProductIndex":175503}
{"itemId":"B000B59IFM","ProductIndex":100131}
{"itemId":"B002OOGKYU","ProductIndex":137630}
{"itemId":"B009ZNSR30","ProductIndex":170284}
{"itemId":"B00EPD4Q9O","ProductIndex":163407}
{"itemId":"B0057X5KF0","ProductIndex":185509}
{"itemId":"B008N2DL8K","ProductIndex":177412}
{"itemId":"B009R674DY","ProductIndex":191384}
{"itemId":"B007MPKFXS","ProductIndex":142061}
{"itemId":"B008SP6CXS","ProductIndex":108860}
{"itemId":"B008278P8C","ProductIndex":186234}
{"itemId":"B00004ZCNE","ProductIndex":133876}
{"itemId":"B005SZ9MXS","ProductIndex":176705}
{"itemId":"B00295BULM","ProductIndex":70997}
{"itemId":"B003JJ8A8I","ProductIndex":179052}
{"itemId":"B008FLW8EM","ProductIndex":185437}
{"itemId":"B005GI7IW4","ProductIndex":166686}
{"itemId":"B004IR9084","ProductIndex":192355}
{"itemId":"B000ELV2UW","ProductIndex":131484}
{"itemId":"B00076U02K","ProductIndex":129862}
{"itemId":"B0043NTO66","ProductIndex":184929}
{"itemId":"B004NR0PHO","ProductIndex":175034}
{"itemId":"B007HD3Q4U","ProductIndex":180145}
{"itemId":"B004B47DSI","ProductIndex":149002}
{"itemId":"B00APUMYFO","ProductIndex":93526}
{"itemId":"B0007XYGZ0","ProductIndex":201036}
{"itemId":"B000I1ZA0G","ProductIndex":116622}
{"itemId":"B004FL95SI","ProductIndex":190652}
{"itemId":"B004MD3WTM","ProductIndex":129722}
{"itemId":"B004IV3QFI","ProductIndex":197622}
{"itemId":"B000067FC5","ProductIndex":165208}
{"itemId":"B002MAOT1C","ProductIndex":100441}
{"itemId":"B006HYHLS2","ProductIndex":159953}
{"itemId":"B000BO7XW8","ProductIndex":74013}
{"itemId":"B00CGTNNT8","ProductIndex":122895}
{"itemId":"B001BR4NLS","ProductIndex":200870}
{"itemId":"B00022LD70","ProductIndex":122844}
{"itemId":"B0002X1KGS","ProductIndex":151635}
{"itemId":"B00005JTW1","ProductIndex":206347}
{"itemId":"B0000AI0N5","ProductIndex":145100}
{"itemId":"B009CPUQSA","ProductIndex":199718}
{"itemId":"B004K52OEQ","ProductIndex":190448}
{"itemId":"B00009V315","ProductIndex":167380}
{"itemId":"B002EL4PKE","ProductIndex":199662}
{"itemId":"B00166CW2G","ProductIndex":194539}
{"itemId":"B001RPNFOU","ProductIndex":154254}
{"itemId":"B00DYTI92A","ProductIndex":183388}
{"itemId":"B003KN3IZI","ProductIndex":152261}
{"itemId":"B004VO9USO","ProductIndex":152873}
{"itemId":"B004T02QI6","ProductIndex":134834}
{"itemId":"B001BWE0EI","ProductIndex":99511}
{"itemId":"B006W3ZVSU","ProductIndex":140451}
{"itemId":"B002OED7JQ","ProductIndex":202400}
{"itemId":"B0056ZZYAA","ProductIndex":203954}
{"itemId":"B002LUVPZQ","ProductIndex":186495}
{"itemId":"B00GYR7O8O","ProductIndex":153741}
{"itemId":"B002P3KMR6","ProductIndex":164284}
{"itemId":"B0007PF7GK","ProductIndex":203506}
{"itemId":"B00508A3Y0","ProductIndex":151391}
{"itemId":"B001CCY4FM","ProductIndex":91012}
{"itemId":"B001BX1LOO","ProductIndex":97194}
{"itemId":"B006QZ7Z4W","ProductIndex":118135}
{"itemId":"B00BAXZOPC","ProductIndex":157981}
{"itemId":"B006LC91E2","ProductIndex":191906}
{"itemId":"B000O7CZFC","ProductIndex":128823}
{"itemId":"B006UKCFJI","ProductIndex":179629}
{"itemId":"B00AS85ENC","ProductIndex":186735}
{"itemId":"B007OJKRVM","ProductIndex":183567}
{"itemId":"B003THE5MK","ProductIndex":162633}
{"itemId":"B005ODKXK0","ProductIndex":199743}
{"itemId":"B001QWX6M0","ProductIndex":174133}
{"itemId":"B00AHP1SHC","ProductIndex":167434}
{"itemId":"B00G5I02DQ","ProductIndex":163985}
{"itemId":"B00BBFYW3E","ProductIndex":192139}
{"itemId":"B001V7Z6HI","ProductIndex":142627}
{"itemId":"B00CD8L9YI","ProductIndex":97284}
{"itemId":"B00CBO0HGK","ProductIndex":161719}
{"itemId":"B007SU0FRS","ProductIndex":181674}
{"itemId":"B0009E7AVY","ProductIndex":197434}
{"itemId":"B001GS6ER8","ProductIndex":191971}
{"itemId":"B00434DY8E","ProductIndex":123118}
{"itemId":"B001MYC2B8","ProductIndex":165406}
{"itemId":"B009K9Z1YW","ProductIndex":128204}
{"itemId":"B000FHVBPG","ProductIndex":176911}
{"itemId":"B00G3OFZK2","ProductIndex":184932}
{"itemId":"B0047FBGGQ","ProductIndex":181173}
{"itemId":"B0015RC6WM","ProductIndex":182063}
{"itemId":"B004W3PLGO","ProductIndex":200112}
{"itemId":"B0006I3BA2","ProductIndex":171097}
{"itemId":"B001S394V4","ProductIndex":173431}
{"itemId":"B00419RZJU","ProductIndex":140106}
{"itemId":"B00CLFTW5Q","ProductIndex":144126}
{"itemId":"B008JG2CVC","ProductIndex":206899}
{"itemId":"B008R7IALO","ProductIndex":134315}
{"itemId":"B00B4EL2W6","ProductIndex":190720}
{"itemId":"B005GRG0HO","ProductIndex":147173}
{"itemId":"B003JME5RK","ProductIndex":203887}
{"itemId":"B0054N802I","ProductIndex":199330}
{"itemId":"B00CTHQQDW","ProductIndex":109329}
{"itemId":"B0016BJ9XQ","ProductIndex":154414}
{"itemId":"B0046HSW6C","ProductIndex":128437}
{"itemId":"B004PW6D3C","ProductIndex":98024}
{"itemId":"B00DVK7IZ6","ProductIndex":193406}
{"itemId":"B001MS79XU","ProductIndex":114111}
{"itemId":"B00348KZH8","ProductIndex":200625}
{"itemId":"B0081TIE64","ProductIndex":97148}
{"itemId":"B00AY1XS7M","ProductIndex":206223}
{"itemId":"B003VWVCPG","ProductIndex":178272}
{"itemId":"B007V20ROO","ProductIndex":200783}
{"itemId":"B0027YNEFU","ProductIndex":130249}
{"itemId":"B0007RB1T0","ProductIndex":177895}
{"itemId":"B00009UTZG","ProductIndex":141935}
{"itemId":"B001UEGH7U","ProductIndex":138842}
{"itemId":"B00GYMS8V6","ProductIndex":184321}
{"itemId":"B005QUQPXA","ProductIndex":141493}
{"itemId":"B0031Z6FPA","ProductIndex":162892}
{"itemId":"B004Z4LFQA","ProductIndex":96574}
{"itemId":"B008RZM2MO","ProductIndex":198740}
{"itemId":"B0000BY81F","ProductIndex":166893}
{"itemId":"B004Q6L6JI","ProductIndex":116058}
{"itemId":"B00FQP4VB8","ProductIndex":145538}
{"itemId":"B00005TS5Q","ProductIndex":178472}
{"itemId":"B0021AEM3S","ProductIndex":143520}
{"itemId":"B00138O0V8","ProductIndex":175946}
{"itemId":"B0087UCQBQ","ProductIndex":162937}
{"itemId":"B00HHUJFHU","ProductIndex":193225}
{"itemId":"B003N499SE","ProductIndex":112224}
{"itemId":"B005Z44YG2","ProductIndex":206346}
{"itemId":"B0009IB6BA","ProductIndex":165303}
{"itemId":"B00HH1Y5QU","ProductIndex":207163}
{"itemId":"B002OFOY06","ProductIndex":204284}
{"itemId":"B0081W3J3O","ProductIndex":115849}
{"itemId":"B0001007RU","ProductIndex":141667}
{"itemId":"B0027ZP074","ProductIndex":173560}
{"itemId":"B004WQMXUS","ProductIndex":178050}
{"itemId":"B007NM24W0","ProductIndex":188056}
{"itemId":"B00A3S4DT8","ProductIndex":138116}
{"itemId":"B002HOE1WU","ProductIndex":195843}
{"itemId":"B000F3FPKC","ProductIndex":159064}
{"itemId":"B004I8W55I","ProductIndex":103627}
{"itemId":"B004Z74PKU","ProductIndex":202893}
{"itemId":"B002VMDN0Y","ProductIndex":177464}
{"itemId":"B002QOQFU2","ProductIndex":195116}
{"itemId":"B0012QVDAM","ProductIndex":194069}
{"itemId":"B000001ON0","ProductIndex":81899}
{"itemId":"B001TYLS98","ProductIndex":177751}
{"itemId":"B000FPGQ5S","ProductIndex":139718}
{"itemId":"B006KZ22I2","ProductIndex":206796}
{"itemId":"B003P8ZY5A","ProductIndex":153920}
{"itemId":"B0085MSJ2Q","ProductIndex":167225}
{"itemId":"B005IMNI4K","ProductIndex":155720}
{"itemId":"B00GWF6WUY","ProductIndex":191539}
{"itemId":"B007PCHQNA","ProductIndex":198802}
{"itemId":"B00466Q9EA","ProductIndex":205386}
{"itemId":"B0050DU4JY","ProductIndex":155104}
{"itemId":"B00CQ8A69O","ProductIndex":207553}
{"itemId":"B00D3T907E","ProductIndex":207024}
{"itemId":"B000LGAUP8","ProductIndex":111817}
{"itemId":"B00IXQTFDQ","ProductIndex":177005}
{"itemId":"B000J4KLEM","ProductIndex":170197}
{"itemId":"B002YE1W52","ProductIndex":166001}
{"itemId":"B005SED4S8","ProductIndex":159233}
{"itemId":"B000HDK2A8","ProductIndex":187368}
{"itemId":"B002MHCH8C","ProductIndex":154106}
{"itemId":"B005Q001NU","ProductIndex":165535}
{"itemId":"B00BNU5WUO","ProductIndex":113982}
{"itemId":"B004VNH18Q","ProductIndex":165547}
{"itemId":"B009RBVK34","ProductIndex":175546}
{"itemId":"B00GAUCP0C","ProductIndex":171003}
{"itemId":"B002G1YP8O","ProductIndex":195029}
{"itemId":"B000TKEV8I","ProductIndex":177959}
{"itemId":"B009OQ7LDK","ProductIndex":182145}
{"itemId":"B00006FXE6","ProductIndex":205601}
{"itemId":"B002L1GM12","ProductIndex":191141}
{"itemId":"B007PFIJR4","ProductIndex":153047}
{"itemId":"B0019CCEXY","ProductIndex":175738}
{"itemId":"B00E25XYZM","ProductIndex":183598}
{"itemId":"B001M59116","ProductIndex":194511}
{"itemId":"B00BLX83G8","ProductIndex":180147}
{"itemId":"B005QX2ZWC","ProductIndex":201003}
{"itemId":"B00C0PGP8E","ProductIndex":179180}
{"itemId":"B004T6P65K","ProductIndex":200169}
{"itemId":"B00K2R6E0Q","ProductIndex":190511}
{"itemId":"B00DXZKY0U","ProductIndex":203910}
{"itemId":"B00DDLPN4G","ProductIndex":164097}
{"itemId":"B004D773U6","ProductIndex":185779}
{"itemId":"B0039NLUK4","ProductIndex":204268}
{"itemId":"B00EZZKLSC","ProductIndex":197475}
{"itemId":"B00E4MVHTI","ProductIndex":205876}
{"itemId":"B00EY8QOSQ","ProductIndex":177334}
{"itemId":"B0016G5IKY","ProductIndex":177490}
{"itemId":"B00AJ9RQU4","ProductIndex":208325}
{"itemId":"B000UD0L2E","ProductIndex":182958}
{"itemId":"B0014IUTZI","ProductIndex":170928}
{"itemId":"B009OLI2CE","ProductIndex":178837}
{"itemId":"B005OYRJ9W","ProductIndex":182772}
{"itemId":"B004AM6PD0","ProductIndex":190306}
{"itemId":"B00E59WJFQ","ProductIndex":208023}
{"itemId":"B00472O46S","ProductIndex":199217}
{"itemId":"B004NQTR24","ProductIndex":169230}
{"itemId":"B008CLY0AK","ProductIndex":196625}
{"itemId":"B00006B767","ProductIndex":191452}
{"itemId":"B001SI4M3O","ProductIndex":176099}
{"itemId":"B002AN5JYC","ProductIndex":187853}
{"itemId":"B00C74O5TE","ProductIndex":205571}
{"itemId":"B00006JPL9","ProductIndex":176057}
{"itemId":"B008X0UYNM","ProductIndex":205752}
{"itemId":"B000B658N2","ProductIndex":206140}
{"itemId":"B003VA8DPU","ProductIndex":197050}
{"itemId":"B000CBX2G6","ProductIndex":175838}
{"itemId":"B00889O3F8","ProductIndex":194820}
{"itemId":"B0090I9UFO","ProductIndex":182461}
