{"itemId":"B0067PLM5E","ProductIndex":911}
{"itemId":"B00BMR7UPS","ProductIndex":18121}
{"itemId":"B000RI9HQI","ProductIndex":95273}
{"itemId":"B001BPE3KQ","ProductIndex":4588}
{"itemId":"B00AQUMZRA","ProductIndex":1936}
{"itemId":"B0028Y4DHM","ProductIndex":8552}
{"itemId":"B0001DQ5YG","ProductIndex":5071}
{"itemId":"B000E6HFX0","ProductIndex":31923}
{"itemId":"B000FNB3O4","ProductIndex":204825}
{"itemId":"B0000665V7","ProductIndex":20345}
{"itemId":"B0093HMKVI","ProductIndex":1437}
{"itemId":"B007X5MZKS","ProductIndex":19558}
{"itemId":"B004NEUKUO","ProductIndex":8795}
{"itemId":"B00A7VYO90","ProductIndex":4517}
{"itemId":"B000NWHVY8","ProductIndex":81163}
{"itemId":"B005DOWTKC","ProductIndex":25783}
{"itemId":"B003Z4TPPO","ProductIndex":6011}
{"itemId":"B001DMEYCY","ProductIndex":796}
{"itemId":"B002I007IA","ProductIndex":17518}
{"itemId":"B009NQRHEY","ProductIndex":4054}
{"itemId":"B000UXZQ42","ProductIndex":932}
{"itemId":"B0002FGEAS","ProductIndex":22263}
{"itemId":"B008LURQ76","ProductIndex":580}
{"itemId":"B0087ND9WS","ProductIndex":20148}
{"itemId":"B002LITI8E","ProductIndex":1616}
{"itemId":"B00468OM8I","ProductIndex":32961}
{"itemId":"B0075SUK14","ProductIndex":485}
{"itemId":"B000CS1TLE","ProductIndex":1560}
{"itemId":"B002HWRJBC","ProductIndex":1075}
{"itemId":"B000VJRUKS","ProductIndex":3208}
{"itemId":"B000246TOU","ProductIndex":161540}
{"itemId":"B0091GCDEK","ProductIndex":194072}
{"itemId":"B00CUJT7TO","ProductIndex":6772}
{"itemId":"B008PSPN6A","ProductIndex":51758}
{"itemId":"B0011Z2402","ProductIndex":8356}
{"itemId":"B0027AGK3M","ProductIndex":2217}
{"itemId":"B008CG12WE","ProductIndex":23728}
{"itemId":"B0029QCWQI","ProductIndex":121144}
{"itemId":"B003VTZE1M","ProductIndex":3356}
{"itemId":"B000HZBR64","ProductIndex":4896}
{"itemId":"B002JINFS0","ProductIndex":71882}
{"itemId":"B00006B9QF","ProductIndex":22970}
{"itemId":"B003SWLRLS","ProductIndex":565}
{"itemId":"B00CY9Q8AQ","ProductIndex":6434}
{"itemId":"B00AMPIVFO","ProductIndex":21277}
{"itemId":"B00AAKHCOM","ProductIndex":6876}
{"itemId":"B005I6DVC0","ProductIndex":2236}
{"itemId":"B003YUBE4E","ProductIndex":156380}
{"itemId":"B009Z3VDKO","ProductIndex":148606}
{"itemId":"B0078KP0SM","ProductIndex":13827}
{"itemId":"B0026711DU","ProductIndex":123300}
{"itemId":"B005UV27DM","ProductIndex":90679}
{"itemId":"B007PE1EFE","ProductIndex":52394}
{"itemId":"B001AMSPQI","ProductIndex":2812}
{"itemId":"B003BKW2K2","ProductIndex":1198}
{"itemId":"B00264GNR2","ProductIndex":12288}
{"itemId":"B00D8XNU6C","ProductIndex":35369}
{"itemId":"B004IS82T6","ProductIndex":55074}
{"itemId":"B009NHAF5G","ProductIndex":2722}
{"itemId":"B004H912FC","ProductIndex":5521}
{"itemId":"B005APT1FK","ProductIndex":94395}
{"itemId":"B000U6AHZW","ProductIndex":6451}
{"itemId":"B00305HI3O","ProductIndex":79834}
{"itemId":"B008JGR9MO","ProductIndex":587}
{"itemId":"B001A54Z7S","ProductIndex":50379}
{"itemId":"B00008XONS","ProductIndex":66452}
{"itemId":"B0017QQQAE","ProductIndex":10725}
{"itemId":"B00AJBIXK4","ProductIndex":11053}
{"itemId":"B005TLBWEI","ProductIndex":45626}
{"itemId":"B004RTE5BA","ProductIndex":5443}
{"itemId":"B002HPVFW8","ProductIndex":9027}
{"itemId":"B0074703CM","ProductIndex":680}
{"itemId":"B006WLBEPQ","ProductIndex":38892}
{"itemId":"B002ZQ5VQ0","ProductIndex":188788}
{"itemId":"B001P99T70","ProductIndex":49436}
{"itemId":"B006U4AV54","ProductIndex":13821}
{"itemId":"B004DJQXDW","ProductIndex":10303}
{"itemId":"B0012BRQDA","ProductIndex":88539}
{"itemId":"B0000XO3Y6","ProductIndex":72517}
{"itemId":"B0002K6XOK","ProductIndex":16022}
{"itemId":"B001JT02PO","ProductIndex":74216}
{"itemId":"B000CR78C4","ProductIndex":5885}
{"itemId":"B0022UNRJC","ProductIndex":153420}
{"itemId":"B0007TJ50A","ProductIndex":42439}
{"itemId":"B002CMKYJG","ProductIndex":50291}
{"itemId":"B001NJSC0M","ProductIndex":3048}
{"itemId":"B00A73KQPY","ProductIndex":64144}
{"itemId":"B000UZRNIW","ProductIndex":42013}
{"itemId":"B008KWBVR6","ProductIndex":36317}
{"itemId":"B0015BMO8Y","ProductIndex":200297}
{"itemId":"B004MME6SO","ProductIndex":18195}
{"itemId":"B00858I4F2","ProductIndex":16816}
{"itemId":"B00A42ZMSY","ProductIndex":90576}
{"itemId":"B008PKB146","ProductIndex":38734}
{"itemId":"B0000A2QBH","ProductIndex":150874}
{"itemId":"B00457390M","ProductIndex":80290}
{"itemId":"B001LF35VY","ProductIndex":41134}
{"itemId":"B0009VJESE","ProductIndex":38933}
{"itemId":"B00005LEOM","ProductIndex":27659}
{"itemId":"B001AAN4PW","ProductIndex":9970}
{"itemId":"B006T7QWIM","ProductIndex":21960}
{"itemId":"B00356J8HW","ProductIndex":91266}
{"itemId":"B002DPQRYS","ProductIndex":189471}
{"itemId":"B004ZJK1V0","ProductIndex":178658}
{"itemId":"B002UZLFI4","ProductIndex":35141}
{"itemId":"B005J31BCO","ProductIndex":11315}
{"itemId":"B004G6005Y","ProductIndex":87673}
{"itemId":"B001E5CDSM","ProductIndex":36640}
{"itemId":"B000JNNAU0","ProductIndex":58724}
{"itemId":"B006Q6X50O","ProductIndex":86345}
{"itemId":"B000QVY0JU","ProductIndex":48409}
{"itemId":"B000F004RE","ProductIndex":121635}
{"itemId":"B00IJD3QTC","ProductIndex":22363}
{"itemId":"B001LYPNFQ","ProductIndex":7489}
{"itemId":"B000FLRXKE","ProductIndex":32052}
{"itemId":"B001VKYAL8","ProductIndex":42235}
{"itemId":"B0006DPW4K","ProductIndex":204775}
{"itemId":"B007PZWXL2","ProductIndex":109621}
{"itemId":"B007PJVB3Y","ProductIndex":8357}
{"itemId":"B007PNZBRM","ProductIndex":8973}
{"itemId":"B002DUCMQU","ProductIndex":10315}
{"itemId":"B003S8STEA","ProductIndex":22696}
{"itemId":"B00BLHJVII","ProductIndex":25177}
{"itemId":"B0007SM8R8","ProductIndex":38449}
{"itemId":"B009AEMBT0","ProductIndex":81315}
{"itemId":"B005VK4RV2","ProductIndex":46988}
{"itemId":"B00006J6SA","ProductIndex":44000}
{"itemId":"B00E5IVJEE","ProductIndex":72850}
{"itemId":"B000LBZTIQ","ProductIndex":122351}
{"itemId":"B0088R8R1Q","ProductIndex":174553}
{"itemId":"B004SNCZ3K","ProductIndex":10440}
{"itemId":"B00B7ID99S","ProductIndex":38726}
{"itemId":"B00480P67K","ProductIndex":12137}
{"itemId":"B007NG3WRC","ProductIndex":97351}
{"itemId":"B0017XVPA8","ProductIndex":89906}
{"itemId":"B0037U810G","ProductIndex":131996}
{"itemId":"B000BI3Q9S","ProductIndex":173506}
{"itemId":"B00006B8BY","ProductIndex":26720}
{"itemId":"B006SMKCF2","ProductIndex":75248}
{"itemId":"B001KLVQEM","ProductIndex":84680}
{"itemId":"B004HFEVSG","ProductIndex":55935}
{"itemId":"B00004RC2I","ProductIndex":27163}
{"itemId":"B00DP3N3FI","ProductIndex":91442}
{"itemId":"B00CDIK48U","ProductIndex":5848}
{"itemId":"B009YE462G","ProductIndex":11085}
{"itemId":"B006428K7I","ProductIndex":31540}
{"itemId":"B00CMJ1I08","ProductIndex":29892}
{"itemId":"B00005NGQT","ProductIndex":120901}
{"itemId":"B001OOXBDO","ProductIndex":20297}
{"itemId":"B000PED78S","ProductIndex":43759}
{"itemId":"B003ES5B6S","ProductIndex":19314}
{"itemId":"B0028N78C0","ProductIndex":28235}
{"itemId":"B00460DHBY","ProductIndex":92407}
{"itemId":"B00763VWME","ProductIndex":87140}
{"itemId":"B007X8G5U6","ProductIndex":201235}
{"itemId":"B000053HHD","ProductIndex":41161}
{"itemId":"B001QK9I0Q","ProductIndex":7095}
{"itemId":"B000FADPKW","ProductIndex":69816}
{"itemId":"B00G2C3386","ProductIndex":45963}
{"itemId":"B000058AKE","ProductIndex":4659}
{"itemId":"B00AQDG9CO","ProductIndex":21745}
{"itemId":"B006TZB0NQ","ProductIndex":41210}
{"itemId":"B0037B2PR0","ProductIndex":41901}
{"itemId":"B009MPBF2G","ProductIndex":57584}
{"itemId":"B00523K104","ProductIndex":60626}
{"itemId":"B002MZZR6I","ProductIndex":29933}
{"itemId":"B006MQJ1HE","ProductIndex":187646}
{"itemId":"B000HKMM4A","ProductIndex":36561}
{"itemId":"B0014YZH9A","ProductIndex":4322}
{"itemId":"B0067WUSGQ","ProductIndex":26271}
{"itemId":"B0045DK5MG","ProductIndex":72508}
{"itemId":"B0002IEFA6","ProductIndex":126716}
{"itemId":"B001FO2VDO","ProductIndex":30400}
{"itemId":"B005HTMYTO","ProductIndex":28351}
{"itemId":"B004QE3UI0","ProductIndex":93869}
{"itemId":"B000KG6H10","ProductIndex":11159}
{"itemId":"B001CW13UQ","ProductIndex":34894}
{"itemId":"B006JSSFZO","ProductIndex":36093}
{"itemId":"B00AXKE3DM","ProductIndex":142498}
{"itemId":"B003GTSV44","ProductIndex":39118}
{"itemId":"B009UQ2JR2","ProductIndex":4155}
{"itemId":"B000BI5FQ0","ProductIndex":168802}
{"itemId":"B004NZJ3JC","ProductIndex":43862}
{"itemId":"B001YQ1968","ProductIndex":28380}
{"itemId":"B00IZ5B4M0","ProductIndex":55675}
{"itemId":"B000UU5TBU","ProductIndex":54369}
{"itemId":"B003GAM680","ProductIndex":91615}
{"itemId":"B008I652WO","ProductIndex":41383}
{"itemId":"B009AEOT7W","ProductIndex":53115}
{"itemId":"B000CBSTWI","ProductIndex":87949}
{"itemId":"B00506QPDU","ProductIndex":8535}
{"itemId":"B00G6K4TXC","ProductIndex":31322}
{"itemId":"B004QXFHJG","ProductIndex":11068}
{"itemId":"B002132LEM","ProductIndex":16193}
{"itemId":"B00ESJ9PQE","ProductIndex":30852}
{"itemId":"B004GHNEM4","ProductIndex":90193}
{"itemId":"B003XTFVO0","ProductIndex":78769}
{"itemId":"B000L9M0YO","ProductIndex":35051}
{"itemId":"B001JIHF0U","ProductIndex":27644}
{"itemId":"B003BZ6W44","ProductIndex":39628}
{"itemId":"B006P4FYV0","ProductIndex":129865}
{"itemId":"B00166BS12","ProductIndex":189628}
{"itemId":"B001O0DOBW","ProductIndex":73898}
{"itemId":"B004SPW7T0","ProductIndex":20486}
{"itemId":"B00ADG5FLK","ProductIndex":13397}
{"itemId":"B002N8A16U","ProductIndex":70691}
{"itemId":"B002QNDATW","ProductIndex":207188}
{"itemId":"B000F9NXW8","ProductIndex":32434}
{"itemId":"B00BS49ZF8","ProductIndex":31259}
{"itemId":"B004U7ZDRO","ProductIndex":57436}
{"itemId":"B0020L9BI4","ProductIndex":89663}
{"itemId":"B003D0ID8U","ProductIndex":8954}
{"itemId":"B004477D00","ProductIndex":4804}
{"itemId":"B003E45GI0","ProductIndex":93115}
{"itemId":"B000KIVNS0","ProductIndex":88574}
{"itemId":"B0072FPEES","ProductIndex":142630}
{"itemId":"B00006HXEO","ProductIndex":125260}
{"itemId":"B001QXDSR2","ProductIndex":31760}
{"itemId":"B004SBCG72","ProductIndex":41006}
{"itemId":"B00522H6GM","ProductIndex":200153}
{"itemId":"B00BRF7DAC","ProductIndex":125685}
{"itemId":"B0002FR2AE","ProductIndex":49457}
{"itemId":"B000GBYVPI","ProductIndex":72914}
{"itemId":"B00AFHP55S","ProductIndex":39278}
{"itemId":"B007QWJ6KK","ProductIndex":23991}
{"itemId":"B004ILVEA2","ProductIndex":65346}
{"itemId":"B0015A7CYG","ProductIndex":52461}
{"itemId":"B00F5R9O46","ProductIndex":25225}
{"itemId":"B000E19BZU","ProductIndex":190031}
{"itemId":"B001SIGXHC","ProductIndex":9297}
{"itemId":"B00BWTLZ5C","ProductIndex":16175}
{"itemId":"B007YBLYGC","ProductIndex":27980}
{"itemId":"B005HTI6PU","ProductIndex":76489}
{"itemId":"B003807GK6","ProductIndex":8516}
{"itemId":"B000RJJ0XW","ProductIndex":17388}
{"itemId":"B009AJBRH2","ProductIndex":105929}
{"itemId":"B003QLGZ04","ProductIndex":70864}
{"itemId":"B004EC1ZTK","ProductIndex":33737}
{"itemId":"B004GE16MC","ProductIndex":59150}
{"itemId":"B000OBMX14","ProductIndex":68608}
{"itemId":"B0001RM4I8","ProductIndex":25724}
{"itemId":"B000IZGI9Y","ProductIndex":28734}
{"itemId":"B001FVIU2S","ProductIndex":32160}
{"itemId":"B000N624A0","ProductIndex":159631}
{"itemId":"B004PIRAXI","ProductIndex":54630}
{"itemId":"B005JR1LXE","ProductIndex":10518}
{"itemId":"B00J9RO4Y8","ProductIndex":74892}
{"itemId":"B002U53N6G","ProductIndex":28252}
{"itemId":"B001HE0FXA","ProductIndex":33478}
{"itemId":"B00AZR0TXG","ProductIndex":72656}
{"itemId":"B007R6HTP4","ProductIndex":106893}
{"itemId":"B00EOGK4J8","ProductIndex":148267}
{"itemId":"B0077QL388","ProductIndex":157832}
{"itemId":"B004WJMROM","ProductIndex":204146}
{"itemId":"B000XCQ0LI","ProductIndex":16736}
{"itemId":"B00686I638","ProductIndex":50045}
{"itemId":"B006OS6L4G","ProductIndex":173546}
{"itemId":"B0036WT3XY","ProductIndex":38519}
{"itemId":"B009YYFK5S","ProductIndex":109225}
{"itemId":"B00KI2BD1U","ProductIndex":50786}
{"itemId":"B0068U5WCW","ProductIndex":144123}
{"itemId":"B003TUURMY","ProductIndex":94010}
{"itemId":"B005G2U6HY","ProductIndex":82630}
{"itemId":"B009UMVKWG","ProductIndex":60879}
{"itemId":"B004F58VJ8","ProductIndex":146733}
{"itemId":"B0047723KC","ProductIndex":126854}
{"itemId":"B00004TWM3","ProductIndex":41224}
{"itemId":"B005XJWR5O","ProductIndex":24400}
{"itemId":"B001V5885W","ProductIndex":108818}
{"itemId":"B00957SY6G","ProductIndex":28101}
{"itemId":"B00IZMD8E0","ProductIndex":177918}
{"itemId":"B004GWY5V8","ProductIndex":14655}
{"itemId":"B00B4W34T2","ProductIndex":15668}
{"itemId":"B004AX6Z3Y","ProductIndex":8216}
{"itemId":"B001T9N0EO","ProductIndex":13870}
{"itemId":"B0032CBTF8","ProductIndex":82455}
{"itemId":"B002IKKFTQ","ProductIndex":25911}
{"itemId":"B00CSH1RQ4","ProductIndex":45628}
{"itemId":"B003V31W3M","ProductIndex":168587}
{"itemId":"B003WU3GQ0","ProductIndex":142493}
{"itemId":"B009H8RI38","ProductIndex":38277}
{"itemId":"B007KTQDRS","ProductIndex":41106}
{"itemId":"B000S6F362","ProductIndex":138095}
{"itemId":"B003WM2LSC","ProductIndex":48568}
{"itemId":"B00006JP9Y","ProductIndex":88943}
{"itemId":"B004AM5AHW","ProductIndex":25690}
{"itemId":"B001GNC7PG","ProductIndex":49079}
{"itemId":"B0042GNM62","ProductIndex":72613}
{"itemId":"B00552Q7FU","ProductIndex":60348}
{"itemId":"B002BK80B8","ProductIndex":64960}
{"itemId":"B006VAONHE","ProductIndex":36149}
{"itemId":"B0054QJ2NG","ProductIndex":70171}
{"itemId":"B004QYU50G","ProductIndex":70092}
{"itemId":"B00009R6BK","ProductIndex":50752}
{"itemId":"B000KL1896","ProductIndex":71874}
{"itemId":"B000CSP000","ProductIndex":44909}
{"itemId":"B00070FIOG","ProductIndex":89142}
{"itemId":"B003SGDK46","ProductIndex":104007}
{"itemId":"B00943OTDS","ProductIndex":137858}
{"itemId":"B000FKP7PI","ProductIndex":54221}
{"itemId":"B00126Y2T6","ProductIndex":114238}
{"itemId":"B003BEDTBY","ProductIndex":27432}
{"itemId":"B000EGO99I","ProductIndex":97750}
{"itemId":"B00008I9ID","ProductIndex":69330}
{"itemId":"B001TCNP2S","ProductIndex":73333}
{"itemId":"B00AQR8W5W","ProductIndex":125736}
{"itemId":"B007OWY6P2","ProductIndex":28782}
{"itemId":"B00017LSCG","ProductIndex":47049}
{"itemId":"B0036FXCLK","ProductIndex":151142}
{"itemId":"B00D6E5LME","ProductIndex":111835}
{"itemId":"B004W8H3Z6","ProductIndex":90500}
{"itemId":"B000YQUTVK","ProductIndex":53328}
{"itemId":"B000XKXOS2","ProductIndex":172664}
{"itemId":"B0048HMJKU","ProductIndex":73168}
{"itemId":"B003EUVDHC","ProductIndex":186273}
{"itemId":"B00FD7WOI6","ProductIndex":113680}
{"itemId":"B00111C6U4","ProductIndex":150011}
{"itemId":"B0001BXYP6","ProductIndex":51788}
{"itemId":"B0041FX7FA","ProductIndex":74792}
{"itemId":"B000AW1G4M","ProductIndex":80758}
{"itemId":"B004KRHU0M","ProductIndex":98720}
{"itemId":"B0006NAS8K","ProductIndex":114267}
{"itemId":"B001MGRKMC","ProductIndex":129478}
{"itemId":"B003E1JTYA","ProductIndex":34056}
{"itemId":"B001TUYTWA","ProductIndex":44375}
{"itemId":"B0063IZFTY","ProductIndex":121143}
{"itemId":"B007BL57QS","ProductIndex":176551}
{"itemId":"B003YTTN9I","ProductIndex":19093}
{"itemId":"B00CR60VPY","ProductIndex":206909}
{"itemId":"B005JXH1E6","ProductIndex":39611}
{"itemId":"B00520BL8I","ProductIndex":7323}
{"itemId":"B0053PYDQO","ProductIndex":88852}
{"itemId":"B00009W3U0","ProductIndex":72475}
{"itemId":"B0058LTTVM","ProductIndex":70626}
{"itemId":"B00D36RQQO","ProductIndex":77768}
{"itemId":"B000KP8OUS","ProductIndex":71687}
{"itemId":"B005L94EAM","ProductIndex":15171}
{"itemId":"B007CTLS76","ProductIndex":57741}
{"itemId":"B005276QS6","ProductIndex":18542}
{"itemId":"B00488B55Y","ProductIndex":55895}
{"itemId":"B004LB5AT0","ProductIndex":70361}
{"itemId":"B00HSEW2AM","ProductIndex":77303}
{"itemId":"B007ROQFIS","ProductIndex":108889}
{"itemId":"B002A6G2N6","ProductIndex":67228}
{"itemId":"B000A7QHDC","ProductIndex":100589}
{"itemId":"B00009R6CM","ProductIndex":167233}
{"itemId":"B00E1TMDVA","ProductIndex":44818}
{"itemId":"B000BWZONU","ProductIndex":50430}
{"itemId":"B002QSDB14","ProductIndex":78337}
{"itemId":"B006YZC23S","ProductIndex":133505}
{"itemId":"B00GH6TZHU","ProductIndex":33613}
{"itemId":"B001U90H2G","ProductIndex":38824}
{"itemId":"B002DYJ0UM","ProductIndex":72970}
{"itemId":"B009KT9W5Q","ProductIndex":69254}
{"itemId":"B001UEH4KY","ProductIndex":94094}
{"itemId":"B000CP4O50","ProductIndex":133266}
{"itemId":"B002N7VY8U","ProductIndex":175169}
{"itemId":"B006BGUQR4","ProductIndex":59979}
{"itemId":"B006J4G49C","ProductIndex":26606}
{"itemId":"B006WVX1JI","ProductIndex":93105}
{"itemId":"B002S3YND2","ProductIndex":167264}
{"itemId":"B005DNM1ME","ProductIndex":112734}
{"itemId":"B0000CCY7A","ProductIndex":23066}
{"itemId":"B00009RO7M","ProductIndex":130414}
{"itemId":"B005FCGOIK","ProductIndex":125244}
{"itemId":"B001XLT8TE","ProductIndex":128462}
{"itemId":"B005H3B4KU","ProductIndex":48387}
{"itemId":"B00HSJN3XM","ProductIndex":130837}
{"itemId":"B005K49NMW","ProductIndex":123952}
{"itemId":"B0056BSQ2C","ProductIndex":113667}
{"itemId":"B0060KKWS4","ProductIndex":138511}
{"itemId":"B002WRIBNW","ProductIndex":95155}
{"itemId":"B003VKEPHK","ProductIndex":53629}
{"itemId":"B006PK9MIA","ProductIndex":72833}
{"itemId":"B009GLYA32","ProductIndex":182202}
{"itemId":"B0001XGQPO","ProductIndex":103446}
{"itemId":"B0009I96LC","ProductIndex":18564}
{"itemId":"B005QFH7Z0","ProductIndex":124968}
{"itemId":"B0000659A8","ProductIndex":53184}
{"itemId":"B002C8OEQE","ProductIndex":89234}
{"itemId":"B00E3DECL8","ProductIndex":151755}
{"itemId":"B00BANUA1A","ProductIndex":191260}
{"itemId":"B0071H166W","ProductIndex":172504}
{"itemId":"B00DW9U3B2","ProductIndex":35463}
{"itemId":"B00B5BRIMG","ProductIndex":25578}
{"itemId":"B004W5CR00","ProductIndex":129106}
{"itemId":"B00G55T6YU","ProductIndex":85563}
{"itemId":"B00117TZ6G","ProductIndex":163103}
{"itemId":"B000S0QA0Q","ProductIndex":70028}
{"itemId":"B0002IED58","ProductIndex":136825}
{"itemId":"B00006J05Z","ProductIndex":110227}
{"itemId":"B005IEHMLI","ProductIndex":135634}
{"itemId":"B00GX6ICVO","ProductIndex":80767}
{"itemId":"B00009UHGR","ProductIndex":102185}
{"itemId":"B003H4QOAG","ProductIndex":87792}
{"itemId":"B00GLJBTQ8","ProductIndex":97617}
{"itemId":"B003U8K64O","ProductIndex":91291}
{"itemId":"B00A01SX1W","ProductIndex":100042}
{"itemId":"B0011WN7C4","ProductIndex":77808}
{"itemId":"B000FL2DYA","ProductIndex":197157}
{"itemId":"B003EAUBDE","ProductIndex":103352}
{"itemId":"B007HQ8F7U","ProductIndex":42561}
{"itemId":"B003EM82DS","ProductIndex":72684}
{"itemId":"B000EDZSW8","ProductIndex":105135}
{"itemId":"B0000AINE1","ProductIndex":59968}
{"itemId":"B00009MJDJ","ProductIndex":146295}
{"itemId":"B0085E1BN8","ProductIndex":40017}
{"itemId":"B000GJGXME","ProductIndex":121156}
{"itemId":"B003J7YOTO","ProductIndex":28273}
{"itemId":"B002K9M8WM","ProductIndex":144210}
{"itemId":"B0044TQ5GQ","ProductIndex":157363}
{"itemId":"B004IAPSAA","ProductIndex":65579}
{"itemId":"B00006B6X8","ProductIndex":131398}
{"itemId":"B0018QROHC","ProductIndex":18428}
{"itemId":"B000CCSX5A","ProductIndex":63318}
{"itemId":"B003V8B3DQ","ProductIndex":85268}
{"itemId":"B000FI72ZI","ProductIndex":120059}
{"itemId":"B004AXKILY","ProductIndex":92253}
{"itemId":"B009KUF25O","ProductIndex":40461}
{"itemId":"B0034D6LUS","ProductIndex":87884}
{"itemId":"B0041HTZZ4","ProductIndex":109577}
{"itemId":"B00373LR68","ProductIndex":31673}
{"itemId":"B000ILSALM","ProductIndex":86303}
{"itemId":"B0036IOCG6","ProductIndex":147950}
{"itemId":"B003TPSDS4","ProductIndex":137890}
{"itemId":"B009T0OBZ2","ProductIndex":158750}
{"itemId":"B00CVDKHAM","ProductIndex":119745}
{"itemId":"B000KL2SCM","ProductIndex":129241}
{"itemId":"B007ILDWPO","ProductIndex":40877}
{"itemId":"B00CD31QZA","ProductIndex":196901}
{"itemId":"B00ATANUVC","ProductIndex":49678}
{"itemId":"B002KOGQEI","ProductIndex":37904}
{"itemId":"B003WHEV0I","ProductIndex":53796}
{"itemId":"B004O981EA","ProductIndex":135965}
{"itemId":"B00GUYEEE8","ProductIndex":179381}
{"itemId":"B003IR13R6","ProductIndex":101580}
{"itemId":"B005QQ6OUI","ProductIndex":48310}
{"itemId":"B007IXI9A0","ProductIndex":127426}
{"itemId":"B0055REJ32","ProductIndex":196614}
{"itemId":"B0007Y6AFI","ProductIndex":159760}
{"itemId":"B00DMI2FJG","ProductIndex":96413}
{"itemId":"B000068IDS","ProductIndex":29264}
{"itemId":"B0018LLKO0","ProductIndex":120486}
{"itemId":"B000M0FWM4","ProductIndex":45010}
{"itemId":"B008DF53W4","ProductIndex":48653}
{"itemId":"B0006FS29U","ProductIndex":81673}
{"itemId":"B000EZP1Y6","ProductIndex":52755}
{"itemId":"B00A0AGF18","ProductIndex":123977}
{"itemId":"B0055P3JYE","ProductIndex":73302}
{"itemId":"B007DZG4IW","ProductIndex":116122}
{"itemId":"B005DHKRVC","ProductIndex":38044}
{"itemId":"B003IT6Z6I","ProductIndex":25949}
{"itemId":"B001A5K3BK","ProductIndex":56628}
{"itemId":"B0043CGJZQ","ProductIndex":84258}
{"itemId":"B004Z4LOFM","ProductIndex":159537}
{"itemId":"B004PRUTLY","ProductIndex":29124}
{"itemId":"B0045ZXJUY","ProductIndex":82019}
{"itemId":"B00IYA2ZJW","ProductIndex":96223}
{"itemId":"B00BCWCC5G","ProductIndex":158282}
{"itemId":"B00427ZX8Q","ProductIndex":86024}
{"itemId":"B007MQ7VWK","ProductIndex":66444}
{"itemId":"B007WU4GS8","ProductIndex":123917}
{"itemId":"B0046UHIJG","ProductIndex":93472}
{"itemId":"B000X7RF9O","ProductIndex":179573}
{"itemId":"B0058KJK0S","ProductIndex":105117}
{"itemId":"B001AWET86","ProductIndex":100289}
{"itemId":"B006Z0287W","ProductIndex":32658}
{"itemId":"B000ZJ7M6G","ProductIndex":169468}
{"itemId":"B000REHHL4","ProductIndex":110570}
{"itemId":"B001P05MCA","ProductIndex":141939}
{"itemId":"B001B8WA94","ProductIndex":103212}
{"itemId":"B00GDUK0J2","ProductIndex":88216}
{"itemId":"B0032GVAAI","ProductIndex":57398}
{"itemId":"B0039L6JIY","ProductIndex":53244}
{"itemId":"B004NFQBEC","ProductIndex":35193}
{"itemId":"B00008DCYE","ProductIndex":110973}
{"itemId":"B0035718CE","ProductIndex":45415}
{"itemId":"B00B144EDS","ProductIndex":79748}
{"itemId":"B001TIJZQC","ProductIndex":25913}
{"itemId":"B00460LHDY","ProductIndex":117313}
{"itemId":"B000083EB2","ProductIndex":65446}
{"itemId":"B000F6Y686","ProductIndex":46620}
{"itemId":"B00EK5KERA","ProductIndex":115417}
{"itemId":"B001RPXWX4","ProductIndex":44093}
{"itemId":"B0047QZIC8","ProductIndex":165893}
{"itemId":"B003B4AVSS","ProductIndex":96631}
{"itemId":"B000VRV6LY","ProductIndex":21592}
{"itemId":"B000QDF3I0","ProductIndex":128778}
{"itemId":"B003EEISBM","ProductIndex":90787}
{"itemId":"B00IO99DEI","ProductIndex":182756}
{"itemId":"B0073IXWR0","ProductIndex":98867}
{"itemId":"B000JLJFZ6","ProductIndex":196041}
{"itemId":"B001JQJ8N4","ProductIndex":28296}
{"itemId":"B004RR4Z3A","ProductIndex":199523}
{"itemId":"B000MUUG2K","ProductIndex":72031}
{"itemId":"B004SK60YS","ProductIndex":104955}
{"itemId":"B0073UUF7I","ProductIndex":142608}
{"itemId":"B00FPT5U10","ProductIndex":140129}
{"itemId":"B005GUSWA4","ProductIndex":145765}
{"itemId":"B009XEEWYE","ProductIndex":81461}
{"itemId":"B001KVXTTW","ProductIndex":65854}
{"itemId":"B0014EBKRS","ProductIndex":112574}
{"itemId":"B000GHVZO2","ProductIndex":37547}
{"itemId":"B0098HGNGG","ProductIndex":65802}
{"itemId":"B003V3PZJE","ProductIndex":191505}
{"itemId":"B009PDYDWE","ProductIndex":101538}
{"itemId":"B004Y4WR0E","ProductIndex":52728}
{"itemId":"B0066T6CXI","ProductIndex":175266}
{"itemId":"B0045VZW4O","ProductIndex":103766}
{"itemId":"B0016J1EKO","ProductIndex":28297}
{"itemId":"B00IUBX5JE","ProductIndex":64925}
{"itemId":"B003EH0JZW","ProductIndex":62951}
{"itemId":"B003ICXAMC","ProductIndex":150012}
{"itemId":"B009RUU4HI","ProductIndex":27976}
{"itemId":"B0099VB4YM","ProductIndex":75157}
{"itemId":"B003YSWNNW","ProductIndex":62036}
{"itemId":"B005TIEC5C","ProductIndex":118925}
{"itemId":"B0000665V4","ProductIndex":47171}
{"itemId":"B007X5Q42S","ProductIndex":127814}
{"itemId":"B001G34D9O","ProductIndex":135718}
{"itemId":"B00EDSI7K0","ProductIndex":21952}
{"itemId":"B004TLL730","ProductIndex":133295}
{"itemId":"B006Z2SRCK","ProductIndex":48616}
{"itemId":"B001C6URV8","ProductIndex":43893}
{"itemId":"B004MTH3QE","ProductIndex":35004}
{"itemId":"B001W0HLB8","ProductIndex":94576}
{"itemId":"B0080E8HKS","ProductIndex":175663}
{"itemId":"B000I73B38","ProductIndex":47918}
{"itemId":"B00598NJ10","ProductIndex":31337}
{"itemId":"B00028XPYI","ProductIndex":134878}
{"itemId":"B000CMLZDW","ProductIndex":84320}
{"itemId":"B00002NDS0","ProductIndex":173826}
{"itemId":"B007TKYJSI","ProductIndex":88528}
{"itemId":"B00A3NIN9Y","ProductIndex":112431}
{"itemId":"B0085IWWX2","ProductIndex":109214}
{"itemId":"B0002A6YBC","ProductIndex":93371}
{"itemId":"B005CO8TLG","ProductIndex":71714}
{"itemId":"B0055IEE0Y","ProductIndex":200931}
{"itemId":"B00ECKKUHM","ProductIndex":99671}
{"itemId":"B006YVM976","ProductIndex":100197}
{"itemId":"B004BLRMP0","ProductIndex":68500}
{"itemId":"B00069QL0I","ProductIndex":173754}
{"itemId":"B0032FOJRK","ProductIndex":71872}
{"itemId":"B00G037DQU","ProductIndex":46864}
{"itemId":"B000K4YO6W","ProductIndex":28086}
{"itemId":"B00AJWJMRG","ProductIndex":103611}
{"itemId":"B00005KB2N","ProductIndex":57997}
{"itemId":"B002OXPR5E","ProductIndex":64474}
{"itemId":"B0053ZS5XG","ProductIndex":100051}
{"itemId":"B00AVXCJEG","ProductIndex":140721}
{"itemId":"B006YDLYYI","ProductIndex":140794}
{"itemId":"B00DZYOIJ2","ProductIndex":102491}
{"itemId":"B001E5JWFO","ProductIndex":95721}
{"itemId":"B00001P4X5","ProductIndex":79042}
{"itemId":"B0052QKQJM","ProductIndex":19894}
{"itemId":"B000E5BL0O","ProductIndex":95016}
{"itemId":"B00006HON3","ProductIndex":62013}
{"itemId":"B00CHH2UGQ","ProductIndex":193727}
{"itemId":"B003L18YOE","ProductIndex":101393}
{"itemId":"B00BC20EM4","ProductIndex":101179}
{"itemId":"B004K2POPA","ProductIndex":151898}
{"itemId":"B00AY74L90","ProductIndex":65891}
{"itemId":"B00005LDQH","ProductIndex":83704}
{"itemId":"B009AEVLJ6","ProductIndex":120448}
{"itemId":"B0073WYC3O","ProductIndex":55498}
{"itemId":"B0019K6MRA","ProductIndex":192999}
{"itemId":"B002POFQKS","ProductIndex":72671}
{"itemId":"B004TNE67C","ProductIndex":164917}
{"itemId":"B00012FVZ6","ProductIndex":55534}
{"itemId":"B0028CIC8U","ProductIndex":60061}
{"itemId":"B008KOO5DQ","ProductIndex":151328}
{"itemId":"B002W05Q8M","ProductIndex":130847}
{"itemId":"B0046TMTIC","ProductIndex":137341}
{"itemId":"B008RX2ZV4","ProductIndex":60744}
{"itemId":"B00000JFJA","ProductIndex":99288}
{"itemId":"B00004SCIT","ProductIndex":138451}
{"itemId":"B0057M1KNW","ProductIndex":84355}
{"itemId":"B0024NKGY6","ProductIndex":78861}
{"itemId":"B001QGNZXG","ProductIndex":153653}
{"itemId":"B000DZKRSM","ProductIndex":37561}
{"itemId":"B002CMEIV6","ProductIndex":41003}
{"itemId":"B0001YXWTG","ProductIndex":128296}
{"itemId":"B00BY3M2UI","ProductIndex":80580}
{"itemId":"B007B6QWPS","ProductIndex":122818}
{"itemId":"B001AO2T18","ProductIndex":21803}
{"itemId":"B009EJ9202","ProductIndex":47184}
{"itemId":"B000FCSWRQ","ProductIndex":86670}
{"itemId":"B00460ATSS","ProductIndex":190698}
{"itemId":"B004D0SSOS","ProductIndex":171936}
{"itemId":"B002668AQW","ProductIndex":45492}
{"itemId":"B002B8EK5A","ProductIndex":102949}
{"itemId":"B004ODK66C","ProductIndex":170736}
{"itemId":"B002ZAMHTK","ProductIndex":32894}
{"itemId":"B009LKNHLY","ProductIndex":57062}
{"itemId":"B005ODK3N2","ProductIndex":98535}
{"itemId":"B0032ALW6G","ProductIndex":158433}
{"itemId":"B002YFUN56","ProductIndex":60472}
{"itemId":"B004H8FTMU","ProductIndex":88278}
{"itemId":"B001HQ812A","ProductIndex":52248}
{"itemId":"B00ESLEBLG","ProductIndex":83961}
{"itemId":"B0079WIITW","ProductIndex":82522}
{"itemId":"B001C4EUGI","ProductIndex":137165}
{"itemId":"B003FL2UAO","ProductIndex":126168}
{"itemId":"B00BF8ESHM","ProductIndex":125990}
{"itemId":"B004KVLB76","ProductIndex":108553}
{"itemId":"B00G53TDF4","ProductIndex":109035}
{"itemId":"B003GVCUKI","ProductIndex":96329}
{"itemId":"B000GKBXEQ","ProductIndex":176876}
{"itemId":"B000LQKA6C","ProductIndex":51041}
{"itemId":"B002OXEZN4","ProductIndex":90224}
{"itemId":"B005VG6CT6","ProductIndex":133257}
{"itemId":"B007ULKHY6","ProductIndex":206060}
{"itemId":"B004HMTKQC","ProductIndex":133701}
{"itemId":"B0001F22NM","ProductIndex":125442}
{"itemId":"B003DY663K","ProductIndex":63548}
{"itemId":"B00HMOQUT2","ProductIndex":204840}
{"itemId":"B00FW1DZEA","ProductIndex":93838}
{"itemId":"B006XPDLD4","ProductIndex":134200}
{"itemId":"B00004S5H5","ProductIndex":67513}
{"itemId":"B00005OCY6","ProductIndex":116838}
{"itemId":"B00004Z7I2","ProductIndex":144906}
{"itemId":"B007YBLJ3A","ProductIndex":127672}
{"itemId":"B0089VNAC2","ProductIndex":51251}
{"itemId":"B0001AU9AU","ProductIndex":61579}
{"itemId":"B0052ONCDQ","ProductIndex":55737}
{"itemId":"B0096W5B3O","ProductIndex":104318}
{"itemId":"B001P4CCF6","ProductIndex":118312}
{"itemId":"B003G2YZUK","ProductIndex":108433}
{"itemId":"B001AJFWNK","ProductIndex":130993}
{"itemId":"B001O8TOIQ","ProductIndex":122498}
{"itemId":"B002OXTKI4","ProductIndex":75795}
{"itemId":"B002JG1R0K","ProductIndex":160021}
{"itemId":"B004SQ5OYO","ProductIndex":62926}
{"itemId":"B000M2O8B8","ProductIndex":51552}
{"itemId":"B006B7VK5U","ProductIndex":38305}
{"itemId":"B005YQX7NW","ProductIndex":204888}
{"itemId":"B0030ACE06","ProductIndex":132191}
{"itemId":"B001ATPFBO","ProductIndex":164680}
{"itemId":"B0013FVZLY","ProductIndex":119973}
{"itemId":"B001PPVNT6","ProductIndex":150228}
{"itemId":"B00004S90K","ProductIndex":115501}
{"itemId":"B003ORXRT2","ProductIndex":128608}
{"itemId":"B000OFJZW0","ProductIndex":175970}
{"itemId":"B0016GPDFO","ProductIndex":157893}
{"itemId":"B000HAQHXC","ProductIndex":71184}
{"itemId":"B005S43AAK","ProductIndex":71155}
{"itemId":"B0036WT4AG","ProductIndex":25149}
{"itemId":"B005NCK9SI","ProductIndex":148111}
{"itemId":"B003K1V99C","ProductIndex":64617}
{"itemId":"B007V4DTT2","ProductIndex":132506}
{"itemId":"B005ENB4EY","ProductIndex":117008}
{"itemId":"B002TZZDRO","ProductIndex":152809}
{"itemId":"B004SJY2WG","ProductIndex":120831}
{"itemId":"B0031EHT9W","ProductIndex":140912}
{"itemId":"B003X9KEDS","ProductIndex":105935}
{"itemId":"B0009ME7FI","ProductIndex":56045}
{"itemId":"B007X59LTG","ProductIndex":130282}
{"itemId":"B000VA2IGI","ProductIndex":182532}
{"itemId":"B00004THDA","ProductIndex":113191}
{"itemId":"B003E2XXR8","ProductIndex":93693}
{"itemId":"B00CXYIKV2","ProductIndex":175572}
{"itemId":"B00CAX2274","ProductIndex":78737}
{"itemId":"B00ABC28V6","ProductIndex":108591}
{"itemId":"B00068YULQ","ProductIndex":135501}
{"itemId":"B00EZ6O4WA","ProductIndex":132488}
{"itemId":"B004LKG8YW","ProductIndex":94702}
{"itemId":"B00E0LQT5U","ProductIndex":103582}
{"itemId":"B00318BHGE","ProductIndex":98237}
{"itemId":"B0002ZDPO6","ProductIndex":107959}
{"itemId":"B003XSWISS","ProductIndex":24260}
{"itemId":"B000GON01G","ProductIndex":74785}
{"itemId":"B000GX9NWM","ProductIndex":170066}
{"itemId":"B000M2FC4K","ProductIndex":103054}
{"itemId":"B000KA5SIE","ProductIndex":145816}
{"itemId":"B0058N58RY","ProductIndex":90748}
{"itemId":"B005282MPQ","ProductIndex":207180}
{"itemId":"B005G5MFPM","ProductIndex":131766}
{"itemId":"B005NE7D0S","ProductIndex":154346}
{"itemId":"B004NEULIU","ProductIndex":70820}
{"itemId":"B0040N55VW","ProductIndex":39007}
{"itemId":"B00902G49U","ProductIndex":135152}
{"itemId":"B001AI1SCK","ProductIndex":112910}
{"itemId":"B00006I5JP","ProductIndex":145338}
{"itemId":"B004GK0KXW","ProductIndex":140134}
{"itemId":"B004RM950I","ProductIndex":120617}
{"itemId":"B00F9WGDVO","ProductIndex":116905}
{"itemId":"B007BKNWSE","ProductIndex":107011}
{"itemId":"B00003006Z","ProductIndex":170215}
{"itemId":"B00344P55Y","ProductIndex":62940}
{"itemId":"B005553J0S","ProductIndex":130144}
{"itemId":"B003R7KMT2","ProductIndex":52893}
{"itemId":"B004AC8P74","ProductIndex":77172}
{"itemId":"B001793604","ProductIndex":167063}
{"itemId":"B005H4I22W","ProductIndex":124591}
{"itemId":"B00FZ6W5CA","ProductIndex":165133}
{"itemId":"B001CIRDJU","ProductIndex":142505}
{"itemId":"B00BCGV0KA","ProductIndex":47158}
{"itemId":"B0081VFC9O","ProductIndex":100437}
{"itemId":"B004FLP9YW","ProductIndex":61790}
{"itemId":"B00CUE0BYY","ProductIndex":188267}
{"itemId":"B006G6VDQC","ProductIndex":75445}
{"itemId":"B007O31Z5K","ProductIndex":152662}
{"itemId":"B000LBGNQ8","ProductIndex":65911}
{"itemId":"B0049GEEAI","ProductIndex":161447}
{"itemId":"B00C6TP52Q","ProductIndex":199025}
{"itemId":"B00ESM433G","ProductIndex":94226}
{"itemId":"B00FA7LD0Y","ProductIndex":108179}
{"itemId":"B001HBIZ3K","ProductIndex":76413}
{"itemId":"B004QPHQPM","ProductIndex":79983}
{"itemId":"B004URCE4O","ProductIndex":108147}
{"itemId":"B00328SB7G","ProductIndex":113003}
{"itemId":"B003UNF0JK","ProductIndex":201989}
{"itemId":"B00BJMX8KM","ProductIndex":140856}
{"itemId":"B0014KKU46","ProductIndex":87105}
{"itemId":"B000ZZYLQY","ProductIndex":173854}
{"itemId":"B0082OV5UU","ProductIndex":113848}
{"itemId":"B00HVRB6XU","ProductIndex":107457}
{"itemId":"B009Y03VE4","ProductIndex":207608}
{"itemId":"B00GTB3WU4","ProductIndex":61483}
{"itemId":"B001W3I9EI","ProductIndex":174550}
{"itemId":"B003E2SYNG","ProductIndex":147644}
{"itemId":"B006IW7OKI","ProductIndex":171109}
{"itemId":"B001LTTRLW","ProductIndex":52356}
{"itemId":"B002VT2CNG","ProductIndex":183001}
{"itemId":"B0043D2L5C","ProductIndex":57536}
{"itemId":"B00F0AAPRS","ProductIndex":64841}
{"itemId":"B00005NKXC","ProductIndex":132487}
{"itemId":"B006UR3LXU","ProductIndex":105770}
{"itemId":"B003VW5Q08","ProductIndex":58675}
{"itemId":"B00DWB6V16","ProductIndex":151669}
{"itemId":"B007Q4DGJ0","ProductIndex":166881}
{"itemId":"B0070JQTGS","ProductIndex":114573}
{"itemId":"B002VVVCPI","ProductIndex":137609}
{"itemId":"B0029T5SSE","ProductIndex":155382}
{"itemId":"B001F2CG22","ProductIndex":122417}
{"itemId":"B00AIF0TXA","ProductIndex":156979}
{"itemId":"B0000YCFC2","ProductIndex":65750}
{"itemId":"B000KZWZ9Y","ProductIndex":200296}
{"itemId":"B000BHITX2","ProductIndex":194450}
{"itemId":"B00JXLGECA","ProductIndex":84148}
{"itemId":"B00000JDFE","ProductIndex":136420}
{"itemId":"B00EWC0BQ0","ProductIndex":51199}
{"itemId":"B0043UVC0U","ProductIndex":125426}
{"itemId":"B008XXC2CA","ProductIndex":56788}
{"itemId":"B00006I5BV","ProductIndex":49209}
{"itemId":"B0021I0D6A","ProductIndex":163684}
{"itemId":"B00IN2WD5C","ProductIndex":64848}
{"itemId":"B00HFRIU6C","ProductIndex":112371}
{"itemId":"B0041O5GB4","ProductIndex":112668}
{"itemId":"B000PHG7AA","ProductIndex":56522}
{"itemId":"B002QAUJCG","ProductIndex":184316}
{"itemId":"B001PSXCFG","ProductIndex":131976}
{"itemId":"B0076S1CCY","ProductIndex":41897}
{"itemId":"B001Q2EHGO","ProductIndex":132686}
{"itemId":"B0006OQY3C","ProductIndex":124952}
{"itemId":"B000LQY5TA","ProductIndex":43137}
{"itemId":"B0096P62G6","ProductIndex":82875}
{"itemId":"B005VULT2C","ProductIndex":42322}
{"itemId":"B00E0MZY50","ProductIndex":170362}
{"itemId":"B00155R78C","ProductIndex":101412}
{"itemId":"B00008Z1PC","ProductIndex":113309}
{"itemId":"B0001W2XJI","ProductIndex":103380}
{"itemId":"B005VS25J0","ProductIndex":126776}
{"itemId":"B001CVF736","ProductIndex":156996}
{"itemId":"B007AQK2CI","ProductIndex":117814}
{"itemId":"B00G5FOSQG","ProductIndex":116137}
{"itemId":"B00147OO00","ProductIndex":169675}
{"itemId":"B00B867VWK","ProductIndex":53616}
{"itemId":"B003JFH0JM","ProductIndex":135190}
{"itemId":"B00B2UXHHA","ProductIndex":177691}
{"itemId":"B00B3JJR3S","ProductIndex":191057}
{"itemId":"B005NYV2M8","ProductIndex":152712}
{"itemId":"B001TC6P7K","ProductIndex":123396}
{"itemId":"B004V3NNUG","ProductIndex":36918}
{"itemId":"B00CEPDJL6","ProductIndex":171796}
{"itemId":"B000YA08DA","ProductIndex":149401}
{"itemId":"B002PAQYDA","ProductIndex":153187}
{"itemId":"B0000AJ3MG","ProductIndex":85837}
{"itemId":"B0094AZTHQ","ProductIndex":82640}
{"itemId":"B002YVBEYE","ProductIndex":102022}
{"itemId":"B005E44DPK","ProductIndex":179105}
{"itemId":"B00DDK1RME","ProductIndex":143188}
{"itemId":"B001E4T386","ProductIndex":48218}
{"itemId":"B00ESR0U2E","ProductIndex":138396}
{"itemId":"B006JSFJQ2","ProductIndex":180844}
{"itemId":"B002924MI8","ProductIndex":148008}
{"itemId":"B009LTUFMO","ProductIndex":141072}
{"itemId":"B0054RJ9EW","ProductIndex":78916}
{"itemId":"B004AN05KI","ProductIndex":138910}
{"itemId":"B004AUQG8G","ProductIndex":109308}
{"itemId":"B007D6VDT6","ProductIndex":162899}
{"itemId":"B0002H3NL4","ProductIndex":92876}
{"itemId":"B001AILXWK","ProductIndex":76972}
{"itemId":"B0013AZYWK","ProductIndex":120919}
{"itemId":"B00GNRI1ZK","ProductIndex":105758}
{"itemId":"B002V3MZ1G","ProductIndex":68094}
{"itemId":"B0035LBMAI","ProductIndex":83038}
{"itemId":"B008CLY082","ProductIndex":127948}
{"itemId":"B00AR9ZYYQ","ProductIndex":109270}
{"itemId":"B001U95X6G","ProductIndex":160447}
{"itemId":"B007K94KVY","ProductIndex":99229}
{"itemId":"B008S2S6B2","ProductIndex":125665}
{"itemId":"B0007QN88S","ProductIndex":52450}
{"itemId":"B003015L1O","ProductIndex":195662}
{"itemId":"B003YD4FTM","ProductIndex":117821}
{"itemId":"B004NH65MS","ProductIndex":159972}
{"itemId":"B00009NR0R","ProductIndex":85475}
{"itemId":"B000F4EJOY","ProductIndex":132511}
{"itemId":"B0014CFBJI","ProductIndex":88028}
{"itemId":"B000BFLG5M","ProductIndex":186188}
{"itemId":"B00CIDG5RY","ProductIndex":195433}
{"itemId":"B007GFUQFG","ProductIndex":132204}
{"itemId":"B000DZSJIM","ProductIndex":121620}
{"itemId":"B00352MBS4","ProductIndex":89005}
{"itemId":"B005OZSXKK","ProductIndex":189079}
{"itemId":"B000KE3ESG","ProductIndex":93827}
{"itemId":"B000TPTRM8","ProductIndex":150699}
{"itemId":"B00008KV56","ProductIndex":128675}
{"itemId":"B0009O5MUA","ProductIndex":163940}
{"itemId":"B00005121X","ProductIndex":182446}
{"itemId":"B00004RD88","ProductIndex":110005}
{"itemId":"B000KL6JH2","ProductIndex":178057}
{"itemId":"B00110KAIU","ProductIndex":128658}
{"itemId":"B00595L1I6","ProductIndex":93498}
{"itemId":"B003EV4RSI","ProductIndex":200558}
{"itemId":"B007XUCSYQ","ProductIndex":135329}
{"itemId":"B001GGGBVE","ProductIndex":109819}
{"itemId":"B0000510MF","ProductIndex":170742}
{"itemId":"B007HOHTYC","ProductIndex":146948}
{"itemId":"B0092GTZB8","ProductIndex":105390}
{"itemId":"B00CW8WUGA","ProductIndex":125844}
{"itemId":"B000LFVFU8","ProductIndex":106339}
{"itemId":"B001M4HTGQ","ProductIndex":122314}
{"itemId":"B00AWM08LM","ProductIndex":201587}
{"itemId":"B002KE7O5S","ProductIndex":117750}
{"itemId":"B00AZG8WYK","ProductIndex":124118}
{"itemId":"B00GFGQHS2","ProductIndex":105531}
{"itemId":"B00EH5V1S4","ProductIndex":147665}
{"itemId":"B004AB38MM","ProductIndex":71095}
{"itemId":"B000QV9T6Y","ProductIndex":91399}
{"itemId":"B000E59I2C","ProductIndex":117315}
{"itemId":"B006E5NZ6G","ProductIndex":128617}
{"itemId":"B003XMX1OO","ProductIndex":165487}
{"itemId":"B0086OC4OW","ProductIndex":187978}
{"itemId":"B00GY14F2S","ProductIndex":161944}
{"itemId":"B00CHZDYWW","ProductIndex":171202}
{"itemId":"B0052VEM1K","ProductIndex":113267}
{"itemId":"B009ETEEAU","ProductIndex":57690}
{"itemId":"B006P2XJGO","ProductIndex":195704}
{"itemId":"B005JWF2HA","ProductIndex":188694}
{"itemId":"B0076QP17I","ProductIndex":101476}
{"itemId":"B001QXDNB8","ProductIndex":135124}
{"itemId":"B00ET1J0QG","ProductIndex":143504}
{"itemId":"B005OP30NA","ProductIndex":152460}
{"itemId":"B004N1CXOI","ProductIndex":143121}
{"itemId":"B005EDAFB2","ProductIndex":174787}
{"itemId":"B00008NG7G","ProductIndex":105044}
{"itemId":"B004QDRUG4","ProductIndex":158106}
{"itemId":"B0000501TV","ProductIndex":163369}
{"itemId":"B001799F68","ProductIndex":124257}
{"itemId":"B002SCJA7C","ProductIndex":131127}
{"itemId":"B00004VVUW","ProductIndex":130700}
{"itemId":"B000HZI8X4","ProductIndex":101688}
{"itemId":"B00CKWPZAQ","ProductIndex":199716}
{"itemId":"B0069WULHK","ProductIndex":147386}
{"itemId":"B006F72AXC","ProductIndex":167173}
{"itemId":"B000670ZU2","ProductIndex":137234}
{"itemId":"B00G1FF6IE","ProductIndex":175835}
{"itemId":"B00BLI38QS","ProductIndex":162310}
{"itemId":"B009AC97CG","ProductIndex":188838}
{"itemId":"B004MF1396","ProductIndex":126355}
{"itemId":"B00D1S2Z7Y","ProductIndex":198110}
{"itemId":"B003EO8UL0","ProductIndex":207957}
{"itemId":"B008YB79Q0","ProductIndex":155810}
{"itemId":"B006QMV5NC","ProductIndex":97776}
{"itemId":"B0058JZFSA","ProductIndex":161217}
{"itemId":"B000M0JWMA","ProductIndex":85419}
{"itemId":"B000HS0WU8","ProductIndex":143133}
{"itemId":"B008YXBG1W","ProductIndex":94020}
{"itemId":"B009A5256I","ProductIndex":157434}
{"itemId":"B008HZ5B86","ProductIndex":144524}
{"itemId":"B00JHSHEQE","ProductIndex":132395}
{"itemId":"B000Z8B96Q","ProductIndex":172513}
{"itemId":"B003P19YL2","ProductIndex":153235}
{"itemId":"B002P59X1U","ProductIndex":121169}
{"itemId":"B003E6XXV0","ProductIndex":137541}
{"itemId":"B00666GN1C","ProductIndex":169943}
{"itemId":"B004HH12R2","ProductIndex":193871}
{"itemId":"B001QCWROS","ProductIndex":167534}
{"itemId":"B007FWFVOG","ProductIndex":114895}
{"itemId":"B009R02FK2","ProductIndex":118904}
{"itemId":"B00BT9921O","ProductIndex":137056}
{"itemId":"B000OUY1QU","ProductIndex":166235}
{"itemId":"B0012AW0I2","ProductIndex":109487}
{"itemId":"B008FTVUPM","ProductIndex":185345}
{"itemId":"B007IHT27A","ProductIndex":154686}
{"itemId":"B002JTT9V6","ProductIndex":61385}
{"itemId":"B004MB4SII","ProductIndex":123488}
{"itemId":"B0009L31VU","ProductIndex":95169}
{"itemId":"B00G8RYE4C","ProductIndex":132471}
{"itemId":"B00009UHGO","ProductIndex":150661}
{"itemId":"B0083X8E0O","ProductIndex":149154}
{"itemId":"B004S58EV0","ProductIndex":139666}
{"itemId":"B00527K70E","ProductIndex":201049}
{"itemId":"B0057I4OF2","ProductIndex":143393}
{"itemId":"B007IJ87PG","ProductIndex":174982}
{"itemId":"B0018AJ7IM","ProductIndex":204386}
{"itemId":"B007MCN858","ProductIndex":159203}
{"itemId":"B0091GC7U0","ProductIndex":206620}
{"itemId":"B000BITRP0","ProductIndex":161656}
{"itemId":"B008DKBQXY","ProductIndex":190779}
{"itemId":"B005HMDECC","ProductIndex":152378}
{"itemId":"B00006B7RP","ProductIndex":150525}
{"itemId":"B00412VJ26","ProductIndex":143230}
{"itemId":"B0042B9SDI","ProductIndex":128607}
{"itemId":"B008BMREXA","ProductIndex":122854}
{"itemId":"B001MRW3GO","ProductIndex":175988}
{"itemId":"B0049U3ZM2","ProductIndex":136917}
{"itemId":"B009GFW59Y","ProductIndex":123438}
{"itemId":"B0002OG6IO","ProductIndex":144746}
{"itemId":"B00ALRFIQ8","ProductIndex":203344}
{"itemId":"B00249GR98","ProductIndex":132941}
{"itemId":"B002Z40KX6","ProductIndex":161190}
{"itemId":"B000FS6ILC","ProductIndex":180601}
{"itemId":"B003Q0DO4K","ProductIndex":96926}
{"itemId":"B001KEFEYM","ProductIndex":124246}
{"itemId":"B0089K1XKO","ProductIndex":182379}
{"itemId":"B00371POKU","ProductIndex":149197}
{"itemId":"B00AEHMLP6","ProductIndex":165229}
{"itemId":"B000BC8VWQ","ProductIndex":177801}
{"itemId":"B00A7PXN4I","ProductIndex":165258}
{"itemId":"B000A2AIKA","ProductIndex":157129}
{"itemId":"B00FXL06GO","ProductIndex":183695}
{"itemId":"B009BV86LO","ProductIndex":204322}
{"itemId":"B00KGTQ7XO","ProductIndex":112513}
{"itemId":"B001JT1OYC","ProductIndex":191785}
{"itemId":"B003V3B0IY","ProductIndex":122480}
{"itemId":"B000YTHU5K","ProductIndex":158574}
{"itemId":"B00BHIZ7PW","ProductIndex":177593}
{"itemId":"B000CBZSUY","ProductIndex":172972}
{"itemId":"B008D8Q4J2","ProductIndex":75107}
{"itemId":"B0073F7ZMQ","ProductIndex":183860}
{"itemId":"B008YCYVGK","ProductIndex":138122}
{"itemId":"B004H27X0C","ProductIndex":125854}
{"itemId":"B00CW5D148","ProductIndex":154300}
{"itemId":"B000NWHROM","ProductIndex":197750}
{"itemId":"B004DDL0YA","ProductIndex":147920}
{"itemId":"B002LVVCS0","ProductIndex":192650}
{"itemId":"B0055E9MXW","ProductIndex":145339}
{"itemId":"B001TJK182","ProductIndex":147661}
{"itemId":"B004S3NX90","ProductIndex":122570}
{"itemId":"B0006AZ4ZA","ProductIndex":105720}
{"itemId":"B00006RJVK","ProductIndex":122332}
{"itemId":"B00CW8PNBE","ProductIndex":120018}
{"itemId":"B00AY5Y7PA","ProductIndex":190811}
{"itemId":"B00GD34PVI","ProductIndex":144011}
{"itemId":"B0001WENDM","ProductIndex":105454}
{"itemId":"B00BXP8QVQ","ProductIndex":103025}
{"itemId":"B0031PAR0Y","ProductIndex":75964}
{"itemId":"B00E36XNQ0","ProductIndex":114520}
{"itemId":"B003ZU5VII","ProductIndex":208326}
{"itemId":"B0089M2N0G","ProductIndex":184272}
{"itemId":"B00009QENA","ProductIndex":206119}
{"itemId":"B000FKL63K","ProductIndex":138526}
{"itemId":"B00005AY9X","ProductIndex":186775}
{"itemId":"B003OCJK48","ProductIndex":207239}
{"itemId":"B00B2UXKH2","ProductIndex":180817}
{"itemId":"B00A8MZYHY","ProductIndex":206627}
{"itemId":"B00L2P3TRS","ProductIndex":122742}
{"itemId":"B00165REHU","ProductIndex":148500}
{"itemId":"B004YW3JRQ","ProductIndex":188054}
{"itemId":"B0032GTKZU","ProductIndex":158805}
{"itemId":"B002C4HETC","ProductIndex":141288}
{"itemId":"B000JNTGR6","ProductIndex":145853}
{"itemId":"B001EUPNFM","ProductIndex":123905}
{"itemId":"B00407ZTD2","ProductIndex":114065}
{"itemId":"B0017M3TBM","ProductIndex":177504}
{"itemId":"B005A3NY8C","ProductIndex":191753}
{"itemId":"B000IZVD7Q","ProductIndex":134413}
{"itemId":"B005TOHV9K","ProductIndex":141075}
{"itemId":"B001V6AFPM","ProductIndex":199030}
{"itemId":"B001DU24VO","ProductIndex":173241}
{"itemId":"B00005A48D","ProductIndex":140881}
{"itemId":"B006CDWC8W","ProductIndex":139539}
{"itemId":"B002DHUMRY","ProductIndex":206893}
{"itemId":"B00030EDZU","ProductIndex":153821}
{"itemId":"B004LLI09C","ProductIndex":206756}
{"itemId":"B0027JPEDA","ProductIndex":201362}
{"itemId":"B00097HPHU","ProductIndex":190035}
{"itemId":"B004INFNSE","ProductIndex":182331}
{"itemId":"B0086UXT4U","ProductIndex":191707}
{"itemId":"B003L18XTK","ProductIndex":172078}
{"itemId":"B0038KGI5U","ProductIndex":181105}
{"itemId":"B00HG5XKTU","ProductIndex":151150}
{"itemId":"B008HGMC7I","ProductIndex":108218}
{"itemId":"B001MQ32P6","ProductIndex":198250}
{"itemId":"B00596R6AW","ProductIndex":158306}
{"itemId":"B00194HG3U","ProductIndex":195180}
{"itemId":"B0085MPIR0","ProductIndex":117521}
{"itemId":"B007PJ1SW8","ProductIndex":182450}
{"itemId":"B000RY5ZIG","ProductIndex":151225}
{"itemId":"9573212943","ProductIndex":172555}
{"itemId":"B0041T0T0W","ProductIndex":195486}
{"itemId":"B00061UJAE","ProductIndex":193936}
{"itemId":"B004MT6324","ProductIndex":166844}
{"itemId":"B00A8EHO98","ProductIndex":185913}
{"itemId":"B0052GKFR0","ProductIndex":191360}
{"itemId":"B00390GWU0","ProductIndex":151547}
{"itemId":"B007R2JEM4","ProductIndex":165963}
{"itemId":"B008SA578E","ProductIndex":197923}
{"itemId":"B000WHX8Q4","ProductIndex":186875}
{"itemId":"B001MQ6B36","ProductIndex":189527}
{"itemId":"B006WCA064","ProductIndex":164159}
{"itemId":"B002TWFI18","ProductIndex":184016}
{"itemId":"B002XVL3J6","ProductIndex":147084}
{"itemId":"B009V5EBPU","ProductIndex":201948}
{"itemId":"B002R1OAH4","ProductIndex":201271}
{"itemId":"B003IPC1W4","ProductIndex":158900}
{"itemId":"B00FEDBIBI","ProductIndex":154922}
{"itemId":"B001TR0LOS","ProductIndex":154114}
{"itemId":"B00BZWK804","ProductIndex":206238}
{"itemId":"B002WUJHKU","ProductIndex":191913}
{"itemId":"B00JZP6XS4","ProductIndex":185721}
{"itemId":"B008AZ08X6","ProductIndex":161358}
{"itemId":"B002EEP3IY","ProductIndex":204647}
{"itemId":"B0009KMSKQ","ProductIndex":137811}
{"itemId":"B00404DZPY","ProductIndex":201027}
{"itemId":"B003EYVOTK","ProductIndex":196350}
{"itemId":"B004DSKG0Y","ProductIndex":120957}
{"itemId":"B00JP9BW2C","ProductIndex":204761}
{"itemId":"B003FXGY40","ProductIndex":201085}
{"itemId":"B004V4RISS","ProductIndex":186641}
{"itemId":"B000NJHFS8","ProductIndex":156182}
{"itemId":"B005XR27CY","ProductIndex":133291}
{"itemId":"B003DSCPTK","ProductIndex":181170}
{"itemId":"B001O2HJ0C","ProductIndex":144031}
{"itemId":"B00BI452N2","ProductIndex":163847}
{"itemId":"B00DVGJSDU","ProductIndex":189353}
{"itemId":"B00AK8FNUO","ProductIndex":208315}
{"itemId":"B004OZ0A0M","ProductIndex":102714}
{"itemId":"B000BMZF3E","ProductIndex":200822}
{"itemId":"B005GRO7D8","ProductIndex":181001}
{"itemId":"B007JP2K02","ProductIndex":197425}
{"itemId":"B00HJXWJ8C","ProductIndex":183462}
{"itemId":"B00009KHMU","ProductIndex":182982}
{"itemId":"B00AIGE2FA","ProductIndex":183189}
{"itemId":"B00AFKLTQ4","ProductIndex":185799}
{"itemId":"B00460LRQ6","ProductIndex":177578}
{"itemId":"B0079V6W6E","ProductIndex":163335}
{"itemId":"B001453X8Q","ProductIndex":178789}
{"itemId":"B0011XSCIM","ProductIndex":201469}
{"itemId":"B00HFXUZH8","ProductIndex":207587}
{"itemId":"B00BQ4B4DQ","ProductIndex":201487}
{"itemId":"B003N9FHY4","ProductIndex":176574}
{"itemId":"B00CFGVM2C","ProductIndex":153035}
{"itemId":"B001DUOWCI","ProductIndex":157808}
{"itemId":"B006BISODA","ProductIndex":177372}
{"itemId":"B003L4N8FQ","ProductIndex":206670}
{"itemId":"B00CKAR0CY","ProductIndex":192229}
{"itemId":"B00HP10PYI","ProductIndex":184057}
{"itemId":"B000E3CD8A","ProductIndex":185711}
{"itemId":"B009ZCUZNQ","ProductIndex":191818}
{"itemId":"B00AAKJDJO","ProductIndex":197519}
{"itemId":"B00H0AL7GY","ProductIndex":184857}
{"itemId":"B001SHH5S4","ProductIndex":181880}
{"itemId":"B000Z3QSFI","ProductIndex":198297}
{"itemId":"B001BYNPDI","ProductIndex":153365}
{"itemId":"B0043BIPO0","ProductIndex":196378}
{"itemId":"B006B9NQUA","ProductIndex":188259}
{"itemId":"B004GF1B0I","ProductIndex":177752}
{"itemId":"B004B8VLUU","ProductIndex":198283}
{"itemId":"B004SQEHZG","ProductIndex":188578}
{"itemId":"B007DLZ694","ProductIndex":192770}
{"itemId":"B0091LUYPU","ProductIndex":179549}
