{"itemId":"B0013MT5H8","ProductIndex":4411}
{"itemId":"B0028RXI5C","ProductIndex":22017}
{"itemId":"B00AWKC0EC","ProductIndex":286}
{"itemId":"B00847Q5AA","ProductIndex":9011}
{"itemId":"B000ODN7VM","ProductIndex":2762}
{"itemId":"B006TVQU6C","ProductIndex":13897}
{"itemId":"B00DVFLJDS","ProductIndex":69}
{"itemId":"B009SQQF9C","ProductIndex":458}
{"itemId":"B000CNPAAA","ProductIndex":6343}
{"itemId":"B0010C1U88","ProductIndex":129782}
{"itemId":"B001GNC7RE","ProductIndex":15528}
{"itemId":"B000051299","ProductIndex":2919}
{"itemId":"B0050M92CU","ProductIndex":1744}
{"itemId":"B004U6339K","ProductIndex":150536}
{"itemId":"B00BW6LTG0","ProductIndex":1500}
{"itemId":"B000AM8WQM","ProductIndex":15208}
{"itemId":"B000QY31K6","ProductIndex":18421}
{"itemId":"B0061HMPWM","ProductIndex":16038}
{"itemId":"B0001GGXQ8","ProductIndex":78666}
{"itemId":"B00095W91O","ProductIndex":6154}
{"itemId":"B000FKP7TY","ProductIndex":365}
{"itemId":"B003EDYIM6","ProductIndex":31925}
{"itemId":"B001UA6OLS","ProductIndex":17952}
{"itemId":"B0096T2N3I","ProductIndex":2393}
{"itemId":"B00FPA5QA4","ProductIndex":45993}
{"itemId":"B0044XTJ10","ProductIndex":2532}
{"itemId":"B00IVPU7DG","ProductIndex":8753}
{"itemId":"B00005O02Q","ProductIndex":118299}
{"itemId":"B004T0WFVE","ProductIndex":40113}
{"itemId":"B004X74X5E","ProductIndex":17361}
{"itemId":"B0021QNDTG","ProductIndex":22634}
{"itemId":"B005EVTCVS","ProductIndex":29361}
{"itemId":"B003B4D5TU","ProductIndex":19627}
{"itemId":"B000QUP9ZK","ProductIndex":208318}
{"itemId":"B003OBXHPC","ProductIndex":4175}
{"itemId":"B0088VCRRM","ProductIndex":17354}
{"itemId":"B0049HAGFE","ProductIndex":45044}
{"itemId":"B00BI9X7UC","ProductIndex":1568}
{"itemId":"B003VNKKT4","ProductIndex":8729}
{"itemId":"B0057PQEE4","ProductIndex":99551}
{"itemId":"B004XO8A9W","ProductIndex":88010}
{"itemId":"B0028JE3T0","ProductIndex":10833}
{"itemId":"B008BB7XVE","ProductIndex":9713}
{"itemId":"B0047K20AC","ProductIndex":97113}
{"itemId":"B001DTTCQA","ProductIndex":14460}
{"itemId":"B00AQMUE30","ProductIndex":5427}
{"itemId":"B000069I9I","ProductIndex":171830}
{"itemId":"B00BB5ZQC0","ProductIndex":28601}
{"itemId":"B00EJ8CQXS","ProductIndex":20512}
{"itemId":"B005CTCD6S","ProductIndex":4498}
{"itemId":"B0028Y4BM4","ProductIndex":168228}
{"itemId":"B0000TFGWS","ProductIndex":43190}
{"itemId":"B000B6DU3C","ProductIndex":52914}
{"itemId":"B005FE7RNY","ProductIndex":57903}
{"itemId":"B005DPQUJC","ProductIndex":105447}
{"itemId":"B00009VQJZ","ProductIndex":8822}
{"itemId":"B00B7UP9C6","ProductIndex":118411}
{"itemId":"B001RJMKOW","ProductIndex":26777}
{"itemId":"B0091COJ4Q","ProductIndex":151461}
{"itemId":"B001RNA1QW","ProductIndex":86226}
{"itemId":"B00BD7UVO4","ProductIndex":3706}
{"itemId":"B000MZE68A","ProductIndex":28162}
{"itemId":"B00005T3W5","ProductIndex":7215}
{"itemId":"B003IB2HYA","ProductIndex":17636}
{"itemId":"B00BC84HEE","ProductIndex":121569}
{"itemId":"B009650Q40","ProductIndex":8630}
{"itemId":"B009JJJ7S4","ProductIndex":7158}
{"itemId":"B004FK90Y8","ProductIndex":189492}
{"itemId":"B000MMFPQU","ProductIndex":31023}
{"itemId":"B004XN7DVY","ProductIndex":169932}
{"itemId":"B00GMIVHQU","ProductIndex":20949}
{"itemId":"B00009XVKT","ProductIndex":32523}
{"itemId":"B003MX4D0U","ProductIndex":681}
{"itemId":"B002D5DWZU","ProductIndex":18890}
{"itemId":"B00004Z6N6","ProductIndex":7163}
{"itemId":"B0077SAYSG","ProductIndex":29827}
{"itemId":"B000EOGW9K","ProductIndex":8484}
{"itemId":"B000NNQO2C","ProductIndex":46977}
{"itemId":"B00CRNZL98","ProductIndex":53725}
{"itemId":"B004COKSQG","ProductIndex":13009}
{"itemId":"B004P0ZEYI","ProductIndex":67959}
{"itemId":"B003D59FDM","ProductIndex":13606}
{"itemId":"B003IVZVDO","ProductIndex":6784}
{"itemId":"B00746TTKU","ProductIndex":115161}
{"itemId":"B001JTTVT2","ProductIndex":16705}
{"itemId":"B000V7H8R0","ProductIndex":54625}
{"itemId":"B00GGVPKKC","ProductIndex":8577}
{"itemId":"B004RJ2Y6S","ProductIndex":26957}
{"itemId":"B004S4XNEO","ProductIndex":2149}
{"itemId":"B009AO5FWK","ProductIndex":47759}
{"itemId":"B009X00E18","ProductIndex":7937}
{"itemId":"B0098FKH9C","ProductIndex":18935}
{"itemId":"B00EIW0TXE","ProductIndex":56862}
{"itemId":"B000EHCYBC","ProductIndex":12404}
{"itemId":"B003SDDR8I","ProductIndex":136705}
{"itemId":"B009OAZW28","ProductIndex":5557}
{"itemId":"B007GPJNEQ","ProductIndex":58277}
{"itemId":"B003FMVCRU","ProductIndex":10696}
{"itemId":"B003E1QEY8","ProductIndex":47537}
{"itemId":"B0081G1D92","ProductIndex":38102}
{"itemId":"B00004S9AK","ProductIndex":9404}
{"itemId":"B00E8DJKG0","ProductIndex":12413}
{"itemId":"B004IWPX76","ProductIndex":49278}
{"itemId":"B00A7FUM8I","ProductIndex":63662}
{"itemId":"B005FPT5DS","ProductIndex":12579}
{"itemId":"B007BG03YY","ProductIndex":52258}
{"itemId":"B002B8WVVU","ProductIndex":3765}
{"itemId":"B009AR2MF0","ProductIndex":18863}
{"itemId":"B003Y32T68","ProductIndex":11278}
{"itemId":"B0035JPZAI","ProductIndex":110989}
{"itemId":"B004RRRKQ4","ProductIndex":174789}
{"itemId":"B00I60Q0R8","ProductIndex":43448}
{"itemId":"B005EFIH8S","ProductIndex":54829}
{"itemId":"B00CMNZ058","ProductIndex":77825}
{"itemId":"B0016LC5VY","ProductIndex":9736}
{"itemId":"B004GF1WUC","ProductIndex":31415}
{"itemId":"B00EDQ5Z8Y","ProductIndex":135545}
{"itemId":"B009PK9UW0","ProductIndex":27374}
{"itemId":"B004SKHLLY","ProductIndex":204291}
{"itemId":"B00005A9AV","ProductIndex":12778}
{"itemId":"B002MTU5C0","ProductIndex":7249}
{"itemId":"B0090T8ESM","ProductIndex":4881}
{"itemId":"B00ESUPKE4","ProductIndex":78123}
{"itemId":"B00012O6QQ","ProductIndex":6115}
{"itemId":"B00AAKLFHM","ProductIndex":2033}
{"itemId":"B00180O31S","ProductIndex":113914}
{"itemId":"B00519DO62","ProductIndex":37482}
{"itemId":"B00CGVHMW0","ProductIndex":145863}
{"itemId":"B0084C392W","ProductIndex":60590}
{"itemId":"B00CZDT30S","ProductIndex":8999}
{"itemId":"B0087N53L8","ProductIndex":39806}
{"itemId":"B003N6O02W","ProductIndex":103866}
{"itemId":"B000067RRX","ProductIndex":27211}
{"itemId":"B001DJ64CA","ProductIndex":8163}
{"itemId":"B0075AKKEE","ProductIndex":61268}
{"itemId":"B000WOT6O0","ProductIndex":10583}
{"itemId":"B005HGSLBM","ProductIndex":25634}
{"itemId":"B0044ZGB1E","ProductIndex":89483}
{"itemId":"B004ABO7QI","ProductIndex":2637}
{"itemId":"B002FL4WYW","ProductIndex":8517}
{"itemId":"B005QEKZRI","ProductIndex":131012}
{"itemId":"B001DUQU7S","ProductIndex":79310}
{"itemId":"B00744SBWO","ProductIndex":101414}
{"itemId":"B00585CLVS","ProductIndex":4136}
{"itemId":"B006Z1HTHK","ProductIndex":102944}
{"itemId":"B00DNVG6OM","ProductIndex":202903}
{"itemId":"B004NEJ7HQ","ProductIndex":10126}
{"itemId":"B0048744GM","ProductIndex":27273}
{"itemId":"B005HIS700","ProductIndex":32729}
{"itemId":"B00009KYCN","ProductIndex":14008}
{"itemId":"B005CTDGPK","ProductIndex":111862}
{"itemId":"B000FJ2OTG","ProductIndex":42965}
{"itemId":"B007E84H96","ProductIndex":6137}
{"itemId":"B000MY02LQ","ProductIndex":25567}
{"itemId":"B001J4SVLG","ProductIndex":161478}
{"itemId":"B000RHMFY0","ProductIndex":61708}
{"itemId":"B0027VSPW0","ProductIndex":110894}
{"itemId":"B00D9BKWEQ","ProductIndex":15821}
{"itemId":"B00BAVZRHO","ProductIndex":25947}
{"itemId":"B00749PLXQ","ProductIndex":25006}
{"itemId":"B0019WIQFY","ProductIndex":101159}
{"itemId":"B001G7PMEK","ProductIndex":50076}
{"itemId":"B00AZFD3OU","ProductIndex":63364}
{"itemId":"B006RQC1LM","ProductIndex":114789}
{"itemId":"B009GU8J62","ProductIndex":17141}
{"itemId":"B000WAZLKM","ProductIndex":16014}
{"itemId":"B0079N26H6","ProductIndex":123006}
{"itemId":"B000MQ6WEA","ProductIndex":146976}
{"itemId":"B001C4TFDQ","ProductIndex":132763}
{"itemId":"B000JJLUQK","ProductIndex":41400}
{"itemId":"B003N3JFWU","ProductIndex":17156}
{"itemId":"B001CC215M","ProductIndex":25477}
{"itemId":"B00GWEWZJ2","ProductIndex":35770}
{"itemId":"B00275M3HO","ProductIndex":137035}
{"itemId":"B007M8W0KG","ProductIndex":110730}
{"itemId":"B00E9M4QUA","ProductIndex":44478}
{"itemId":"B008LRC4MQ","ProductIndex":17299}
{"itemId":"B001P3O3OK","ProductIndex":18113}
{"itemId":"B004ZCHV56","ProductIndex":36354}
{"itemId":"B004TNH0OI","ProductIndex":96946}
{"itemId":"B009CD1762","ProductIndex":111103}
{"itemId":"B007CORZW8","ProductIndex":134008}
{"itemId":"B00275V1PE","ProductIndex":21543}
{"itemId":"B00GLUUOCM","ProductIndex":189050}
{"itemId":"B002QZJS78","ProductIndex":109885}
{"itemId":"B0074QA1AM","ProductIndex":151839}
{"itemId":"B000B912QG","ProductIndex":115792}
{"itemId":"B000J3AW9M","ProductIndex":134896}
{"itemId":"B001U8VL9K","ProductIndex":5867}
{"itemId":"B005EZKFBU","ProductIndex":24289}
{"itemId":"B0038NCES2","ProductIndex":24384}
{"itemId":"B0097NPQ8W","ProductIndex":7462}
{"itemId":"B004R7CEPQ","ProductIndex":59301}
{"itemId":"B000K60J82","ProductIndex":56825}
{"itemId":"B000ET9ZGC","ProductIndex":28820}
{"itemId":"B00EI68PQI","ProductIndex":76793}
{"itemId":"B001PN37LA","ProductIndex":23542}
{"itemId":"B001NXWRM2","ProductIndex":22207}
{"itemId":"B000EIN2OO","ProductIndex":79490}
{"itemId":"B006L6QC4U","ProductIndex":14339}
{"itemId":"B003GAM67G","ProductIndex":170467}
{"itemId":"B00JFC0YB4","ProductIndex":109344}
{"itemId":"B009T0FGVK","ProductIndex":31532}
{"itemId":"B004G28WD0","ProductIndex":123893}
{"itemId":"B006P2CCF8","ProductIndex":122919}
{"itemId":"B004SNL9ZK","ProductIndex":8307}
{"itemId":"B004HW7KDC","ProductIndex":15494}
{"itemId":"B0009RTGFY","ProductIndex":30099}
{"itemId":"B00DQHZXQA","ProductIndex":39572}
{"itemId":"B002Y5XQYG","ProductIndex":10273}
{"itemId":"B003BFTKUC","ProductIndex":33109}
{"itemId":"B006WIM4VW","ProductIndex":20169}
{"itemId":"B009L2G29Q","ProductIndex":104371}
{"itemId":"B00AZOFP2O","ProductIndex":171971}
{"itemId":"B0009E5WAU","ProductIndex":100757}
{"itemId":"B0009PTBZ6","ProductIndex":9105}
{"itemId":"B00895BUPC","ProductIndex":6924}
{"itemId":"B00406Q0FE","ProductIndex":27388}
{"itemId":"B00515PFD6","ProductIndex":47906}
{"itemId":"B000BNXTXG","ProductIndex":59262}
{"itemId":"B003FPOU9O","ProductIndex":47243}
{"itemId":"B0001JSSLI","ProductIndex":23783}
{"itemId":"B0009SV250","ProductIndex":183233}
{"itemId":"B000K7IJTC","ProductIndex":134405}
{"itemId":"B0024NKGZK","ProductIndex":35729}
{"itemId":"B0044VLZ82","ProductIndex":63136}
{"itemId":"B0021AFX1I","ProductIndex":76448}
{"itemId":"B001CEG8Y0","ProductIndex":203057}
{"itemId":"B0038CBM1I","ProductIndex":32599}
{"itemId":"B00008Z1PF","ProductIndex":23074}
{"itemId":"B00000K4KU","ProductIndex":115213}
{"itemId":"B004S12UBO","ProductIndex":88301}
{"itemId":"B008X76WNG","ProductIndex":113939}
{"itemId":"B006OFZQ2M","ProductIndex":144859}
{"itemId":"B000FJRPIG","ProductIndex":145054}
{"itemId":"B0000C4DX6","ProductIndex":15486}
{"itemId":"B0037A3MVE","ProductIndex":71919}
{"itemId":"B0012AW0IC","ProductIndex":164259}
{"itemId":"B008Y8Y0N8","ProductIndex":80996}
{"itemId":"B00GMV0LV4","ProductIndex":85153}
{"itemId":"B00474R7HO","ProductIndex":38580}
{"itemId":"B00ASDUVJY","ProductIndex":111952}
{"itemId":"B000EMUM2U","ProductIndex":44113}
{"itemId":"B001SVNFNO","ProductIndex":72434}
{"itemId":"B004HJ997A","ProductIndex":24408}
{"itemId":"B00BPU1YP4","ProductIndex":190800}
{"itemId":"B0014E6KLO","ProductIndex":36339}
{"itemId":"B004K33S66","ProductIndex":26249}
{"itemId":"B00DZVW298","ProductIndex":64224}
{"itemId":"B009EW55CI","ProductIndex":85765}
{"itemId":"B00000I9HE","ProductIndex":35481}
{"itemId":"B0015A6O6S","ProductIndex":33084}
{"itemId":"B0012BDFQW","ProductIndex":44318}
{"itemId":"B0041I5GP6","ProductIndex":39286}
{"itemId":"B00291RMJ0","ProductIndex":24209}
{"itemId":"B0042I9P8O","ProductIndex":42655}
{"itemId":"B00C981DDY","ProductIndex":14776}
{"itemId":"B00439CQKQ","ProductIndex":16660}
{"itemId":"B00CI5YW4U","ProductIndex":30079}
{"itemId":"B00IEZGWI2","ProductIndex":15273}
{"itemId":"B00521GSJE","ProductIndex":115955}
{"itemId":"B002NR2CJ0","ProductIndex":34736}
{"itemId":"B00595DIVE","ProductIndex":132396}
{"itemId":"B00009WDU1","ProductIndex":74655}
{"itemId":"B006KESOYY","ProductIndex":21540}
{"itemId":"B00939A2LG","ProductIndex":48671}
{"itemId":"B00829UE5C","ProductIndex":34450}
{"itemId":"B008YPLSWM","ProductIndex":46971}
{"itemId":"B001N3ZD0A","ProductIndex":109685}
{"itemId":"B00669O42Y","ProductIndex":204271}
{"itemId":"B002AQQJTI","ProductIndex":19293}
{"itemId":"B004HZR2OG","ProductIndex":57500}
{"itemId":"B0041MS1CC","ProductIndex":36307}
{"itemId":"B007XCVFV6","ProductIndex":45533}
{"itemId":"B000CQP98A","ProductIndex":138990}
{"itemId":"B000FU9AV0","ProductIndex":49067}
{"itemId":"B002JAWXZO","ProductIndex":77593}
{"itemId":"B00A3N6ZLC","ProductIndex":170868}
{"itemId":"B000067FCX","ProductIndex":111845}
{"itemId":"B000EW69ZO","ProductIndex":95855}
{"itemId":"B003E2TOLM","ProductIndex":61126}
{"itemId":"B0002EZU5O","ProductIndex":107056}
{"itemId":"B0006VGZF2","ProductIndex":136159}
{"itemId":"B00F9RKNUG","ProductIndex":12824}
{"itemId":"B0006DPOKC","ProductIndex":79769}
{"itemId":"B004D38Y5I","ProductIndex":98080}
{"itemId":"B008FQOU98","ProductIndex":84911}
{"itemId":"B004LQ1ZOE","ProductIndex":66379}
{"itemId":"B00AN0PESA","ProductIndex":135934}
{"itemId":"B004US0URQ","ProductIndex":42033}
{"itemId":"B0010STQWO","ProductIndex":44328}
{"itemId":"B000RYSR0E","ProductIndex":94420}
{"itemId":"B00DVQF1F4","ProductIndex":22595}
{"itemId":"B00I54C0GA","ProductIndex":47929}
{"itemId":"B00180MQWG","ProductIndex":12152}
{"itemId":"B006SRGY72","ProductIndex":50431}
{"itemId":"B00AAXZ2QO","ProductIndex":104649}
{"itemId":"B003FMUMAS","ProductIndex":100593}
{"itemId":"B00009UHJ9","ProductIndex":37958}
{"itemId":"B000VE5JQU","ProductIndex":141576}
{"itemId":"B000VQQD7W","ProductIndex":129136}
{"itemId":"B0000DYVBX","ProductIndex":118908}
{"itemId":"B004B1WJ3K","ProductIndex":144136}
{"itemId":"B000E3W8D0","ProductIndex":140278}
{"itemId":"B000CZ3M44","ProductIndex":57928}
{"itemId":"B000J2QDVO","ProductIndex":109914}
{"itemId":"B00CLTUMKQ","ProductIndex":197419}
{"itemId":"B00007089O","ProductIndex":192845}
{"itemId":"B006K1SPDW","ProductIndex":11686}
{"itemId":"B00009R89C","ProductIndex":22008}
{"itemId":"B00005NVBT","ProductIndex":14071}
{"itemId":"B0007KK24M","ProductIndex":29845}
{"itemId":"B00H03NZB6","ProductIndex":194987}
{"itemId":"B00I1K4Z98","ProductIndex":120326}
{"itemId":"B0084CCDWE","ProductIndex":65597}
{"itemId":"B000VUAZUE","ProductIndex":171293}
{"itemId":"B00EUFZK5G","ProductIndex":148315}
{"itemId":"B001MYACV0","ProductIndex":125971}
{"itemId":"B0081YPYFI","ProductIndex":105661}
{"itemId":"B004PZ8UBC","ProductIndex":202768}
{"itemId":"B000KIAHU0","ProductIndex":53025}
{"itemId":"B000EREM5I","ProductIndex":37716}
{"itemId":"B005IG68WK","ProductIndex":59327}
{"itemId":"B004P1ITV2","ProductIndex":28466}
{"itemId":"B00005N6SF","ProductIndex":54441}
{"itemId":"B00ED9TXX4","ProductIndex":120519}
{"itemId":"B00083LG2U","ProductIndex":145152}
{"itemId":"B007PF4ZVS","ProductIndex":71192}
{"itemId":"B0002KR948","ProductIndex":95494}
{"itemId":"B000FR56IE","ProductIndex":71461}
{"itemId":"B004HR4NRS","ProductIndex":49770}
{"itemId":"B002RPMKOA","ProductIndex":190157}
{"itemId":"B00154T8BM","ProductIndex":16286}
{"itemId":"B004V3KD68","ProductIndex":30950}
{"itemId":"B00B77D2XC","ProductIndex":167906}
{"itemId":"B0069R19ZI","ProductIndex":82819}
{"itemId":"B002KDQPU4","ProductIndex":67754}
{"itemId":"B002N38S6U","ProductIndex":59477}
{"itemId":"B0089Q1FWE","ProductIndex":28223}
{"itemId":"B0036X8TM4","ProductIndex":35608}
{"itemId":"B00359NWPI","ProductIndex":99826}
{"itemId":"B0042UA6NA","ProductIndex":59766}
{"itemId":"B001KQF9Q8","ProductIndex":60499}
{"itemId":"B00GN63L5Q","ProductIndex":153446}
{"itemId":"B002RTPXAE","ProductIndex":59112}
{"itemId":"B004LB5AUY","ProductIndex":22622}
{"itemId":"B00E1KX638","ProductIndex":22996}
{"itemId":"B002YHAFF2","ProductIndex":65315}
{"itemId":"B004VD79O2","ProductIndex":51709}
{"itemId":"B004K6TI8K","ProductIndex":103773}
{"itemId":"B006BUVP5M","ProductIndex":30162}
{"itemId":"B001GMGN1G","ProductIndex":152409}
{"itemId":"B00B518UOQ","ProductIndex":44906}
{"itemId":"B006HSHTBC","ProductIndex":111483}
{"itemId":"B002PB9V0M","ProductIndex":30724}
{"itemId":"B001GGBGNM","ProductIndex":29681}
{"itemId":"B008P24EYS","ProductIndex":56990}
{"itemId":"B007UXTD1M","ProductIndex":202467}
{"itemId":"B00AUA2XGO","ProductIndex":47013}
{"itemId":"B00006I5O0","ProductIndex":29981}
{"itemId":"B004IV7BHW","ProductIndex":78944}
{"itemId":"B009AYJQ2U","ProductIndex":31079}
{"itemId":"B0098R9B8S","ProductIndex":104314}
{"itemId":"B00CUACTKM","ProductIndex":19113}
{"itemId":"B001MQ31MA","ProductIndex":167405}
{"itemId":"B007QY4YFA","ProductIndex":189295}
{"itemId":"B0085JIMQC","ProductIndex":99526}
{"itemId":"B0015AD934","ProductIndex":65549}
{"itemId":"B007P9M660","ProductIndex":28681}
{"itemId":"B0002J1SUU","ProductIndex":118693}
{"itemId":"B003L18XYK","ProductIndex":82203}
{"itemId":"B002OTE0EC","ProductIndex":127065}
{"itemId":"B002V19714","ProductIndex":20176}
{"itemId":"B0051XPD94","ProductIndex":11191}
{"itemId":"B00CCKCGSK","ProductIndex":182692}
{"itemId":"B000WUH5LU","ProductIndex":59153}
{"itemId":"B001EH9D9W","ProductIndex":54457}
{"itemId":"B000U8TFW6","ProductIndex":122663}
{"itemId":"B001D06BWC","ProductIndex":41878}
{"itemId":"B000QFKDJ2","ProductIndex":26724}
{"itemId":"B002APC2EK","ProductIndex":136512}
{"itemId":"B005E2XRNG","ProductIndex":85123}
{"itemId":"B0072LFM8U","ProductIndex":41961}
{"itemId":"B000MNA07I","ProductIndex":28769}
{"itemId":"B000QY56SG","ProductIndex":93786}
{"itemId":"B008224900","ProductIndex":198961}
{"itemId":"B003Y2GTNS","ProductIndex":81100}
{"itemId":"B0035917XW","ProductIndex":174972}
{"itemId":"B002I7MHI6","ProductIndex":37224}
{"itemId":"B0090J5ZT8","ProductIndex":13020}
{"itemId":"B005RQ3CDE","ProductIndex":178118}
{"itemId":"B003F8LEC2","ProductIndex":68650}
{"itemId":"B00HK5B3PO","ProductIndex":36605}
{"itemId":"B009J5LHCC","ProductIndex":84279}
{"itemId":"B000BD35SK","ProductIndex":87743}
{"itemId":"B009DKDSXY","ProductIndex":62618}
{"itemId":"B004CX9L4M","ProductIndex":93156}
{"itemId":"B001FB5TUE","ProductIndex":40527}
{"itemId":"B003GSLEG2","ProductIndex":142670}
{"itemId":"B002PU9ORS","ProductIndex":122820}
{"itemId":"B0017KH6OU","ProductIndex":17622}
{"itemId":"B0000SWAGE","ProductIndex":37277}
{"itemId":"B004PKGL0Y","ProductIndex":25908}
{"itemId":"B004J8R7SW","ProductIndex":112134}
{"itemId":"B00550Y3UI","ProductIndex":63844}
{"itemId":"B00AY59QHY","ProductIndex":95211}
{"itemId":"B008JGUA70","ProductIndex":145276}
{"itemId":"B00BQ2Y2QE","ProductIndex":30953}
{"itemId":"B00IGM5F7M","ProductIndex":92711}
{"itemId":"B002W0N7VA","ProductIndex":23961}
{"itemId":"B001QXDSKE","ProductIndex":49911}
{"itemId":"B0010EI3J0","ProductIndex":32367}
{"itemId":"B003H3VZWO","ProductIndex":157741}
{"itemId":"B001NE0AZC","ProductIndex":60991}
{"itemId":"B0054EFQYM","ProductIndex":48532}
{"itemId":"B000H96JCM","ProductIndex":68588}
{"itemId":"B00640T3J4","ProductIndex":125741}
{"itemId":"B000PS8GGM","ProductIndex":89081}
{"itemId":"B000MSC4Z4","ProductIndex":23593}
{"itemId":"B006P7GWXG","ProductIndex":78552}
{"itemId":"B0014KBDL0","ProductIndex":111675}
{"itemId":"B004K3DM2G","ProductIndex":41090}
{"itemId":"B004UJGBVO","ProductIndex":118532}
{"itemId":"B0018PVVBI","ProductIndex":62824}
{"itemId":"B00E66Q7XS","ProductIndex":118379}
{"itemId":"B004NQZN86","ProductIndex":29645}
{"itemId":"B009OU6N6W","ProductIndex":121534}
{"itemId":"B00971V1EM","ProductIndex":7398}
{"itemId":"B008D6SX8Y","ProductIndex":37221}
{"itemId":"B009A7ZZWC","ProductIndex":96115}
{"itemId":"B00H89NE0O","ProductIndex":144371}
{"itemId":"B000CHK7OA","ProductIndex":30539}
{"itemId":"B009SCOVWE","ProductIndex":101768}
{"itemId":"B0000DHVOK","ProductIndex":70414}
{"itemId":"B005NTZ0M6","ProductIndex":77626}
{"itemId":"B002QSA5DQ","ProductIndex":113079}
{"itemId":"B000CRFPWE","ProductIndex":85440}
{"itemId":"B002G9GUFM","ProductIndex":89359}
{"itemId":"B000OBWLSO","ProductIndex":130516}
{"itemId":"B005FDTK8A","ProductIndex":102650}
{"itemId":"B004XZM8XK","ProductIndex":38936}
{"itemId":"B008H6Z74S","ProductIndex":169005}
{"itemId":"B001CCXZUC","ProductIndex":69087}
{"itemId":"B001J5LFGI","ProductIndex":29100}
{"itemId":"B00CTN7VOY","ProductIndex":104420}
{"itemId":"B005A464HO","ProductIndex":132752}
{"itemId":"B001R7VPGS","ProductIndex":193523}
{"itemId":"B0006NI4VI","ProductIndex":132014}
{"itemId":"B00CS4X8QE","ProductIndex":30517}
{"itemId":"B000A7X8YI","ProductIndex":107555}
{"itemId":"B0032XHP3C","ProductIndex":54621}
{"itemId":"B007QEEJZ0","ProductIndex":199649}
{"itemId":"B000MTRWVY","ProductIndex":112608}
{"itemId":"B005QSLUE6","ProductIndex":100573}
{"itemId":"B003YCOL56","ProductIndex":57526}
{"itemId":"B0035FZ142","ProductIndex":34058}
{"itemId":"B0002TECEY","ProductIndex":76598}
{"itemId":"B007715276","ProductIndex":135654}
{"itemId":"B00DDINF5I","ProductIndex":157654}
{"itemId":"B00BN0N062","ProductIndex":30312}
{"itemId":"B004I1J7Z6","ProductIndex":58432}
{"itemId":"B00104WH24","ProductIndex":139842}
{"itemId":"B00D5FPLJM","ProductIndex":57629}
{"itemId":"B004V48IOQ","ProductIndex":52113}
{"itemId":"B00B0TCY0Y","ProductIndex":131477}
{"itemId":"B00009YDPM","ProductIndex":40401}
{"itemId":"B004O3WWEQ","ProductIndex":134772}
{"itemId":"B001GSD5R0","ProductIndex":102568}
{"itemId":"B00CU65HOG","ProductIndex":94037}
{"itemId":"B000781CY8","ProductIndex":62915}
{"itemId":"B00DQC7OFI","ProductIndex":67263}
{"itemId":"B003OEDQBE","ProductIndex":30466}
{"itemId":"B003UAKY76","ProductIndex":157872}
{"itemId":"B000BYPZCI","ProductIndex":131168}
{"itemId":"B003403KG4","ProductIndex":97400}
{"itemId":"B001ULCS8A","ProductIndex":167464}
{"itemId":"B007KBBUQ0","ProductIndex":101950}
{"itemId":"B0058OPJB8","ProductIndex":110801}
{"itemId":"B004STN3PI","ProductIndex":140485}
{"itemId":"B000Z4ZL4Q","ProductIndex":71784}
{"itemId":"B00AVYY5QU","ProductIndex":156278}
{"itemId":"B004064PTM","ProductIndex":129531}
{"itemId":"B005441DVM","ProductIndex":43037}
{"itemId":"B004FL3SC2","ProductIndex":150562}
{"itemId":"B005N2030M","ProductIndex":64164}
{"itemId":"B00000JI2G","ProductIndex":91381}
{"itemId":"B000FFBACW","ProductIndex":128006}
{"itemId":"B000OUDJDG","ProductIndex":58547}
{"itemId":"B0031Q3A02","ProductIndex":126686}
{"itemId":"B004XVN1U8","ProductIndex":52705}
{"itemId":"B000FKKSCK","ProductIndex":174236}
{"itemId":"B004BHLWC8","ProductIndex":207731}
{"itemId":"B006B1C6ZE","ProductIndex":81325}
{"itemId":"B000DZFP98","ProductIndex":56047}
{"itemId":"B0063I49DM","ProductIndex":22843}
{"itemId":"B00C4CIRXY","ProductIndex":159319}
{"itemId":"B00B785W9I","ProductIndex":128748}
{"itemId":"B000VQS3XO","ProductIndex":120482}
{"itemId":"B009OA4CT2","ProductIndex":110090}
{"itemId":"B00004ZCFN","ProductIndex":45884}
{"itemId":"B001N82KQ0","ProductIndex":63850}
{"itemId":"B0027CTERY","ProductIndex":53505}
{"itemId":"B004MAM3DG","ProductIndex":86307}
{"itemId":"B0036UQSJ8","ProductIndex":67817}
{"itemId":"B004PKHWMK","ProductIndex":126424}
{"itemId":"B001P2D018","ProductIndex":111840}
{"itemId":"B0043AFQFM","ProductIndex":139731}
{"itemId":"B00DIGCWYK","ProductIndex":55092}
{"itemId":"B0038KLIPA","ProductIndex":87903}
{"itemId":"B003AIL5JY","ProductIndex":82797}
{"itemId":"B005GR00Z2","ProductIndex":137680}
{"itemId":"B000W93ZG0","ProductIndex":88659}
{"itemId":"B000ILSHTC","ProductIndex":70583}
{"itemId":"B00003CX3A","ProductIndex":107567}
{"itemId":"B000FL8ZY2","ProductIndex":120842}
{"itemId":"B002Y0QV5M","ProductIndex":115506}
{"itemId":"B00A9T3H8Y","ProductIndex":101166}
{"itemId":"B0034RPEO8","ProductIndex":138784}
{"itemId":"B006OPOLIW","ProductIndex":113498}
{"itemId":"B003WUX2ZK","ProductIndex":78731}
{"itemId":"B000BJNFAM","ProductIndex":169922}
{"itemId":"B004750EH8","ProductIndex":141628}
{"itemId":"B002XDHZNM","ProductIndex":67137}
{"itemId":"B005H4061C","ProductIndex":74419}
{"itemId":"B0015V4J3C","ProductIndex":159901}
{"itemId":"B00005ULTG","ProductIndex":130713}
{"itemId":"B000A1790S","ProductIndex":72061}
{"itemId":"B002I9Z66Y","ProductIndex":186524}
{"itemId":"B003KXQQ2K","ProductIndex":96863}
{"itemId":"B000PT1X8Y","ProductIndex":38116}
{"itemId":"B001TM0DIM","ProductIndex":65859}
{"itemId":"B004FHZ7K2","ProductIndex":163311}
{"itemId":"B002OXGYQU","ProductIndex":40928}
{"itemId":"B00000J506","ProductIndex":73849}
{"itemId":"B001R5KTYE","ProductIndex":84139}
{"itemId":"B002HTL3T4","ProductIndex":27893}
{"itemId":"B0015Z0QG2","ProductIndex":177031}
{"itemId":"B009F7YH12","ProductIndex":69381}
{"itemId":"B0048JJH7Q","ProductIndex":88258}
{"itemId":"B0061RL492","ProductIndex":188681}
{"itemId":"B000SJ5W5Q","ProductIndex":193918}
{"itemId":"B004DY17C4","ProductIndex":80146}
{"itemId":"B000WCY7V4","ProductIndex":102790}
{"itemId":"B00CUGNV2Q","ProductIndex":203085}
{"itemId":"B004AB3GJM","ProductIndex":54761}
{"itemId":"B00639J4CC","ProductIndex":157152}
{"itemId":"B007BIPXRE","ProductIndex":61742}
{"itemId":"B001CS51W6","ProductIndex":132613}
{"itemId":"B00DP22QGQ","ProductIndex":79108}
{"itemId":"B0002KR3X0","ProductIndex":34891}
{"itemId":"B007RXOA5Y","ProductIndex":58887}
{"itemId":"B00DGCNWC2","ProductIndex":166103}
{"itemId":"B001NPEBHO","ProductIndex":73514}
{"itemId":"B001NEJO36","ProductIndex":89306}
{"itemId":"B0007L6TEI","ProductIndex":184848}
{"itemId":"B00CVBL09Q","ProductIndex":92467}
{"itemId":"B00F0R9TFA","ProductIndex":94937}
{"itemId":"B00007M0GX","ProductIndex":119046}
{"itemId":"B007X7U13E","ProductIndex":38007}
{"itemId":"B004G8YQFW","ProductIndex":205037}
{"itemId":"B001E96LGI","ProductIndex":110831}
{"itemId":"B000AV21Q0","ProductIndex":162352}
{"itemId":"B000KW3FA0","ProductIndex":52432}
{"itemId":"B00CRGJFRO","ProductIndex":158751}
{"itemId":"B00BAH98DM","ProductIndex":185768}
{"itemId":"B00474ORI6","ProductIndex":45888}
{"itemId":"B007Z47SKY","ProductIndex":206043}
{"itemId":"B000L40NCU","ProductIndex":172586}
{"itemId":"B00133TP2M","ProductIndex":199095}
{"itemId":"B0017I9190","ProductIndex":160420}
{"itemId":"B000KH90BS","ProductIndex":151032}
{"itemId":"B0078P5V2C","ProductIndex":206878}
{"itemId":"B002OVU9RC","ProductIndex":131765}
{"itemId":"B000BZAQQW","ProductIndex":165694}
{"itemId":"B00004T70X","ProductIndex":131383}
{"itemId":"B00A7N4B2I","ProductIndex":172934}
{"itemId":"B001I45XMM","ProductIndex":83972}
{"itemId":"B004VTHLRG","ProductIndex":160496}
{"itemId":"B003X0IJBG","ProductIndex":127658}
{"itemId":"B00F2M5HRC","ProductIndex":143927}
{"itemId":"B000ANETWC","ProductIndex":48556}
{"itemId":"B004DEY7BC","ProductIndex":75827}
{"itemId":"B004EW0P96","ProductIndex":129976}
{"itemId":"B002TPWQWE","ProductIndex":76927}
{"itemId":"B003R0XDCW","ProductIndex":119703}
{"itemId":"B00E40L8VC","ProductIndex":107652}
{"itemId":"B000TRCDGS","ProductIndex":37072}
{"itemId":"B000KO4KYS","ProductIndex":65208}
{"itemId":"B005K46ZUK","ProductIndex":183761}
{"itemId":"B004CTCBWU","ProductIndex":155523}
{"itemId":"B00HHGIDQ8","ProductIndex":185573}
{"itemId":"B006HB9S36","ProductIndex":146355}
{"itemId":"B009ABO2N6","ProductIndex":34667}
{"itemId":"B0007L71OU","ProductIndex":85053}
{"itemId":"B009IJXI58","ProductIndex":99728}
{"itemId":"B00E9JLC50","ProductIndex":157476}
{"itemId":"B00ANX6RCO","ProductIndex":149932}
{"itemId":"B003T0MSQM","ProductIndex":107478}
{"itemId":"B00DTGG0YC","ProductIndex":83102}
{"itemId":"B0032YOMTQ","ProductIndex":58455}
{"itemId":"B00CIYJVEC","ProductIndex":134881}
{"itemId":"B000YTRKPU","ProductIndex":78551}
{"itemId":"B003RBI7VS","ProductIndex":179360}
{"itemId":"B00EN0HWE0","ProductIndex":105847}
{"itemId":"B00GP41BQC","ProductIndex":95873}
{"itemId":"B000S5TYSQ","ProductIndex":79099}
{"itemId":"B001LGAK8Y","ProductIndex":160065}
{"itemId":"B00AHP1QDS","ProductIndex":112904}
{"itemId":"B002UPC28Q","ProductIndex":179701}
{"itemId":"B008V6PPP0","ProductIndex":101934}
{"itemId":"B00007FCVV","ProductIndex":118019}
{"itemId":"B002WHAD0G","ProductIndex":136629}
{"itemId":"B00D6HBVIO","ProductIndex":165454}
{"itemId":"B004YVHXT2","ProductIndex":81614}
{"itemId":"B004X63JGE","ProductIndex":125754}
{"itemId":"B00CXVKD4C","ProductIndex":165295}
{"itemId":"B003V8AUZ8","ProductIndex":115136}
{"itemId":"B008J0ZOCC","ProductIndex":91273}
{"itemId":"B001QMJKRA","ProductIndex":120932}
{"itemId":"B009BZ2TGI","ProductIndex":44285}
{"itemId":"B005IF78DE","ProductIndex":65395}
{"itemId":"B000ENRNR6","ProductIndex":155288}
{"itemId":"B0007SVHMA","ProductIndex":140931}
{"itemId":"B004P4HFX2","ProductIndex":133368}
{"itemId":"B004CMBMQ8","ProductIndex":182647}
{"itemId":"B005E1V19Y","ProductIndex":104322}
{"itemId":"B006IDTMDY","ProductIndex":138708}
{"itemId":"B001HBIYF4","ProductIndex":170966}
{"itemId":"B00B7XYPBE","ProductIndex":145756}
{"itemId":"B004EWEZPG","ProductIndex":70157}
{"itemId":"B003GMRUDY","ProductIndex":67017}
{"itemId":"B005GGPDKA","ProductIndex":85778}
{"itemId":"B005Z44CTG","ProductIndex":133838}
{"itemId":"B00EFS11YM","ProductIndex":58010}
{"itemId":"B001EYU6ZU","ProductIndex":111991}
{"itemId":"B002OISA3K","ProductIndex":90499}
{"itemId":"B00IIVL51G","ProductIndex":97844}
{"itemId":"B00GOMYYPU","ProductIndex":186708}
{"itemId":"B00JXFHABA","ProductIndex":102527}
{"itemId":"B0001Z99SS","ProductIndex":51424}
{"itemId":"B00CDU883G","ProductIndex":150502}
{"itemId":"B00571PB1K","ProductIndex":83330}
{"itemId":"B0038KNG8M","ProductIndex":112266}
{"itemId":"B0009RLO2M","ProductIndex":72840}
{"itemId":"B001NGPAIW","ProductIndex":109316}
{"itemId":"B001G94TDS","ProductIndex":162420}
{"itemId":"B00006J07X","ProductIndex":115714}
{"itemId":"B003WPMEQ8","ProductIndex":134562}
{"itemId":"B000A5SVME","ProductIndex":137106}
{"itemId":"B00CBRNHXC","ProductIndex":160851}
{"itemId":"B0068UML3A","ProductIndex":101916}
{"itemId":"B002MX0PEE","ProductIndex":208136}
{"itemId":"B003GSLE62","ProductIndex":125766}
{"itemId":"B000P7094U","ProductIndex":183078}
{"itemId":"B0034JCS8G","ProductIndex":157350}
{"itemId":"B008AEH38A","ProductIndex":96383}
{"itemId":"B00890IJZQ","ProductIndex":74569}
{"itemId":"B008Q620U8","ProductIndex":180189}
{"itemId":"B003PDHJ6M","ProductIndex":96739}
{"itemId":"B000GWKO58","ProductIndex":144278}
{"itemId":"B0024MRNLG","ProductIndex":184133}
{"itemId":"B004RT1F0O","ProductIndex":194934}
{"itemId":"B00FSKMN7U","ProductIndex":176903}
{"itemId":"B0000899ZC","ProductIndex":54893}
{"itemId":"B005S7CQLQ","ProductIndex":168325}
{"itemId":"B0009K00JM","ProductIndex":137608}
{"itemId":"B004482OL2","ProductIndex":166691}
{"itemId":"B000068OJL","ProductIndex":137191}
{"itemId":"B0046TFZ38","ProductIndex":113164}
{"itemId":"B00CF2244Q","ProductIndex":147479}
{"itemId":"B008MOKQPU","ProductIndex":72237}
{"itemId":"B003WHYI4M","ProductIndex":190934}
{"itemId":"B004KRSB46","ProductIndex":176218}
{"itemId":"B00852NNZE","ProductIndex":156152}
{"itemId":"B00BSENEDM","ProductIndex":93117}
{"itemId":"B0035G3P1M","ProductIndex":194635}
{"itemId":"B006W3ZUPY","ProductIndex":99316}
{"itemId":"B002VJJNEM","ProductIndex":88733}
{"itemId":"B00GSCWSS6","ProductIndex":167496}
{"itemId":"B00CBQJ0FC","ProductIndex":95628}
{"itemId":"B00E254G4K","ProductIndex":85975}
{"itemId":"B005IOK6NO","ProductIndex":83175}
{"itemId":"B003C16HWE","ProductIndex":67596}
{"itemId":"B005I94IRE","ProductIndex":87368}
{"itemId":"B006Y55C1M","ProductIndex":162472}
{"itemId":"B007GN0ESC","ProductIndex":83646}
{"itemId":"B000I23UMA","ProductIndex":152045}
{"itemId":"B003NYMEJK","ProductIndex":97926}
{"itemId":"B004O4FC10","ProductIndex":66512}
{"itemId":"B009KOO9PO","ProductIndex":166685}
{"itemId":"B000246SHI","ProductIndex":58254}
{"itemId":"B001B8LOZU","ProductIndex":136248}
{"itemId":"B00G84WNA2","ProductIndex":179632}
{"itemId":"B000EIORUM","ProductIndex":174399}
{"itemId":"B00DZA9FYE","ProductIndex":172536}
{"itemId":"B00I4ZMNQW","ProductIndex":132459}
{"itemId":"B00F1YYQ6Y","ProductIndex":159070}
{"itemId":"B003FVT0N4","ProductIndex":181326}
{"itemId":"B004Y3K6LC","ProductIndex":62671}
{"itemId":"B00CRAKQI2","ProductIndex":146649}
{"itemId":"B005GMW7LC","ProductIndex":130930}
{"itemId":"B007VAMB22","ProductIndex":94147}
{"itemId":"B003LEBMDG","ProductIndex":44427}
{"itemId":"B005CX9QZ0","ProductIndex":189026}
{"itemId":"B00EKS33FC","ProductIndex":152418}
{"itemId":"B006ITK4C6","ProductIndex":84226}
{"itemId":"B000BFNX8A","ProductIndex":117130}
{"itemId":"B0062U3Z5O","ProductIndex":151237}
{"itemId":"B002KVODCS","ProductIndex":206139}
{"itemId":"B007NMTHK2","ProductIndex":112593}
{"itemId":"B000OKHAG8","ProductIndex":90394}
{"itemId":"B006G7NH24","ProductIndex":69444}
{"itemId":"B0073KMCBA","ProductIndex":119029}
{"itemId":"B002N5CQUW","ProductIndex":74458}
{"itemId":"B0095JMHGW","ProductIndex":188218}
{"itemId":"B005UKYJ70","ProductIndex":153787}
{"itemId":"B00BCQ08HQ","ProductIndex":107542}
{"itemId":"B001T89M42","ProductIndex":189511}
{"itemId":"B0001DHHH0","ProductIndex":180568}
{"itemId":"B0044R9M5Y","ProductIndex":132312}
{"itemId":"B00140OJV6","ProductIndex":111763}
{"itemId":"B006ULSE0Q","ProductIndex":183691}
{"itemId":"B003M8I0TK","ProductIndex":205405}
{"itemId":"B00006HOAP","ProductIndex":95184}
{"itemId":"B0013FGYDS","ProductIndex":203368}
{"itemId":"B005K1J5RI","ProductIndex":117863}
{"itemId":"B00404LHE0","ProductIndex":124250}
{"itemId":"B0043GMY1U","ProductIndex":125317}
{"itemId":"B00461Y3D4","ProductIndex":107561}
{"itemId":"B007Z33SYK","ProductIndex":100156}
{"itemId":"B006UV7WJU","ProductIndex":117375}
{"itemId":"B006J0ZLTK","ProductIndex":196631}
{"itemId":"B005ODK5YE","ProductIndex":94236}
{"itemId":"B0034CC9BE","ProductIndex":141542}
{"itemId":"B004QH534G","ProductIndex":164180}
{"itemId":"B008LVHEJA","ProductIndex":126272}
{"itemId":"B000EXOXTC","ProductIndex":145693}
{"itemId":"B000N5WNAW","ProductIndex":86523}
{"itemId":"B00E9LG4EC","ProductIndex":117499}
{"itemId":"B00AV3XKQC","ProductIndex":95021}
{"itemId":"B0031OR07S","ProductIndex":171837}
{"itemId":"B008FREN4Y","ProductIndex":196596}
{"itemId":"B0088OU71W","ProductIndex":188253}
{"itemId":"B0063Z9O4Y","ProductIndex":160826}
{"itemId":"B000CIGAZ4","ProductIndex":79260}
{"itemId":"B00004TB3L","ProductIndex":84001}
{"itemId":"B0058PVO2A","ProductIndex":105598}
{"itemId":"B000CHTH8W","ProductIndex":71963}
{"itemId":"B0084C38ZA","ProductIndex":85582}
{"itemId":"B001TKRMF6","ProductIndex":172845}
{"itemId":"B00H45K3QA","ProductIndex":161078}
{"itemId":"B0030HBSSS","ProductIndex":186262}
{"itemId":"B0001IXUGM","ProductIndex":91469}
{"itemId":"B0031YIWJS","ProductIndex":107827}
{"itemId":"B0049TKVL6","ProductIndex":64370}
{"itemId":"B001X685QG","ProductIndex":85937}
{"itemId":"B00IKQOPZW","ProductIndex":76961}
{"itemId":"B00507NP2I","ProductIndex":186011}
{"itemId":"B00D68TTUK","ProductIndex":109742}
{"itemId":"B0002ZPJX6","ProductIndex":169563}
{"itemId":"B000PT77R0","ProductIndex":164300}
{"itemId":"B00D3YELUA","ProductIndex":74677}
{"itemId":"B0002559IG","ProductIndex":126784}
{"itemId":"B003Y3B03Q","ProductIndex":115488}
{"itemId":"B004FLOXI0","ProductIndex":129890}
{"itemId":"B004HYRQ3Y","ProductIndex":85212}
{"itemId":"B000NFVUJM","ProductIndex":87586}
{"itemId":"B0032JMKZY","ProductIndex":114694}
{"itemId":"B003CEGLBI","ProductIndex":74630}
{"itemId":"B00D8H2U28","ProductIndex":133243}
{"itemId":"B003UL6LQS","ProductIndex":78063}
{"itemId":"B002QDDQPA","ProductIndex":151713}
{"itemId":"B000X3D6FK","ProductIndex":154654}
{"itemId":"B000IXEXWA","ProductIndex":194244}
{"itemId":"B000JFJ7BO","ProductIndex":196090}
{"itemId":"B0027G3E6W","ProductIndex":134558}
{"itemId":"B00AE1ROI6","ProductIndex":126313}
{"itemId":"B000VHF7X2","ProductIndex":114294}
{"itemId":"B002RZ4FCA","ProductIndex":118694}
{"itemId":"B002JCUD3Q","ProductIndex":117501}
{"itemId":"B000HZM1YG","ProductIndex":113582}
{"itemId":"B008Z7ZVIQ","ProductIndex":200959}
{"itemId":"B00BTTMC3Y","ProductIndex":78685}
{"itemId":"B0055OSTS6","ProductIndex":169689}
{"itemId":"B003F6K5AQ","ProductIndex":119176}
{"itemId":"B00006IJLC","ProductIndex":143633}
{"itemId":"B0044UEUZ8","ProductIndex":111785}
{"itemId":"B005YPT5YI","ProductIndex":164318}
{"itemId":"B002GU5YC6","ProductIndex":177809}
{"itemId":"B0052TME8K","ProductIndex":109945}
{"itemId":"B000EC6MG0","ProductIndex":146232}
{"itemId":"B004P41L5U","ProductIndex":152862}
{"itemId":"B00C6QQQUY","ProductIndex":178136}
{"itemId":"B00005T3M3","ProductIndex":181357}
{"itemId":"B008CGN9A2","ProductIndex":177022}
{"itemId":"B004B8VM4A","ProductIndex":188617}
{"itemId":"B00BG3RBES","ProductIndex":147877}
{"itemId":"B0024NZORK","ProductIndex":114707}
{"itemId":"B004B7H9FC","ProductIndex":63241}
{"itemId":"B004Q9SXQY","ProductIndex":121054}
{"itemId":"B0087Z5LPE","ProductIndex":205312}
{"itemId":"B001AOEQRS","ProductIndex":149259}
{"itemId":"B005JC45A0","ProductIndex":163030}
{"itemId":"B00EXVZLLU","ProductIndex":98342}
{"itemId":"B009YYG49Y","ProductIndex":97413}
{"itemId":"B00004WFXA","ProductIndex":203308}
{"itemId":"B004UJIX1K","ProductIndex":188616}
{"itemId":"B004FP5FOC","ProductIndex":111486}
{"itemId":"B00AFVQLPC","ProductIndex":158422}
{"itemId":"B002UG81OY","ProductIndex":162315}
{"itemId":"B007CO6FU6","ProductIndex":172346}
{"itemId":"B008A1S274","ProductIndex":190730}
{"itemId":"B0096XYXHS","ProductIndex":155762}
{"itemId":"B0071UPMT6","ProductIndex":169462}
{"itemId":"B000FNAENA","ProductIndex":58718}
{"itemId":"B007ZYFPMW","ProductIndex":164243}
{"itemId":"B0019MGIU4","ProductIndex":147670}
{"itemId":"B0037FUW9E","ProductIndex":120235}
{"itemId":"B0002KR39O","ProductIndex":92492}
{"itemId":"B0009V8GE2","ProductIndex":184805}
{"itemId":"B000063Y9I","ProductIndex":160713}
{"itemId":"B008C5YTKM","ProductIndex":191990}
{"itemId":"B0011VCOYW","ProductIndex":110048}
{"itemId":"B005QZ07HA","ProductIndex":165828}
{"itemId":"B000KL2HJG","ProductIndex":149339}
{"itemId":"B0043CJUPM","ProductIndex":183067}
{"itemId":"B005BTLAQI","ProductIndex":182972}
{"itemId":"B0028Z1HAM","ProductIndex":146315}
{"itemId":"B000O58PW6","ProductIndex":125402}
{"itemId":"B0058KANP4","ProductIndex":158177}
{"itemId":"B0000513T2","ProductIndex":116708}
{"itemId":"B003C55MLC","ProductIndex":169342}
{"itemId":"B009MLSRI0","ProductIndex":94785}
{"itemId":"B00JB3N6KS","ProductIndex":77015}
{"itemId":"B003X3LKTQ","ProductIndex":179601}
{"itemId":"B002ELWOTI","ProductIndex":171916}
{"itemId":"B0065X0EAM","ProductIndex":170226}
{"itemId":"B0011ADXLG","ProductIndex":124160}
{"itemId":"B000AQFMRU","ProductIndex":178284}
{"itemId":"B001JT5R7M","ProductIndex":100817}
{"itemId":"B00DKMM0D0","ProductIndex":178978}
{"itemId":"B007ENEZKC","ProductIndex":145033}
{"itemId":"B00GQPJZJU","ProductIndex":100505}
{"itemId":"B0000C005N","ProductIndex":175324}
{"itemId":"B005OSQSLS","ProductIndex":136495}
{"itemId":"B001614Y1I","ProductIndex":190549}
{"itemId":"B0002J2A5W","ProductIndex":133454}
{"itemId":"B000050GO1","ProductIndex":141750}
{"itemId":"B005F7CVAA","ProductIndex":203201}
{"itemId":"B00AY47MGW","ProductIndex":108040}
{"itemId":"B0080DR1T2","ProductIndex":164810}
{"itemId":"B002IULV8U","ProductIndex":94613}
{"itemId":"B00K61OB4O","ProductIndex":149788}
{"itemId":"B009T1O89U","ProductIndex":188893}
{"itemId":"B0050J33VY","ProductIndex":178932}
{"itemId":"B005EQS49E","ProductIndex":208139}
{"itemId":"B003X0BJAO","ProductIndex":177643}
{"itemId":"B00DEO9OT2","ProductIndex":160280}
{"itemId":"B00006B6KB","ProductIndex":115975}
{"itemId":"B003EM4Q1U","ProductIndex":200370}
{"itemId":"B0027B4KBK","ProductIndex":177637}
{"itemId":"B00A44U61U","ProductIndex":120233}
{"itemId":"B002CN1FGQ","ProductIndex":151128}
{"itemId":"B001UWGV00","ProductIndex":162208}
{"itemId":"B000CL6XRQ","ProductIndex":156641}
{"itemId":"B0002IEAME","ProductIndex":161017}
{"itemId":"B007R008KS","ProductIndex":187326}
{"itemId":"B007YPT3R0","ProductIndex":179891}
{"itemId":"B002HEO86O","ProductIndex":144035}
{"itemId":"B005OSZ49A","ProductIndex":81676}
{"itemId":"B002GW31CY","ProductIndex":146201}
{"itemId":"B00E479Y0W","ProductIndex":175646}
{"itemId":"B0013RGQBG","ProductIndex":98394}
{"itemId":"B002NSIYAA","ProductIndex":152900}
{"itemId":"B00B9H3ETM","ProductIndex":122710}
{"itemId":"B005Z1CBII","ProductIndex":91452}
{"itemId":"B003CUVPYA","ProductIndex":164084}
{"itemId":"B001FW13L2","ProductIndex":142897}
{"itemId":"B002MW3G78","ProductIndex":118071}
{"itemId":"B0054G58T8","ProductIndex":183765}
{"itemId":"B005VQMBSW","ProductIndex":151770}
{"itemId":"B00117OOFI","ProductIndex":105069}
{"itemId":"B00106M718","ProductIndex":110696}
{"itemId":"B000095ISC","ProductIndex":115502}
{"itemId":"B005RVM37A","ProductIndex":203920}
{"itemId":"B00AJHBGUW","ProductIndex":100969}
{"itemId":"B0019BI6PA","ProductIndex":125528}
{"itemId":"B000IGRVRQ","ProductIndex":138073}
{"itemId":"B000HPZ4HM","ProductIndex":152753}
{"itemId":"B003ATM6IM","ProductIndex":207790}
{"itemId":"B005M2AQQO","ProductIndex":97964}
{"itemId":"B0002JSU42","ProductIndex":152313}
{"itemId":"B00590TXSG","ProductIndex":103853}
{"itemId":"B00AB3K7JU","ProductIndex":187019}
{"itemId":"B0077CMZTS","ProductIndex":155403}
{"itemId":"B005GL9T2S","ProductIndex":162149}
{"itemId":"B00F4ELKEM","ProductIndex":199878}
{"itemId":"B008NESF7A","ProductIndex":145537}
{"itemId":"B005968WIM","ProductIndex":136591}
{"itemId":"B007PEUYX2","ProductIndex":176181}
{"itemId":"B00B59A2J4","ProductIndex":185722}
{"itemId":"B00633F7YW","ProductIndex":137495}
{"itemId":"B005H3KPZA","ProductIndex":202150}
{"itemId":"B000TG6H6Q","ProductIndex":88224}
{"itemId":"B000FQ7R50","ProductIndex":177950}
{"itemId":"B004BFQWPM","ProductIndex":190998}
{"itemId":"B0018MEKE6","ProductIndex":166827}
{"itemId":"B001BFPVOI","ProductIndex":179005}
{"itemId":"B00IFDPLBC","ProductIndex":103156}
{"itemId":"B00A82KJI8","ProductIndex":166239}
{"itemId":"B000XD4O4M","ProductIndex":181084}
{"itemId":"B007LOPXBO","ProductIndex":208303}
{"itemId":"B004YM0CCQ","ProductIndex":134355}
{"itemId":"B0056392ZA","ProductIndex":148573}
{"itemId":"B004XRHF40","ProductIndex":194447}
{"itemId":"9985512820","ProductIndex":153562}
{"itemId":"B00D1D8AYQ","ProductIndex":128601}
{"itemId":"B0000A4F2Y","ProductIndex":174202}
{"itemId":"B009DO1F1C","ProductIndex":184595}
{"itemId":"B003U6Y16A","ProductIndex":206290}
{"itemId":"B001U35RCC","ProductIndex":176407}
{"itemId":"B008P4FKU8","ProductIndex":116091}
{"itemId":"B00D5Q3V20","ProductIndex":156875}
{"itemId":"B000JG4JDO","ProductIndex":85995}
{"itemId":"B003S89B1A","ProductIndex":192110}
{"itemId":"B00EPDC7VS","ProductIndex":167435}
{"itemId":"B00295NQ96","ProductIndex":160463}
{"itemId":"B0055D9P94","ProductIndex":157529}
{"itemId":"B007HCT1JK","ProductIndex":99349}
{"itemId":"B0000ZOLKK","ProductIndex":131419}
{"itemId":"B004H8FTQ6","ProductIndex":96025}
{"itemId":"B00IM36VU0","ProductIndex":143335}
{"itemId":"B004S37VZ2","ProductIndex":181963}
{"itemId":"B0036RH3T0","ProductIndex":87746}
{"itemId":"B000GE1XQU","ProductIndex":157653}
{"itemId":"B008PO5VNO","ProductIndex":166373}
{"itemId":"B008RHYWES","ProductIndex":200305}
{"itemId":"B001711LUY","ProductIndex":116288}
{"itemId":"B005Q6GKDO","ProductIndex":182754}
{"itemId":"B000X4PM4W","ProductIndex":208030}
{"itemId":"B00092GM88","ProductIndex":110609}
{"itemId":"B000G77ETM","ProductIndex":135979}
{"itemId":"B00BERFZ9O","ProductIndex":191660}
{"itemId":"B001RB8OUE","ProductIndex":177537}
{"itemId":"B000IBTI3G","ProductIndex":116911}
{"itemId":"B00AUBQ4BI","ProductIndex":189824}
{"itemId":"B005DDLF8U","ProductIndex":117262}
{"itemId":"B00AA7S2MG","ProductIndex":189790}
{"itemId":"B00006I53I","ProductIndex":200677}
{"itemId":"B007WUQFY6","ProductIndex":207258}
{"itemId":"B001SHIMA4","ProductIndex":186713}
{"itemId":"B0079VEQKI","ProductIndex":122837}
{"itemId":"B00009UHJG","ProductIndex":181092}
{"itemId":"B000BQL9DK","ProductIndex":155054}
{"itemId":"B0084FWZWO","ProductIndex":170144}
{"itemId":"B00004VV4J","ProductIndex":164829}
{"itemId":"B00004Z51I","ProductIndex":93724}
{"itemId":"B00F8BKG4G","ProductIndex":204259}
{"itemId":"B003U8K5PE","ProductIndex":180596}
{"itemId":"B000BJOY3Y","ProductIndex":191247}
{"itemId":"B0009JFFIY","ProductIndex":192163}
{"itemId":"B00DNS05P6","ProductIndex":208132}
{"itemId":"B00HFVKT3K","ProductIndex":175977}
{"itemId":"B00301I7X8","ProductIndex":144498}
{"itemId":"B000071AAR","ProductIndex":177611}
{"itemId":"B00F6K1256","ProductIndex":190188}
{"itemId":"B00EZ5B7GC","ProductIndex":204410}
{"itemId":"B000ELDJTE","ProductIndex":185945}
{"itemId":"B00DV593GS","ProductIndex":169710}
{"itemId":"B003I7NBJO","ProductIndex":181742}
{"itemId":"B000M7QE6A","ProductIndex":170732}
{"itemId":"B005T6SQ5Q","ProductIndex":160969}
{"itemId":"B005CDL734","ProductIndex":204152}
{"itemId":"B00363LRRS","ProductIndex":180832}
{"itemId":"B002STXGRK","ProductIndex":199776}
{"itemId":"B004X2HCG6","ProductIndex":151769}
{"itemId":"B001BUZPOE","ProductIndex":207436}
{"itemId":"B0050L8H6S","ProductIndex":148852}
{"itemId":"B0002RNPLC","ProductIndex":199887}
{"itemId":"B0099UPZ4I","ProductIndex":177266}
{"itemId":"B001VDNP3O","ProductIndex":178821}
{"itemId":"B0036RO16I","ProductIndex":186413}
{"itemId":"B0045W4UVE","ProductIndex":168971}
{"itemId":"B00AKUIDMC","ProductIndex":114236}
{"itemId":"B003FSTBB8","ProductIndex":199293}
{"itemId":"B0013VHCHE","ProductIndex":113634}
{"itemId":"B004URCEVM","ProductIndex":176444}
{"itemId":"B00CHGJA1U","ProductIndex":181364}
{"itemId":"B00AXT8KG4","ProductIndex":100821}
{"itemId":"B0089Q42RO","ProductIndex":202918}
{"itemId":"B009RZRYGW","ProductIndex":191750}
{"itemId":"B000PI041C","ProductIndex":151816}
{"itemId":"B00DXHN4BY","ProductIndex":187582}
{"itemId":"B00005RCWB","ProductIndex":151007}
{"itemId":"B0045ZRC52","ProductIndex":155309}
{"itemId":"B000K50H9E","ProductIndex":196877}
{"itemId":"B008LTB3OY","ProductIndex":187780}
{"itemId":"B00BDRU3JW","ProductIndex":202593}
{"itemId":"B00552PLEI","ProductIndex":155557}
{"itemId":"B005K13XGC","ProductIndex":178158}
{"itemId":"B00GPKN498","ProductIndex":102739}
{"itemId":"B008N1LFT8","ProductIndex":139470}
{"itemId":"B001AQZBYS","ProductIndex":176030}
{"itemId":"B004KTAA5W","ProductIndex":205216}
{"itemId":"B001795M9C","ProductIndex":189624}
{"itemId":"B004VW9QC6","ProductIndex":177987}
{"itemId":"B008H0J0CE","ProductIndex":181884}
{"itemId":"B00063XYZE","ProductIndex":203620}
{"itemId":"B000CSKOWY","ProductIndex":179460}
{"itemId":"B004TA72CG","ProductIndex":168422}
{"itemId":"B00KB3LWPI","ProductIndex":188407}
{"itemId":"B0046H95GI","ProductIndex":194403}
{"itemId":"B000GAYMWG","ProductIndex":181365}
{"itemId":"B00A81MCJS","ProductIndex":178193}
{"itemId":"B0006IXAGM","ProductIndex":178553}
{"itemId":"B003FSTAR8","ProductIndex":201949}
