{"itemId":"B004E0GA2O","ProductIndex":32733}
{"itemId":"B001NJ0D0Y","ProductIndex":126}
{"itemId":"B002SDRA5K","ProductIndex":52257}
{"itemId":"B00439BDSW","ProductIndex":122444}
{"itemId":"B004SBBDB2","ProductIndex":15459}
{"itemId":"B0006B486K","ProductIndex":367}
{"itemId":"B002PAR0JM","ProductIndex":12365}
{"itemId":"B001FXZTIY","ProductIndex":7619}
{"itemId":"B0097252UK","ProductIndex":846}
{"itemId":"B007EFLA1C","ProductIndex":36171}
{"itemId":"B000067RG5","ProductIndex":23017}
{"itemId":"B004TLIVB6","ProductIndex":2048}
{"itemId":"B003KN2TGM","ProductIndex":5937}
{"itemId":"B00006JPWW","ProductIndex":9486}
{"itemId":"B008S15X3W","ProductIndex":14604}
{"itemId":"B0018YHZHI","ProductIndex":2800}
{"itemId":"B005Z3DWKW","ProductIndex":21762}
{"itemId":"B00191OG2M","ProductIndex":106484}
{"itemId":"B001AZP8EW","ProductIndex":1210}
{"itemId":"B001LY0QJ4","ProductIndex":14315}
{"itemId":"B006R2N8VS","ProductIndex":391}
{"itemId":"B000093US8","ProductIndex":139080}
{"itemId":"B0083CU5D4","ProductIndex":47978}
{"itemId":"B0048W4RV4","ProductIndex":9148}
{"itemId":"B006WVXA0I","ProductIndex":47082}
{"itemId":"B0054L7FVW","ProductIndex":2520}
{"itemId":"B004G2VJM6","ProductIndex":8801}
{"itemId":"B0030BZDUI","ProductIndex":9820}
{"itemId":"B002NU5O8I","ProductIndex":6771}
{"itemId":"B0001ZA4PA","ProductIndex":15973}
{"itemId":"B004G5CZXU","ProductIndex":37169}
{"itemId":"B000M4XMGI","ProductIndex":13323}
{"itemId":"B004JQQDZ2","ProductIndex":6476}
{"itemId":"B0041UHKIU","ProductIndex":23931}
{"itemId":"B0091MQ8KE","ProductIndex":84660}
{"itemId":"B0090F8JAE","ProductIndex":27436}
{"itemId":"B001RBZ4W0","ProductIndex":61925}
{"itemId":"B007AHQMTO","ProductIndex":3572}
{"itemId":"B00030BYJI","ProductIndex":18877}
{"itemId":"B00004VXNF","ProductIndex":24401}
{"itemId":"B005IHAIEI","ProductIndex":3821}
{"itemId":"B00426C56U","ProductIndex":480}
{"itemId":"B003CGMQ38","ProductIndex":2700}
{"itemId":"B00E1GGE40","ProductIndex":12616}
{"itemId":"B005P99LHO","ProductIndex":11705}
{"itemId":"B002Q3L1ZC","ProductIndex":22667}
{"itemId":"B004VM343I","ProductIndex":15218}
{"itemId":"B003I4FD9I","ProductIndex":6083}
{"itemId":"B0036WT3RU","ProductIndex":8064}
{"itemId":"B000OVPBA4","ProductIndex":14670}
{"itemId":"B004QQY2JO","ProductIndex":4236}
{"itemId":"B003WLY24O","ProductIndex":1637}
{"itemId":"B008G1FFBO","ProductIndex":3566}
{"itemId":"B004QMUIO6","ProductIndex":13189}
{"itemId":"B00FN37Z9I","ProductIndex":123236}
{"itemId":"B00BDJAMPA","ProductIndex":126861}
{"itemId":"B008194UIU","ProductIndex":5729}
{"itemId":"B004LPZBD6","ProductIndex":6795}
{"itemId":"B0051GN7WG","ProductIndex":55627}
{"itemId":"B003WMOMZC","ProductIndex":23395}
{"itemId":"B00ERKX6C8","ProductIndex":118659}
{"itemId":"B00578N1JM","ProductIndex":121114}
{"itemId":"B000IMSMVE","ProductIndex":76522}
{"itemId":"B000AMSBRM","ProductIndex":82513}
{"itemId":"B005QR57GY","ProductIndex":13080}
{"itemId":"B000N50S5Y","ProductIndex":4483}
{"itemId":"B002ZNJB2S","ProductIndex":7188}
{"itemId":"B003WYDTVS","ProductIndex":33654}
{"itemId":"B00DUEDPPU","ProductIndex":110812}
{"itemId":"B00F8L5I8K","ProductIndex":78461}
{"itemId":"B004FLR2EW","ProductIndex":13345}
{"itemId":"B00DVGJEZ2","ProductIndex":86943}
{"itemId":"B005G8CEZU","ProductIndex":4202}
{"itemId":"B004V4XZEY","ProductIndex":76532}
{"itemId":"B00662S1HU","ProductIndex":31471}
{"itemId":"B006FJU4TW","ProductIndex":41293}
{"itemId":"B004YAVF8I","ProductIndex":6089}
{"itemId":"B002HINLN6","ProductIndex":11428}
{"itemId":"B008VOPC1O","ProductIndex":26412}
{"itemId":"B009SPUY5O","ProductIndex":3553}
{"itemId":"B000CR1V5O","ProductIndex":15180}
{"itemId":"B000ETUG38","ProductIndex":69426}
{"itemId":"B001EZYMF4","ProductIndex":482}
{"itemId":"B001I0YXPY","ProductIndex":52452}
{"itemId":"B00BVCWO5K","ProductIndex":148807}
{"itemId":"B002KCNYWW","ProductIndex":94487}
{"itemId":"B000XY0II2","ProductIndex":92077}
{"itemId":"B008UV8R4W","ProductIndex":58367}
{"itemId":"B006BGSYXC","ProductIndex":20111}
{"itemId":"B001SVJUPG","ProductIndex":7507}
{"itemId":"B00GH0N1LM","ProductIndex":4141}
{"itemId":"B0009VU7WG","ProductIndex":125473}
{"itemId":"B0089UR6F0","ProductIndex":191799}
{"itemId":"B004T4O3PQ","ProductIndex":16658}
{"itemId":"B00006HCIX","ProductIndex":36923}
{"itemId":"B004B3BQ7S","ProductIndex":109207}
{"itemId":"B0019825B4","ProductIndex":12893}
{"itemId":"B0057OW94E","ProductIndex":36578}
{"itemId":"B00FP8O6O8","ProductIndex":109369}
{"itemId":"B0007CZ70Y","ProductIndex":10364}
{"itemId":"B000I18WG0","ProductIndex":93366}
{"itemId":"B0041PPYME","ProductIndex":98473}
{"itemId":"B0043BYFJO","ProductIndex":23606}
{"itemId":"B0006698TW","ProductIndex":44825}
{"itemId":"B002LSI0K6","ProductIndex":90059}
{"itemId":"B00DVPGBDG","ProductIndex":11349}
{"itemId":"B004FIDRI0","ProductIndex":144223}
{"itemId":"B00AO1L1RG","ProductIndex":7258}
{"itemId":"B009Y2P8T8","ProductIndex":8696}
{"itemId":"B002L8SE5M","ProductIndex":65008}
{"itemId":"B000V1X6W2","ProductIndex":95439}
{"itemId":"B005MR5E8O","ProductIndex":112796}
{"itemId":"B000051SHR","ProductIndex":43323}
{"itemId":"B0025VYYUY","ProductIndex":13179}
{"itemId":"B000I20988","ProductIndex":57092}
{"itemId":"B008NK4RYY","ProductIndex":100432}
{"itemId":"B000BG0UF8","ProductIndex":18839}
{"itemId":"B00540OMYG","ProductIndex":30611}
{"itemId":"B000WKW6HS","ProductIndex":8022}
{"itemId":"B007XDFNB8","ProductIndex":22247}
{"itemId":"B001P7G0ZQ","ProductIndex":8674}
{"itemId":"B008HDOEG8","ProductIndex":4521}
{"itemId":"B006SF6BCM","ProductIndex":113965}
{"itemId":"B000YZOYV2","ProductIndex":69853}
{"itemId":"B000EZVVQ8","ProductIndex":118970}
{"itemId":"B008KXG59O","ProductIndex":36794}
{"itemId":"B001S2PQ58","ProductIndex":100720}
{"itemId":"B005SNKTJ6","ProductIndex":141891}
{"itemId":"B0034XJNHQ","ProductIndex":18278}
{"itemId":"B000N7VPRW","ProductIndex":3262}
{"itemId":"B00HVKLSVC","ProductIndex":35174}
{"itemId":"B00462AVLQ","ProductIndex":204063}
{"itemId":"B001IB4WH2","ProductIndex":39512}
{"itemId":"B002PXA9CY","ProductIndex":45776}
{"itemId":"B0080TCOWA","ProductIndex":61948}
{"itemId":"B005O08KH6","ProductIndex":36115}
{"itemId":"B0018P58X0","ProductIndex":20575}
{"itemId":"B00CSCSMMQ","ProductIndex":149621}
{"itemId":"B00076QVZ0","ProductIndex":64346}
{"itemId":"B0002BETHC","ProductIndex":76232}
{"itemId":"B000E5CYW8","ProductIndex":7013}
{"itemId":"B004350IVY","ProductIndex":102622}
{"itemId":"B001GCU0MY","ProductIndex":5423}
{"itemId":"B0010XTPXE","ProductIndex":54501}
{"itemId":"B000A6QSLE","ProductIndex":83693}
{"itemId":"B000PD5RC8","ProductIndex":28348}
{"itemId":"B003CJTNL8","ProductIndex":49720}
{"itemId":"B002H0DUBC","ProductIndex":126046}
{"itemId":"B0027FFR9A","ProductIndex":98130}
{"itemId":"B00BMZSPBI","ProductIndex":19320}
{"itemId":"B0078JXDRI","ProductIndex":17920}
{"itemId":"B0043ANOCE","ProductIndex":93518}
{"itemId":"B003LSTD42","ProductIndex":15987}
{"itemId":"B00903HKXI","ProductIndex":18258}
{"itemId":"B008F8HSB8","ProductIndex":15311}
{"itemId":"B00455WZY0","ProductIndex":137448}
{"itemId":"B000BUDHOA","ProductIndex":6705}
{"itemId":"B008NCA6RO","ProductIndex":16264}
{"itemId":"B000051SEN","ProductIndex":16877}
{"itemId":"B00BUL4414","ProductIndex":167252}
{"itemId":"B0028BDB5K","ProductIndex":83352}
{"itemId":"B001P7CAZ0","ProductIndex":21915}
{"itemId":"B009Y3EA14","ProductIndex":16561}
{"itemId":"B006WHPQDG","ProductIndex":22376}
{"itemId":"B000SB6PAK","ProductIndex":54493}
{"itemId":"B000WBMF4Q","ProductIndex":76256}
{"itemId":"B000NSDPUQ","ProductIndex":50192}
{"itemId":"B000GW81BM","ProductIndex":38577}
{"itemId":"B004U7K2PW","ProductIndex":79456}
{"itemId":"B0001OY2V8","ProductIndex":27384}
{"itemId":"B007C1KKW8","ProductIndex":5237}
{"itemId":"B003Z9L38Q","ProductIndex":47661}
{"itemId":"B0099SGFZI","ProductIndex":5969}
{"itemId":"B0089LR7ZS","ProductIndex":20898}
{"itemId":"B00779R8JI","ProductIndex":25059}
{"itemId":"B007PODQTQ","ProductIndex":47137}
{"itemId":"B007V18OOU","ProductIndex":191127}
{"itemId":"B00499CQUU","ProductIndex":158836}
{"itemId":"B007BGFUFQ","ProductIndex":10071}
{"itemId":"B00CMJZAOI","ProductIndex":18355}
{"itemId":"B008BM83O4","ProductIndex":25645}
{"itemId":"B008H6HFZM","ProductIndex":19132}
{"itemId":"B000Q7Q420","ProductIndex":46857}
{"itemId":"B0083BCCXG","ProductIndex":32036}
{"itemId":"B0040GJJ2K","ProductIndex":137894}
{"itemId":"B00HJB5R56","ProductIndex":115956}
{"itemId":"B00161RTYM","ProductIndex":14963}
{"itemId":"B00AHYECI0","ProductIndex":201723}
{"itemId":"B0031777Z0","ProductIndex":59127}
{"itemId":"B00472OBBG","ProductIndex":17823}
{"itemId":"B005EK3OF4","ProductIndex":11867}
{"itemId":"B00I8WHQZY","ProductIndex":93137}
{"itemId":"B006M67C0W","ProductIndex":159525}
{"itemId":"B0040NPHMO","ProductIndex":59372}
{"itemId":"B000FA07NK","ProductIndex":15216}
{"itemId":"B001IP3846","ProductIndex":58430}
{"itemId":"B008RSIHQG","ProductIndex":19099}
{"itemId":"B000RE7RS2","ProductIndex":44422}
{"itemId":"B0020DH71A","ProductIndex":19294}
{"itemId":"B005HQ2K0U","ProductIndex":58029}
{"itemId":"B0028D6R54","ProductIndex":32070}
{"itemId":"B003Q55A4W","ProductIndex":56083}
{"itemId":"B0075790SO","ProductIndex":54803}
{"itemId":"B0041FA6CM","ProductIndex":45758}
{"itemId":"B00177D5Q6","ProductIndex":106221}
{"itemId":"B002LITFYQ","ProductIndex":30840}
{"itemId":"B003O2S03K","ProductIndex":139077}
{"itemId":"B004P5ZAQK","ProductIndex":64056}
{"itemId":"B00GS95BHE","ProductIndex":160067}
{"itemId":"B0074GTZTU","ProductIndex":82272}
{"itemId":"B002OHDGSA","ProductIndex":23385}
{"itemId":"B004IZN3XO","ProductIndex":8270}
{"itemId":"B007G60HD6","ProductIndex":87071}
{"itemId":"B003CYKYV6","ProductIndex":28925}
{"itemId":"B0011DVZ9A","ProductIndex":111689}
{"itemId":"B0001DKR0O","ProductIndex":90922}
{"itemId":"B000X3D79K","ProductIndex":110615}
{"itemId":"B009UTNKTK","ProductIndex":170726}
{"itemId":"B003WLZNH4","ProductIndex":12876}
{"itemId":"B0061306C2","ProductIndex":42963}
{"itemId":"B008DKLFK8","ProductIndex":59029}
{"itemId":"B002XJX954","ProductIndex":117289}
{"itemId":"B00ADQSLSE","ProductIndex":98099}
{"itemId":"B001GCUOES","ProductIndex":82936}
{"itemId":"B0022TSC5C","ProductIndex":13158}
{"itemId":"B0070157TG","ProductIndex":111831}
{"itemId":"B0010VGA52","ProductIndex":49369}
{"itemId":"B00AA3R2YO","ProductIndex":113711}
{"itemId":"B007SQCFUW","ProductIndex":37151}
{"itemId":"B001F8N8N2","ProductIndex":151061}
{"itemId":"B003BWHGI8","ProductIndex":56109}
{"itemId":"B0002T74QC","ProductIndex":9659}
{"itemId":"B0018THSW0","ProductIndex":185394}
{"itemId":"B000FCSWRG","ProductIndex":168698}
{"itemId":"B00IF165FA","ProductIndex":207520}
{"itemId":"B005BRET3G","ProductIndex":56149}
{"itemId":"B0022Q02B2","ProductIndex":20420}
{"itemId":"B003N197CU","ProductIndex":9372}
{"itemId":"B007Q4WMSG","ProductIndex":15252}
{"itemId":"B00HZN1WTI","ProductIndex":90351}
{"itemId":"B000N7VPZO","ProductIndex":29308}
{"itemId":"B009S3J3AI","ProductIndex":119178}
{"itemId":"B00FQ1O2IE","ProductIndex":38457}
{"itemId":"B003YUHPL0","ProductIndex":203476}
{"itemId":"B0006N3EVS","ProductIndex":10264}
{"itemId":"B001HL0UAG","ProductIndex":33215}
{"itemId":"B00DVO014W","ProductIndex":131295}
{"itemId":"B004K2M0FM","ProductIndex":36358}
{"itemId":"B00DU5KK3O","ProductIndex":107158}
{"itemId":"B0015AFOR8","ProductIndex":6793}
{"itemId":"B008WAMV3Y","ProductIndex":33599}
{"itemId":"B0030BES2M","ProductIndex":25444}
{"itemId":"B008D678S0","ProductIndex":178663}
{"itemId":"B005ILWY9G","ProductIndex":12666}
{"itemId":"B004CLYOI2","ProductIndex":15279}
{"itemId":"B0087RZ2J2","ProductIndex":76319}
{"itemId":"B002G9QXWC","ProductIndex":159711}
{"itemId":"B002AS7FSK","ProductIndex":26195}
{"itemId":"B005N52ERY","ProductIndex":103545}
{"itemId":"B001UPWDYU","ProductIndex":70842}
{"itemId":"B00062VYQ6","ProductIndex":64844}
{"itemId":"B004KCMILS","ProductIndex":108586}
{"itemId":"B00GA55OGE","ProductIndex":10931}
{"itemId":"B009O8PKMC","ProductIndex":53812}
{"itemId":"B00HR4XSPQ","ProductIndex":37760}
{"itemId":"B0000C0XRZ","ProductIndex":88270}
{"itemId":"B0007MGFI2","ProductIndex":15398}
{"itemId":"B005LEWZ0S","ProductIndex":16115}
{"itemId":"B003PTLIEU","ProductIndex":53995}
{"itemId":"B002P3KY1K","ProductIndex":94292}
{"itemId":"B0040IEIII","ProductIndex":17368}
{"itemId":"B00ANDQKJE","ProductIndex":98912}
{"itemId":"B001QVY91S","ProductIndex":18376}
{"itemId":"B007VL8Y2M","ProductIndex":179252}
{"itemId":"B0052ZR6DC","ProductIndex":60450}
{"itemId":"B00801K2XQ","ProductIndex":32370}
{"itemId":"B002POBUKI","ProductIndex":47350}
{"itemId":"B001ADEIQI","ProductIndex":83832}
{"itemId":"B000TEYOOK","ProductIndex":21156}
{"itemId":"B005C95ND8","ProductIndex":21949}
{"itemId":"B00D98C8JQ","ProductIndex":17266}
{"itemId":"B0009XHGGO","ProductIndex":146721}
{"itemId":"B00G41F2LQ","ProductIndex":63330}
{"itemId":"B008H7MEKW","ProductIndex":25730}
{"itemId":"B00013M6NU","ProductIndex":12033}
{"itemId":"B005OMSUOC","ProductIndex":61277}
{"itemId":"B001HBIZQW","ProductIndex":99422}
{"itemId":"B000FIR16I","ProductIndex":88356}
{"itemId":"B0048WGHUI","ProductIndex":24979}
{"itemId":"B004VSZCL4","ProductIndex":16140}
{"itemId":"B000EPJKDY","ProductIndex":41133}
{"itemId":"B002ZP8UM8","ProductIndex":76354}
{"itemId":"B002HSU84Q","ProductIndex":114416}
{"itemId":"B004GWRUY2","ProductIndex":29464}
{"itemId":"B0030BMV9O","ProductIndex":20059}
{"itemId":"B002DS88QA","ProductIndex":32557}
{"itemId":"B002SCUZRG","ProductIndex":78173}
{"itemId":"B001DPHRWK","ProductIndex":27091}
{"itemId":"B002PHM0V8","ProductIndex":11924}
{"itemId":"B000P1AR84","ProductIndex":81799}
{"itemId":"B000F1REOO","ProductIndex":77292}
{"itemId":"B0033520DY","ProductIndex":163791}
{"itemId":"B00006HCCS","ProductIndex":42625}
{"itemId":"B000JJSQBM","ProductIndex":16925}
{"itemId":"B00AFP89G2","ProductIndex":28224}
{"itemId":"B0054RJAVY","ProductIndex":45676}
{"itemId":"B000K9DM8S","ProductIndex":112448}
{"itemId":"B0036828KS","ProductIndex":66895}
{"itemId":"B0010EIV56","ProductIndex":137237}
{"itemId":"B00CUKK0UI","ProductIndex":136499}
{"itemId":"B0015AK27A","ProductIndex":201953}
{"itemId":"B00AF44HC8","ProductIndex":56228}
{"itemId":"B0048EJ4OC","ProductIndex":70814}
{"itemId":"B007ZEB8N2","ProductIndex":48109}
{"itemId":"B000ZEUQ3M","ProductIndex":47221}
{"itemId":"B003Y2V0A0","ProductIndex":24949}
{"itemId":"B00DC6TVZO","ProductIndex":124493}
{"itemId":"B002NY9K52","ProductIndex":154015}
{"itemId":"B005G2JFEO","ProductIndex":96432}
{"itemId":"B001GAPHOC","ProductIndex":40238}
{"itemId":"B000I1GPRS","ProductIndex":31090}
{"itemId":"B0097DFR8G","ProductIndex":31205}
{"itemId":"B00AJ2AOFA","ProductIndex":163283}
{"itemId":"B00JCGXHVW","ProductIndex":140523}
{"itemId":"B005IHAIDO","ProductIndex":20471}
{"itemId":"B0012ZL56A","ProductIndex":36303}
{"itemId":"B00EXK1L38","ProductIndex":9286}
{"itemId":"B00D3WQ9PW","ProductIndex":9783}
{"itemId":"B002RWJDP2","ProductIndex":43232}
{"itemId":"B003TP6BZ6","ProductIndex":167701}
{"itemId":"B001NPCCH0","ProductIndex":81133}
{"itemId":"B0083J99EI","ProductIndex":36767}
{"itemId":"B000CP4IHY","ProductIndex":169692}
{"itemId":"B00ESM3TPO","ProductIndex":156391}
{"itemId":"B003SEQCL6","ProductIndex":68691}
{"itemId":"B003TYH7S2","ProductIndex":43183}
{"itemId":"B0030B8VHA","ProductIndex":135903}
{"itemId":"B004L9M4DW","ProductIndex":22727}
{"itemId":"B00008KIVO","ProductIndex":43755}
{"itemId":"B009ZP4QAQ","ProductIndex":64545}
{"itemId":"B0002KQZU2","ProductIndex":114079}
{"itemId":"B001XCX9LQ","ProductIndex":60462}
{"itemId":"B000069092","ProductIndex":14629}
{"itemId":"B004OM3C32","ProductIndex":78725}
{"itemId":"B004JMZXQQ","ProductIndex":129646}
{"itemId":"B00AQL9B2G","ProductIndex":37899}
{"itemId":"B001M5GVF0","ProductIndex":84548}
{"itemId":"B0095ZCT46","ProductIndex":20947}
{"itemId":"B000EAGKIM","ProductIndex":46804}
{"itemId":"B005A0NIRW","ProductIndex":41917}
{"itemId":"B002FOV48G","ProductIndex":86185}
{"itemId":"B00ITDSN5Y","ProductIndex":50635}
{"itemId":"B003ICXCI4","ProductIndex":65570}
{"itemId":"B00GSPUES4","ProductIndex":32536}
{"itemId":"B0009N4OIC","ProductIndex":28579}
{"itemId":"B000IJNEV0","ProductIndex":82887}
{"itemId":"B005UK1UL8","ProductIndex":111570}
{"itemId":"B004AFCVDA","ProductIndex":23818}
{"itemId":"B00330O2U8","ProductIndex":9979}
{"itemId":"B00BRAM2TO","ProductIndex":112297}
{"itemId":"B005HZLRW8","ProductIndex":76175}
{"itemId":"B004OHHKSU","ProductIndex":69968}
{"itemId":"B000RHE066","ProductIndex":74197}
{"itemId":"B000G6Q9DK","ProductIndex":175070}
{"itemId":"B001MRYT3E","ProductIndex":10661}
{"itemId":"B003EYDXI0","ProductIndex":80042}
{"itemId":"B00H4MWMWQ","ProductIndex":189916}
{"itemId":"B00004WCGD","ProductIndex":29927}
{"itemId":"B00BMZ70XW","ProductIndex":78205}
{"itemId":"B004I0JGT4","ProductIndex":34692}
{"itemId":"B00A47TK8C","ProductIndex":76999}
{"itemId":"B00B6191T8","ProductIndex":183324}
{"itemId":"B00BF9G34M","ProductIndex":137849}
{"itemId":"B001EUEVX2","ProductIndex":90138}
{"itemId":"B008Y26E8I","ProductIndex":98421}
{"itemId":"B002M3SOO2","ProductIndex":96873}
{"itemId":"B007C9C6A4","ProductIndex":71331}
{"itemId":"B000GE9Y4S","ProductIndex":87808}
{"itemId":"B002AKE8T2","ProductIndex":43608}
{"itemId":"B001O7CN76","ProductIndex":62459}
{"itemId":"B004QJMQA8","ProductIndex":24730}
{"itemId":"B008DYWG9S","ProductIndex":109910}
{"itemId":"B000V2RTDS","ProductIndex":89254}
{"itemId":"B001DFTGSS","ProductIndex":21101}
{"itemId":"B003F2VG8U","ProductIndex":45807}
{"itemId":"B0049MOAHE","ProductIndex":23553}
{"itemId":"B0012QU93O","ProductIndex":114847}
{"itemId":"B003EVMYXI","ProductIndex":107057}
{"itemId":"B00513TYY4","ProductIndex":109846}
{"itemId":"B004IJOWDK","ProductIndex":172795}
{"itemId":"B0013FYX8G","ProductIndex":124053}
{"itemId":"B001QTLWHY","ProductIndex":166465}
{"itemId":"B003DKJ7SK","ProductIndex":98531}
{"itemId":"B000A7QPM0","ProductIndex":148642}
{"itemId":"B000KZWXQ4","ProductIndex":110539}
{"itemId":"B009AR2MRI","ProductIndex":41711}
{"itemId":"B000294HDK","ProductIndex":58820}
{"itemId":"B000SXZJKK","ProductIndex":33322}
{"itemId":"B004Q7JRNO","ProductIndex":52073}
{"itemId":"B003T0UX1E","ProductIndex":131482}
{"itemId":"B001O1MKPC","ProductIndex":29918}
{"itemId":"B00487UR3Q","ProductIndex":60910}
{"itemId":"B00JRR7K5U","ProductIndex":119312}
{"itemId":"B0051RD3TW","ProductIndex":115938}
{"itemId":"B003Q96CCC","ProductIndex":12160}
{"itemId":"B005OT9C9W","ProductIndex":145978}
{"itemId":"B007PUIKK0","ProductIndex":164042}
{"itemId":"B005UVWEG2","ProductIndex":30455}
{"itemId":"B001Q6X0S6","ProductIndex":30239}
{"itemId":"B00859R6VY","ProductIndex":32498}
{"itemId":"B005DZLB1Y","ProductIndex":40002}
{"itemId":"B007Z574RU","ProductIndex":42806}
{"itemId":"B0085JFM1U","ProductIndex":56706}
{"itemId":"B006ZBG2ZA","ProductIndex":86646}
{"itemId":"B00DBB81QU","ProductIndex":119453}
{"itemId":"B0089VKNHM","ProductIndex":36685}
{"itemId":"B00GWCFG0Y","ProductIndex":49776}
{"itemId":"B009DZXFIC","ProductIndex":113625}
{"itemId":"B004K9F5LG","ProductIndex":85968}
{"itemId":"B00A771ZWI","ProductIndex":49163}
{"itemId":"B005JFMLXU","ProductIndex":41178}
{"itemId":"B009VN4008","ProductIndex":32220}
{"itemId":"B001007OUI","ProductIndex":76419}
{"itemId":"B0049OVVS8","ProductIndex":123550}
{"itemId":"B0099QUSGM","ProductIndex":20352}
{"itemId":"B003VW5HUM","ProductIndex":86095}
{"itemId":"B00006B8DG","ProductIndex":153735}
{"itemId":"B00009XVPA","ProductIndex":94874}
{"itemId":"B003EDBI4C","ProductIndex":120082}
{"itemId":"B009JA9VIO","ProductIndex":35924}
{"itemId":"B00EMB4L0I","ProductIndex":48022}
{"itemId":"B0045MEMTE","ProductIndex":84812}
{"itemId":"B00115AOTA","ProductIndex":44210}
{"itemId":"B0035ER1K0","ProductIndex":62872}
{"itemId":"B00067JSFK","ProductIndex":102780}
{"itemId":"B009NPKT9A","ProductIndex":121920}
{"itemId":"B00173ROGM","ProductIndex":61004}
{"itemId":"B009KXAK6M","ProductIndex":118863}
{"itemId":"B004AH28UO","ProductIndex":44578}
{"itemId":"B0000E2XED","ProductIndex":94412}
{"itemId":"B000YQ489E","ProductIndex":43521}
{"itemId":"B0074A9DUM","ProductIndex":88809}
{"itemId":"B00B8CT6JA","ProductIndex":40185}
{"itemId":"B0054I6QWO","ProductIndex":143142}
{"itemId":"B003AHRLL6","ProductIndex":66398}
{"itemId":"B003XO76P2","ProductIndex":166494}
{"itemId":"B005FO2CC0","ProductIndex":52328}
{"itemId":"B004V4VL0E","ProductIndex":127897}
{"itemId":"B0052C4PFW","ProductIndex":62484}
{"itemId":"B009T6XLU2","ProductIndex":118189}
{"itemId":"B004SIQZRW","ProductIndex":109634}
{"itemId":"B009ZIPMUG","ProductIndex":88580}
{"itemId":"B000FCR48E","ProductIndex":205376}
{"itemId":"B005CO96UO","ProductIndex":39172}
{"itemId":"B000FL60AI","ProductIndex":31139}
{"itemId":"B000GUTMS0","ProductIndex":88229}
{"itemId":"B006NNLDX6","ProductIndex":138503}
{"itemId":"B003BV6766","ProductIndex":96918}
{"itemId":"B009SPJ478","ProductIndex":86574}
{"itemId":"B00005B6S4","ProductIndex":203139}
{"itemId":"B006VFENQK","ProductIndex":67217}
{"itemId":"B003JH7Y8W","ProductIndex":53960}
{"itemId":"B004B8VRCM","ProductIndex":71170}
{"itemId":"B000093UPP","ProductIndex":46612}
{"itemId":"B00CS79Y50","ProductIndex":118237}
{"itemId":"B00HTSU9K2","ProductIndex":141708}
{"itemId":"B008H38HSO","ProductIndex":98638}
{"itemId":"B0041G2YP8","ProductIndex":99663}
{"itemId":"B000VLC52O","ProductIndex":149019}
{"itemId":"B002DMLKF2","ProductIndex":26453}
{"itemId":"B00FY6DV3S","ProductIndex":18490}
{"itemId":"B004I51UTI","ProductIndex":90692}
{"itemId":"B001TYYPZW","ProductIndex":50072}
{"itemId":"B0068V25JE","ProductIndex":108309}
{"itemId":"B00CER04JE","ProductIndex":84763}
{"itemId":"B001L5U1RA","ProductIndex":129257}
{"itemId":"B00123H0UC","ProductIndex":186179}
{"itemId":"B009434500","ProductIndex":208164}
{"itemId":"B0056KHG74","ProductIndex":70126}
{"itemId":"B004OEIIXO","ProductIndex":94369}
{"itemId":"B005A2AZBM","ProductIndex":150580}
{"itemId":"B00ATWZMI4","ProductIndex":65011}
{"itemId":"B00009W5RO","ProductIndex":115738}
{"itemId":"B0057PMDH6","ProductIndex":174384}
{"itemId":"B00009R9CH","ProductIndex":120924}
{"itemId":"B008BDLQI8","ProductIndex":111026}
{"itemId":"B0080GKCV8","ProductIndex":118903}
{"itemId":"B0016LCMCG","ProductIndex":59349}
{"itemId":"B004SPGCAU","ProductIndex":168977}
{"itemId":"B0042HGAS8","ProductIndex":22689}
{"itemId":"B004E0OK6M","ProductIndex":142225}
{"itemId":"B000HD1CJI","ProductIndex":135616}
{"itemId":"B006BGTK6W","ProductIndex":89441}
{"itemId":"B00EDOG8NC","ProductIndex":38526}
{"itemId":"B0036R8DBC","ProductIndex":42467}
{"itemId":"B000T7PVOO","ProductIndex":70882}
{"itemId":"B00192MDFS","ProductIndex":94355}
{"itemId":"B0017NP2SO","ProductIndex":106375}
{"itemId":"B0081JQYVQ","ProductIndex":122574}
{"itemId":"B000K41PH8","ProductIndex":31514}
{"itemId":"B001P86EZ6","ProductIndex":132549}
{"itemId":"B002VBEPQG","ProductIndex":85422}
{"itemId":"B007E8TWQ4","ProductIndex":70680}
{"itemId":"B007PX48NA","ProductIndex":134520}
{"itemId":"B005HCDFWQ","ProductIndex":99519}
{"itemId":"B00AAZJ0T2","ProductIndex":94960}
{"itemId":"B00BFMUT7Q","ProductIndex":36527}
{"itemId":"B000246STQ","ProductIndex":85211}
{"itemId":"B005EK7UWW","ProductIndex":143042}
{"itemId":"B000K1XWFO","ProductIndex":93453}
{"itemId":"B000O56MI0","ProductIndex":203773}
{"itemId":"B003N3DU3K","ProductIndex":79575}
{"itemId":"B0030DDC1I","ProductIndex":88475}
{"itemId":"B0084F00WG","ProductIndex":146637}
{"itemId":"B004HIXI82","ProductIndex":178254}
{"itemId":"B0052XXCEG","ProductIndex":136270}
{"itemId":"B000VLKYXQ","ProductIndex":95497}
{"itemId":"B0096CYX74","ProductIndex":92868}
{"itemId":"B0013935WW","ProductIndex":141916}
{"itemId":"B004NF2TMA","ProductIndex":125731}
{"itemId":"B002ZHKMWM","ProductIndex":39205}
{"itemId":"B001SVHG48","ProductIndex":143610}
{"itemId":"B0093172HQ","ProductIndex":48648}
{"itemId":"B000WAHFBU","ProductIndex":77633}
{"itemId":"B0016JVOLS","ProductIndex":91247}
{"itemId":"B00ACXLWEI","ProductIndex":126797}
{"itemId":"B005AC19OY","ProductIndex":75410}
{"itemId":"B00BC5JRS8","ProductIndex":70810}
{"itemId":"B000066Q05","ProductIndex":86370}
{"itemId":"B00E2URC2I","ProductIndex":168990}
{"itemId":"B000AXQVK0","ProductIndex":52632}
{"itemId":"B00H7L7QMA","ProductIndex":108434}
{"itemId":"B004NYVA3K","ProductIndex":146144}
{"itemId":"B003KN3IUS","ProductIndex":147370}
{"itemId":"B00CIUNYMG","ProductIndex":156231}
{"itemId":"B00DFZRE6A","ProductIndex":84255}
{"itemId":"B00652U4JO","ProductIndex":103469}
{"itemId":"B00007CJLC","ProductIndex":77156}
{"itemId":"B004S50WZG","ProductIndex":18165}
{"itemId":"B0097PBRCE","ProductIndex":144294}
{"itemId":"B007261B3K","ProductIndex":60643}
{"itemId":"B005F2KI8W","ProductIndex":102354}
{"itemId":"B000Z80W50","ProductIndex":77004}
{"itemId":"B003AUPHZ0","ProductIndex":31983}
{"itemId":"B0002H0CA4","ProductIndex":122255}
{"itemId":"B004G1GDT6","ProductIndex":138626}
{"itemId":"B0087BAGLW","ProductIndex":148906}
{"itemId":"B000B912QQ","ProductIndex":151243}
{"itemId":"B0011X0P1O","ProductIndex":156398}
{"itemId":"B0079XWPDQ","ProductIndex":38889}
{"itemId":"B00E963G3O","ProductIndex":70187}
{"itemId":"B00DIBTGBM","ProductIndex":111335}
{"itemId":"B0083CZK9I","ProductIndex":123179}
{"itemId":"B000BKF16C","ProductIndex":86564}
{"itemId":"B002609J4A","ProductIndex":127417}
{"itemId":"B003A7WPB2","ProductIndex":173417}
{"itemId":"B000N4LH50","ProductIndex":183440}
{"itemId":"B004S6QWDG","ProductIndex":167320}
{"itemId":"B00E581U1Q","ProductIndex":82623}
{"itemId":"B0015HROMY","ProductIndex":99975}
{"itemId":"B0058BALYQ","ProductIndex":170146}
{"itemId":"B000XQGMNU","ProductIndex":172076}
{"itemId":"B009326J6U","ProductIndex":31504}
{"itemId":"B002XEVVKE","ProductIndex":48519}
{"itemId":"B00E1MY1YE","ProductIndex":192431}
{"itemId":"B002YPFKZ4","ProductIndex":52541}
{"itemId":"B00J0XZPTO","ProductIndex":112281}
{"itemId":"B000ZSX2DO","ProductIndex":62321}
{"itemId":"B000THN2AO","ProductIndex":173396}
{"itemId":"B003N18QK4","ProductIndex":168749}
{"itemId":"B007WA91BK","ProductIndex":98406}
{"itemId":"B001BC8GPM","ProductIndex":112660}
{"itemId":"B00CDJSM38","ProductIndex":129814}
{"itemId":"B0002J2BBU","ProductIndex":53048}
{"itemId":"B005J28LY6","ProductIndex":160688}
{"itemId":"B0009JK1NS","ProductIndex":75363}
{"itemId":"B00267907O","ProductIndex":169282}
{"itemId":"B000F3SBU8","ProductIndex":101363}
{"itemId":"B006LF845Q","ProductIndex":88559}
{"itemId":"B000FGJVF4","ProductIndex":64729}
{"itemId":"B000E5CZ4U","ProductIndex":39414}
{"itemId":"B0079XG4TW","ProductIndex":78704}
{"itemId":"B00E9AK3XG","ProductIndex":173088}
{"itemId":"B003H3HK9G","ProductIndex":76771}
{"itemId":"B009TA6PO2","ProductIndex":108306}
{"itemId":"B0009PM4W8","ProductIndex":136929}
{"itemId":"B002K42W3M","ProductIndex":193148}
{"itemId":"B001KZ4YY2","ProductIndex":168738}
{"itemId":"B005XO3OII","ProductIndex":70990}
{"itemId":"B000KO6MU8","ProductIndex":77102}
{"itemId":"B0022NHTF2","ProductIndex":147326}
{"itemId":"B000CK3XMK","ProductIndex":123774}
{"itemId":"B0048KQNX6","ProductIndex":180120}
{"itemId":"B004L267UA","ProductIndex":120551}
{"itemId":"B0034UT0TA","ProductIndex":73367}
{"itemId":"B005Y12UH6","ProductIndex":50035}
{"itemId":"B000OQAL4K","ProductIndex":129215}
{"itemId":"B00HRLSQU6","ProductIndex":75285}
{"itemId":"B001VJ4TRO","ProductIndex":152334}
{"itemId":"B001MSI1HS","ProductIndex":154965}
{"itemId":"B004YEHFCY","ProductIndex":149053}
{"itemId":"B002R0DWTC","ProductIndex":73608}
{"itemId":"B005HPUHTC","ProductIndex":120309}
{"itemId":"B006T95XUS","ProductIndex":106836}
{"itemId":"B0006U64UE","ProductIndex":106230}
{"itemId":"B002BB9BBA","ProductIndex":119931}
{"itemId":"B0015ASM5Y","ProductIndex":173891}
{"itemId":"B001H9GIXQ","ProductIndex":137528}
{"itemId":"B008J25SVM","ProductIndex":64381}
{"itemId":"B000FVUKEA","ProductIndex":145247}
{"itemId":"B009XW8WGU","ProductIndex":52722}
{"itemId":"B0052OJ97O","ProductIndex":90222}
{"itemId":"B003WM2XDU","ProductIndex":114536}
{"itemId":"B0036GVBR6","ProductIndex":41948}
{"itemId":"B0007RB1V8","ProductIndex":138214}
{"itemId":"B00BUK3WL8","ProductIndex":107520}
{"itemId":"B005EIVK2U","ProductIndex":40952}
{"itemId":"B0018EXR20","ProductIndex":102044}
{"itemId":"B003K0YLM0","ProductIndex":64808}
{"itemId":"B009HPGEXG","ProductIndex":81989}
{"itemId":"B004MMA3Q8","ProductIndex":121278}
{"itemId":"B000P6DG14","ProductIndex":164964}
{"itemId":"B00000J3NE","ProductIndex":142046}
{"itemId":"B005SHLO0U","ProductIndex":144118}
{"itemId":"B00063RT5K","ProductIndex":68808}
{"itemId":"B0013FE0XE","ProductIndex":150715}
{"itemId":"B0030T17GY","ProductIndex":148164}
{"itemId":"B000ETBZ10","ProductIndex":172384}
{"itemId":"B009A6PT9M","ProductIndex":59257}
{"itemId":"B009QFKFWS","ProductIndex":177636}
{"itemId":"B00AWJ346G","ProductIndex":161764}
{"itemId":"B0027M4820","ProductIndex":115310}
{"itemId":"B00904NH8E","ProductIndex":182946}
{"itemId":"B00B28YWU8","ProductIndex":94631}
{"itemId":"B0035RXD7M","ProductIndex":117987}
{"itemId":"B00001RMD3","ProductIndex":90323}
{"itemId":"B005B1EAKO","ProductIndex":96422}
{"itemId":"B0050DTOO0","ProductIndex":180847}
{"itemId":"B000YEZJEY","ProductIndex":166295}
{"itemId":"B002CZE7BE","ProductIndex":114737}
{"itemId":"B001CF4ATY","ProductIndex":74087}
{"itemId":"B003GSLLBK","ProductIndex":98433}
{"itemId":"B000035YC4","ProductIndex":83365}
{"itemId":"B000RTQ1AM","ProductIndex":59311}
{"itemId":"B000EJZMY6","ProductIndex":128916}
{"itemId":"B006C5FKFC","ProductIndex":140580}
{"itemId":"B00BG14RBA","ProductIndex":83622}
{"itemId":"B000UOBIVG","ProductIndex":136743}
{"itemId":"B0034Z3XGQ","ProductIndex":145704}
{"itemId":"B004YYS8EI","ProductIndex":114185}
{"itemId":"B004QSTWVA","ProductIndex":112975}
{"itemId":"B004BR8M2G","ProductIndex":147266}
{"itemId":"B00C1EQYG2","ProductIndex":187790}
{"itemId":"B00FYMMG3I","ProductIndex":63327}
{"itemId":"B003XG1QSI","ProductIndex":153286}
{"itemId":"B004QP74EU","ProductIndex":77050}
{"itemId":"B006PK6N8C","ProductIndex":88455}
{"itemId":"B000FCP328","ProductIndex":160729}
{"itemId":"B00261W2RA","ProductIndex":52482}
{"itemId":"B000093URF","ProductIndex":87925}
{"itemId":"B000M8UTL0","ProductIndex":155268}
{"itemId":"B00DNGR740","ProductIndex":85119}
{"itemId":"B005SB786U","ProductIndex":68054}
{"itemId":"B003KKFKSY","ProductIndex":75232}
{"itemId":"B005H3QBRG","ProductIndex":167882}
{"itemId":"B00761CNRE","ProductIndex":55050}
{"itemId":"B0044CRW9W","ProductIndex":120736}
{"itemId":"B002OVOQ6M","ProductIndex":119964}
{"itemId":"B00GMYB3O0","ProductIndex":153654}
{"itemId":"B00CV9M3GW","ProductIndex":106903}
{"itemId":"B0053EBFU2","ProductIndex":128107}
{"itemId":"B0099STX48","ProductIndex":126483}
{"itemId":"B00A8H4XTY","ProductIndex":55260}
{"itemId":"B004W0E0HI","ProductIndex":198460}
{"itemId":"B002UXLEZA","ProductIndex":178596}
{"itemId":"B002RNP4OU","ProductIndex":177483}
{"itemId":"B0090B58QQ","ProductIndex":138423}
{"itemId":"B004CSZN6C","ProductIndex":119957}
{"itemId":"B003D3MFGS","ProductIndex":126247}
{"itemId":"B0035PS5AE","ProductIndex":110190}
{"itemId":"B002AQ9JU4","ProductIndex":154032}
{"itemId":"B0073C0R0Q","ProductIndex":146816}
{"itemId":"B003JH7PTA","ProductIndex":156669}
{"itemId":"B000QSPP10","ProductIndex":136564}
{"itemId":"B0062O13W2","ProductIndex":92802}
{"itemId":"B00GHYDH26","ProductIndex":188590}
{"itemId":"B007KHO1YC","ProductIndex":35081}
{"itemId":"B000ERZHT8","ProductIndex":112232}
{"itemId":"B0059092Q4","ProductIndex":76482}
{"itemId":"B003BKTD7C","ProductIndex":118162}
{"itemId":"B0048HEWNW","ProductIndex":162112}
{"itemId":"B007A6Y1GQ","ProductIndex":197383}
{"itemId":"B0014Z2NLY","ProductIndex":90320}
{"itemId":"B00ASSPP6S","ProductIndex":138674}
{"itemId":"B005Z4A1GY","ProductIndex":142443}
{"itemId":"B003EDM0ZI","ProductIndex":103325}
{"itemId":"B009PJ5EQW","ProductIndex":206748}
{"itemId":"B001PBO5YK","ProductIndex":41444}
{"itemId":"B0001G0FGM","ProductIndex":76129}
{"itemId":"B00307UGOA","ProductIndex":82373}
{"itemId":"B0036S2TDO","ProductIndex":193299}
{"itemId":"B00EPKM8RO","ProductIndex":48522}
{"itemId":"B0049RPHT4","ProductIndex":110234}
{"itemId":"B006GYVW4M","ProductIndex":169485}
{"itemId":"B0051U1YAE","ProductIndex":140679}
{"itemId":"B00DIEYIVM","ProductIndex":57962}
{"itemId":"B000UPRWJ2","ProductIndex":181100}
{"itemId":"B006Q5LJEY","ProductIndex":108920}
{"itemId":"B002GYW6CS","ProductIndex":122075}
{"itemId":"B005F2KHV0","ProductIndex":96319}
{"itemId":"B007PABRNM","ProductIndex":108078}
{"itemId":"B00102ALFG","ProductIndex":175942}
{"itemId":"B004RPS010","ProductIndex":99281}
{"itemId":"B0081TQ8BW","ProductIndex":167990}
{"itemId":"B003VTXZBI","ProductIndex":168365}
{"itemId":"B000F7QV42","ProductIndex":155920}
{"itemId":"B002U1Z8V8","ProductIndex":168856}
{"itemId":"B0030CQB08","ProductIndex":148419}
{"itemId":"B0000C120S","ProductIndex":155282}
{"itemId":"B003N35UBA","ProductIndex":148448}
{"itemId":"B0083FESNO","ProductIndex":55294}
{"itemId":"B002J42YEA","ProductIndex":160694}
{"itemId":"B006UPSAQK","ProductIndex":65301}
{"itemId":"B0009JKGZQ","ProductIndex":112064}
{"itemId":"B00BLZF4UE","ProductIndex":63879}
{"itemId":"B0043WC7PM","ProductIndex":144681}
{"itemId":"B00BPZF76G","ProductIndex":112776}
{"itemId":"B00713KFTK","ProductIndex":138185}
{"itemId":"B000UBROV2","ProductIndex":172282}
{"itemId":"B00G2HOP0G","ProductIndex":150284}
{"itemId":"B002HR6EQS","ProductIndex":77957}
{"itemId":"B003WUCM60","ProductIndex":91790}
{"itemId":"B0029HNDCE","ProductIndex":92093}
{"itemId":"B007PCP498","ProductIndex":126193}
{"itemId":"B001U568NW","ProductIndex":131213}
{"itemId":"B00DTPQC6O","ProductIndex":143775}
{"itemId":"B006TI4292","ProductIndex":96684}
{"itemId":"B007HJ49I6","ProductIndex":122363}
{"itemId":"B005FYNTFO","ProductIndex":133726}
{"itemId":"B006O5WB4S","ProductIndex":149399}
{"itemId":"B001P6P7BA","ProductIndex":143218}
{"itemId":"B007QXMG60","ProductIndex":54783}
{"itemId":"B000GHIBCG","ProductIndex":97740}
{"itemId":"B00006FXIL","ProductIndex":190856}
{"itemId":"B001N87XDK","ProductIndex":161423}
{"itemId":"B00CXKSQNS","ProductIndex":66906}
{"itemId":"B004FRQKG2","ProductIndex":84665}
{"itemId":"B003LD7IQW","ProductIndex":90173}
{"itemId":"B0084IEJAW","ProductIndex":147060}
{"itemId":"B00770TGZQ","ProductIndex":117251}
{"itemId":"B00004Z78B","ProductIndex":200911}
{"itemId":"B000065BO6","ProductIndex":163836}
{"itemId":"B001II2PBA","ProductIndex":80897}
{"itemId":"B00A7S59M4","ProductIndex":193315}
{"itemId":"B007M6CLZ2","ProductIndex":90564}
{"itemId":"B006E5B4FK","ProductIndex":178037}
{"itemId":"B002EQNC12","ProductIndex":193660}
{"itemId":"B009SPUYP4","ProductIndex":74895}
{"itemId":"B0002HMRIY","ProductIndex":100109}
{"itemId":"B0012S1BBQ","ProductIndex":111259}
{"itemId":"B000165CVU","ProductIndex":89885}
{"itemId":"B00K8HWFA8","ProductIndex":136759}
{"itemId":"B000BSG7NA","ProductIndex":136312}
{"itemId":"B00CJ2R596","ProductIndex":102971}
{"itemId":"B005FUKLHM","ProductIndex":95196}
{"itemId":"B00COXAG6O","ProductIndex":153363}
{"itemId":"B000UF24P4","ProductIndex":138035}
{"itemId":"B00HV67UOK","ProductIndex":110310}
{"itemId":"B0000A2UAV","ProductIndex":151663}
{"itemId":"B0089Y6WPG","ProductIndex":97759}
{"itemId":"B0017CBB8K","ProductIndex":169549}
{"itemId":"B007CSS0Q4","ProductIndex":204906}
{"itemId":"B001WLC4ZA","ProductIndex":162100}
{"itemId":"B0036R869G","ProductIndex":138728}
{"itemId":"B003YNPD7U","ProductIndex":111961}
{"itemId":"B001N1A46K","ProductIndex":146196}
{"itemId":"B003YLW6N6","ProductIndex":153733}
{"itemId":"B00C070NAI","ProductIndex":88704}
{"itemId":"B002UUXU4Q","ProductIndex":126777}
{"itemId":"B00E99KIAK","ProductIndex":75408}
{"itemId":"B002HOHKCI","ProductIndex":94714}
{"itemId":"B00B3ZCIRY","ProductIndex":110035}
{"itemId":"B008KP2UE6","ProductIndex":173462}
{"itemId":"B002AUW3SA","ProductIndex":123593}
{"itemId":"B003XO1A1S","ProductIndex":120789}
{"itemId":"B001O4D7L0","ProductIndex":86341}
{"itemId":"B004LZE60A","ProductIndex":142901}
{"itemId":"B003DR4XGY","ProductIndex":144234}
{"itemId":"B004UADLWA","ProductIndex":68333}
{"itemId":"B004SBC0QO","ProductIndex":170265}
{"itemId":"B00ARQTYOK","ProductIndex":93520}
{"itemId":"B0043YS4BG","ProductIndex":127748}
{"itemId":"B004KA79RS","ProductIndex":94189}
{"itemId":"B00AA55AA0","ProductIndex":85317}
{"itemId":"B0014KONX0","ProductIndex":173173}
{"itemId":"B00FP6N3G2","ProductIndex":150263}
{"itemId":"B005JC697W","ProductIndex":178788}
{"itemId":"B004M17DC6","ProductIndex":157614}
{"itemId":"B000J42GFE","ProductIndex":165816}
{"itemId":"B0040CVUX0","ProductIndex":161152}
{"itemId":"B008JBOT7W","ProductIndex":185578}
{"itemId":"B0007XD33Q","ProductIndex":108069}
{"itemId":"B00080CM2G","ProductIndex":108891}
{"itemId":"B002NU5O4M","ProductIndex":93217}
{"itemId":"B00DN299I6","ProductIndex":207467}
{"itemId":"B001SKUKBA","ProductIndex":176888}
{"itemId":"B00316OUDS","ProductIndex":62640}
{"itemId":"B002S53DIQ","ProductIndex":69191}
{"itemId":"B001MQ4LGA","ProductIndex":172855}
{"itemId":"B000A3GMU4","ProductIndex":201906}
{"itemId":"B003R2GBC4","ProductIndex":185996}
{"itemId":"B00EJYLQD8","ProductIndex":167308}
{"itemId":"B001WLWY7I","ProductIndex":59303}
{"itemId":"B00B4GETOM","ProductIndex":149463}
{"itemId":"B003CZYO3Y","ProductIndex":148926}
{"itemId":"B003I84KM0","ProductIndex":107482}
{"itemId":"B00AEN0TA4","ProductIndex":157471}
{"itemId":"B00HV0L4U2","ProductIndex":114582}
{"itemId":"B002CVFUG4","ProductIndex":90793}
{"itemId":"B00005YX22","ProductIndex":198427}
{"itemId":"B004J34PE6","ProductIndex":163628}
{"itemId":"B00DQYBCEA","ProductIndex":186444}
{"itemId":"B000XB9GOW","ProductIndex":101743}
{"itemId":"B00BMB4YQM","ProductIndex":156160}
{"itemId":"B00006HYFI","ProductIndex":186471}
{"itemId":"B00JSA1MMI","ProductIndex":158413}
{"itemId":"B002HEY3N2","ProductIndex":172892}
{"itemId":"B005WM7NJW","ProductIndex":150756}
{"itemId":"B008XW4B1G","ProductIndex":63082}
{"itemId":"B00085500W","ProductIndex":132715}
{"itemId":"B00009QSDR","ProductIndex":167242}
{"itemId":"B000A7B9XU","ProductIndex":154618}
{"itemId":"B004OGBL5Y","ProductIndex":124210}
{"itemId":"B00006I5BZ","ProductIndex":104684}
{"itemId":"B008KGO4MG","ProductIndex":108823}
{"itemId":"B000N3YTDS","ProductIndex":112749}
{"itemId":"B008OCER32","ProductIndex":113878}
{"itemId":"B006KGLQII","ProductIndex":128277}
{"itemId":"B00HIB1HWE","ProductIndex":94923}
{"itemId":"B0008GQQDG","ProductIndex":154412}
{"itemId":"B001PKTRDK","ProductIndex":169362}
{"itemId":"B00DUMHZ80","ProductIndex":120399}
{"itemId":"B008UKWPDC","ProductIndex":190828}
{"itemId":"B008UWXPCU","ProductIndex":158609}
{"itemId":"B000HJ9WJ4","ProductIndex":72829}
{"itemId":"B00666AM8M","ProductIndex":159379}
{"itemId":"B00IMH1YFI","ProductIndex":205608}
{"itemId":"B0000BB5RY","ProductIndex":188769}
{"itemId":"B003TMMF36","ProductIndex":88064}
{"itemId":"B001BYGSJQ","ProductIndex":155832}
{"itemId":"B004Q78OII","ProductIndex":177275}
{"itemId":"B00GXE0ODU","ProductIndex":118490}
{"itemId":"B004ZT8BWQ","ProductIndex":147528}
{"itemId":"B000GK8Q78","ProductIndex":187084}
{"itemId":"B000WG06UG","ProductIndex":131409}
{"itemId":"B003H3HL1S","ProductIndex":208343}
{"itemId":"B00000JFHT","ProductIndex":148113}
{"itemId":"B003U4Q1FG","ProductIndex":157436}
{"itemId":"B000MPRJL6","ProductIndex":141190}
{"itemId":"B006HXOT4C","ProductIndex":122716}
{"itemId":"B00091R2OC","ProductIndex":120854}
{"itemId":"B003NNEZFW","ProductIndex":131269}
{"itemId":"B00DL4NL3U","ProductIndex":107463}
{"itemId":"B001RZC294","ProductIndex":174592}
{"itemId":"B00FFU2Y36","ProductIndex":149022}
{"itemId":"B0031M9U78","ProductIndex":137518}
{"itemId":"B007VH8MN2","ProductIndex":167050}
{"itemId":"B005VS3JSQ","ProductIndex":161401}
{"itemId":"B0007R7EIC","ProductIndex":100666}
{"itemId":"B005HR6HP8","ProductIndex":141433}
{"itemId":"B008B540YI","ProductIndex":143675}
{"itemId":"B001EYV9HO","ProductIndex":199238}
{"itemId":"B004Q6ZENW","ProductIndex":207301}
{"itemId":"B00008MS1K","ProductIndex":197534}
{"itemId":"B0007KLGGU","ProductIndex":157745}
{"itemId":"B001JT5N3A","ProductIndex":105705}
{"itemId":"B001F6W7TK","ProductIndex":70148}
{"itemId":"B002SIHDXO","ProductIndex":196662}
{"itemId":"B00FFCMYA2","ProductIndex":180102}
{"itemId":"B0023NVS2Q","ProductIndex":187816}
{"itemId":"B00I1J2XF2","ProductIndex":143723}
{"itemId":"B001LXTQDW","ProductIndex":87840}
{"itemId":"B0009YX98M","ProductIndex":153341}
{"itemId":"B005Z63U38","ProductIndex":140206}
{"itemId":"B000AW7VJG","ProductIndex":113388}
{"itemId":"B0058ILG84","ProductIndex":153546}
{"itemId":"B0093J38IU","ProductIndex":115801}
{"itemId":"B005GCSZCM","ProductIndex":149646}
{"itemId":"B003Z73Y3A","ProductIndex":190659}
{"itemId":"B004SH5S1C","ProductIndex":118992}
{"itemId":"B007C0QY74","ProductIndex":99198}
{"itemId":"B00006I5QZ","ProductIndex":186872}
{"itemId":"B0081NTW6Q","ProductIndex":140330}
{"itemId":"B007XWM8T4","ProductIndex":141655}
{"itemId":"B0087VXNXK","ProductIndex":151925}
{"itemId":"B0052EK0D6","ProductIndex":96199}
{"itemId":"B00009V3CY","ProductIndex":63423}
{"itemId":"B005F7KQE8","ProductIndex":160317}
{"itemId":"B003WE9MQE","ProductIndex":140379}
{"itemId":"B001VK2M3G","ProductIndex":169694}
{"itemId":"B00C4YJN3A","ProductIndex":147041}
{"itemId":"B00A0N5AV6","ProductIndex":131869}
{"itemId":"B003UAJBKW","ProductIndex":167593}
{"itemId":"B004HE4ZRY","ProductIndex":123051}
{"itemId":"B005N57KBY","ProductIndex":133575}
{"itemId":"B0002VMVMW","ProductIndex":196918}
{"itemId":"B000F1HWFU","ProductIndex":183064}
{"itemId":"B004F1LUYA","ProductIndex":145310}
{"itemId":"B001MQ34SQ","ProductIndex":206685}
{"itemId":"B007HRUU7C","ProductIndex":166875}
{"itemId":"B000FBPHAC","ProductIndex":58001}
{"itemId":"B00ANBW3BA","ProductIndex":182518}
{"itemId":"B002BK1IYY","ProductIndex":180966}
{"itemId":"B00BXZAI94","ProductIndex":138408}
{"itemId":"B007REMDFC","ProductIndex":186885}
{"itemId":"B001OLY0SW","ProductIndex":179444}
{"itemId":"B002ONH8BA","ProductIndex":139642}
{"itemId":"B005HQ3T78","ProductIndex":207492}
{"itemId":"B006ZS3PDA","ProductIndex":112864}
{"itemId":"B001OQXVCI","ProductIndex":151728}
{"itemId":"B00007AKB7","ProductIndex":163830}
{"itemId":"B004ESKGBC","ProductIndex":156345}
{"itemId":"B00C80S1RE","ProductIndex":182433}
{"itemId":"B00BAU2O7Q","ProductIndex":133095}
{"itemId":"753247318X","ProductIndex":124617}
{"itemId":"B00596TZTW","ProductIndex":173594}
{"itemId":"B002IALIQK","ProductIndex":141374}
{"itemId":"B0086VIH1E","ProductIndex":192810}
{"itemId":"B005F56O0A","ProductIndex":159459}
{"itemId":"B00BQ38GRO","ProductIndex":173741}
{"itemId":"B009G441H4","ProductIndex":205838}
{"itemId":"B000IOARHE","ProductIndex":147591}
{"itemId":"B0002D6KHW","ProductIndex":108964}
{"itemId":"B0009JHLF4","ProductIndex":184854}
{"itemId":"B00523NZNY","ProductIndex":200454}
{"itemId":"B0028Y4FVQ","ProductIndex":92818}
{"itemId":"B00008A5VO","ProductIndex":201890}
{"itemId":"B001EW2UHO","ProductIndex":167631}
{"itemId":"B000V6R5F6","ProductIndex":143182}
{"itemId":"B003L0OQ4M","ProductIndex":167841}
{"itemId":"B00EEIHK20","ProductIndex":100902}
{"itemId":"B0084KJU3G","ProductIndex":157191}
{"itemId":"B00009R8O4","ProductIndex":142612}
{"itemId":"B008482YWM","ProductIndex":189062}
{"itemId":"B000R8Z2EE","ProductIndex":195283}
{"itemId":"B000A3UX40","ProductIndex":167685}
{"itemId":"B0007UQNQS","ProductIndex":199410}
{"itemId":"B00ANSQW1K","ProductIndex":124882}
{"itemId":"B0002J1KTE","ProductIndex":114959}
{"itemId":"B008J3YXVM","ProductIndex":135708}
{"itemId":"B001AI2040","ProductIndex":131237}
{"itemId":"B008FMDWVO","ProductIndex":176937}
{"itemId":"B004KS7PS8","ProductIndex":116630}
{"itemId":"B00ECD3HD8","ProductIndex":203398}
{"itemId":"B00475JAWI","ProductIndex":125506}
{"itemId":"B009A3H506","ProductIndex":151882}
{"itemId":"B00GGF1W6O","ProductIndex":202486}
{"itemId":"B000KZRC9M","ProductIndex":189780}
{"itemId":"B0034361JO","ProductIndex":151980}
{"itemId":"B008KSJT92","ProductIndex":199629}
{"itemId":"B0000645V0","ProductIndex":145167}
{"itemId":"B000H4BWZ6","ProductIndex":201225}
{"itemId":"B001THVOZS","ProductIndex":177765}
{"itemId":"B007GYLIDQ","ProductIndex":180011}
{"itemId":"B00009XEG8","ProductIndex":180757}
{"itemId":"B003ATMSFI","ProductIndex":148420}
{"itemId":"B00C16UL96","ProductIndex":146167}
{"itemId":"B000DZEN5U","ProductIndex":179078}
{"itemId":"B00H4EEHO0","ProductIndex":68950}
{"itemId":"B003R2P0EO","ProductIndex":206754}
{"itemId":"B002V17FHM","ProductIndex":156889}
{"itemId":"B0028N6XD0","ProductIndex":208069}
{"itemId":"B001M5NMK2","ProductIndex":129710}
{"itemId":"B003C2SNOS","ProductIndex":157929}
{"itemId":"B0028RCZYW","ProductIndex":162723}
{"itemId":"B008HS3C7K","ProductIndex":114842}
{"itemId":"B00006RGL2","ProductIndex":161076}
{"itemId":"B0026K2LUE","ProductIndex":171230}
{"itemId":"B002J8W1WG","ProductIndex":120308}
{"itemId":"B001NG3SV8","ProductIndex":148221}
{"itemId":"B007IFOCXG","ProductIndex":181195}
{"itemId":"B00H2SZJY0","ProductIndex":186062}
{"itemId":"B004XT6PMQ","ProductIndex":201552}
{"itemId":"B003MT1T92","ProductIndex":155635}
{"itemId":"B00E7LJWES","ProductIndex":205634}
{"itemId":"B00A443V4O","ProductIndex":179322}
{"itemId":"B00AWTRROG","ProductIndex":175714}
{"itemId":"B00A8BYT5I","ProductIndex":198526}
{"itemId":"B000LY1EJG","ProductIndex":197919}
{"itemId":"B00HIYA3R6","ProductIndex":133997}
{"itemId":"B0019825LO","ProductIndex":200470}
{"itemId":"B00B2EGKYI","ProductIndex":184382}
{"itemId":"B0015UM38G","ProductIndex":198441}
{"itemId":"B0010U2K3O","ProductIndex":150820}
{"itemId":"B009WI4QYW","ProductIndex":185478}
{"itemId":"B001SE4JG8","ProductIndex":172212}
{"itemId":"B00AJYYZL2","ProductIndex":156100}
{"itemId":"B00005B6YG","ProductIndex":143025}
{"itemId":"B0040GJISU","ProductIndex":169111}
{"itemId":"B005MJG3OG","ProductIndex":185025}
{"itemId":"B005CEH0SE","ProductIndex":141817}
{"itemId":"B006TZ8QF6","ProductIndex":154830}
{"itemId":"B001BKXN2A","ProductIndex":204290}
{"itemId":"B009E918OA","ProductIndex":156882}
{"itemId":"B000B898MW","ProductIndex":170112}
{"itemId":"B0031RGEP4","ProductIndex":159418}
{"itemId":"B0096FINNG","ProductIndex":122786}
{"itemId":"B00005RG4P","ProductIndex":176116}
{"itemId":"B005Z44IKO","ProductIndex":195389}
{"itemId":"B000BP2YF8","ProductIndex":160034}
{"itemId":"B000FKP7N0","ProductIndex":185724}
{"itemId":"B0029ZCDVS","ProductIndex":152957}
{"itemId":"B001AYCLO8","ProductIndex":112821}
{"itemId":"B008JRQXDE","ProductIndex":163953}
{"itemId":"B0080I7OH6","ProductIndex":185641}
{"itemId":"B007M0XRT2","ProductIndex":192908}
{"itemId":"B005T9WP9Q","ProductIndex":139215}
{"itemId":"B004Z26JEK","ProductIndex":150094}
{"itemId":"B007ZUGPC0","ProductIndex":138026}
{"itemId":"B001QTXLEG","ProductIndex":188046}
{"itemId":"B000OP72RU","ProductIndex":188687}
{"itemId":"B009HMUDHM","ProductIndex":200934}
{"itemId":"B00009LHBA","ProductIndex":191457}
{"itemId":"B002ULR8XY","ProductIndex":155921}
{"itemId":"B001EPOUX8","ProductIndex":179872}
{"itemId":"B0055TPYVQ","ProductIndex":195329}
{"itemId":"B00D2GLGSE","ProductIndex":180492}
{"itemId":"B0088YPRUI","ProductIndex":204267}
{"itemId":"B00350GLYQ","ProductIndex":154685}
{"itemId":"B001NY0ST0","ProductIndex":118175}
{"itemId":"B00006HNBL","ProductIndex":192704}
{"itemId":"B00C6Q2VMQ","ProductIndex":153507}
{"itemId":"B004GG6NWS","ProductIndex":207946}
{"itemId":"B0000DKX7L","ProductIndex":205071}
{"itemId":"B00000JC4K","ProductIndex":159874}
{"itemId":"B004FT19K2","ProductIndex":206737}
{"itemId":"B002N741QC","ProductIndex":167270}
{"itemId":"B00F69BCBG","ProductIndex":189723}
{"itemId":"B000NJR40W","ProductIndex":190488}
{"itemId":"B0060YSPQG","ProductIndex":200324}
{"itemId":"B0007CO66A","ProductIndex":178901}
{"itemId":"B003ZDWXAO","ProductIndex":178719}
{"itemId":"B00834JZ6A","ProductIndex":205399}
{"itemId":"B00CLVND82","ProductIndex":207727}
{"itemId":"B00A0PEJPW","ProductIndex":139959}
{"itemId":"B00BF9MWGK","ProductIndex":195654}
{"itemId":"B00004Z6HR","ProductIndex":184033}
{"itemId":"B000K15V3A","ProductIndex":197154}
{"itemId":"B001MJ0H38","ProductIndex":134241}
{"itemId":"B004M2A02K","ProductIndex":177569}
{"itemId":"B00ES8BFNQ","ProductIndex":165623}
{"itemId":"B000NMFATG","ProductIndex":199110}
{"itemId":"B00499DU32","ProductIndex":171339}
{"itemId":"B008BOMB18","ProductIndex":193481}
{"itemId":"B003XJGEUA","ProductIndex":197813}
{"itemId":"B006VZHZ2Y","ProductIndex":196645}
{"itemId":"B003NFA0LS","ProductIndex":199702}
{"itemId":"B000SVOJBM","ProductIndex":141162}
{"itemId":"B000JWLYN6","ProductIndex":201709}
{"itemId":"B00317F4N2","ProductIndex":186013}
{"itemId":"B00DQNX2YO","ProductIndex":194262}
{"itemId":"B0041X2WU8","ProductIndex":187282}
{"itemId":"B0091HA09E","ProductIndex":176171}
{"itemId":"B003VWP18K","ProductIndex":183310}
{"itemId":"B001AIPXTY","ProductIndex":180823}
{"itemId":"B007WPHXJW","ProductIndex":185931}
{"itemId":"B001UUMJ2G","ProductIndex":188596}
{"itemId":"B00AM7JV4M","ProductIndex":175585}
{"itemId":"B00BQ30KKA","ProductIndex":190506}
{"itemId":"B000BUGFMG","ProductIndex":160518}
{"itemId":"B000H97V74","ProductIndex":179889}
{"itemId":"B009S54LNU","ProductIndex":194467}
{"itemId":"B0012TH1VY","ProductIndex":187960}
{"itemId":"B0017Q8EV8","ProductIndex":192273}
{"itemId":"B00000JH7D","ProductIndex":184861}
{"itemId":"B004Y20MXK","ProductIndex":177513}
{"itemId":"B003Y325CQ","ProductIndex":182168}
