{"itemId":"B00EVHZFW6","ProductIndex":68645}
{"itemId":"B000I1ZWRC","ProductIndex":1107}
{"itemId":"B002TKS0S8","ProductIndex":9302}
{"itemId":"B0096W1P5W","ProductIndex":16031}
{"itemId":"B000WBN7KW","ProductIndex":73090}
{"itemId":"B003GUGWEY","ProductIndex":51011}
{"itemId":"B005G3010U","ProductIndex":26375}
{"itemId":"B001KZ6C74","ProductIndex":7900}
{"itemId":"B000JLG5ZY","ProductIndex":964}
{"itemId":"B002RWT5K0","ProductIndex":45857}
{"itemId":"B0064I1NRG","ProductIndex":12330}
{"itemId":"B00BFDHV9E","ProductIndex":2662}
{"itemId":"B00006OAJQ","ProductIndex":169923}
{"itemId":"B0009204RI","ProductIndex":4028}
{"itemId":"B0000C4DVM","ProductIndex":38705}
{"itemId":"B00081A2KY","ProductIndex":377}
{"itemId":"B00GDG1KGS","ProductIndex":13629}
{"itemId":"B00IGXE7EI","ProductIndex":31720}
{"itemId":"B005VTGCE8","ProductIndex":2947}
{"itemId":"B007PZYBTY","ProductIndex":5670}
{"itemId":"B001DFKEQQ","ProductIndex":62241}
{"itemId":"B0038W0IZO","ProductIndex":16315}
{"itemId":"B001E1J1R2","ProductIndex":133603}
{"itemId":"B009H1CDAS","ProductIndex":90505}
{"itemId":"B00AHPSTRY","ProductIndex":2476}
{"itemId":"B005EVUIZ2","ProductIndex":31886}
{"itemId":"B008N75FQ6","ProductIndex":9442}
{"itemId":"B00CJL632M","ProductIndex":118996}
{"itemId":"B0000645C9","ProductIndex":11803}
{"itemId":"B000PGG0BM","ProductIndex":63691}
{"itemId":"B00CMBSSI6","ProductIndex":9641}
{"itemId":"B001CHTJ8O","ProductIndex":2677}
{"itemId":"B004N6N2ZW","ProductIndex":206321}
{"itemId":"B0000E2PMB","ProductIndex":47079}
{"itemId":"B00HFAEBWG","ProductIndex":7434}
{"itemId":"B00A49UH2S","ProductIndex":120156}
{"itemId":"B000E9U9GC","ProductIndex":4774}
{"itemId":"B00001P505","ProductIndex":5097}
{"itemId":"B009B8E9ZY","ProductIndex":35223}
{"itemId":"B002CVU4G0","ProductIndex":6316}
{"itemId":"B00698FSOA","ProductIndex":169665}
{"itemId":"B00DHKKI16","ProductIndex":5478}
{"itemId":"B0057WXF6C","ProductIndex":427}
{"itemId":"B001TC9N9C","ProductIndex":28934}
{"itemId":"B001M4HUHE","ProductIndex":96991}
{"itemId":"B003X26VA0","ProductIndex":4458}
{"itemId":"B008AHTO20","ProductIndex":7145}
{"itemId":"B000JJPZW0","ProductIndex":12144}
{"itemId":"B008GGH5PI","ProductIndex":5109}
{"itemId":"B004VTAVLE","ProductIndex":750}
{"itemId":"B00GEAL0TA","ProductIndex":103932}
{"itemId":"B000A6NV0U","ProductIndex":2003}
{"itemId":"B002E9HI0A","ProductIndex":61739}
{"itemId":"B007IXY472","ProductIndex":10392}
{"itemId":"B000NWG3S8","ProductIndex":43745}
{"itemId":"B0049GZNBW","ProductIndex":69378}
{"itemId":"B000EDMPQK","ProductIndex":33429}
{"itemId":"B004FLL5AY","ProductIndex":962}
{"itemId":"B008I67WMW","ProductIndex":79570}
{"itemId":"B005ALIRRM","ProductIndex":67285}
{"itemId":"B0093H4WT6","ProductIndex":781}
{"itemId":"B00A2L3J1Y","ProductIndex":769}
{"itemId":"B006JW7FEW","ProductIndex":42065}
{"itemId":"B001P8180W","ProductIndex":23587}
{"itemId":"B001GPCBPU","ProductIndex":2992}
{"itemId":"B00DZF4ZVM","ProductIndex":32122}
{"itemId":"B000UPBTXM","ProductIndex":33742}
{"itemId":"B002OT4NN0","ProductIndex":11677}
{"itemId":"B004HR0M4Q","ProductIndex":10899}
{"itemId":"B00AI4E7FW","ProductIndex":49740}
{"itemId":"B000KOHIO2","ProductIndex":88294}
{"itemId":"B00530GZC4","ProductIndex":3718}
{"itemId":"B0040MGWR4","ProductIndex":130564}
{"itemId":"B009HPB1OI","ProductIndex":22514}
{"itemId":"B005GLNSPC","ProductIndex":36819}
{"itemId":"B0006Q3B2W","ProductIndex":12119}
{"itemId":"B00DLRIMYU","ProductIndex":183181}
{"itemId":"B004C4VLZS","ProductIndex":22155}
{"itemId":"B003TMK844","ProductIndex":178444}
{"itemId":"B002P8LZ68","ProductIndex":5783}
{"itemId":"B000EVM5DU","ProductIndex":7111}
{"itemId":"B004AFDNAK","ProductIndex":10254}
{"itemId":"B008AF383S","ProductIndex":942}
{"itemId":"B007YDJJFS","ProductIndex":6025}
{"itemId":"B002GWF9HE","ProductIndex":90337}
{"itemId":"B001H4B0B6","ProductIndex":15684}
{"itemId":"B00AK8TVE8","ProductIndex":25516}
{"itemId":"B004G52S82","ProductIndex":122908}
{"itemId":"B004BO3I1Y","ProductIndex":96653}
{"itemId":"B003ENIC6E","ProductIndex":7963}
{"itemId":"B00328HR62","ProductIndex":6468}
{"itemId":"B001U53BVY","ProductIndex":35451}
{"itemId":"B006VWW694","ProductIndex":166166}
{"itemId":"B00JST2QEW","ProductIndex":64535}
{"itemId":"B00CWISC5I","ProductIndex":16775}
{"itemId":"B0013DMTAW","ProductIndex":133720}
{"itemId":"B00CW5359E","ProductIndex":6073}
{"itemId":"B0009H5VVM","ProductIndex":2402}
{"itemId":"B0042VSTZQ","ProductIndex":18909}
{"itemId":"B003WGPLMG","ProductIndex":34216}
{"itemId":"B0058VUPF6","ProductIndex":38699}
{"itemId":"B004G8QO8O","ProductIndex":3612}
{"itemId":"B00C0JJ1WM","ProductIndex":57604}
{"itemId":"B004C4ZRJY","ProductIndex":32986}
{"itemId":"B008686GWY","ProductIndex":30444}
{"itemId":"B00D9M4BQU","ProductIndex":18353}
{"itemId":"B00D1W5MM0","ProductIndex":12986}
{"itemId":"B00477ORAG","ProductIndex":104817}
{"itemId":"B000PK1RPC","ProductIndex":19020}
{"itemId":"B000NZVR3Q","ProductIndex":6849}
{"itemId":"B0003QER7S","ProductIndex":4916}
{"itemId":"B000FFRZ1W","ProductIndex":12410}
{"itemId":"B001366WGQ","ProductIndex":122677}
{"itemId":"B0026SD96G","ProductIndex":24549}
{"itemId":"B000EH5A5Y","ProductIndex":57890}
{"itemId":"B008N2UJEY","ProductIndex":74855}
{"itemId":"B00196757K","ProductIndex":4403}
{"itemId":"B000FSAGYW","ProductIndex":50697}
{"itemId":"B004RG7Y16","ProductIndex":38664}
{"itemId":"B00EYTI0TG","ProductIndex":12654}
{"itemId":"B004ZKH1NA","ProductIndex":45019}
{"itemId":"B003EWNW92","ProductIndex":58394}
{"itemId":"B002L60TTI","ProductIndex":9509}
{"itemId":"B009WS74QE","ProductIndex":99242}
{"itemId":"B003MX9L84","ProductIndex":6376}
{"itemId":"B0098CTQ0G","ProductIndex":73416}
{"itemId":"B00558OQHK","ProductIndex":50277}
{"itemId":"B00D1X6OR6","ProductIndex":171507}
{"itemId":"B004DWWKRM","ProductIndex":185745}
{"itemId":"B00C2AMK2M","ProductIndex":15902}
{"itemId":"B000UW07MO","ProductIndex":49178}
{"itemId":"B0016EPS7E","ProductIndex":137567}
{"itemId":"B000E8OVMG","ProductIndex":14600}
{"itemId":"B0011N17RU","ProductIndex":7262}
{"itemId":"B00AMXEXYO","ProductIndex":27128}
{"itemId":"B00IFZLH4A","ProductIndex":194140}
{"itemId":"B00005YTWZ","ProductIndex":137373}
{"itemId":"B001JEOS4U","ProductIndex":27143}
{"itemId":"B008JGWY2Y","ProductIndex":21063}
{"itemId":"B002WC6JFO","ProductIndex":8188}
{"itemId":"B0000659A7","ProductIndex":20412}
{"itemId":"B00DXMJ1BG","ProductIndex":206823}
{"itemId":"B004E9SWOO","ProductIndex":18856}
{"itemId":"B008WVWRXC","ProductIndex":51517}
{"itemId":"B001MQ4P6G","ProductIndex":25417}
{"itemId":"B004R9AUOG","ProductIndex":43172}
{"itemId":"B003GSLDGI","ProductIndex":169058}
{"itemId":"B0033PROPS","ProductIndex":23088}
{"itemId":"B007QUHFGY","ProductIndex":19682}
{"itemId":"B0082FKSUM","ProductIndex":13900}
{"itemId":"B002V1HYMI","ProductIndex":36016}
{"itemId":"B00F4MEKTQ","ProductIndex":60236}
{"itemId":"B000BKQNG4","ProductIndex":63101}
{"itemId":"B006V3SO0I","ProductIndex":76302}
{"itemId":"B001MQA736","ProductIndex":70647}
{"itemId":"B004WL5REW","ProductIndex":19797}
{"itemId":"B000068BVG","ProductIndex":116530}
{"itemId":"B000EY1LCI","ProductIndex":10305}
{"itemId":"B007PPEUPE","ProductIndex":27670}
{"itemId":"B000XUDQ1M","ProductIndex":115172}
{"itemId":"B0013CZX0G","ProductIndex":47210}
{"itemId":"B00D1V2882","ProductIndex":49323}
{"itemId":"B004O995AY","ProductIndex":54796}
{"itemId":"B005DSO5I2","ProductIndex":43025}
{"itemId":"B00CVQ4FFM","ProductIndex":132874}
{"itemId":"B000I7SWLO","ProductIndex":76766}
{"itemId":"B00IRRDJ4W","ProductIndex":68217}
{"itemId":"B0000AE6G9","ProductIndex":10183}
{"itemId":"B00004YMBK","ProductIndex":24253}
{"itemId":"B005TN0P12","ProductIndex":46754}
{"itemId":"B00020Q282","ProductIndex":65814}
{"itemId":"B000QSN3O6","ProductIndex":6982}
{"itemId":"B0009MFTSW","ProductIndex":14380}
{"itemId":"B009VNYEDQ","ProductIndex":152087}
{"itemId":"B004E2EZG0","ProductIndex":112661}
{"itemId":"B001NIFI28","ProductIndex":7351}
{"itemId":"B00009UTLM","ProductIndex":8262}
{"itemId":"B002UC4XD6","ProductIndex":94365}
{"itemId":"B00286Q7WO","ProductIndex":7259}
{"itemId":"B001GCUO9I","ProductIndex":37986}
{"itemId":"B008ME0JWK","ProductIndex":80891}
{"itemId":"B001L7ZR86","ProductIndex":118780}
{"itemId":"B000Q3ECFK","ProductIndex":38331}
{"itemId":"B005PAIELM","ProductIndex":63431}
{"itemId":"B005FHWM7M","ProductIndex":133899}
{"itemId":"B002DY22T8","ProductIndex":206651}
{"itemId":"B0029U2YPS","ProductIndex":35485}
{"itemId":"B004CQVFA2","ProductIndex":132274}
{"itemId":"B003J9A65I","ProductIndex":151337}
{"itemId":"B00GNAUMZO","ProductIndex":24203}
{"itemId":"B00A7PXSPC","ProductIndex":70251}
{"itemId":"B0091H09EU","ProductIndex":22497}
{"itemId":"B004863FRW","ProductIndex":44533}
{"itemId":"B007BZ1092","ProductIndex":11371}
{"itemId":"B002Q5N21G","ProductIndex":15833}
{"itemId":"B000KZBOQY","ProductIndex":24313}
{"itemId":"B0091SK23C","ProductIndex":57297}
{"itemId":"B0007M6104","ProductIndex":52517}
{"itemId":"B00E4O7EO8","ProductIndex":124822}
{"itemId":"B000F2P31E","ProductIndex":21912}
{"itemId":"B0038CPOQM","ProductIndex":65230}
{"itemId":"B0012FDB7Q","ProductIndex":69067}
{"itemId":"B002SFHW60","ProductIndex":174417}
{"itemId":"B000UPA7CG","ProductIndex":23004}
{"itemId":"B000X22HJW","ProductIndex":17377}
{"itemId":"B003V59G6K","ProductIndex":115907}
{"itemId":"B00C4XVOOC","ProductIndex":31822}
{"itemId":"B007BTOPH2","ProductIndex":97988}
{"itemId":"B000VJXFA2","ProductIndex":12989}
{"itemId":"B008K9G3KO","ProductIndex":61339}
{"itemId":"B00006JPES","ProductIndex":18085}
{"itemId":"B0026P77NA","ProductIndex":25326}
{"itemId":"B004GX0DEA","ProductIndex":31495}
{"itemId":"B000F5XTXA","ProductIndex":46480}
{"itemId":"B007Z1Z63S","ProductIndex":103824}
{"itemId":"B009RH973I","ProductIndex":16612}
{"itemId":"B00EESIPAG","ProductIndex":11273}
{"itemId":"B003U677NO","ProductIndex":74970}
{"itemId":"B00EIG47BK","ProductIndex":17247}
{"itemId":"B009OXT8R0","ProductIndex":41825}
{"itemId":"B00272MT3U","ProductIndex":24369}
{"itemId":"B0032GUKUY","ProductIndex":125882}
{"itemId":"B000E21TY0","ProductIndex":52750}
{"itemId":"B009M3PP7O","ProductIndex":24674}
{"itemId":"B001K9I9IU","ProductIndex":45621}
{"itemId":"B009F1E8TO","ProductIndex":113101}
{"itemId":"B001C1EQLA","ProductIndex":193769}
{"itemId":"B000E3UN3M","ProductIndex":151451}
{"itemId":"B008TKMC86","ProductIndex":74482}
{"itemId":"B0000E2RZN","ProductIndex":35184}
{"itemId":"B0048399AM","ProductIndex":40636}
{"itemId":"B009T3ACGG","ProductIndex":54199}
{"itemId":"B009UQU4I8","ProductIndex":36274}
{"itemId":"B001CBPVA0","ProductIndex":100439}
{"itemId":"B00CHNREYS","ProductIndex":40911}
{"itemId":"B0001YXWVY","ProductIndex":162952}
{"itemId":"B00KL65WPG","ProductIndex":90276}
{"itemId":"B001UAUYPA","ProductIndex":65002}
{"itemId":"B00127VF68","ProductIndex":21023}
{"itemId":"B001OC5JLI","ProductIndex":41312}
{"itemId":"B0095EBAA6","ProductIndex":123289}
{"itemId":"B001HRFINY","ProductIndex":110013}
{"itemId":"B000GE8RBE","ProductIndex":80552}
{"itemId":"B0025ZSBNG","ProductIndex":23375}
{"itemId":"B0028MR8IA","ProductIndex":93206}
{"itemId":"B000SLNNG4","ProductIndex":18114}
{"itemId":"B00009W3IN","ProductIndex":41949}
{"itemId":"B003UYU166","ProductIndex":23731}
{"itemId":"B0050JK3PS","ProductIndex":22822}
{"itemId":"B005DTQS0O","ProductIndex":34790}
{"itemId":"B0043CBP32","ProductIndex":52159}
{"itemId":"B00AMTRR5K","ProductIndex":9961}
{"itemId":"B007RS71O6","ProductIndex":47636}
{"itemId":"B00EV54BB4","ProductIndex":171405}
{"itemId":"B0042HLK24","ProductIndex":10422}
{"itemId":"B001JJBQN6","ProductIndex":43979}
{"itemId":"B0009RVG7U","ProductIndex":38492}
{"itemId":"B001RHWBEI","ProductIndex":101964}
{"itemId":"B009WSCSV0","ProductIndex":18360}
{"itemId":"B0008GHVBC","ProductIndex":159682}
{"itemId":"B00B1KKK2G","ProductIndex":16195}
{"itemId":"B00B7XQZQ2","ProductIndex":26562}
{"itemId":"B001IOY4Z4","ProductIndex":15728}
{"itemId":"B0014C7DF8","ProductIndex":147476}
{"itemId":"B004D61ACE","ProductIndex":58318}
{"itemId":"B000H2E20U","ProductIndex":64859}
{"itemId":"B0017U3BSA","ProductIndex":41861}
{"itemId":"B003E2RS5Q","ProductIndex":180306}
{"itemId":"B00ACBNUZ4","ProductIndex":108665}
{"itemId":"B005ODIXVG","ProductIndex":93333}
{"itemId":"B000FBYSXE","ProductIndex":19824}
{"itemId":"B003AG79GO","ProductIndex":12550}
{"itemId":"B005GAB7J2","ProductIndex":66661}
{"itemId":"B0085IWXB8","ProductIndex":32428}
{"itemId":"B006T3H9TM","ProductIndex":20139}
{"itemId":"B006A082AO","ProductIndex":163207}
{"itemId":"B001L6HASM","ProductIndex":89850}
{"itemId":"B009O7LZYK","ProductIndex":70595}
{"itemId":"B00AJHCJ2Q","ProductIndex":16002}
{"itemId":"B000KE2WCA","ProductIndex":39030}
{"itemId":"B0019M6GLK","ProductIndex":61778}
{"itemId":"B007M538DW","ProductIndex":54373}
{"itemId":"B003Y73Q5M","ProductIndex":24900}
{"itemId":"B005Y1Y5OM","ProductIndex":170689}
{"itemId":"B00CWM95XC","ProductIndex":144973}
{"itemId":"B0019M629Q","ProductIndex":70697}
{"itemId":"B004KIWQN2","ProductIndex":58007}
{"itemId":"B000KL6YHW","ProductIndex":208109}
{"itemId":"B0056I8SLE","ProductIndex":32539}
{"itemId":"B0036RP7RU","ProductIndex":43959}
{"itemId":"B003XQDYGK","ProductIndex":57351}
{"itemId":"B0058KJJ9A","ProductIndex":67025}
{"itemId":"B00563DOSQ","ProductIndex":95828}
{"itemId":"B00ADXUZTA","ProductIndex":132138}
{"itemId":"B007MYZ4QC","ProductIndex":14209}
{"itemId":"B001DK66KE","ProductIndex":102000}
{"itemId":"B00555QYWI","ProductIndex":36094}
{"itemId":"B00AZ1A6ZS","ProductIndex":102244}
{"itemId":"B0013EBKYM","ProductIndex":29445}
{"itemId":"B001F0QT5E","ProductIndex":159549}
{"itemId":"B0035ZWPPA","ProductIndex":36939}
{"itemId":"B001GKAIFU","ProductIndex":65318}
{"itemId":"B008JL0G5Q","ProductIndex":194330}
{"itemId":"B001TIGEYI","ProductIndex":101213}
{"itemId":"B001LNJDQM","ProductIndex":20796}
{"itemId":"B009GA6CJS","ProductIndex":170706}
{"itemId":"B001G8Z2WQ","ProductIndex":128293}
{"itemId":"B004LEJ4IU","ProductIndex":78659}
{"itemId":"B00083Y0VY","ProductIndex":106414}
{"itemId":"B00CS8EZLM","ProductIndex":83514}
{"itemId":"B000IOGYOE","ProductIndex":26502}
{"itemId":"B00A87TJWK","ProductIndex":167457}
{"itemId":"B00CQKAZES","ProductIndex":94335}
{"itemId":"B00AEI9OGE","ProductIndex":69453}
{"itemId":"B0002E395W","ProductIndex":119049}
{"itemId":"B00EPIWWEA","ProductIndex":97546}
{"itemId":"B00CXKIUKC","ProductIndex":129964}
{"itemId":"B003V75UIG","ProductIndex":33150}
{"itemId":"B009RNQMVC","ProductIndex":101061}
{"itemId":"B001PL4JDW","ProductIndex":64371}
{"itemId":"B003YX34AI","ProductIndex":38849}
{"itemId":"B000AS374I","ProductIndex":22270}
{"itemId":"B00DVMBDNW","ProductIndex":90923}
{"itemId":"B00G537M7K","ProductIndex":27955}
{"itemId":"B00GA8XV2U","ProductIndex":95363}
{"itemId":"B00EASJ2JI","ProductIndex":73741}
{"itemId":"B00080CM30","ProductIndex":21002}
{"itemId":"B005PNXN92","ProductIndex":49105}
{"itemId":"B00G70M1AO","ProductIndex":76389}
{"itemId":"B006W41X2C","ProductIndex":20063}
{"itemId":"B008QUGBD6","ProductIndex":53431}
{"itemId":"B001Y4B708","ProductIndex":41683}
{"itemId":"B004670HCO","ProductIndex":77455}
{"itemId":"B00023GGZI","ProductIndex":108799}
{"itemId":"B000VE5GKO","ProductIndex":48862}
{"itemId":"B004Y7AVYK","ProductIndex":92444}
{"itemId":"B0022ZFHY0","ProductIndex":49801}
{"itemId":"B0000B1J82","ProductIndex":82806}
{"itemId":"B00456S0IO","ProductIndex":46025}
{"itemId":"B002XATU5Q","ProductIndex":16452}
{"itemId":"B003TIIH5A","ProductIndex":37688}
{"itemId":"B004DY7WPA","ProductIndex":68514}
{"itemId":"B0058LTTYY","ProductIndex":79924}
{"itemId":"B004AWX9MU","ProductIndex":85411}
{"itemId":"B003G3U6A2","ProductIndex":34909}
{"itemId":"B00CP87B20","ProductIndex":89077}
{"itemId":"B009QTST72","ProductIndex":87858}
{"itemId":"B001CTJIK6","ProductIndex":112365}
{"itemId":"B00FFVYSNY","ProductIndex":38395}
{"itemId":"B005I2DD68","ProductIndex":87585}
{"itemId":"B000VEOIDK","ProductIndex":34874}
{"itemId":"B00GRNUNRY","ProductIndex":152145}
{"itemId":"B0067VGTJ2","ProductIndex":79109}
{"itemId":"B009JGNKSA","ProductIndex":54856}
{"itemId":"B0007G6R4A","ProductIndex":94842}
{"itemId":"B006IKH540","ProductIndex":121312}
{"itemId":"B001T0HYC2","ProductIndex":19498}
{"itemId":"B009OIR4K8","ProductIndex":73714}
{"itemId":"B000MXYD2Q","ProductIndex":21448}
{"itemId":"B0052MADVM","ProductIndex":31905}
{"itemId":"B001RPNF4U","ProductIndex":68644}
{"itemId":"B001FUSCAO","ProductIndex":173547}
{"itemId":"B008OMPOL6","ProductIndex":81712}
{"itemId":"B0002861MQ","ProductIndex":64490}
{"itemId":"B006EB71BK","ProductIndex":120251}
{"itemId":"B004RZRHZU","ProductIndex":77692}
{"itemId":"B00006B6BS","ProductIndex":61425}
{"itemId":"B0083E7ZJO","ProductIndex":43756}
{"itemId":"B0011E06TO","ProductIndex":77388}
{"itemId":"B0036R8CYK","ProductIndex":97589}
{"itemId":"B006RC0ZI2","ProductIndex":74564}
{"itemId":"B004I8YM4A","ProductIndex":106508}
{"itemId":"B000BK3YI4","ProductIndex":80602}
{"itemId":"B002CLKFTQ","ProductIndex":74509}
{"itemId":"B0038KR7KA","ProductIndex":33806}
{"itemId":"B00AI5OZJ4","ProductIndex":23653}
{"itemId":"9989376433","ProductIndex":175943}
{"itemId":"B00004WFXV","ProductIndex":142038}
{"itemId":"B005NFJX9G","ProductIndex":129935}
{"itemId":"B001EDTL52","ProductIndex":9566}
{"itemId":"B007RS70YW","ProductIndex":40786}
{"itemId":"B0000511TN","ProductIndex":107584}
{"itemId":"B005Z44TS0","ProductIndex":74899}
{"itemId":"B005V3BW0I","ProductIndex":112397}
{"itemId":"B00DEARX0S","ProductIndex":135741}
{"itemId":"B000W22KZO","ProductIndex":58883}
{"itemId":"B0044UM6Z4","ProductIndex":157982}
{"itemId":"B001PHLMCW","ProductIndex":43559}
{"itemId":"B009FU2A22","ProductIndex":92088}
{"itemId":"B000Q37D4M","ProductIndex":103062}
{"itemId":"B00C1910DO","ProductIndex":41270}
{"itemId":"B005KP9V46","ProductIndex":163334}
{"itemId":"B00ACM3FT4","ProductIndex":167997}
{"itemId":"B0014K6ICY","ProductIndex":44044}
{"itemId":"B000YDH6DC","ProductIndex":90348}
{"itemId":"B0061OY190","ProductIndex":196424}
{"itemId":"B0058SG8L4","ProductIndex":50967}
{"itemId":"B00C9S57OA","ProductIndex":40981}
{"itemId":"B007C1KPNM","ProductIndex":35992}
{"itemId":"B002MZU2KO","ProductIndex":48348}
{"itemId":"B004UTNKPE","ProductIndex":22993}
{"itemId":"B000U9KQXW","ProductIndex":66008}
{"itemId":"B0091IOWXI","ProductIndex":143909}
{"itemId":"B009KGAR2Q","ProductIndex":184643}
{"itemId":"B00763WQU6","ProductIndex":133975}
{"itemId":"B00AAJP2TA","ProductIndex":120814}
{"itemId":"B000FFL16M","ProductIndex":156993}
{"itemId":"B00005T3BG","ProductIndex":70867}
{"itemId":"B008R513YW","ProductIndex":144393}
{"itemId":"B004WA9EFG","ProductIndex":205204}
{"itemId":"B003RSARVO","ProductIndex":186272}
{"itemId":"B00C6OXZ9Q","ProductIndex":85348}
{"itemId":"B00000J4GP","ProductIndex":110509}
{"itemId":"B001PGXKCS","ProductIndex":21761}
{"itemId":"B000ILMRN4","ProductIndex":194570}
{"itemId":"B00ESXZTMO","ProductIndex":131298}
{"itemId":"B002UOE8XO","ProductIndex":129093}
{"itemId":"B000FDMYKQ","ProductIndex":109748}
{"itemId":"B00B5Q6Y7G","ProductIndex":59577}
{"itemId":"B006B7R9TG","ProductIndex":33826}
{"itemId":"B006R239IA","ProductIndex":13751}
{"itemId":"B005JY5Q8S","ProductIndex":164147}
{"itemId":"B007XGN7K4","ProductIndex":47224}
{"itemId":"B00866DUR0","ProductIndex":38903}
{"itemId":"B003E2TOJ4","ProductIndex":185371}
{"itemId":"B000EHW88Q","ProductIndex":55089}
{"itemId":"B000TOPGHO","ProductIndex":149020}
{"itemId":"B0000TFCF4","ProductIndex":117210}
{"itemId":"B00271C4FY","ProductIndex":120570}
{"itemId":"B001WAKDLS","ProductIndex":198352}
{"itemId":"B007IWKQQQ","ProductIndex":29289}
{"itemId":"B0046F22ZQ","ProductIndex":77810}
{"itemId":"B006ZH1WVS","ProductIndex":23358}
{"itemId":"B00637T97O","ProductIndex":101528}
{"itemId":"B00DKX0QH6","ProductIndex":38285}
{"itemId":"B006WS3WT0","ProductIndex":141022}
{"itemId":"B0056PBP6C","ProductIndex":31739}
{"itemId":"B004UJPY12","ProductIndex":41131}
{"itemId":"B003X870C2","ProductIndex":139968}
{"itemId":"B004RCKA6G","ProductIndex":43769}
{"itemId":"B001LD51GS","ProductIndex":28488}
{"itemId":"B000OLZ7JO","ProductIndex":118303}
{"itemId":"B004X8X55W","ProductIndex":55692}
{"itemId":"B00DY2Y3Q8","ProductIndex":195863}
{"itemId":"B008BU4QC4","ProductIndex":36195}
{"itemId":"B0021AES4G","ProductIndex":65592}
{"itemId":"B001JA3476","ProductIndex":73830}
{"itemId":"B0000512DX","ProductIndex":37778}
{"itemId":"B00026I0EU","ProductIndex":63245}
{"itemId":"B00155SY16","ProductIndex":100512}
{"itemId":"B00EKQ5ONI","ProductIndex":58506}
{"itemId":"B002T8GP8M","ProductIndex":31372}
{"itemId":"B003MVZ8Q0","ProductIndex":105320}
{"itemId":"B00DRA47FE","ProductIndex":41936}
{"itemId":"B0001G0Y1S","ProductIndex":108327}
{"itemId":"B0002J6M6A","ProductIndex":54583}
{"itemId":"B002MUYP48","ProductIndex":82162}
{"itemId":"B000EPR7AC","ProductIndex":31146}
{"itemId":"B000G1NWYO","ProductIndex":28009}
{"itemId":"B000A3N78Y","ProductIndex":25007}
{"itemId":"B002651YW0","ProductIndex":172313}
{"itemId":"B0047A57AM","ProductIndex":46127}
{"itemId":"B000YHLORC","ProductIndex":122338}
{"itemId":"B007NRCUXI","ProductIndex":62261}
{"itemId":"B00486THWY","ProductIndex":31382}
{"itemId":"B004IY1PIK","ProductIndex":153591}
{"itemId":"B00CU4L6LQ","ProductIndex":107621}
{"itemId":"B000Q7FZVQ","ProductIndex":164513}
{"itemId":"B00AM46ALC","ProductIndex":73634}
{"itemId":"B007TJ2R3I","ProductIndex":83142}
{"itemId":"B0041HNV5E","ProductIndex":61639}
{"itemId":"B0057EZDRE","ProductIndex":70198}
{"itemId":"B000J6Y90C","ProductIndex":165643}
{"itemId":"B003IDAPCO","ProductIndex":95870}
{"itemId":"B007SZ0EJW","ProductIndex":31797}
{"itemId":"B000P59HAO","ProductIndex":75478}
{"itemId":"B008X3NGFC","ProductIndex":28781}
{"itemId":"B002934ZOI","ProductIndex":100337}
{"itemId":"B0049B5W9A","ProductIndex":145025}
{"itemId":"B000AO8NG4","ProductIndex":96073}
{"itemId":"B0012027V2","ProductIndex":57848}
{"itemId":"B00EO1GMNU","ProductIndex":46083}
{"itemId":"B003IU2RHS","ProductIndex":133862}
{"itemId":"B009PY35DG","ProductIndex":144657}
{"itemId":"B000I76YEQ","ProductIndex":42919}
{"itemId":"B0047T79RC","ProductIndex":46051}
{"itemId":"B00EF10Q36","ProductIndex":70417}
{"itemId":"B00G5HWLUO","ProductIndex":62156}
{"itemId":"B001HXII80","ProductIndex":39241}
{"itemId":"B000SR201W","ProductIndex":130614}
{"itemId":"B005NZ2M94","ProductIndex":156467}
{"itemId":"B007VZY8P0","ProductIndex":61007}
{"itemId":"B0038BAI28","ProductIndex":151216}
{"itemId":"B004IP45DG","ProductIndex":165795}
{"itemId":"B000NPO3OQ","ProductIndex":81534}
{"itemId":"B0081BFZLY","ProductIndex":191768}
{"itemId":"B00180HJ28","ProductIndex":130132}
{"itemId":"B00D8X0IJ4","ProductIndex":47347}
{"itemId":"B00005I9RO","ProductIndex":97827}
{"itemId":"B007R6KDDE","ProductIndex":73698}
{"itemId":"B001EVY1HW","ProductIndex":191859}
{"itemId":"B00IC7FX82","ProductIndex":66409}
{"itemId":"B004FW1XY6","ProductIndex":68196}
{"itemId":"B00FOXJ9NM","ProductIndex":118486}
{"itemId":"B004CZ0H1Q","ProductIndex":60869}
{"itemId":"B004NF5RU6","ProductIndex":21880}
{"itemId":"B003M6WUWA","ProductIndex":105984}
{"itemId":"B0033RR3S4","ProductIndex":179328}
{"itemId":"B00FXPLAGA","ProductIndex":124577}
{"itemId":"B0031RGEU4","ProductIndex":31191}
{"itemId":"B0028YWOYQ","ProductIndex":76289}
{"itemId":"B0002472BE","ProductIndex":118728}
{"itemId":"B00318KAQ2","ProductIndex":82517}
{"itemId":"B000BHJBG6","ProductIndex":143477}
{"itemId":"B009IN1RXY","ProductIndex":93719}
{"itemId":"B007X4KAF6","ProductIndex":45207}
{"itemId":"B003Z3W4NU","ProductIndex":70256}
{"itemId":"B00HY7PBF6","ProductIndex":136698}
{"itemId":"B000IZGI6W","ProductIndex":31188}
{"itemId":"B003L14VWS","ProductIndex":48806}
{"itemId":"B004I4D0P6","ProductIndex":67870}
{"itemId":"B0002ZPIOG","ProductIndex":25751}
{"itemId":"B00009KLAF","ProductIndex":154010}
{"itemId":"B001V7OSUE","ProductIndex":76119}
{"itemId":"B002B8B0K8","ProductIndex":197420}
{"itemId":"B0013CBBGQ","ProductIndex":93318}
{"itemId":"B0019RVZJS","ProductIndex":126928}
{"itemId":"B00C8T7G30","ProductIndex":131016}
{"itemId":"B009A5YP0W","ProductIndex":82172}
{"itemId":"B000270QFK","ProductIndex":70734}
{"itemId":"B009F1DUAM","ProductIndex":37903}
{"itemId":"B008BGXYAS","ProductIndex":26997}
{"itemId":"B00374QAPK","ProductIndex":143991}
{"itemId":"B00CEFWYFI","ProductIndex":48051}
{"itemId":"B000CBUXBI","ProductIndex":71224}
{"itemId":"B00420V04O","ProductIndex":152458}
{"itemId":"B003YGZQGU","ProductIndex":96559}
{"itemId":"B00BC5HRPS","ProductIndex":123886}
{"itemId":"B0007O7DUE","ProductIndex":126213}
{"itemId":"B00367RMIM","ProductIndex":60603}
{"itemId":"B001KAK1LW","ProductIndex":48591}
{"itemId":"B00JNAA54O","ProductIndex":27911}
{"itemId":"B0083S3N3W","ProductIndex":58692}
{"itemId":"B00081S27E","ProductIndex":115138}
{"itemId":"B006AZZHXE","ProductIndex":59850}
{"itemId":"B002RL8I9A","ProductIndex":102987}
{"itemId":"B0000C1HGO","ProductIndex":69272}
{"itemId":"B009VDPS8G","ProductIndex":70307}
{"itemId":"B00FS4RS0S","ProductIndex":168508}
{"itemId":"B004HZ3DFI","ProductIndex":39471}
{"itemId":"B00E2WLC90","ProductIndex":79694}
{"itemId":"B00FS6O20A","ProductIndex":81493}
{"itemId":"B003CIXV6C","ProductIndex":91757}
{"itemId":"B0047S3UVC","ProductIndex":81388}
{"itemId":"B00B29U396","ProductIndex":72439}
{"itemId":"B00C2OPDGI","ProductIndex":108276}
{"itemId":"B001S0JZKM","ProductIndex":122244}
{"itemId":"B0009ZDKUI","ProductIndex":77821}
{"itemId":"B0057K1ZRU","ProductIndex":202126}
{"itemId":"B002BBS1AC","ProductIndex":107281}
{"itemId":"B005M3RR9W","ProductIndex":72892}
{"itemId":"B00EJPZIYK","ProductIndex":110975}
{"itemId":"B001P05NJC","ProductIndex":14129}
{"itemId":"B0014D2XRU","ProductIndex":93128}
{"itemId":"B00439568A","ProductIndex":49275}
{"itemId":"B009994N3S","ProductIndex":159648}
{"itemId":"B00E1HGJ7Q","ProductIndex":207369}
{"itemId":"B00CTDYNOA","ProductIndex":158658}
{"itemId":"B001ET9BWY","ProductIndex":104343}
{"itemId":"B00453T6X0","ProductIndex":54087}
{"itemId":"B0045J2LVS","ProductIndex":31157}
{"itemId":"B000BC2D84","ProductIndex":98511}
{"itemId":"B007ZWJA7A","ProductIndex":98510}
{"itemId":"B00005T3ML","ProductIndex":117295}
{"itemId":"B001L4AJDW","ProductIndex":26869}
{"itemId":"B002SC8FCS","ProductIndex":156005}
{"itemId":"B004IHNDUU","ProductIndex":172185}
{"itemId":"B000O8E8YM","ProductIndex":93802}
{"itemId":"B001H14G4M","ProductIndex":60658}
{"itemId":"B004EKR9BK","ProductIndex":70186}
{"itemId":"B00006RHZF","ProductIndex":121551}
{"itemId":"B003VJX2F2","ProductIndex":55448}
{"itemId":"B0001CFSW2","ProductIndex":61974}
{"itemId":"B007JY6WAW","ProductIndex":60298}
{"itemId":"B00C9Q1VJM","ProductIndex":180085}
{"itemId":"B000OFSH9M","ProductIndex":105946}
{"itemId":"B008AZRYTW","ProductIndex":76915}
{"itemId":"B003D27Y9W","ProductIndex":84293}
{"itemId":"B008RNZJW6","ProductIndex":107402}
{"itemId":"B0007QQJJI","ProductIndex":186545}
{"itemId":"B00EXHYSRC","ProductIndex":148473}
{"itemId":"B00012BCG8","ProductIndex":138094}
{"itemId":"B000EIW3EO","ProductIndex":54188}
{"itemId":"B00DTP4S10","ProductIndex":82637}
{"itemId":"B0019BJZ8C","ProductIndex":37187}
{"itemId":"B0060XK26S","ProductIndex":97227}
{"itemId":"B009SIR940","ProductIndex":156893}
{"itemId":"B000ERVHHY","ProductIndex":142600}
{"itemId":"B002ROCSK2","ProductIndex":140102}
{"itemId":"B006OAUR8K","ProductIndex":78528}
{"itemId":"B001BDWOOU","ProductIndex":90229}
{"itemId":"B00009R9AW","ProductIndex":147984}
{"itemId":"B00301KCB8","ProductIndex":170422}
{"itemId":"B00B2NZAR2","ProductIndex":147740}
{"itemId":"B002U3161M","ProductIndex":128981}
{"itemId":"B00006JPKB","ProductIndex":75546}
{"itemId":"B001BQXL6M","ProductIndex":124095}
{"itemId":"B00206T652","ProductIndex":172721}
{"itemId":"B001UGXC8K","ProductIndex":33591}
{"itemId":"B00009Q39V","ProductIndex":41990}
{"itemId":"B002LZ2CZI","ProductIndex":146835}
{"itemId":"B00APAFL7W","ProductIndex":191179}
{"itemId":"B0002KU5J4","ProductIndex":147768}
{"itemId":"B006598LR4","ProductIndex":146379}
{"itemId":"B004IGIDII","ProductIndex":176712}
{"itemId":"B004QOAEIY","ProductIndex":114878}
{"itemId":"B00B9FWXE6","ProductIndex":100342}
{"itemId":"B000BR0AES","ProductIndex":39359}
{"itemId":"B000BT6LIK","ProductIndex":91833}
{"itemId":"B000J14OAC","ProductIndex":101397}
{"itemId":"B00BY3XNQU","ProductIndex":62699}
{"itemId":"B006M5U34U","ProductIndex":117126}
{"itemId":"B0036ORCKI","ProductIndex":58715}
{"itemId":"B00DW9UBDM","ProductIndex":134362}
{"itemId":"B00DW8IGC6","ProductIndex":127507}
{"itemId":"B002IVU09U","ProductIndex":121041}
{"itemId":"B0000520IT","ProductIndex":64338}
{"itemId":"B000SSQYJA","ProductIndex":93176}
{"itemId":"B0038KVZ0S","ProductIndex":160853}
{"itemId":"B00013WH0M","ProductIndex":89387}
{"itemId":"B00I3Q5I8M","ProductIndex":92532}
{"itemId":"B00C8YDS7I","ProductIndex":80973}
{"itemId":"B005OP5RXG","ProductIndex":135445}
{"itemId":"B008KFF6QU","ProductIndex":206669}
{"itemId":"B005OMOTLA","ProductIndex":87532}
{"itemId":"B001NPEBLA","ProductIndex":118141}
{"itemId":"B002RJSSGK","ProductIndex":156621}
{"itemId":"B000MN9CCC","ProductIndex":78578}
{"itemId":"B0032FOJU2","ProductIndex":68229}
{"itemId":"B000F49YRQ","ProductIndex":173014}
{"itemId":"B004ZHEO74","ProductIndex":147991}
{"itemId":"B003VKWAA4","ProductIndex":155378}
{"itemId":"B0014IK2QY","ProductIndex":67485}
{"itemId":"B001N0DQJI","ProductIndex":168427}
{"itemId":"B00CMI1EDK","ProductIndex":75058}
{"itemId":"B000OQWQ4I","ProductIndex":66116}
{"itemId":"B000QS2WL6","ProductIndex":80880}
{"itemId":"B0006G1IFO","ProductIndex":70808}
{"itemId":"B0038L1Y30","ProductIndex":118414}
{"itemId":"B001RM2ZIU","ProductIndex":157992}
{"itemId":"B000N27LYS","ProductIndex":69128}
{"itemId":"B002VY8WIA","ProductIndex":195572}
{"itemId":"B008JSLJEG","ProductIndex":133545}
{"itemId":"B000FNK33Q","ProductIndex":190109}
{"itemId":"B0053Y427K","ProductIndex":78872}
{"itemId":"B00064YNOY","ProductIndex":77782}
{"itemId":"B002KJDUFQ","ProductIndex":186812}
{"itemId":"B003U8GD7S","ProductIndex":136226}
{"itemId":"B000AL98MU","ProductIndex":162233}
{"itemId":"B000DZG65U","ProductIndex":173745}
{"itemId":"B002SSHVEU","ProductIndex":54837}
{"itemId":"B005A4SCWE","ProductIndex":151253}
{"itemId":"B007AGDV2Q","ProductIndex":95740}
{"itemId":"B001AO4NYO","ProductIndex":72912}
{"itemId":"B00GWQPFYC","ProductIndex":154382}
{"itemId":"B00I3FSQHS","ProductIndex":41909}
{"itemId":"B009PIOSVU","ProductIndex":113651}
{"itemId":"B00CEKJ0H8","ProductIndex":48814}
{"itemId":"B009EDXISK","ProductIndex":129311}
{"itemId":"B00HRLSQYM","ProductIndex":75442}
{"itemId":"B000WA4KMC","ProductIndex":181197}
{"itemId":"B002ZU7YTS","ProductIndex":91265}
{"itemId":"B00CHRKNEC","ProductIndex":170769}
{"itemId":"B000KJ9E3U","ProductIndex":178226}
{"itemId":"B0045U140Q","ProductIndex":171360}
{"itemId":"B003WD17OK","ProductIndex":112657}
{"itemId":"B00AAFPBYA","ProductIndex":46937}
{"itemId":"B0080DTGXG","ProductIndex":193789}
{"itemId":"B00097A568","ProductIndex":199162}
{"itemId":"B00378KMHI","ProductIndex":103645}
{"itemId":"B007ED8EXG","ProductIndex":66449}
{"itemId":"B00K23BYCI","ProductIndex":117971}
{"itemId":"B007M6CN1E","ProductIndex":185421}
{"itemId":"B00BYIST6Y","ProductIndex":175098}
{"itemId":"B000WPJNWY","ProductIndex":118288}
{"itemId":"B003TP2TLG","ProductIndex":88913}
{"itemId":"B00JKCHT1C","ProductIndex":166450}
{"itemId":"B0010HA2OQ","ProductIndex":50367}
{"itemId":"B000IBTB1A","ProductIndex":142975}
{"itemId":"B002BJTAYU","ProductIndex":110840}
{"itemId":"B00B6TMYFS","ProductIndex":158450}
{"itemId":"B00744QUEU","ProductIndex":67575}
{"itemId":"B00BBIN2G4","ProductIndex":129899}
{"itemId":"B00G87KVDA","ProductIndex":66254}
{"itemId":"B0012DDLMS","ProductIndex":123101}
{"itemId":"B004I8WHAG","ProductIndex":93732}
{"itemId":"B0017GESRW","ProductIndex":158697}
{"itemId":"B00HZSSF3E","ProductIndex":136376}
{"itemId":"B0002TB2LA","ProductIndex":72911}
{"itemId":"B00304G4XA","ProductIndex":74613}
{"itemId":"B00A56ZR4I","ProductIndex":120980}
{"itemId":"B002Q1JOJY","ProductIndex":97663}
{"itemId":"B001M5U77I","ProductIndex":56629}
{"itemId":"B0002GS4Y6","ProductIndex":99571}
{"itemId":"B007PAEY28","ProductIndex":120086}
{"itemId":"B001MJ0H1K","ProductIndex":171423}
{"itemId":"B0063JZXN6","ProductIndex":89634}
{"itemId":"B00009UTEU","ProductIndex":166974}
{"itemId":"B000P823CU","ProductIndex":51383}
{"itemId":"B001S2R8UY","ProductIndex":129699}
{"itemId":"B003ZX1S46","ProductIndex":49771}
{"itemId":"B00G5K91JU","ProductIndex":158350}
{"itemId":"B001ACF74Q","ProductIndex":208049}
{"itemId":"B002WJN5HW","ProductIndex":195233}
{"itemId":"B004WKIKGA","ProductIndex":158042}
{"itemId":"B000H5E6H6","ProductIndex":205908}
{"itemId":"B0000AHO8N","ProductIndex":47065}
{"itemId":"B009D1BZRO","ProductIndex":169173}
{"itemId":"B004VTHORS","ProductIndex":203652}
{"itemId":"B001GR70DG","ProductIndex":110367}
{"itemId":"B004DGH8KM","ProductIndex":126067}
{"itemId":"B008G80FIK","ProductIndex":104216}
{"itemId":"B005JW6VU2","ProductIndex":83145}
{"itemId":"B004BXLMBI","ProductIndex":145236}
{"itemId":"B003VWZLHQ","ProductIndex":207425}
{"itemId":"B001H50XE0","ProductIndex":69782}
{"itemId":"B00EI9OQBS","ProductIndex":135173}
{"itemId":"B001QMHGJO","ProductIndex":139692}
{"itemId":"B002C9FTXU","ProductIndex":163162}
{"itemId":"B00007E8BE","ProductIndex":134177}
{"itemId":"B0035GC9RS","ProductIndex":138582}
{"itemId":"B000UPTCRW","ProductIndex":176274}
{"itemId":"B00546N0Q6","ProductIndex":87157}
{"itemId":"B008IW32P2","ProductIndex":89446}
{"itemId":"B005A2RKAG","ProductIndex":187693}
{"itemId":"B00009B5AC","ProductIndex":158781}
{"itemId":"B007VHSNRW","ProductIndex":123796}
{"itemId":"B001UHNT5U","ProductIndex":74733}
{"itemId":"B003V1619E","ProductIndex":43596}
{"itemId":"B0017TROLQ","ProductIndex":79060}
{"itemId":"B000VA8NGM","ProductIndex":100380}
{"itemId":"B00B5ORCF6","ProductIndex":180538}
{"itemId":"B007MV7GJS","ProductIndex":101007}
{"itemId":"B006ZH4PF8","ProductIndex":172143}
{"itemId":"B00275WG2Q","ProductIndex":172215}
{"itemId":"B00E2URMKA","ProductIndex":156358}
{"itemId":"B0000639N2","ProductIndex":169680}
{"itemId":"B00001O38D","ProductIndex":198606}
{"itemId":"B0031B05TQ","ProductIndex":187718}
{"itemId":"B00739TBJW","ProductIndex":86358}
{"itemId":"B009UX24GQ","ProductIndex":130265}
{"itemId":"B00009ETKX","ProductIndex":47471}
{"itemId":"B0002BEVAW","ProductIndex":105741}
{"itemId":"B008VM77XC","ProductIndex":179951}
{"itemId":"B002SU893K","ProductIndex":122549}
{"itemId":"B00ALRFLC4","ProductIndex":201409}
{"itemId":"B001GUSCH6","ProductIndex":68758}
{"itemId":"B009TDGO2C","ProductIndex":98598}
{"itemId":"B0052UQLQU","ProductIndex":179212}
{"itemId":"B000H5UK6M","ProductIndex":132824}
{"itemId":"B0028MQ4OY","ProductIndex":201653}
{"itemId":"B004J2YDUI","ProductIndex":133328}
{"itemId":"B0006GDBYA","ProductIndex":95258}
{"itemId":"B001AZX0WO","ProductIndex":43814}
{"itemId":"B001OQGDGY","ProductIndex":128671}
{"itemId":"B002HSZS5K","ProductIndex":98331}
{"itemId":"B00GT23N8O","ProductIndex":164481}
{"itemId":"B00E7O357A","ProductIndex":149538}
{"itemId":"B000I3FA4A","ProductIndex":80387}
{"itemId":"B002VS58YW","ProductIndex":91303}
{"itemId":"B007VDTTTM","ProductIndex":165587}
{"itemId":"B004GV0C16","ProductIndex":86446}
{"itemId":"B005OLA1BS","ProductIndex":85066}
{"itemId":"B000VGOVG2","ProductIndex":91417}
{"itemId":"B00430E1R6","ProductIndex":158677}
{"itemId":"B002WV3UU2","ProductIndex":124966}
{"itemId":"B004D656EC","ProductIndex":132584}
{"itemId":"B00094NNJM","ProductIndex":175808}
{"itemId":"B007Z1CUOG","ProductIndex":93569}
{"itemId":"B008F4H03S","ProductIndex":162746}
{"itemId":"B008PZQDPI","ProductIndex":90090}
{"itemId":"B001L5SN70","ProductIndex":39141}
{"itemId":"B00009R83T","ProductIndex":131329}
{"itemId":"B00352LTQ4","ProductIndex":90074}
{"itemId":"B0030H6CJ8","ProductIndex":161581}
{"itemId":"B005D5MYCE","ProductIndex":136669}
{"itemId":"B000E1PXKC","ProductIndex":115719}
{"itemId":"B002NZE2G8","ProductIndex":79645}
{"itemId":"B001DKTIR2","ProductIndex":99813}
{"itemId":"B009VDPQT2","ProductIndex":157125}
{"itemId":"B003KN2TLM","ProductIndex":105354}
{"itemId":"B002PL1TYI","ProductIndex":136770}
{"itemId":"B000A13YDY","ProductIndex":117253}
{"itemId":"B00005MAEJ","ProductIndex":142056}
{"itemId":"B009YGQNA2","ProductIndex":131041}
{"itemId":"B0058YFWVK","ProductIndex":161306}
{"itemId":"B001330WRE","ProductIndex":66346}
{"itemId":"B00AVLU11G","ProductIndex":64765}
{"itemId":"B000NI1ES6","ProductIndex":111198}
{"itemId":"B009FX7BW8","ProductIndex":204350}
{"itemId":"B005S0058O","ProductIndex":201123}
{"itemId":"B00HZ4XKR4","ProductIndex":120588}
{"itemId":"B004D08P7S","ProductIndex":140820}
{"itemId":"B000GC2Q2M","ProductIndex":142183}
{"itemId":"B000F44NU4","ProductIndex":54711}
{"itemId":"B004HJ79AY","ProductIndex":159307}
{"itemId":"B008U5ZEA8","ProductIndex":118400}
{"itemId":"B009M3PKJ2","ProductIndex":121539}
{"itemId":"B00FD19RDM","ProductIndex":200343}
{"itemId":"B003TP2NXK","ProductIndex":194524}
{"itemId":"B005NI83LW","ProductIndex":103118}
{"itemId":"B00763XJKW","ProductIndex":102186}
{"itemId":"B00CQ8C3MC","ProductIndex":89853}
{"itemId":"B008MIMPL4","ProductIndex":109273}
{"itemId":"B004QD2IBQ","ProductIndex":72077}
{"itemId":"B0001OH8YQ","ProductIndex":162262}
{"itemId":"B009AHU6W6","ProductIndex":125962}
{"itemId":"B001NFHFCM","ProductIndex":199121}
{"itemId":"B0015L87PI","ProductIndex":184524}
{"itemId":"B0029Z9RN0","ProductIndex":92728}
{"itemId":"B00AFLBYV8","ProductIndex":144259}
{"itemId":"B0026ZPXBS","ProductIndex":135579}
{"itemId":"B00HHKM13U","ProductIndex":177004}
{"itemId":"B004B19W6W","ProductIndex":70774}
{"itemId":"B000FITIZK","ProductIndex":104392}
{"itemId":"B0039NLY7S","ProductIndex":148243}
{"itemId":"B000YA1Z14","ProductIndex":99102}
{"itemId":"B003ZXOK6E","ProductIndex":186105}
{"itemId":"B001DQNC5K","ProductIndex":182054}
{"itemId":"B00554MLPI","ProductIndex":101549}
{"itemId":"B00004WCEO","ProductIndex":133523}
{"itemId":"B002SU89Y4","ProductIndex":168575}
{"itemId":"B00009QOXI","ProductIndex":173766}
{"itemId":"B0009WG864","ProductIndex":76986}
{"itemId":"B00CRXZLDO","ProductIndex":89557}
{"itemId":"B00006L7RU","ProductIndex":117265}
{"itemId":"B000KIN1DU","ProductIndex":145934}
{"itemId":"B00BJ0QW16","ProductIndex":152948}
{"itemId":"B00CWY1KH4","ProductIndex":134317}
{"itemId":"B005H7MYVY","ProductIndex":142863}
{"itemId":"B000069BJ9","ProductIndex":197062}
{"itemId":"B0096MNV9K","ProductIndex":68214}
{"itemId":"B006J4HG1C","ProductIndex":168207}
{"itemId":"B00AN3NTKW","ProductIndex":194284}
{"itemId":"B00HIY9KSY","ProductIndex":191083}
{"itemId":"B0025ZUF8K","ProductIndex":45671}
{"itemId":"B004MJVNME","ProductIndex":196039}
{"itemId":"B003ZZ99HC","ProductIndex":150916}
{"itemId":"B007BCWTTA","ProductIndex":78992}
{"itemId":"B004GIY8I2","ProductIndex":170926}
{"itemId":"B004UR19QI","ProductIndex":90209}
{"itemId":"B002ULWSLG","ProductIndex":121831}
{"itemId":"B000B6IWTY","ProductIndex":202490}
{"itemId":"B00C5CMU9K","ProductIndex":172615}
{"itemId":"B0000A55AG","ProductIndex":177074}
{"itemId":"B0013BUYRY","ProductIndex":133106}
{"itemId":"B0030VT1SI","ProductIndex":75554}
{"itemId":"B00BAMCJHO","ProductIndex":137023}
{"itemId":"B002WC8YNO","ProductIndex":187484}
{"itemId":"B00AO7EY4C","ProductIndex":184424}
{"itemId":"B000R21QRM","ProductIndex":172184}
{"itemId":"B002Y4Z25S","ProductIndex":196351}
{"itemId":"B003Y2TXR2","ProductIndex":73719}
{"itemId":"B001QSTFZQ","ProductIndex":86627}
{"itemId":"B0001HYEJA","ProductIndex":195167}
{"itemId":"B00291F4VI","ProductIndex":70447}
{"itemId":"B000X9QD22","ProductIndex":152026}
{"itemId":"B005GDTIK4","ProductIndex":89705}
{"itemId":"B0047O25FS","ProductIndex":170794}
{"itemId":"B00023XKIO","ProductIndex":145202}
{"itemId":"B004INXLKQ","ProductIndex":90653}
{"itemId":"B00GRLXQ16","ProductIndex":186562}
{"itemId":"B000W9KOZA","ProductIndex":114321}
{"itemId":"B00FOWRQEW","ProductIndex":151209}
{"itemId":"B00774ZRT6","ProductIndex":114645}
{"itemId":"B00436L06U","ProductIndex":157154}
{"itemId":"B001ROYAEK","ProductIndex":149842}
{"itemId":"B009SLT7GU","ProductIndex":175239}
{"itemId":"B0098JQCF6","ProductIndex":197257}
{"itemId":"B004MF2ZYI","ProductIndex":129535}
{"itemId":"B001RUOG52","ProductIndex":147686}
{"itemId":"B00005M2BM","ProductIndex":103900}
{"itemId":"B003SP2UYS","ProductIndex":191070}
{"itemId":"B008GSBZC0","ProductIndex":127190}
{"itemId":"B0096WZD9G","ProductIndex":171390}
{"itemId":"B000PA778I","ProductIndex":105642}
{"itemId":"B002CTMYZQ","ProductIndex":92183}
{"itemId":"B005H488Y4","ProductIndex":113951}
{"itemId":"B0068OCQAE","ProductIndex":203833}
{"itemId":"B000FN9Z3K","ProductIndex":88714}
{"itemId":"B00CAYF13K","ProductIndex":100912}
{"itemId":"B004BHYZWW","ProductIndex":180525}
{"itemId":"B0002D6KJ0","ProductIndex":98825}
{"itemId":"B007GA5R6Y","ProductIndex":83190}
{"itemId":"B00CIYQPPA","ProductIndex":183921}
{"itemId":"B002Q9R5LU","ProductIndex":164012}
{"itemId":"B00BS9JXDW","ProductIndex":181035}
{"itemId":"B001DYUVTM","ProductIndex":198369}
{"itemId":"B0008JEZKY","ProductIndex":100756}
{"itemId":"B004JJLK52","ProductIndex":203664}
{"itemId":"B000NWP2MQ","ProductIndex":177178}
{"itemId":"B006ARCUMS","ProductIndex":152586}
{"itemId":"B006NT8RGG","ProductIndex":121138}
{"itemId":"B00A20XZV4","ProductIndex":136775}
{"itemId":"B00CBK08Q8","ProductIndex":137186}
{"itemId":"B00169PGDK","ProductIndex":143324}
{"itemId":"B00026I0CC","ProductIndex":118463}
{"itemId":"B004S6YSZK","ProductIndex":64380}
{"itemId":"B001C1UFOC","ProductIndex":204751}
{"itemId":"B0051W8WOS","ProductIndex":121941}
{"itemId":"B004KPLNKM","ProductIndex":134201}
{"itemId":"B002MB2VIE","ProductIndex":207304}
{"itemId":"B004IANDAC","ProductIndex":192993}
{"itemId":"B008N4O4TS","ProductIndex":126907}
{"itemId":"B001DFTH0A","ProductIndex":112385}
{"itemId":"B001377SC2","ProductIndex":164196}
{"itemId":"B00F555C2Q","ProductIndex":138912}
{"itemId":"B004ZN6LUG","ProductIndex":171369}
{"itemId":"B0000511LW","ProductIndex":93679}
{"itemId":"B001EWC4HU","ProductIndex":157740}
{"itemId":"B000YD8D16","ProductIndex":138635}
{"itemId":"B009K6O80I","ProductIndex":179331}
{"itemId":"B007L6MBT4","ProductIndex":119624}
{"itemId":"B000MXM61Q","ProductIndex":181071}
{"itemId":"B001J8BRBI","ProductIndex":194756}
{"itemId":"B0060N6JIS","ProductIndex":194411}
{"itemId":"B001QXDU1G","ProductIndex":167857}
{"itemId":"B005NIVXDM","ProductIndex":145214}
{"itemId":"B0048JALI0","ProductIndex":69743}
{"itemId":"B001NS829E","ProductIndex":115498}
{"itemId":"B0012F84XC","ProductIndex":135801}
{"itemId":"B00A536F5G","ProductIndex":148148}
{"itemId":"B002OFRALQ","ProductIndex":110077}
{"itemId":"B00EL3S9QE","ProductIndex":169395}
{"itemId":"B000HJ5DEM","ProductIndex":152882}
{"itemId":"B0052OP9LO","ProductIndex":198081}
{"itemId":"B001FWYLMU","ProductIndex":184620}
{"itemId":"B0028Z1J32","ProductIndex":164396}
{"itemId":"B000GLX6B8","ProductIndex":147504}
{"itemId":"B005742TCG","ProductIndex":131567}
{"itemId":"B00CF2UPLU","ProductIndex":141359}
{"itemId":"B008F5JRI8","ProductIndex":185977}
{"itemId":"B0007LS8AQ","ProductIndex":118744}
{"itemId":"B0036OR9BK","ProductIndex":151445}
{"itemId":"B0074C5OF8","ProductIndex":73939}
{"itemId":"B002ROG70Y","ProductIndex":130943}
{"itemId":"B004YZ3W9I","ProductIndex":68585}
{"itemId":"B00BHKEFI0","ProductIndex":108507}
{"itemId":"B004D2PLLY","ProductIndex":204959}
{"itemId":"B002WC7RBO","ProductIndex":83724}
{"itemId":"B005JUWI2E","ProductIndex":167782}
{"itemId":"B00F8BKFYM","ProductIndex":161797}
{"itemId":"B0040DHCWC","ProductIndex":128623}
{"itemId":"B003KQXU5I","ProductIndex":184525}
{"itemId":"B00GGZPC8S","ProductIndex":113687}
{"itemId":"B000NPPLGU","ProductIndex":119890}
{"itemId":"B000BUEG4U","ProductIndex":190275}
{"itemId":"B001SL9BNC","ProductIndex":114010}
{"itemId":"B003KO1Y6C","ProductIndex":155185}
{"itemId":"B006WYVK0C","ProductIndex":111784}
{"itemId":"B00E452KW8","ProductIndex":141847}
{"itemId":"B00008VEOA","ProductIndex":79690}
{"itemId":"B004WM1WUY","ProductIndex":60528}
{"itemId":"B005HYRPLQ","ProductIndex":203578}
{"itemId":"B000N2Q4AA","ProductIndex":175370}
{"itemId":"B00F0AM77Y","ProductIndex":157854}
{"itemId":"B00004SPBW","ProductIndex":140549}
{"itemId":"B005Y1M91S","ProductIndex":116210}
{"itemId":"B0028ST6AW","ProductIndex":151555}
{"itemId":"B005Z8FUXY","ProductIndex":154803}
{"itemId":"B003HMPKR6","ProductIndex":198733}
{"itemId":"B004LB5AXQ","ProductIndex":114447}
{"itemId":"B003WRNM4Y","ProductIndex":191234}
{"itemId":"B00009XV3E","ProductIndex":118492}
{"itemId":"B008P8F82E","ProductIndex":114252}
{"itemId":"B003SQF20Q","ProductIndex":180746}
{"itemId":"B00721B8YM","ProductIndex":173842}
{"itemId":"B00AM5PL20","ProductIndex":154115}
{"itemId":"B0079X30JE","ProductIndex":98856}
{"itemId":"B00HCB919Q","ProductIndex":151187}
{"itemId":"B0069LVJUY","ProductIndex":139058}
{"itemId":"B005XC9H8G","ProductIndex":193737}
{"itemId":"B002PWD39G","ProductIndex":116488}
{"itemId":"B00DYWE2Z0","ProductIndex":207342}
{"itemId":"B00CHPQ1T0","ProductIndex":92341}
{"itemId":"B00009V3NA","ProductIndex":174291}
{"itemId":"B0050MT90A","ProductIndex":165354}
{"itemId":"B00739R4KK","ProductIndex":147199}
{"itemId":"B0007XB6U8","ProductIndex":113721}
{"itemId":"B008W7WEV6","ProductIndex":160241}
{"itemId":"B004HD7FCW","ProductIndex":142687}
{"itemId":"B003VUZJ1Q","ProductIndex":190327}
{"itemId":"B00K35XI88","ProductIndex":79386}
{"itemId":"B00744T5S8","ProductIndex":95489}
{"itemId":"B0043JQE6S","ProductIndex":170332}
{"itemId":"B00552P88C","ProductIndex":145932}
{"itemId":"B000GA7CYG","ProductIndex":126590}
{"itemId":"B0023RRQCI","ProductIndex":161557}
{"itemId":"B0007LN7GQ","ProductIndex":190380}
{"itemId":"B0095Q1AK4","ProductIndex":162991}
{"itemId":"B00834SJS0","ProductIndex":180318}
{"itemId":"B0007ZR41Q","ProductIndex":129702}
{"itemId":"B006LWHXNS","ProductIndex":200876}
{"itemId":"B008PEWVYG","ProductIndex":144637}
{"itemId":"B004I1KKFM","ProductIndex":162756}
{"itemId":"B00927EVMU","ProductIndex":191167}
{"itemId":"B00DIINNPU","ProductIndex":202125}
{"itemId":"B002OEBO7S","ProductIndex":129800}
{"itemId":"B004R6V99O","ProductIndex":140292}
{"itemId":"B0090OUSC2","ProductIndex":92096}
{"itemId":"B00ECZDVV4","ProductIndex":202529}
{"itemId":"B005Q5I4W0","ProductIndex":207261}
{"itemId":"B005SYK8AU","ProductIndex":202827}
{"itemId":"B00GU7MUBE","ProductIndex":204674}
{"itemId":"B004DOXLEG","ProductIndex":160028}
{"itemId":"B00651CKUQ","ProductIndex":189405}
{"itemId":"B001USTK6G","ProductIndex":158472}
{"itemId":"B001929EIW","ProductIndex":174851}
{"itemId":"B001KYO70E","ProductIndex":193117}
{"itemId":"B0009ICRQ8","ProductIndex":97625}
{"itemId":"B00GP273HK","ProductIndex":147170}
{"itemId":"B004SPOYQY","ProductIndex":125851}
{"itemId":"B007SQIWHC","ProductIndex":179650}
{"itemId":"B00009KAQB","ProductIndex":143041}
{"itemId":"B0029U2UAW","ProductIndex":192598}
{"itemId":"B004W2RRTE","ProductIndex":158808}
{"itemId":"B0014CHM3Q","ProductIndex":149099}
{"itemId":"B002OB6JAS","ProductIndex":110557}
{"itemId":"B009PXLR78","ProductIndex":140258}
{"itemId":"B006IM0FXG","ProductIndex":150712}
{"itemId":"B001RLG8S4","ProductIndex":184142}
{"itemId":"B001WYKIHI","ProductIndex":187148}
{"itemId":"B009IPQ0U2","ProductIndex":143017}
{"itemId":"B0000996BT","ProductIndex":198836}
{"itemId":"B008L2VVIY","ProductIndex":180689}
{"itemId":"B00EXAWPOM","ProductIndex":160233}
{"itemId":"B00000J3DK","ProductIndex":180619}
{"itemId":"B00FK0BOSW","ProductIndex":180533}
{"itemId":"B00EZMCWOQ","ProductIndex":188095}
{"itemId":"B001BXQO78","ProductIndex":202345}
{"itemId":"B001DD6L60","ProductIndex":180361}
{"itemId":"B00004TX6E","ProductIndex":165860}
{"itemId":"B00H413ONS","ProductIndex":199453}
{"itemId":"B000GHLHTA","ProductIndex":178201}
{"itemId":"B005J8YCT8","ProductIndex":187256}
{"itemId":"B00HTNSON6","ProductIndex":184913}
{"itemId":"B007JFJHDU","ProductIndex":194100}
{"itemId":"B0047CQ0L0","ProductIndex":206854}
{"itemId":"B00CTUZ4W8","ProductIndex":204805}
{"itemId":"B009FYHV5O","ProductIndex":169461}
{"itemId":"B0095VLRQG","ProductIndex":97678}
{"itemId":"B00125QC6S","ProductIndex":176600}
{"itemId":"B007TWM34I","ProductIndex":208037}
{"itemId":"B005B7EVPC","ProductIndex":205426}
{"itemId":"B005KOBNES","ProductIndex":145575}
{"itemId":"B0066NVC9I","ProductIndex":153897}
{"itemId":"B004FFBQX6","ProductIndex":191588}
{"itemId":"B000MSXTCG","ProductIndex":201141}
{"itemId":"B0007D2DY6","ProductIndex":160226}
{"itemId":"B002QPY6M0","ProductIndex":137907}
{"itemId":"B0042PWH6O","ProductIndex":203290}
{"itemId":"B000H8574E","ProductIndex":148187}
{"itemId":"B009C4WNBO","ProductIndex":176667}
{"itemId":"B007IUQJ6E","ProductIndex":202582}
{"itemId":"B000PET6WY","ProductIndex":196306}
{"itemId":"B000JLY9O8","ProductIndex":201722}
{"itemId":"B0000C4K05","ProductIndex":197641}
{"itemId":"B00GMTGJFS","ProductIndex":150588}
{"itemId":"B000255IAU","ProductIndex":186353}
{"itemId":"B002HSOUYU","ProductIndex":181546}
{"itemId":"B002GKC6LI","ProductIndex":205080}
{"itemId":"B00A2SK24Y","ProductIndex":143522}
{"itemId":"B0000C1WO3","ProductIndex":198510}
{"itemId":"B004PAH0U4","ProductIndex":200321}
{"itemId":"B003URPPY6","ProductIndex":174002}
{"itemId":"B00AKMNOFG","ProductIndex":175820}
{"itemId":"B00007GWC7","ProductIndex":187041}
{"itemId":"B0051U11L6","ProductIndex":202303}
{"itemId":"B005GQH74A","ProductIndex":194915}
{"itemId":"B00KEFNCOC","ProductIndex":168752}
{"itemId":"B005I94IQA","ProductIndex":185372}
{"itemId":"B000ELOPH4","ProductIndex":195538}
{"itemId":"B0073YPD6W","ProductIndex":206033}
{"itemId":"B009KU2XL0","ProductIndex":204770}
{"itemId":"B00HU0411W","ProductIndex":176678}
{"itemId":"B004IWBARS","ProductIndex":193272}
{"itemId":"B006596Q8K","ProductIndex":192338}
{"itemId":"B0036F5042","ProductIndex":191778}
{"itemId":"B0007LW2US","ProductIndex":193986}
