{"itemId":"B003GAQ2DK","ProductIndex":133339}
{"itemId":"B003ELVLKU","ProductIndex":327}
{"itemId":"B000OBMX00","ProductIndex":13308}
{"itemId":"B003ES4NIA","ProductIndex":22879}
{"itemId":"B009YDO05U","ProductIndex":13808}
{"itemId":"B001E96JGK","ProductIndex":47878}
{"itemId":"B005058B6A","ProductIndex":14303}
{"itemId":"B005J7Y7TY","ProductIndex":25620}
{"itemId":"B0043GF9DK","ProductIndex":28773}
{"itemId":"B0035JD0DW","ProductIndex":3675}
{"itemId":"B0039YON6Q","ProductIndex":7880}
{"itemId":"B00318CG2S","ProductIndex":125580}
{"itemId":"B003FGB8H0","ProductIndex":11527}
{"itemId":"B003OALACA","ProductIndex":31711}
{"itemId":"B006K1R3TY","ProductIndex":35841}
{"itemId":"B003FVVMS0","ProductIndex":120}
{"itemId":"B004Z12JHM","ProductIndex":187482}
{"itemId":"B007EZGOMC","ProductIndex":12231}
{"itemId":"B000R9BMVU","ProductIndex":2469}
{"itemId":"B005Y4NRRU","ProductIndex":31969}
{"itemId":"B001NRUZMW","ProductIndex":38151}
{"itemId":"B005IPKVNS","ProductIndex":18461}
{"itemId":"B00D05BIIU","ProductIndex":29524}
{"itemId":"B000FSQOI4","ProductIndex":91740}
{"itemId":"B002FP0PO4","ProductIndex":14721}
{"itemId":"B005KP473Q","ProductIndex":1027}
{"itemId":"B00BI4JWJW","ProductIndex":19223}
{"itemId":"B0031CS83U","ProductIndex":16329}
{"itemId":"B000W3XJIA","ProductIndex":18805}
{"itemId":"B000NZORB0","ProductIndex":9150}
{"itemId":"B000Y11TLE","ProductIndex":111648}
{"itemId":"B002ETC05S","ProductIndex":28882}
{"itemId":"B003MN1LTQ","ProductIndex":9758}
{"itemId":"B003F44DLA","ProductIndex":36992}
{"itemId":"B001BETHGM","ProductIndex":22868}
{"itemId":"B002DE3RYM","ProductIndex":6997}
{"itemId":"B000BBCTHU","ProductIndex":15927}
{"itemId":"B00D6B462I","ProductIndex":126764}
{"itemId":"B001CJOLBW","ProductIndex":1450}
{"itemId":"B0080E2HNG","ProductIndex":80782}
{"itemId":"B0089V3WDO","ProductIndex":20572}
{"itemId":"B008LR2B7E","ProductIndex":3891}
{"itemId":"B00BQ5RY1G","ProductIndex":1724}
{"itemId":"B006MJZOMW","ProductIndex":13294}
{"itemId":"B00470R46C","ProductIndex":72529}
{"itemId":"B000QYEN1W","ProductIndex":9202}
{"itemId":"B000PTHIBK","ProductIndex":19247}
{"itemId":"B002XK4M4K","ProductIndex":3409}
{"itemId":"B003DNLUFA","ProductIndex":11011}
{"itemId":"B00126V8WU","ProductIndex":3602}
{"itemId":"B00356M4Q4","ProductIndex":46100}
{"itemId":"B0034XR62U","ProductIndex":22486}
{"itemId":"B008AKN6YO","ProductIndex":56156}
{"itemId":"B009C5VSFU","ProductIndex":23630}
{"itemId":"B002RO8JE6","ProductIndex":12736}
{"itemId":"B002PU9UE0","ProductIndex":35017}
{"itemId":"B003PDIAQK","ProductIndex":22096}
{"itemId":"B004NP1E9E","ProductIndex":14937}
{"itemId":"B002Z8J0GK","ProductIndex":85331}
{"itemId":"B00006FXGL","ProductIndex":200222}
{"itemId":"B008VYRITI","ProductIndex":11744}
{"itemId":"B0097GUWP6","ProductIndex":30005}
{"itemId":"B0034CTWLE","ProductIndex":14772}
{"itemId":"B00252W1YY","ProductIndex":17131}
{"itemId":"B005PYD2RE","ProductIndex":8815}
{"itemId":"B000TGAWVM","ProductIndex":86681}
{"itemId":"B0046AKATQ","ProductIndex":20122}
{"itemId":"B001PII7O2","ProductIndex":7223}
{"itemId":"B004Q79BIA","ProductIndex":5313}
{"itemId":"B0032AMXEG","ProductIndex":86145}
{"itemId":"B00083XXQM","ProductIndex":9929}
{"itemId":"B007AHVOQ0","ProductIndex":139374}
{"itemId":"B0015G58WS","ProductIndex":10370}
{"itemId":"B004QADGU6","ProductIndex":25284}
{"itemId":"B004XC6KHS","ProductIndex":19015}
{"itemId":"B003QVWJM2","ProductIndex":6566}
{"itemId":"B0073K64NM","ProductIndex":14130}
{"itemId":"B001DZ2NQK","ProductIndex":34141}
{"itemId":"B001BQTUOE","ProductIndex":15372}
{"itemId":"B000N8IAEC","ProductIndex":172343}
{"itemId":"B000GFZTQO","ProductIndex":12402}
{"itemId":"B002CM3MZO","ProductIndex":87492}
{"itemId":"B001FWOXVE","ProductIndex":18966}
{"itemId":"B0080HMWLU","ProductIndex":79495}
{"itemId":"B007J3C5KY","ProductIndex":50190}
{"itemId":"B00G76VT9W","ProductIndex":30873}
{"itemId":"B004477BQQ","ProductIndex":22875}
{"itemId":"B001NJOMUG","ProductIndex":6603}
{"itemId":"B002CQU14A","ProductIndex":9127}
{"itemId":"B00004SY4H","ProductIndex":7283}
{"itemId":"B008EOK08Q","ProductIndex":5437}
{"itemId":"B00404UDBS","ProductIndex":173231}
{"itemId":"B000OK22AW","ProductIndex":82297}
{"itemId":"B00FYP35OO","ProductIndex":149413}
{"itemId":"B009ALH6IY","ProductIndex":19327}
{"itemId":"B000RY2PJS","ProductIndex":13346}
{"itemId":"B005WKFT18","ProductIndex":25758}
{"itemId":"B0009PYJ0I","ProductIndex":169235}
{"itemId":"B006WAGG14","ProductIndex":2777}
{"itemId":"B003YHKIBC","ProductIndex":31260}
{"itemId":"B00A9NE84C","ProductIndex":2200}
{"itemId":"B0010XZ2RW","ProductIndex":98083}
{"itemId":"B002M65HEE","ProductIndex":104863}
{"itemId":"B004IVAPM0","ProductIndex":7311}
{"itemId":"B005B0SDNK","ProductIndex":16988}
{"itemId":"B00C9P6WGU","ProductIndex":180367}
{"itemId":"B0057PPM7E","ProductIndex":9072}
{"itemId":"B00BX2YLVI","ProductIndex":11587}
{"itemId":"B00CJUBUFS","ProductIndex":121058}
{"itemId":"B005EORRBW","ProductIndex":7940}
{"itemId":"B004AM6SQO","ProductIndex":33204}
{"itemId":"B001OXRT5Q","ProductIndex":73009}
{"itemId":"B0001UEHGW","ProductIndex":114621}
{"itemId":"B0097DEGGU","ProductIndex":43536}
{"itemId":"B0043TB9D6","ProductIndex":9942}
{"itemId":"B0049XR5MK","ProductIndex":8783}
{"itemId":"B001RNPA68","ProductIndex":162375}
{"itemId":"B003EQR5F0","ProductIndex":29132}
{"itemId":"B00004U5WY","ProductIndex":141873}
{"itemId":"B0015AFOL4","ProductIndex":41356}
{"itemId":"B000KL2ZHU","ProductIndex":95882}
{"itemId":"B002WCOZUU","ProductIndex":20090}
{"itemId":"B004YKAMW8","ProductIndex":14111}
{"itemId":"B002WH3QLE","ProductIndex":8512}
{"itemId":"B00739TCH8","ProductIndex":91622}
{"itemId":"B0097HGMMW","ProductIndex":40245}
{"itemId":"B009Y68QIY","ProductIndex":8588}
{"itemId":"B004MF132I","ProductIndex":33701}
{"itemId":"B0007XGOU0","ProductIndex":111054}
{"itemId":"B0002WT6S8","ProductIndex":22048}
{"itemId":"B00DK9N154","ProductIndex":38244}
{"itemId":"B0041S9PX0","ProductIndex":73865}
{"itemId":"B004T2NWLY","ProductIndex":93323}
{"itemId":"B004O9BFWU","ProductIndex":58279}
{"itemId":"B0013IF7YW","ProductIndex":181824}
{"itemId":"B001P7BSL2","ProductIndex":112032}
{"itemId":"B00260LEZC","ProductIndex":16431}
{"itemId":"B000BRWHMQ","ProductIndex":10248}
{"itemId":"B004I44EXI","ProductIndex":23043}
{"itemId":"B002EC92KG","ProductIndex":22716}
{"itemId":"B007NU1MD4","ProductIndex":53586}
{"itemId":"B001JKC5JE","ProductIndex":79119}
{"itemId":"B000Y56OJM","ProductIndex":29257}
{"itemId":"B006WCPNG6","ProductIndex":30089}
{"itemId":"B0013FK9U2","ProductIndex":5740}
{"itemId":"B005GZ3OR0","ProductIndex":148337}
{"itemId":"B0013A4P66","ProductIndex":81090}
{"itemId":"B0040720F2","ProductIndex":38249}
{"itemId":"B0013J5XZE","ProductIndex":23241}
{"itemId":"B003ZUK2VO","ProductIndex":24964}
{"itemId":"B007FLUZX4","ProductIndex":60826}
{"itemId":"B00006I5BR","ProductIndex":97969}
{"itemId":"B004BZ9C4K","ProductIndex":49002}
{"itemId":"B002Y1U2M4","ProductIndex":7086}
{"itemId":"B001415EXM","ProductIndex":9690}
{"itemId":"B0041F2KIU","ProductIndex":18927}
{"itemId":"B00L2442H0","ProductIndex":34298}
{"itemId":"B006J6OMG2","ProductIndex":120445}
{"itemId":"B0002L545S","ProductIndex":196402}
{"itemId":"B0006G3BHW","ProductIndex":33108}
{"itemId":"B00CLGXY3G","ProductIndex":45103}
{"itemId":"B000TRKB7Q","ProductIndex":41172}
{"itemId":"B002NU5O9M","ProductIndex":45466}
{"itemId":"B000QGGIJK","ProductIndex":47888}
{"itemId":"B0014Z29U4","ProductIndex":7936}
{"itemId":"B005R4YLU4","ProductIndex":159156}
{"itemId":"B004TKY4OK","ProductIndex":33056}
{"itemId":"B000LQ41WG","ProductIndex":43338}
{"itemId":"B001HAER88","ProductIndex":17385}
{"itemId":"B0012FEM0Q","ProductIndex":42529}
{"itemId":"B00A5JVV6S","ProductIndex":60898}
{"itemId":"B0013DO3BU","ProductIndex":12519}
{"itemId":"B002V4UKS0","ProductIndex":95001}
{"itemId":"B001P75I18","ProductIndex":69579}
{"itemId":"B000HHHGV2","ProductIndex":69051}
{"itemId":"B003UYT4FK","ProductIndex":71713}
{"itemId":"B00G9279W0","ProductIndex":91597}
{"itemId":"B003RDXO8M","ProductIndex":86415}
{"itemId":"B0044UHJZG","ProductIndex":167694}
{"itemId":"B004FRCS9U","ProductIndex":136152}
{"itemId":"B001AMI91E","ProductIndex":16448}
{"itemId":"B004V71BJM","ProductIndex":33156}
{"itemId":"B003ZSHNF4","ProductIndex":12148}
{"itemId":"B0093TMDVI","ProductIndex":77530}
{"itemId":"B00F3DW1GA","ProductIndex":81144}
{"itemId":"B000W9NY8O","ProductIndex":127339}
{"itemId":"B001IAKS3U","ProductIndex":87647}
{"itemId":"B00CP80A7S","ProductIndex":132670}
{"itemId":"B000N35554","ProductIndex":47724}
{"itemId":"B00195NSIQ","ProductIndex":194177}
{"itemId":"B009SYASSI","ProductIndex":20967}
{"itemId":"B00064ZC8A","ProductIndex":91827}
{"itemId":"B0047YVIDI","ProductIndex":58370}
{"itemId":"B004I1IFMM","ProductIndex":117117}
{"itemId":"B00H7KTRO6","ProductIndex":118624}
{"itemId":"B004I4WXXG","ProductIndex":80874}
{"itemId":"B000IMHDH8","ProductIndex":74014}
{"itemId":"B000068EEM","ProductIndex":134733}
{"itemId":"B00CQ9T00E","ProductIndex":74405}
{"itemId":"B005KP0BJU","ProductIndex":23246}
{"itemId":"B00H5HVQOU","ProductIndex":88065}
{"itemId":"B0036OR92E","ProductIndex":7221}
{"itemId":"B001K4DQZG","ProductIndex":91292}
{"itemId":"B004PGM9YK","ProductIndex":32379}
{"itemId":"B001FXB7X0","ProductIndex":49327}
{"itemId":"B00E7B08MS","ProductIndex":50212}
{"itemId":"B008V99350","ProductIndex":19758}
{"itemId":"B0042X8XBY","ProductIndex":14713}
{"itemId":"B00009MF82","ProductIndex":27589}
{"itemId":"B00HCPQWAI","ProductIndex":193642}
{"itemId":"B00433SNY0","ProductIndex":80347}
{"itemId":"B00368HR4U","ProductIndex":58285}
{"itemId":"B0043O4UV4","ProductIndex":127252}
{"itemId":"B00HTXKNN0","ProductIndex":182797}
{"itemId":"B000F6VRJC","ProductIndex":16604}
{"itemId":"B003EWGD1Q","ProductIndex":7523}
{"itemId":"B0045ZWYYG","ProductIndex":135314}
{"itemId":"B000K8UTMG","ProductIndex":168016}
{"itemId":"B000VLZ986","ProductIndex":98763}
{"itemId":"B003334J6M","ProductIndex":61112}
{"itemId":"B000BRJDB4","ProductIndex":34222}
{"itemId":"B005ESYHV6","ProductIndex":22627}
{"itemId":"B000V0GXLY","ProductIndex":71071}
{"itemId":"B007BQM2ZC","ProductIndex":103771}
{"itemId":"B0034SSD22","ProductIndex":140153}
{"itemId":"B00JNWTLII","ProductIndex":107813}
{"itemId":"B006MX0WPW","ProductIndex":24623}
{"itemId":"B00006B9TI","ProductIndex":115279}
{"itemId":"B004ZMBW9C","ProductIndex":201775}
{"itemId":"B002BH4PTM","ProductIndex":86958}
{"itemId":"B004JHWIZU","ProductIndex":76432}
{"itemId":"B000CHPJAM","ProductIndex":21612}
{"itemId":"B007VSQ85K","ProductIndex":133870}
{"itemId":"B006GCYAOI","ProductIndex":34822}
{"itemId":"B005ODKFOY","ProductIndex":53853}
{"itemId":"B0000BVYSM","ProductIndex":44046}
{"itemId":"B00769XA9Q","ProductIndex":123318}
{"itemId":"B0001ZRLRE","ProductIndex":49633}
{"itemId":"B005OYEGXY","ProductIndex":126481}
{"itemId":"B007A2WVOO","ProductIndex":57761}
{"itemId":"B001GUUOVI","ProductIndex":98330}
{"itemId":"B0060RUURA","ProductIndex":140758}
{"itemId":"B000DZDOV4","ProductIndex":47370}
{"itemId":"B004Q9T7LO","ProductIndex":52053}
{"itemId":"B002I2RHXQ","ProductIndex":81757}
{"itemId":"B00451VI8S","ProductIndex":165565}
{"itemId":"B006ITP692","ProductIndex":65374}
{"itemId":"B0098SMH4W","ProductIndex":84739}
{"itemId":"B00CP5UJB8","ProductIndex":196077}
{"itemId":"B009SMZ9FW","ProductIndex":40600}
{"itemId":"B0091KU5J6","ProductIndex":72788}
{"itemId":"B009AENE78","ProductIndex":95720}
{"itemId":"B00CV1BM5S","ProductIndex":146361}
{"itemId":"B000F3DLCG","ProductIndex":73191}
{"itemId":"B0000C4G3G","ProductIndex":56396}
{"itemId":"B000B63KTG","ProductIndex":32134}
{"itemId":"B0007LXR3E","ProductIndex":136469}
{"itemId":"B00FF9FSD0","ProductIndex":65772}
{"itemId":"B0062FZ2XW","ProductIndex":97348}
{"itemId":"B00C3A72L0","ProductIndex":110818}
{"itemId":"B004W9BGJY","ProductIndex":35450}
{"itemId":"B004DTQVZC","ProductIndex":49646}
{"itemId":"B000CBRADM","ProductIndex":70782}
{"itemId":"B00BTBPCWK","ProductIndex":136708}
{"itemId":"B0041E5F5G","ProductIndex":123712}
{"itemId":"B008LMW1J2","ProductIndex":40751}
{"itemId":"B004DUMU6U","ProductIndex":72139}
{"itemId":"B003CT2A6I","ProductIndex":33242}
{"itemId":"B001R3JL5E","ProductIndex":154060}
{"itemId":"B00711W5LS","ProductIndex":66125}
{"itemId":"B00009XVQW","ProductIndex":107131}
{"itemId":"B005LX5CPO","ProductIndex":118421}
{"itemId":"B000PVH5HU","ProductIndex":66592}
{"itemId":"B001O19RGW","ProductIndex":103450}
{"itemId":"B0067WURIK","ProductIndex":40703}
{"itemId":"B009QGAFPY","ProductIndex":46542}
{"itemId":"B007TBI45G","ProductIndex":71015}
{"itemId":"B00B7PP200","ProductIndex":153152}
{"itemId":"B002C7JG4A","ProductIndex":25243}
{"itemId":"B00E3WWF86","ProductIndex":33326}
{"itemId":"B00F07KAVM","ProductIndex":26725}
{"itemId":"B000J4BPOC","ProductIndex":130747}
{"itemId":"B0002J2A48","ProductIndex":14221}
{"itemId":"B0002M5ORU","ProductIndex":76159}
{"itemId":"B000050AVX","ProductIndex":162362}
{"itemId":"B002KO6PQ2","ProductIndex":50429}
{"itemId":"B000FD7YM4","ProductIndex":114146}
{"itemId":"B0013MWTEO","ProductIndex":37201}
{"itemId":"B000EB9UUQ","ProductIndex":113287}
{"itemId":"B00CPZLF1G","ProductIndex":150636}
{"itemId":"B000RT258E","ProductIndex":55360}
{"itemId":"B001AXHG08","ProductIndex":110717}
{"itemId":"B0039DP6ZE","ProductIndex":190918}
{"itemId":"B005Z44MSC","ProductIndex":60574}
{"itemId":"B0012SEFXC","ProductIndex":90349}
{"itemId":"B00HVAYJUY","ProductIndex":48369}
{"itemId":"B0030F7OEC","ProductIndex":62080}
{"itemId":"B000TTMEWO","ProductIndex":36229}
{"itemId":"B00000J0D5","ProductIndex":20725}
{"itemId":"B006AYRW56","ProductIndex":171258}
{"itemId":"B00GJTLVRM","ProductIndex":144539}
{"itemId":"B008RRI28K","ProductIndex":149365}
{"itemId":"B00744QPNQ","ProductIndex":77691}
{"itemId":"B003G2YZDM","ProductIndex":186206}
{"itemId":"B001LDMGYI","ProductIndex":171650}
{"itemId":"B008JUKZGM","ProductIndex":72706}
{"itemId":"B0002YL5XU","ProductIndex":63506}
{"itemId":"B005F6DZBU","ProductIndex":145852}
{"itemId":"B00004SSRN","ProductIndex":180790}
{"itemId":"B00DZJU6NY","ProductIndex":42433}
{"itemId":"B003UUA340","ProductIndex":47903}
{"itemId":"B003SG5A2Q","ProductIndex":17676}
{"itemId":"B0079R2NRK","ProductIndex":81993}
{"itemId":"B003E2PROA","ProductIndex":78040}
{"itemId":"B008O91ZCQ","ProductIndex":38385}
{"itemId":"B00870D47G","ProductIndex":71988}
{"itemId":"B002V15VHI","ProductIndex":62949}
{"itemId":"B0069VZQN0","ProductIndex":90882}
{"itemId":"B00K3F4M1U","ProductIndex":152381}
{"itemId":"B005KP5RKI","ProductIndex":49806}
{"itemId":"B002EVAJMC","ProductIndex":50889}
{"itemId":"B000RB7C4E","ProductIndex":122829}
{"itemId":"B004QF0VFO","ProductIndex":72890}
{"itemId":"B00BUG506W","ProductIndex":38916}
{"itemId":"B008I91EWI","ProductIndex":71841}
{"itemId":"B0057XBYVY","ProductIndex":63986}
{"itemId":"B00AD7XOS0","ProductIndex":20350}
{"itemId":"B003UQMDWY","ProductIndex":161612}
{"itemId":"B006FP9QG8","ProductIndex":42028}
{"itemId":"B000RNDUMA","ProductIndex":39491}
{"itemId":"B00EV5GZ5E","ProductIndex":35383}
{"itemId":"B00000JGNB","ProductIndex":43256}
{"itemId":"B0015V1Y8U","ProductIndex":65384}
{"itemId":"B00AEVPJ88","ProductIndex":121624}
{"itemId":"B0000DFHOA","ProductIndex":172574}
{"itemId":"B004XXQZPY","ProductIndex":88353}
{"itemId":"B003YBUSMW","ProductIndex":25937}
{"itemId":"B008529RCC","ProductIndex":33565}
{"itemId":"B00IQFH1KS","ProductIndex":33296}
{"itemId":"B000W96H3I","ProductIndex":33571}
{"itemId":"B005KP0IAM","ProductIndex":80397}
{"itemId":"B00406TRWC","ProductIndex":187356}
{"itemId":"B0061WJ56Q","ProductIndex":75037}
{"itemId":"B0047R9KE4","ProductIndex":169364}
{"itemId":"B004GAIRXW","ProductIndex":131819}
{"itemId":"B00FR73KGW","ProductIndex":190796}
{"itemId":"B0051W6QYQ","ProductIndex":201360}
{"itemId":"B00G01UPU8","ProductIndex":99045}
{"itemId":"B005LLS1UO","ProductIndex":40521}
{"itemId":"B002C745WS","ProductIndex":27514}
{"itemId":"B0007CVTPG","ProductIndex":149586}
{"itemId":"B0088L181I","ProductIndex":98182}
{"itemId":"B002YEUBEK","ProductIndex":36855}
{"itemId":"B000W0LMHS","ProductIndex":16575}
{"itemId":"B004IZN3C0","ProductIndex":60653}
{"itemId":"B004XZHJRA","ProductIndex":66842}
{"itemId":"B008X7IWC0","ProductIndex":72032}
{"itemId":"B003OWCFIG","ProductIndex":131155}
{"itemId":"B002DUSQYC","ProductIndex":69147}
{"itemId":"B0050R6778","ProductIndex":93239}
{"itemId":"B005VSGO1K","ProductIndex":125284}
{"itemId":"B00BPWDAH2","ProductIndex":77340}
{"itemId":"B001CRCBZC","ProductIndex":120181}
{"itemId":"B0045DOESM","ProductIndex":47071}
{"itemId":"B00FUITYZE","ProductIndex":32678}
{"itemId":"B00BSJM8HA","ProductIndex":113841}
{"itemId":"B009HND01M","ProductIndex":114464}
{"itemId":"B00CDXRDL6","ProductIndex":177875}
{"itemId":"B00AWVG0J2","ProductIndex":43067}
{"itemId":"B009OTBTT4","ProductIndex":72702}
{"itemId":"B008S0O5QE","ProductIndex":58417}
{"itemId":"B000Y9KLTW","ProductIndex":43860}
{"itemId":"B006LAS1Z4","ProductIndex":96511}
{"itemId":"B004NQLT9I","ProductIndex":177539}
{"itemId":"B006VYV9PE","ProductIndex":138297}
{"itemId":"B001AX9T0I","ProductIndex":63350}
{"itemId":"B006SY7NVG","ProductIndex":37355}
{"itemId":"B007NXLO1Q","ProductIndex":53241}
{"itemId":"B00009V3C5","ProductIndex":47332}
{"itemId":"B00CYVJMAM","ProductIndex":172916}
{"itemId":"B0099J8BZE","ProductIndex":37143}
{"itemId":"B002VJJL3U","ProductIndex":35130}
{"itemId":"B000W8W81E","ProductIndex":155887}
{"itemId":"B006OU8Z4I","ProductIndex":142091}
{"itemId":"B00B7N9B1S","ProductIndex":33940}
{"itemId":"B00478RLKS","ProductIndex":61768}
{"itemId":"B003ZTEAKY","ProductIndex":86467}
{"itemId":"B00B4G70RU","ProductIndex":65766}
{"itemId":"B008JCJIWM","ProductIndex":185096}
{"itemId":"B003VN1FBG","ProductIndex":42039}
{"itemId":"B0082NJ5BC","ProductIndex":39240}
{"itemId":"B001TE0HS6","ProductIndex":191199}
{"itemId":"B002KCNW2Y","ProductIndex":10825}
{"itemId":"B00CAL0AIY","ProductIndex":169527}
{"itemId":"B000FOL4X8","ProductIndex":167705}
{"itemId":"B007HIRHSG","ProductIndex":19220}
{"itemId":"B00AR6985A","ProductIndex":97548}
{"itemId":"B0016LC7B2","ProductIndex":40459}
{"itemId":"B009ES6LU2","ProductIndex":166819}
{"itemId":"B003MGAZ1S","ProductIndex":54773}
{"itemId":"B000051YGT","ProductIndex":200839}
{"itemId":"B0089NEVG4","ProductIndex":141331}
{"itemId":"B0002J2DKE","ProductIndex":99713}
{"itemId":"B006EFTQ82","ProductIndex":152860}
{"itemId":"B001DAEPU2","ProductIndex":37800}
{"itemId":"B004P0CS0G","ProductIndex":48916}
{"itemId":"B00009V2OX","ProductIndex":175283}
{"itemId":"B0009U736A","ProductIndex":83989}
{"itemId":"B003R0AXPW","ProductIndex":79242}
{"itemId":"B003DZ7ZU2","ProductIndex":22759}
{"itemId":"B00D4NTBGY","ProductIndex":15269}
{"itemId":"B003D3NED6","ProductIndex":60235}
{"itemId":"B007MJURZ0","ProductIndex":67664}
{"itemId":"B004L771QE","ProductIndex":114725}
{"itemId":"B00481HK5A","ProductIndex":73130}
{"itemId":"B00070QQ1K","ProductIndex":25200}
{"itemId":"B002TNTXSG","ProductIndex":55144}
{"itemId":"B00B5W2924","ProductIndex":79576}
{"itemId":"B001KC0822","ProductIndex":27665}
{"itemId":"B00B1ZNHEE","ProductIndex":178090}
{"itemId":"B001GGWHXA","ProductIndex":118819}
{"itemId":"B000WGB3XK","ProductIndex":63378}
{"itemId":"B002OVUBA2","ProductIndex":48030}
{"itemId":"B0034N1WIY","ProductIndex":170619}
{"itemId":"B000H7CZWC","ProductIndex":31841}
{"itemId":"B004EG6L18","ProductIndex":87987}
{"itemId":"B00721ONXA","ProductIndex":106362}
{"itemId":"B00JZT7E9C","ProductIndex":164867}
{"itemId":"B003N18QJU","ProductIndex":119846}
{"itemId":"B00715CU46","ProductIndex":140830}
{"itemId":"B00BBYFMKM","ProductIndex":92261}
{"itemId":"B009HPGG02","ProductIndex":56014}
{"itemId":"B008FBN2OC","ProductIndex":104548}
{"itemId":"B001690VC6","ProductIndex":34072}
{"itemId":"B0000950RW","ProductIndex":118149}
{"itemId":"B0071IJ2M6","ProductIndex":53834}
{"itemId":"B000QEBWQG","ProductIndex":75175}
{"itemId":"B0076HMD78","ProductIndex":55196}
{"itemId":"B0002E1S3C","ProductIndex":71357}
{"itemId":"B002NTHE7I","ProductIndex":114414}
{"itemId":"B007ELGM0K","ProductIndex":83898}
{"itemId":"B0031O48YQ","ProductIndex":68166}
{"itemId":"B006JGCMI2","ProductIndex":103016}
{"itemId":"B001S0RU2C","ProductIndex":187149}
{"itemId":"B005HBWV36","ProductIndex":45742}
{"itemId":"B006YGKLZI","ProductIndex":58397}
{"itemId":"B000YLJNN0","ProductIndex":101746}
{"itemId":"B0046KA23K","ProductIndex":172656}
{"itemId":"B003DQ8SI4","ProductIndex":73039}
{"itemId":"B00009R6TD","ProductIndex":145356}
{"itemId":"B000LWHCK8","ProductIndex":101297}
{"itemId":"B000OYFPZ2","ProductIndex":54123}
{"itemId":"B0009IQ62Y","ProductIndex":72469}
{"itemId":"B003KIQTXG","ProductIndex":66787}
{"itemId":"B00IP3GV4S","ProductIndex":187406}
{"itemId":"B002URSG4I","ProductIndex":90472}
{"itemId":"B00CRN3D98","ProductIndex":51799}
{"itemId":"B005GA1N7I","ProductIndex":53291}
{"itemId":"B001Q9ERCG","ProductIndex":29328}
{"itemId":"B002RD7452","ProductIndex":103316}
{"itemId":"B00E4TOWR0","ProductIndex":188866}
{"itemId":"B00006Y0ER","ProductIndex":94710}
{"itemId":"B005GM5VTC","ProductIndex":59546}
{"itemId":"B003EAS5SM","ProductIndex":56341}
{"itemId":"B0001H4AAS","ProductIndex":75720}
{"itemId":"B00126PKBU","ProductIndex":121365}
{"itemId":"B009DXUF28","ProductIndex":128219}
{"itemId":"B0002J1TUO","ProductIndex":42106}
{"itemId":"B0017TRUP6","ProductIndex":65943}
{"itemId":"B00BIR3Z9M","ProductIndex":163217}
{"itemId":"B003ZI4ROY","ProductIndex":38697}
{"itemId":"B000B7VB3C","ProductIndex":96771}
{"itemId":"B000VYBM6G","ProductIndex":95256}
{"itemId":"B00004RFC0","ProductIndex":169815}
{"itemId":"B001IFELSI","ProductIndex":44646}
{"itemId":"B003SH7HXU","ProductIndex":136781}
{"itemId":"B005GNP0JM","ProductIndex":40572}
{"itemId":"B008OKW5FG","ProductIndex":97074}
{"itemId":"B000KMZW56","ProductIndex":179674}
{"itemId":"B004ALFKJ6","ProductIndex":147853}
{"itemId":"B00021MX1Q","ProductIndex":88287}
{"itemId":"B004EEKDDW","ProductIndex":81017}
{"itemId":"B000233WJG","ProductIndex":149290}
{"itemId":"B00009R7E0","ProductIndex":50681}
{"itemId":"B004NY9UW8","ProductIndex":150122}
{"itemId":"B007QEE5ZE","ProductIndex":180489}
{"itemId":"B004QZA7WQ","ProductIndex":167993}
{"itemId":"B00CFX7SE6","ProductIndex":32687}
{"itemId":"B0015IJE7G","ProductIndex":58558}
{"itemId":"B001BDD6VU","ProductIndex":189897}
{"itemId":"B00AZR0JN6","ProductIndex":89227}
{"itemId":"B000RBB8ZS","ProductIndex":175291}
{"itemId":"B00EM8E3HM","ProductIndex":135913}
{"itemId":"B005P3BY70","ProductIndex":170131}
{"itemId":"B00004UF7P","ProductIndex":131376}
{"itemId":"B003E1Q5AQ","ProductIndex":114900}
{"itemId":"B000S5DOKK","ProductIndex":77548}
{"itemId":"B003LRGYAE","ProductIndex":99105}
{"itemId":"B00B47CVR8","ProductIndex":167097}
{"itemId":"B00CPCIPSU","ProductIndex":58113}
{"itemId":"B000ASGFV0","ProductIndex":50018}
{"itemId":"B0040UJUKM","ProductIndex":121415}
{"itemId":"B008NF7VYW","ProductIndex":135914}
{"itemId":"B001OSCE74","ProductIndex":86927}
{"itemId":"B000MMFWKE","ProductIndex":54760}
{"itemId":"B000MWLQLS","ProductIndex":156776}
{"itemId":"B0002INL4M","ProductIndex":43227}
{"itemId":"B005K22K4M","ProductIndex":92716}
{"itemId":"B0034G4YRW","ProductIndex":128151}
{"itemId":"B00AE81CAK","ProductIndex":97701}
{"itemId":"B005K0J0EM","ProductIndex":135016}
{"itemId":"B000OQTVOG","ProductIndex":65464}
{"itemId":"B006C64EDU","ProductIndex":204438}
{"itemId":"B0082K7KQM","ProductIndex":62109}
{"itemId":"B00HWOCFT6","ProductIndex":138047}
{"itemId":"B0002ED6H8","ProductIndex":75513}
{"itemId":"B009XHC70W","ProductIndex":64191}
{"itemId":"B00555R3D2","ProductIndex":102441}
{"itemId":"B00AJD0H88","ProductIndex":105171}
{"itemId":"B00009KHKB","ProductIndex":99373}
{"itemId":"B0040QWU2Q","ProductIndex":93009}
{"itemId":"B001A1Q0AM","ProductIndex":133928}
{"itemId":"B000HW3ZU8","ProductIndex":94075}
{"itemId":"B00BPBDDUM","ProductIndex":110629}
{"itemId":"B00BOTQ2SU","ProductIndex":205523}
{"itemId":"B002XNK0I4","ProductIndex":134308}
{"itemId":"B00AQO5P1Y","ProductIndex":72688}
{"itemId":"B00507H6TQ","ProductIndex":181644}
{"itemId":"B0085RORXG","ProductIndex":53967}
{"itemId":"B00C0KLFOI","ProductIndex":126581}
{"itemId":"B000LAY3DO","ProductIndex":71582}
{"itemId":"B00EVTQGOU","ProductIndex":173953}
{"itemId":"B0014LE9TC","ProductIndex":95946}
{"itemId":"B0001UEHK8","ProductIndex":166071}
{"itemId":"B000YOEDSM","ProductIndex":93574}
{"itemId":"B0091E735G","ProductIndex":84357}
{"itemId":"B00KD0LVXM","ProductIndex":59742}
{"itemId":"B00DDNUCMM","ProductIndex":122012}
{"itemId":"B000YHZWM0","ProductIndex":153611}
{"itemId":"B0002LEMYW","ProductIndex":190421}
{"itemId":"B00007LB2N","ProductIndex":53305}
{"itemId":"B007VBC59U","ProductIndex":108323}
{"itemId":"B001VI4X80","ProductIndex":142191}
{"itemId":"B00IXOOBWI","ProductIndex":135059}
{"itemId":"B003L2O5OQ","ProductIndex":147176}
{"itemId":"B00K23BVXU","ProductIndex":133064}
{"itemId":"B0069S2NH0","ProductIndex":42657}
{"itemId":"B002G8YBEU","ProductIndex":43963}
{"itemId":"B0018BMVM0","ProductIndex":75501}
{"itemId":"B00B7U8GK8","ProductIndex":27063}
{"itemId":"B0007W1K4G","ProductIndex":85904}
{"itemId":"B003Z53K8Q","ProductIndex":133371}
{"itemId":"B00095VH2G","ProductIndex":91569}
{"itemId":"B000VGUCZQ","ProductIndex":130407}
{"itemId":"B001TGOC12","ProductIndex":98512}
{"itemId":"B009PQ6DFG","ProductIndex":91651}
{"itemId":"B003TY6O9U","ProductIndex":117421}
{"itemId":"B002VBA77M","ProductIndex":204955}
{"itemId":"B0000501T7","ProductIndex":156769}
{"itemId":"B000F8FMKU","ProductIndex":55314}
{"itemId":"B0013HKMZW","ProductIndex":95302}
{"itemId":"B0035WTD7Q","ProductIndex":98213}
{"itemId":"B005GSHCYI","ProductIndex":201657}
{"itemId":"B0001DBEIS","ProductIndex":112360}
{"itemId":"B000CGKA66","ProductIndex":135273}
{"itemId":"B004I93KHO","ProductIndex":76357}
{"itemId":"B00000JDKU","ProductIndex":70610}
{"itemId":"B00DW475KY","ProductIndex":112858}
{"itemId":"B005Z8GZA6","ProductIndex":112689}
{"itemId":"B00C5UCECK","ProductIndex":204034}
{"itemId":"B00472O5IA","ProductIndex":206386}
{"itemId":"B0057GUXZE","ProductIndex":113219}
{"itemId":"B00269XQ3G","ProductIndex":76372}
{"itemId":"B002C1B9PA","ProductIndex":108319}
{"itemId":"B00BF9I1DI","ProductIndex":123192}
{"itemId":"B001TWJZ2C","ProductIndex":86290}
{"itemId":"B005GMWI7U","ProductIndex":132842}
{"itemId":"B00763W19W","ProductIndex":200914}
{"itemId":"B003CQ9XXO","ProductIndex":185992}
{"itemId":"B005OPPNC6","ProductIndex":114840}
{"itemId":"B000981B0Q","ProductIndex":79271}
{"itemId":"B00DZI8TAM","ProductIndex":80752}
{"itemId":"B007NKK8XE","ProductIndex":141771}
{"itemId":"B00007IFE0","ProductIndex":155285}
{"itemId":"B005VO5UQ4","ProductIndex":112852}
{"itemId":"B00BMEYM8E","ProductIndex":144883}
{"itemId":"B000EU01T6","ProductIndex":158303}
{"itemId":"B00FEE7B86","ProductIndex":147739}
{"itemId":"B001VIIF9I","ProductIndex":110416}
{"itemId":"B0045C8WQS","ProductIndex":156094}
{"itemId":"B0046IT0FI","ProductIndex":198730}
{"itemId":"B002QLBA7S","ProductIndex":167572}
{"itemId":"B006H4H53S","ProductIndex":86991}
{"itemId":"B00G32CGTW","ProductIndex":150819}
{"itemId":"B0031SY1WG","ProductIndex":116676}
{"itemId":"B00005T3ZN","ProductIndex":166204}
{"itemId":"B000BKP7VQ","ProductIndex":138602}
{"itemId":"B001DQGEWI","ProductIndex":88846}
{"itemId":"B008OW19BA","ProductIndex":102509}
{"itemId":"B002MPYWNM","ProductIndex":110544}
{"itemId":"B000XB43I6","ProductIndex":64604}
{"itemId":"B004OEDYHY","ProductIndex":73323}
{"itemId":"B00004Z7NQ","ProductIndex":154350}
{"itemId":"B0071SBVG6","ProductIndex":54872}
{"itemId":"B00G13RQ66","ProductIndex":96197}
{"itemId":"B0021AFVQU","ProductIndex":136153}
{"itemId":"B002KTQUPI","ProductIndex":163282}
{"itemId":"B0002BESFU","ProductIndex":57230}
{"itemId":"B008MU2E2C","ProductIndex":127183}
{"itemId":"B003QIRB9Q","ProductIndex":176805}
{"itemId":"B0077I9UIG","ProductIndex":65552}
{"itemId":"B004P7B2GK","ProductIndex":95384}
{"itemId":"B004UJ8HV6","ProductIndex":183829}
{"itemId":"B000KHTDJ2","ProductIndex":92494}
{"itemId":"B004AUWZJU","ProductIndex":163739}
{"itemId":"B002UNMTGS","ProductIndex":110675}
{"itemId":"B000KVSCQI","ProductIndex":46386}
{"itemId":"B000B6J996","ProductIndex":108787}
{"itemId":"B00FQHOA12","ProductIndex":157028}
{"itemId":"B00916R1OW","ProductIndex":136944}
{"itemId":"B0055KLEQE","ProductIndex":137244}
{"itemId":"B008S2YMFG","ProductIndex":47591}
{"itemId":"B006GADL2M","ProductIndex":114620}
{"itemId":"B003DQ3ZT6","ProductIndex":163058}
{"itemId":"B000B6MQU0","ProductIndex":82163}
{"itemId":"B0062JZ8DM","ProductIndex":186440}
{"itemId":"B0098R9BB0","ProductIndex":67565}
{"itemId":"B000YJ0O6W","ProductIndex":105818}
{"itemId":"B001UGVICC","ProductIndex":117477}
{"itemId":"B0019K3VPQ","ProductIndex":195773}
{"itemId":"B0029WFADE","ProductIndex":57063}
{"itemId":"B000MEDI3K","ProductIndex":67812}
{"itemId":"B000IMWF8U","ProductIndex":159125}
{"itemId":"B001AGLH32","ProductIndex":68566}
{"itemId":"B007BFVA4W","ProductIndex":149673}
{"itemId":"B002RU92XW","ProductIndex":52177}
{"itemId":"B00AOH32FY","ProductIndex":97785}
{"itemId":"B008BBAKMI","ProductIndex":53489}
{"itemId":"B002VTZ4Q8","ProductIndex":82874}
{"itemId":"B007V9XYOM","ProductIndex":160324}
{"itemId":"B002CWQ3K0","ProductIndex":107856}
{"itemId":"B005O656JU","ProductIndex":78985}
{"itemId":"B00AV9TR5Y","ProductIndex":207252}
{"itemId":"B00APKHWD8","ProductIndex":147886}
{"itemId":"B0030BV8NE","ProductIndex":113052}
{"itemId":"B009E8KQ08","ProductIndex":108562}
{"itemId":"B001FA0AYA","ProductIndex":64463}
{"itemId":"B0001WNKBI","ProductIndex":66475}
{"itemId":"B00005OMZ7","ProductIndex":128567}
{"itemId":"B00A7U1746","ProductIndex":98704}
{"itemId":"B00AI871UG","ProductIndex":143703}
{"itemId":"B001G7PMHC","ProductIndex":93428}
{"itemId":"B0013YDLLW","ProductIndex":147215}
{"itemId":"B0015AQLFC","ProductIndex":67454}
{"itemId":"B002E9HB3O","ProductIndex":67551}
{"itemId":"B00006IACH","ProductIndex":78864}
{"itemId":"B000FL9QQS","ProductIndex":178810}
{"itemId":"B002NVOB5E","ProductIndex":153683}
{"itemId":"B004UCG89G","ProductIndex":194396}
{"itemId":"B001E42QEY","ProductIndex":88068}
{"itemId":"B008JGHCL2","ProductIndex":207679}
{"itemId":"B000BWHEJW","ProductIndex":82636}
{"itemId":"B001IE3CIO","ProductIndex":55258}
{"itemId":"B00001O2YQ","ProductIndex":183731}
{"itemId":"B000YL7X1E","ProductIndex":95537}
{"itemId":"B001K55QV2","ProductIndex":134398}
{"itemId":"B001MYNWJO","ProductIndex":120112}
{"itemId":"B001E7P4E0","ProductIndex":111124}
{"itemId":"B003PSLLXE","ProductIndex":153334}
{"itemId":"B00GU1GPLG","ProductIndex":66986}
{"itemId":"B001GUU5XK","ProductIndex":125674}
{"itemId":"B007WOC7QC","ProductIndex":136877}
{"itemId":"B004XOAHMU","ProductIndex":159630}
{"itemId":"B0076TJC3Y","ProductIndex":95945}
{"itemId":"B008V63D4U","ProductIndex":53708}
{"itemId":"B001VHMSE2","ProductIndex":106655}
{"itemId":"B006OICX1Q","ProductIndex":200278}
{"itemId":"B004TGR7XY","ProductIndex":55580}
{"itemId":"B00744SQM4","ProductIndex":185659}
{"itemId":"B00000JFGT","ProductIndex":184338}
{"itemId":"B0035DC598","ProductIndex":137603}
{"itemId":"B008YSLRMA","ProductIndex":183106}
{"itemId":"B004ZI1CM8","ProductIndex":204592}
{"itemId":"B001S0RTXM","ProductIndex":59582}
{"itemId":"B00EFDULIO","ProductIndex":96286}
{"itemId":"B004KTQO5W","ProductIndex":122604}
{"itemId":"B002T0NGNW","ProductIndex":185378}
{"itemId":"B000MT3DJ4","ProductIndex":143319}
{"itemId":"B003TLZWIC","ProductIndex":143831}
{"itemId":"B008I2XN9M","ProductIndex":114714}
{"itemId":"B000RNVWIO","ProductIndex":170184}
{"itemId":"B001N7Q1R0","ProductIndex":118523}
{"itemId":"B0000AE6D3","ProductIndex":167983}
{"itemId":"B002NOQY3I","ProductIndex":61920}
{"itemId":"B0098NTFRO","ProductIndex":50633}
{"itemId":"B00711MUTA","ProductIndex":50145}
{"itemId":"B001GYSI1M","ProductIndex":168128}
{"itemId":"B008D50APE","ProductIndex":97721}
{"itemId":"B00009R6QI","ProductIndex":164813}
{"itemId":"B0001MQ0O2","ProductIndex":129835}
{"itemId":"B004C4SBD8","ProductIndex":99247}
{"itemId":"B004SRM72K","ProductIndex":152947}
{"itemId":"B004BCTK22","ProductIndex":91015}
{"itemId":"B005T6E98O","ProductIndex":170001}
{"itemId":"B00DSBY31K","ProductIndex":163848}
{"itemId":"B004PBO5P6","ProductIndex":89068}
{"itemId":"B004SOWCGE","ProductIndex":144174}
{"itemId":"B00AI5UAAM","ProductIndex":57466}
{"itemId":"B0006BFCN8","ProductIndex":141188}
{"itemId":"B003ZR0L9K","ProductIndex":66697}
{"itemId":"B0088Y3NFY","ProductIndex":201572}
{"itemId":"B00DTTS57O","ProductIndex":149703}
{"itemId":"B002BK9NKA","ProductIndex":195802}
{"itemId":"B007RPK3HQ","ProductIndex":73554}
{"itemId":"B00DQYAKYS","ProductIndex":122841}
{"itemId":"B001BWPCVS","ProductIndex":56226}
{"itemId":"B00013Q49C","ProductIndex":163519}
{"itemId":"B003C2W9XE","ProductIndex":67939}
{"itemId":"B006YTZOQ6","ProductIndex":127599}
{"itemId":"B000K3MW08","ProductIndex":143842}
{"itemId":"B0025VKW6O","ProductIndex":182153}
{"itemId":"B000I8X1VO","ProductIndex":185522}
{"itemId":"B000E1WN8W","ProductIndex":195361}
{"itemId":"B0001I1X02","ProductIndex":150652}
{"itemId":"B002892V58","ProductIndex":163577}
{"itemId":"B00E7YEADS","ProductIndex":63251}
{"itemId":"B006C25UNM","ProductIndex":88443}
{"itemId":"B00711LEMY","ProductIndex":106685}
{"itemId":"B0065VLH7I","ProductIndex":170150}
{"itemId":"B0044CUYVA","ProductIndex":121961}
{"itemId":"B00B4EH85Q","ProductIndex":142037}
{"itemId":"B004KG0HVW","ProductIndex":192085}
{"itemId":"B009MQONEM","ProductIndex":65664}
{"itemId":"B000FQBJU4","ProductIndex":64330}
{"itemId":"B0002HRBS0","ProductIndex":201885}
{"itemId":"B000F6GZBC","ProductIndex":159456}
{"itemId":"B004I4ZXKQ","ProductIndex":118210}
{"itemId":"B004TA8YM8","ProductIndex":136486}
{"itemId":"B008ROTJN0","ProductIndex":117203}
{"itemId":"B009IAJY8W","ProductIndex":195666}
{"itemId":"B0013NPVM0","ProductIndex":67744}
{"itemId":"B00EB1SRN6","ProductIndex":90203}
{"itemId":"B005HXPXY8","ProductIndex":85302}
{"itemId":"B0002SPROO","ProductIndex":126048}
{"itemId":"B00A8ONKKU","ProductIndex":160755}
{"itemId":"B004XCC9BY","ProductIndex":95786}
{"itemId":"B00BI3LYAS","ProductIndex":134371}
{"itemId":"B003B47QKO","ProductIndex":110448}
{"itemId":"B007GB8S78","ProductIndex":161650}
{"itemId":"B008N2Z91C","ProductIndex":142585}
{"itemId":"B003S90WUS","ProductIndex":201964}
{"itemId":"B004E0UBL0","ProductIndex":148381}
{"itemId":"B0023RXMBW","ProductIndex":195747}
{"itemId":"B000IXF892","ProductIndex":157276}
{"itemId":"B00008OX13","ProductIndex":184937}
{"itemId":"B001DDN2QC","ProductIndex":106312}
{"itemId":"B000Z4COUK","ProductIndex":205370}
{"itemId":"B00A5J1000","ProductIndex":156150}
{"itemId":"B00IMD4OZO","ProductIndex":166956}
{"itemId":"B00008NG71","ProductIndex":111283}
{"itemId":"B008BWKIL0","ProductIndex":183087}
{"itemId":"B001D7630K","ProductIndex":196787}
{"itemId":"B002A99QE0","ProductIndex":84376}
{"itemId":"B00005LCDH","ProductIndex":202018}
{"itemId":"B003NDDTEU","ProductIndex":156104}
{"itemId":"B000J01BKY","ProductIndex":114143}
{"itemId":"B00DRQGL5W","ProductIndex":137479}
{"itemId":"B000GHJTUO","ProductIndex":148244}
{"itemId":"B000FCR3YY","ProductIndex":131511}
{"itemId":"B00ANYR8RQ","ProductIndex":193759}
{"itemId":"B0078FVVD0","ProductIndex":82844}
{"itemId":"B003ZWPSFW","ProductIndex":146938}
{"itemId":"B0073V7TS0","ProductIndex":168552}
{"itemId":"B002ZQ6UD8","ProductIndex":135399}
{"itemId":"B0049BNHUG","ProductIndex":185448}
{"itemId":"B002UKFPXA","ProductIndex":110080}
{"itemId":"B001MRX4NU","ProductIndex":164802}
{"itemId":"B001QWTZ70","ProductIndex":164215}
{"itemId":"B002OJ8CB4","ProductIndex":175751}
{"itemId":"B000148LQ0","ProductIndex":203351}
{"itemId":"B000JE9LD4","ProductIndex":168912}
{"itemId":"B001A4AVZO","ProductIndex":146195}
{"itemId":"B00BPA8IQ2","ProductIndex":208237}
{"itemId":"B006TTE29G","ProductIndex":134239}
{"itemId":"B000ETA642","ProductIndex":111323}
{"itemId":"B004U2FQMQ","ProductIndex":171225}
{"itemId":"B0007KK2RO","ProductIndex":147913}
{"itemId":"B0007Y6AJY","ProductIndex":208156}
{"itemId":"B00BQTL0F8","ProductIndex":163960}
{"itemId":"B00008NUZC","ProductIndex":171832}
{"itemId":"B003AO88IE","ProductIndex":154384}
{"itemId":"B003RC7H2M","ProductIndex":162253}
{"itemId":"B006MCEW54","ProductIndex":168693}
{"itemId":"B002RL8TVW","ProductIndex":105776}
{"itemId":"B000HR59MA","ProductIndex":138066}
{"itemId":"B003IDD79W","ProductIndex":201882}
{"itemId":"B00CDB30O2","ProductIndex":188504}
{"itemId":"B002N6QRVU","ProductIndex":123869}
{"itemId":"B00I5UZZWA","ProductIndex":204827}
{"itemId":"B004GFD1FG","ProductIndex":168417}
{"itemId":"B008R52DP0","ProductIndex":117495}
{"itemId":"B001AJ48XU","ProductIndex":84201}
{"itemId":"B003IMABKG","ProductIndex":152230}
{"itemId":"B001P9ICG4","ProductIndex":98986}
{"itemId":"B003ZRMNFK","ProductIndex":166538}
{"itemId":"B00E3G5PAM","ProductIndex":99377}
{"itemId":"B004C1JPOA","ProductIndex":171604}
{"itemId":"B001HZNCKM","ProductIndex":133217}
{"itemId":"B00GG2CUEK","ProductIndex":153252}
{"itemId":"B0065R65F6","ProductIndex":123198}
{"itemId":"B00GD186KG","ProductIndex":148392}
{"itemId":"B00CNRB7TQ","ProductIndex":178115}
{"itemId":"B00009R99Y","ProductIndex":120117}
{"itemId":"B0085YL2JG","ProductIndex":192374}
{"itemId":"B0006HW8EI","ProductIndex":207472}
{"itemId":"B00061LYLW","ProductIndex":98041}
{"itemId":"B001MAZEAS","ProductIndex":141681}
{"itemId":"B002BYL7TG","ProductIndex":69502}
{"itemId":"B0043SCNOG","ProductIndex":144464}
{"itemId":"B00552PGC0","ProductIndex":105857}
{"itemId":"B00142PH6A","ProductIndex":141815}
{"itemId":"B00BAF3AJW","ProductIndex":151657}
{"itemId":"B000T2U4WS","ProductIndex":148135}
{"itemId":"B008I92EOU","ProductIndex":183338}
{"itemId":"B0019MAUOE","ProductIndex":92706}
{"itemId":"B008VMDKQU","ProductIndex":170119}
{"itemId":"B00CHU0XXA","ProductIndex":148080}
{"itemId":"B0000B3AKP","ProductIndex":136814}
{"itemId":"B004IJYT4C","ProductIndex":203994}
{"itemId":"B0018O7T3S","ProductIndex":111203}
{"itemId":"B004GCK4WW","ProductIndex":175530}
{"itemId":"B00CMVTDYE","ProductIndex":201102}
{"itemId":"B009CP5SDS","ProductIndex":175906}
{"itemId":"B007PSKZL4","ProductIndex":183793}
{"itemId":"B004MEX8V8","ProductIndex":92772}
{"itemId":"B00763Y3VG","ProductIndex":88805}
{"itemId":"B001TKRLO8","ProductIndex":117482}
{"itemId":"B0050EIJKY","ProductIndex":206457}
{"itemId":"B008HHNB86","ProductIndex":170673}
{"itemId":"B00009UTQZ","ProductIndex":128933}
{"itemId":"B0014BW64W","ProductIndex":138125}
{"itemId":"B0051QIQVS","ProductIndex":167044}
{"itemId":"B000068O52","ProductIndex":120259}
{"itemId":"B003TSTDIU","ProductIndex":188519}
{"itemId":"B00CZTDLZU","ProductIndex":146472}
{"itemId":"B001N84MPC","ProductIndex":127680}
{"itemId":"B0015OMR9W","ProductIndex":183368}
{"itemId":"B0016P8PJQ","ProductIndex":135555}
{"itemId":"B0046ADD0Y","ProductIndex":144827}
{"itemId":"B003MGB0IK","ProductIndex":144636}
{"itemId":"B00432NYWC","ProductIndex":145574}
{"itemId":"B0087N2IZC","ProductIndex":132057}
{"itemId":"B000F9PI3A","ProductIndex":203685}
{"itemId":"B001D2BIXW","ProductIndex":102047}
{"itemId":"B0012IJECY","ProductIndex":171102}
{"itemId":"B0002F8ZDW","ProductIndex":100273}
{"itemId":"B0042FZ95A","ProductIndex":152282}
{"itemId":"B000OUWDU6","ProductIndex":169358}
{"itemId":"B007X74J46","ProductIndex":120970}
{"itemId":"B00CPZLEK8","ProductIndex":66040}
{"itemId":"B00007G7NW","ProductIndex":140681}
{"itemId":"B00BAVJI9W","ProductIndex":161304}
{"itemId":"B003UGS7T2","ProductIndex":181081}
{"itemId":"B000GLYWB6","ProductIndex":161782}
{"itemId":"B004QD05QQ","ProductIndex":94097}
{"itemId":"B00FK8SAZE","ProductIndex":161333}
{"itemId":"B0069T97K0","ProductIndex":184502}
{"itemId":"B002W4Z3KY","ProductIndex":123353}
{"itemId":"B009DNMJ2M","ProductIndex":131969}
{"itemId":"B003UT0NXC","ProductIndex":172382}
{"itemId":"B00HXIYJ2M","ProductIndex":143208}
{"itemId":"B0073G9U96","ProductIndex":91198}
{"itemId":"B004S7EUDY","ProductIndex":205175}
{"itemId":"B000P6G7OW","ProductIndex":180040}
{"itemId":"B00HTQGVWY","ProductIndex":131294}
{"itemId":"B0007UPZVM","ProductIndex":203337}
{"itemId":"B007Z4C39K","ProductIndex":159745}
{"itemId":"B000OMGGOI","ProductIndex":110838}
{"itemId":"B0040MO5VY","ProductIndex":166888}
{"itemId":"B00AT7RG88","ProductIndex":198072}
{"itemId":"B0080E2FL0","ProductIndex":132871}
{"itemId":"B00128W4XA","ProductIndex":118389}
{"itemId":"B0018AUSBC","ProductIndex":115069}
{"itemId":"B000VCC2E4","ProductIndex":149620}
{"itemId":"B004UN975W","ProductIndex":206801}
{"itemId":"B005SY8Z3W","ProductIndex":148149}
{"itemId":"B00GZHHGJK","ProductIndex":188154}
{"itemId":"B00BXU6KBY","ProductIndex":168486}
{"itemId":"B00DOQRC7Q","ProductIndex":128333}
{"itemId":"B001NXDQA4","ProductIndex":152227}
{"itemId":"B0000296HA","ProductIndex":142502}
{"itemId":"B001FBKN46","ProductIndex":202114}
{"itemId":"B00003CYNH","ProductIndex":172234}
{"itemId":"B002EE63YW","ProductIndex":200516}
{"itemId":"B00ARA01U2","ProductIndex":195860}
{"itemId":"B007XOPQY6","ProductIndex":98052}
{"itemId":"B00CUOUHRK","ProductIndex":64217}
{"itemId":"B0002Z82PS","ProductIndex":203288}
{"itemId":"B0009HYIBQ","ProductIndex":198825}
{"itemId":"B009ECA7SK","ProductIndex":134030}
{"itemId":"B00FDQQIJS","ProductIndex":92922}
{"itemId":"B002N8A0P2","ProductIndex":121734}
{"itemId":"B00295RAWU","ProductIndex":141088}
{"itemId":"B00EOE9ZXG","ProductIndex":174649}
{"itemId":"B009DNLRE8","ProductIndex":136833}
{"itemId":"B0010CIY8C","ProductIndex":114060}
{"itemId":"B00G328HH2","ProductIndex":163978}
{"itemId":"B002TEYXVM","ProductIndex":189558}
{"itemId":"B005GUAHKC","ProductIndex":198260}
{"itemId":"B000FCNA3M","ProductIndex":196706}
{"itemId":"B008N20FAM","ProductIndex":110936}
{"itemId":"B002XITU58","ProductIndex":157265}
{"itemId":"B000M6VSVM","ProductIndex":99205}
{"itemId":"B007TDL9YW","ProductIndex":191435}
{"itemId":"B000TJY4ZO","ProductIndex":194135}
{"itemId":"B00AWGELM0","ProductIndex":194637}
{"itemId":"B005KSACCI","ProductIndex":176635}
{"itemId":"B00352LUEK","ProductIndex":141438}
{"itemId":"B00G0NX83C","ProductIndex":208257}
{"itemId":"B003TPBCO6","ProductIndex":116978}
{"itemId":"B00C934KAC","ProductIndex":198629}
{"itemId":"B00INY2ZH6","ProductIndex":184704}
{"itemId":"B001R4KBZM","ProductIndex":149305}
{"itemId":"B003SDDR7Y","ProductIndex":191040}
{"itemId":"B001UE6MAC","ProductIndex":77443}
{"itemId":"B001D3ZNWS","ProductIndex":165254}
{"itemId":"B00946TOHG","ProductIndex":156116}
{"itemId":"B000184QQ0","ProductIndex":124483}
{"itemId":"B00006JHXJ","ProductIndex":177349}
{"itemId":"B005G3WDHE","ProductIndex":119325}
{"itemId":"B008KDMI4K","ProductIndex":169961}
{"itemId":"B00004TEUF","ProductIndex":137059}
{"itemId":"B0002BG6UK","ProductIndex":130244}
{"itemId":"B009APKE70","ProductIndex":201601}
{"itemId":"B00755JURM","ProductIndex":122639}
{"itemId":"B009CD1DLG","ProductIndex":198890}
{"itemId":"B006MIR3BI","ProductIndex":206172}
{"itemId":"B000MLHMBM","ProductIndex":107806}
{"itemId":"B001BBZ4RG","ProductIndex":164590}
{"itemId":"B007QWIIO0","ProductIndex":181039}
{"itemId":"B00I1ZAP10","ProductIndex":185028}
{"itemId":"B0037LVT5Y","ProductIndex":157214}
{"itemId":"B00AM44WDU","ProductIndex":206204}
{"itemId":"B0062Z8PJ0","ProductIndex":143696}
{"itemId":"B009AR2L5Q","ProductIndex":181420}
{"itemId":"B00B5QLU4I","ProductIndex":202068}
{"itemId":"B0080USY6E","ProductIndex":176856}
{"itemId":"B00291X3K2","ProductIndex":164386}
{"itemId":"B000ESLEBC","ProductIndex":169034}
{"itemId":"B0017TVKM0","ProductIndex":197587}
{"itemId":"B00DI0JY60","ProductIndex":192893}
{"itemId":"B00ANQ9GYW","ProductIndex":196428}
{"itemId":"B000X2T8H6","ProductIndex":198276}
{"itemId":"B00009I32H","ProductIndex":191228}
{"itemId":"B004S2XWRE","ProductIndex":191782}
{"itemId":"B002W2F7NE","ProductIndex":164989}
{"itemId":"B0083X8FT4","ProductIndex":195023}
{"itemId":"B000WUE1T4","ProductIndex":120917}
{"itemId":"B001901HO8","ProductIndex":152110}
{"itemId":"B0048RPA2E","ProductIndex":143421}
{"itemId":"B0016J5TIM","ProductIndex":168762}
{"itemId":"B0002J28ZY","ProductIndex":204203}
{"itemId":"B00E7O62NO","ProductIndex":170240}
{"itemId":"B00JSN4O0W","ProductIndex":157149}
{"itemId":"B00BYLYV1S","ProductIndex":199907}
{"itemId":"B0094O648K","ProductIndex":189771}
{"itemId":"B005GM257S","ProductIndex":192584}
{"itemId":"B00B016TAS","ProductIndex":186916}
{"itemId":"B00GOCXA0A","ProductIndex":138552}
{"itemId":"B004RQ2TZM","ProductIndex":182352}
{"itemId":"B005UKMQH0","ProductIndex":183771}
{"itemId":"B009CEYA06","ProductIndex":185888}
{"itemId":"B000069F70","ProductIndex":207665}
{"itemId":"B004O3BIBY","ProductIndex":177974}
{"itemId":"B00A66XCOE","ProductIndex":155818}
{"itemId":"B00D3TSD0E","ProductIndex":189716}
{"itemId":"B001QTW9NK","ProductIndex":200789}
{"itemId":"B0076YACYC","ProductIndex":206169}
{"itemId":"B009EJA44K","ProductIndex":179784}
{"itemId":"B00009N8TC","ProductIndex":197558}
{"itemId":"B00H93CTVY","ProductIndex":204655}
{"itemId":"B00EJOTT64","ProductIndex":199176}
{"itemId":"B0065D8XC8","ProductIndex":195957}
{"itemId":"B000XA9BMA","ProductIndex":112824}
{"itemId":"B001PYX6HO","ProductIndex":185082}
{"itemId":"B006OSU5Z2","ProductIndex":197482}
{"itemId":"B002KMCM7A","ProductIndex":151872}
{"itemId":"B000VB5MVK","ProductIndex":182984}
{"itemId":"B00A28J0C4","ProductIndex":177957}
{"itemId":"B0092LBS04","ProductIndex":204856}
{"itemId":"B00BDROV4A","ProductIndex":159450}
{"itemId":"B00007E7UY","ProductIndex":196615}
{"itemId":"B00BB1Q67S","ProductIndex":181971}
{"itemId":"B00B5RAGEC","ProductIndex":189404}
{"itemId":"B005DKPTQM","ProductIndex":179905}
{"itemId":"B00HIE528Q","ProductIndex":152869}
{"itemId":"B00JGPRY8Q","ProductIndex":206181}
{"itemId":"B004HQQV4W","ProductIndex":207195}
{"itemId":"B0092U6DIC","ProductIndex":182464}
{"itemId":"B0021ZU1XI","ProductIndex":205051}
{"itemId":"B004H1V8AO","ProductIndex":184177}
{"itemId":"B001JTTVTW","ProductIndex":186943}
{"itemId":"B000PWCESY","ProductIndex":195453}
{"itemId":"B0036T6AE2","ProductIndex":176961}
{"itemId":"B00065WMCI","ProductIndex":198295}
{"itemId":"B0081J9OX6","ProductIndex":179171}
{"itemId":"B000U32IPM","ProductIndex":183720}
{"itemId":"B003X8J156","ProductIndex":179466}
