{"itemId":"B005JRH7W8","ProductIndex":90609}
{"itemId":"B003QP41EC","ProductIndex":13176}
{"itemId":"B00006IRRY","ProductIndex":16644}
{"itemId":"B000EMWD9U","ProductIndex":34628}
{"itemId":"B0046E3ZF8","ProductIndex":84693}
{"itemId":"B003VVH8Y6","ProductIndex":734}
{"itemId":"B0057OI448","ProductIndex":13227}
{"itemId":"B002HWRJBM","ProductIndex":103}
{"itemId":"B004GMAAJY","ProductIndex":17014}
{"itemId":"B005USRBVI","ProductIndex":854}
{"itemId":"B000RZDBM2","ProductIndex":1214}
{"itemId":"B004I8WHA6","ProductIndex":30165}
{"itemId":"B0006BKJFY","ProductIndex":50371}
{"itemId":"B008N7EJFO","ProductIndex":101382}
{"itemId":"B002VJJO3M","ProductIndex":19924}
{"itemId":"B0009VT9OS","ProductIndex":10580}
{"itemId":"B005BJUZOG","ProductIndex":7213}
{"itemId":"B00576APBQ","ProductIndex":22503}
{"itemId":"B001IZZ7MM","ProductIndex":64911}
{"itemId":"B001OC6DCW","ProductIndex":4714}
{"itemId":"B003PVCTWS","ProductIndex":25910}
{"itemId":"B001NKF0ZG","ProductIndex":9306}
{"itemId":"B003VYH1UE","ProductIndex":2204}
{"itemId":"B000243DNA","ProductIndex":10930}
{"itemId":"B003F2DA2A","ProductIndex":5519}
{"itemId":"B0002EDV4G","ProductIndex":71447}
{"itemId":"B009FUF6DM","ProductIndex":1975}
{"itemId":"B0038XNTWW","ProductIndex":20143}
{"itemId":"B002MAPSU8","ProductIndex":31160}
{"itemId":"B0007VWA8C","ProductIndex":35151}
{"itemId":"B00E4B5V6E","ProductIndex":5794}
{"itemId":"B006A2K458","ProductIndex":100100}
{"itemId":"B002RWJDAC","ProductIndex":13386}
{"itemId":"B007K7LVMC","ProductIndex":24274}
{"itemId":"B009FBIBKG","ProductIndex":1898}
{"itemId":"B001A4LVYY","ProductIndex":1634}
{"itemId":"B00585CLR2","ProductIndex":6087}
{"itemId":"B000I1X6PM","ProductIndex":2314}
{"itemId":"B004U5Y9LC","ProductIndex":40976}
{"itemId":"B004LEAYXY","ProductIndex":383}
{"itemId":"B001C473E4","ProductIndex":55166}
{"itemId":"B003O2RXAG","ProductIndex":126918}
{"itemId":"B00AE9FEN0","ProductIndex":74715}
{"itemId":"B005LI7DM4","ProductIndex":77592}
{"itemId":"B0009MFTTG","ProductIndex":40291}
{"itemId":"B0065KWUCK","ProductIndex":1713}
{"itemId":"B00331S5FK","ProductIndex":30450}
{"itemId":"B00GRJU2TW","ProductIndex":143403}
{"itemId":"B00D5QPVUK","ProductIndex":90187}
{"itemId":"B006X3EFQS","ProductIndex":86690}
{"itemId":"B003U7BFU4","ProductIndex":60634}
{"itemId":"B00E1OG9CY","ProductIndex":70460}
{"itemId":"B00AAMX5ZK","ProductIndex":127572}
{"itemId":"B00ADT6S0O","ProductIndex":135062}
{"itemId":"B007HE1AT2","ProductIndex":99442}
{"itemId":"B000EFBISE","ProductIndex":44903}
{"itemId":"B002IPHIDC","ProductIndex":12294}
{"itemId":"B0002ZLYYY","ProductIndex":7186}
{"itemId":"B00BFNJ2NW","ProductIndex":14672}
{"itemId":"B00022OBYW","ProductIndex":37689}
{"itemId":"B00394TBEK","ProductIndex":114467}
{"itemId":"B007GN0892","ProductIndex":43582}
{"itemId":"B000Q5X85I","ProductIndex":22016}
{"itemId":"B004HXAN4O","ProductIndex":13560}
{"itemId":"B004YHVNWO","ProductIndex":2477}
{"itemId":"B000JET9EA","ProductIndex":10655}
{"itemId":"B0046K062C","ProductIndex":21729}
{"itemId":"B00CCIKJT0","ProductIndex":144100}
{"itemId":"B004CCS266","ProductIndex":3570}
{"itemId":"B00829TIA4","ProductIndex":435}
{"itemId":"B000QFIS12","ProductIndex":13012}
{"itemId":"B001RNOHDU","ProductIndex":2565}
{"itemId":"B00DCZWIY6","ProductIndex":102053}
{"itemId":"B00D19DOLY","ProductIndex":122626}
{"itemId":"B000CRW2DE","ProductIndex":72107}
{"itemId":"B004X28I0A","ProductIndex":1763}
{"itemId":"B003HFCDLY","ProductIndex":218}
{"itemId":"B001TK3D4A","ProductIndex":1838}
{"itemId":"B0001BW0TC","ProductIndex":45171}
{"itemId":"B000EVS4YE","ProductIndex":8480}
{"itemId":"B0030ZERIS","ProductIndex":43048}
{"itemId":"B0092CU7PK","ProductIndex":57411}
{"itemId":"B00213KDPQ","ProductIndex":103305}
{"itemId":"B00580IBVW","ProductIndex":104133}
{"itemId":"B0073HSIY8","ProductIndex":3396}
{"itemId":"B001RBXV20","ProductIndex":3332}
{"itemId":"B0087B6SV4","ProductIndex":15959}
{"itemId":"B003TMGF7S","ProductIndex":37833}
{"itemId":"B00153WWRK","ProductIndex":15665}
{"itemId":"B001IRWRAU","ProductIndex":196607}
{"itemId":"B001XCWLPG","ProductIndex":74156}
{"itemId":"B00DRML5LG","ProductIndex":143602}
{"itemId":"B000JVCPEY","ProductIndex":6981}
{"itemId":"B0091QLXW8","ProductIndex":7469}
{"itemId":"B000H674II","ProductIndex":57720}
{"itemId":"B006SDY8ZQ","ProductIndex":123599}
{"itemId":"B0088RJ9HM","ProductIndex":15473}
{"itemId":"B0058FAYP8","ProductIndex":29756}
{"itemId":"B000816XK2","ProductIndex":60371}
{"itemId":"B00004VXO0","ProductIndex":48485}
{"itemId":"B000GA7048","ProductIndex":10494}
{"itemId":"B004H8FTOI","ProductIndex":21497}
{"itemId":"B00255GURK","ProductIndex":54674}
{"itemId":"B003EYV0PI","ProductIndex":137063}
{"itemId":"B0001G6U6Q","ProductIndex":26810}
{"itemId":"B00022TN36","ProductIndex":52211}
{"itemId":"B000Q5TNWU","ProductIndex":44434}
{"itemId":"B005K2YOQO","ProductIndex":51626}
{"itemId":"B002XVYZ82","ProductIndex":2784}
{"itemId":"B0002ZAEYA","ProductIndex":24405}
{"itemId":"B006LPRXJE","ProductIndex":17621}
{"itemId":"B003726322","ProductIndex":133433}
{"itemId":"B0051DRODW","ProductIndex":13823}
{"itemId":"B007PXV2K2","ProductIndex":8843}
{"itemId":"B00J4O573S","ProductIndex":31501}
{"itemId":"B003HGCSIG","ProductIndex":67299}
{"itemId":"B005GP7WKU","ProductIndex":26678}
{"itemId":"B00B5448H6","ProductIndex":47252}
{"itemId":"B008UUPUPM","ProductIndex":26580}
{"itemId":"B00492BTMI","ProductIndex":60045}
{"itemId":"B008LHBCQA","ProductIndex":49944}
{"itemId":"B000P17188","ProductIndex":13037}
{"itemId":"B0017T7PGK","ProductIndex":38027}
{"itemId":"B0031LX6F6","ProductIndex":24831}
{"itemId":"B004S044R8","ProductIndex":13380}
{"itemId":"B001VIG9QY","ProductIndex":93048}
{"itemId":"B0015AAB8U","ProductIndex":46630}
{"itemId":"B0002JUHS4","ProductIndex":11514}
{"itemId":"B00A1R7IRU","ProductIndex":58841}
{"itemId":"B001U7UNLS","ProductIndex":107679}
{"itemId":"B0012Y6VQA","ProductIndex":19688}
{"itemId":"B005ODJ1K8","ProductIndex":124965}
{"itemId":"B001E4PZPQ","ProductIndex":145333}
{"itemId":"B006YWCQLO","ProductIndex":16433}
{"itemId":"B001586N5M","ProductIndex":68119}
{"itemId":"B002821ESA","ProductIndex":46559}
{"itemId":"B000WGQ1PU","ProductIndex":40024}
{"itemId":"B009OMYHJU","ProductIndex":10498}
{"itemId":"B009K62HQ0","ProductIndex":1864}
{"itemId":"B001AVSB7M","ProductIndex":43981}
{"itemId":"B000IMWI00","ProductIndex":47875}
{"itemId":"B00009V3IZ","ProductIndex":108583}
{"itemId":"B001RNNWZY","ProductIndex":78075}
{"itemId":"B007B5QQ96","ProductIndex":12427}
{"itemId":"B007JGB6TW","ProductIndex":6809}
{"itemId":"B001XY69FM","ProductIndex":55275}
{"itemId":"B001U3YK52","ProductIndex":13499}
{"itemId":"B000BJUJSS","ProductIndex":15901}
{"itemId":"B00FZWZYWM","ProductIndex":2304}
{"itemId":"B004WLFDUA","ProductIndex":175056}
{"itemId":"B0033PRQE2","ProductIndex":15215}
{"itemId":"B0043538VG","ProductIndex":9651}
{"itemId":"B00GSA20GS","ProductIndex":134809}
{"itemId":"B001KW07J6","ProductIndex":48291}
{"itemId":"B00AEG2JWW","ProductIndex":159163}
{"itemId":"B000M80GP4","ProductIndex":140851}
{"itemId":"B005DDCDH2","ProductIndex":10594}
{"itemId":"B00004Z6M7","ProductIndex":20185}
{"itemId":"B004J6QIO8","ProductIndex":55927}
{"itemId":"B00BHHBV5I","ProductIndex":22088}
{"itemId":"B0080E2RSG","ProductIndex":28271}
{"itemId":"B000X7YTLG","ProductIndex":56174}
{"itemId":"B00I3JXZZ2","ProductIndex":68857}
{"itemId":"B00A4B6K5Y","ProductIndex":154109}
{"itemId":"B0081JIZ1S","ProductIndex":194038}
{"itemId":"B00E81HE1K","ProductIndex":192131}
{"itemId":"B004L3JPX0","ProductIndex":17428}
{"itemId":"B003GSLE58","ProductIndex":43523}
{"itemId":"B00BGKE8Z6","ProductIndex":16543}
{"itemId":"B005E2K8K6","ProductIndex":18384}
{"itemId":"B00000J4MW","ProductIndex":145678}
{"itemId":"B001VL572I","ProductIndex":10525}
{"itemId":"B005EMJNUM","ProductIndex":65519}
{"itemId":"B000F36HR2","ProductIndex":52067}
{"itemId":"B0049MR7UG","ProductIndex":100031}
{"itemId":"B001LYSX12","ProductIndex":24582}
{"itemId":"B00BSEZ4Q2","ProductIndex":12388}
{"itemId":"B001764QQU","ProductIndex":19516}
{"itemId":"B005XY6IVI","ProductIndex":72606}
{"itemId":"B007R0WOK0","ProductIndex":79125}
{"itemId":"B0012NBMZ6","ProductIndex":154080}
{"itemId":"B00171MWUM","ProductIndex":59386}
{"itemId":"B0038YGQTO","ProductIndex":14060}
{"itemId":"B007B5POVC","ProductIndex":3287}
{"itemId":"B001BJNYIE","ProductIndex":98574}
{"itemId":"B00B7PG934","ProductIndex":47594}
{"itemId":"B006XGCQ3E","ProductIndex":41947}
{"itemId":"B002OEBTCS","ProductIndex":25125}
{"itemId":"B009A4B9PC","ProductIndex":49168}
{"itemId":"B0058FQ1NC","ProductIndex":33678}
{"itemId":"B00A9I12VE","ProductIndex":112815}
{"itemId":"B001FKDX3A","ProductIndex":132983}
{"itemId":"B000OYFPC0","ProductIndex":11181}
{"itemId":"B0039825RG","ProductIndex":46632}
{"itemId":"B004VD34P0","ProductIndex":43686}
{"itemId":"B003ZDNXZI","ProductIndex":28792}
{"itemId":"B00H2OFPPM","ProductIndex":95898}
{"itemId":"B002POBS46","ProductIndex":17380}
{"itemId":"B0000DK3KP","ProductIndex":79922}
{"itemId":"B005LF5RIO","ProductIndex":38963}
{"itemId":"B000UL6KF8","ProductIndex":27800}
{"itemId":"B0001VWHT0","ProductIndex":23986}
{"itemId":"B0055D0XKY","ProductIndex":30351}
{"itemId":"B003Z6QGV8","ProductIndex":174186}
{"itemId":"B00557XJ7O","ProductIndex":102994}
{"itemId":"B0030B0XTO","ProductIndex":157040}
{"itemId":"B001BP42GG","ProductIndex":7799}
{"itemId":"B003TXZCYE","ProductIndex":90120}
{"itemId":"B005WQZ2NC","ProductIndex":50301}
{"itemId":"B005Q6QUV6","ProductIndex":59705}
{"itemId":"B0044XIQIW","ProductIndex":29291}
{"itemId":"B004U7HIKY","ProductIndex":101536}
{"itemId":"B001DQL66M","ProductIndex":11262}
{"itemId":"B000IXUPM2","ProductIndex":61034}
{"itemId":"B004MKNBSW","ProductIndex":35716}
{"itemId":"B004TNKH7K","ProductIndex":69296}
{"itemId":"B000FYZARY","ProductIndex":13229}
{"itemId":"B000Q74102","ProductIndex":6331}
{"itemId":"B000NBOAJI","ProductIndex":48957}
{"itemId":"B003UYLVRE","ProductIndex":90135}
{"itemId":"B001R29JXE","ProductIndex":92202}
{"itemId":"B004D5EYG4","ProductIndex":16378}
{"itemId":"B0011GI94Q","ProductIndex":14643}
{"itemId":"B004PJPMBO","ProductIndex":17080}
{"itemId":"B0031PXPL2","ProductIndex":59848}
{"itemId":"B00077IPC6","ProductIndex":70787}
{"itemId":"B00009XVCD","ProductIndex":65586}
{"itemId":"B002DGTGQ8","ProductIndex":31656}
{"itemId":"B00935K7OC","ProductIndex":81867}
{"itemId":"B00006JPF0","ProductIndex":37943}
{"itemId":"B000KOGHPS","ProductIndex":87615}
{"itemId":"B00FFREMMA","ProductIndex":163060}
{"itemId":"B00B5FOGFY","ProductIndex":33287}
{"itemId":"B00BQOX15A","ProductIndex":90980}
{"itemId":"B002Y12178","ProductIndex":140528}
{"itemId":"B0000633EO","ProductIndex":13907}
{"itemId":"B001T9N0US","ProductIndex":115234}
{"itemId":"B006ZCFVY2","ProductIndex":41699}
{"itemId":"B003ETHNA4","ProductIndex":23761}
{"itemId":"B000BKIIBM","ProductIndex":80607}
{"itemId":"B003G2Z01S","ProductIndex":133554}
{"itemId":"B0035YKLFM","ProductIndex":26966}
{"itemId":"B008I71HXQ","ProductIndex":113263}
{"itemId":"B0096PD2VY","ProductIndex":60863}
{"itemId":"B007SIC6TA","ProductIndex":90997}
{"itemId":"B002F9NSLW","ProductIndex":89878}
{"itemId":"B00022TN86","ProductIndex":17013}
{"itemId":"B007R55DK8","ProductIndex":71665}
{"itemId":"B00CUOAV2Q","ProductIndex":20881}
{"itemId":"B000UD66BO","ProductIndex":34004}
{"itemId":"B000OH75MA","ProductIndex":46884}
{"itemId":"B0044DED20","ProductIndex":21057}
{"itemId":"B006PU8236","ProductIndex":101224}
{"itemId":"B007PZWWYK","ProductIndex":44559}
{"itemId":"B004MLZW9W","ProductIndex":152017}
{"itemId":"B00BZC070A","ProductIndex":79633}
{"itemId":"B0045TIUAE","ProductIndex":59799}
{"itemId":"B002XQTURS","ProductIndex":107153}
{"itemId":"B00004T1MB","ProductIndex":106374}
{"itemId":"B006S3O3MO","ProductIndex":44878}
{"itemId":"B001WYI8VG","ProductIndex":36484}
{"itemId":"B001709QFW","ProductIndex":45840}
{"itemId":"B007TEH0JE","ProductIndex":33355}
{"itemId":"B002ROHY4W","ProductIndex":180763}
{"itemId":"B009DV7TK6","ProductIndex":111378}
{"itemId":"B00008W9PW","ProductIndex":51665}
{"itemId":"B006FEFDKM","ProductIndex":80416}
{"itemId":"B009SKPVO8","ProductIndex":11435}
{"itemId":"B002OEBNKQ","ProductIndex":38765}
{"itemId":"B003B47C76","ProductIndex":37791}
{"itemId":"B0010CGK42","ProductIndex":168299}
{"itemId":"B0002Q85UO","ProductIndex":42706}
{"itemId":"B0033UQM6K","ProductIndex":29943}
{"itemId":"B007N5YOR0","ProductIndex":74224}
{"itemId":"B00ATYHGC2","ProductIndex":182393}
{"itemId":"B000VTQ0Z4","ProductIndex":28644}
{"itemId":"B000V1IFR8","ProductIndex":11032}
{"itemId":"B000M73ERC","ProductIndex":50855}
{"itemId":"B009XN993O","ProductIndex":25991}
{"itemId":"B0071XR0C0","ProductIndex":110756}
{"itemId":"B000PTIX50","ProductIndex":58152}
{"itemId":"B004HR7KQO","ProductIndex":80909}
{"itemId":"B0045JMPMI","ProductIndex":107143}
{"itemId":"B00081PSIA","ProductIndex":99918}
{"itemId":"B002L329SA","ProductIndex":46155}
{"itemId":"B00400OS86","ProductIndex":111043}
{"itemId":"B009XBPYR6","ProductIndex":51132}
{"itemId":"B005112A2E","ProductIndex":127038}
{"itemId":"B00GDDV40I","ProductIndex":20018}
{"itemId":"B0001CJF44","ProductIndex":101308}
{"itemId":"B001AWET90","ProductIndex":48667}
{"itemId":"B000ZOCO8C","ProductIndex":22972}
{"itemId":"B000ROE0SW","ProductIndex":70448}
{"itemId":"B00BZP5EPU","ProductIndex":198223}
{"itemId":"B00005UEA6","ProductIndex":37339}
{"itemId":"B00BPRM4W4","ProductIndex":112172}
{"itemId":"B001P81820","ProductIndex":60853}
{"itemId":"B009JU18TY","ProductIndex":73971}
{"itemId":"B0000DYV9N","ProductIndex":91977}
{"itemId":"B003XSMAGS","ProductIndex":43149}
{"itemId":"B003W1SGW8","ProductIndex":124055}
{"itemId":"B000WINAGG","ProductIndex":52265}
{"itemId":"B000SE2SEE","ProductIndex":64083}
{"itemId":"B005J7Y9B0","ProductIndex":46256}
{"itemId":"B002PIRE2M","ProductIndex":91882}
{"itemId":"B000BKP7ZW","ProductIndex":37929}
{"itemId":"B0055PV4MI","ProductIndex":147522}
{"itemId":"B008BFGD2A","ProductIndex":114112}
{"itemId":"B00C1XQ0LC","ProductIndex":89856}
{"itemId":"B0035WTVQE","ProductIndex":26438}
{"itemId":"B000EGOEBG","ProductIndex":8618}
{"itemId":"B00I3PNK5Q","ProductIndex":135365}
{"itemId":"B001DKB618","ProductIndex":93951}
{"itemId":"B00GQTQJZ4","ProductIndex":73571}
{"itemId":"B002OGROSY","ProductIndex":123608}
{"itemId":"B00G9TITO0","ProductIndex":42932}
{"itemId":"B001KW22Z8","ProductIndex":62634}
{"itemId":"B000EKE5XO","ProductIndex":156987}
{"itemId":"B002VKRCOO","ProductIndex":102463}
{"itemId":"B0051SNM74","ProductIndex":120252}
{"itemId":"B009S3J69G","ProductIndex":202346}
{"itemId":"B008BUWIG0","ProductIndex":147619}
{"itemId":"B00A8F43FA","ProductIndex":14884}
{"itemId":"B002HWRKUM","ProductIndex":58976}
{"itemId":"B002RRSCDG","ProductIndex":183977}
{"itemId":"B001JYTIEU","ProductIndex":52978}
{"itemId":"B00GQS290Y","ProductIndex":22401}
{"itemId":"B004W2UHCI","ProductIndex":64030}
{"itemId":"B0013CHSVI","ProductIndex":130363}
{"itemId":"B000M4F9GO","ProductIndex":26956}
{"itemId":"B0007M3PJO","ProductIndex":29330}
{"itemId":"B000UF95KQ","ProductIndex":148823}
{"itemId":"B00GWQSTOK","ProductIndex":85234}
{"itemId":"B00009R6PV","ProductIndex":50829}
{"itemId":"B002TT0KUU","ProductIndex":150930}
{"itemId":"B000N5PYQM","ProductIndex":13238}
{"itemId":"B009X6KENU","ProductIndex":126806}
{"itemId":"B004M5BT5Y","ProductIndex":98940}
{"itemId":"B00127Y3SA","ProductIndex":16908}
{"itemId":"B001OCDHW6","ProductIndex":18246}
{"itemId":"B004T8ZIV0","ProductIndex":65157}
{"itemId":"B006BFRXS0","ProductIndex":63705}
{"itemId":"B0041VPPG8","ProductIndex":199196}
{"itemId":"B001GUSCFS","ProductIndex":71948}
{"itemId":"B001B98F3I","ProductIndex":112001}
{"itemId":"B0040DO4UA","ProductIndex":42133}
{"itemId":"B004VQN6LE","ProductIndex":45132}
{"itemId":"B009A1Z42Y","ProductIndex":134078}
{"itemId":"B0006J5AAU","ProductIndex":40489}
{"itemId":"B00068LZKK","ProductIndex":97484}
{"itemId":"B000LU8N1C","ProductIndex":112356}
{"itemId":"B006JX3G08","ProductIndex":86308}
{"itemId":"B0098OXMFO","ProductIndex":11554}
{"itemId":"B000FBNXH6","ProductIndex":68281}
{"itemId":"B00BD0N2LA","ProductIndex":90399}
{"itemId":"B0070S17IO","ProductIndex":140482}
{"itemId":"B004W82TUA","ProductIndex":72360}
{"itemId":"B003CIHOOM","ProductIndex":66149}
{"itemId":"B0007UOFJU","ProductIndex":135267}
{"itemId":"B000EZKAHY","ProductIndex":24913}
{"itemId":"B0053EVW1Y","ProductIndex":62082}
{"itemId":"B007R5YFS4","ProductIndex":172983}
{"itemId":"B0047CQ1PU","ProductIndex":54141}
{"itemId":"B004X0C2H2","ProductIndex":52058}
{"itemId":"B00EC19MPM","ProductIndex":189459}
{"itemId":"B000JEWBVS","ProductIndex":94042}
{"itemId":"B000FVQVQQ","ProductIndex":150444}
{"itemId":"B001G0MPBK","ProductIndex":15869}
{"itemId":"B008M393DW","ProductIndex":60475}
{"itemId":"B008BMRFE8","ProductIndex":132214}
{"itemId":"B001MBYQGU","ProductIndex":167815}
{"itemId":"B000GWE83C","ProductIndex":151405}
{"itemId":"B00F9VPH3U","ProductIndex":181621}
{"itemId":"B007DC6OC6","ProductIndex":146292}
{"itemId":"B000BJ1TUA","ProductIndex":101677}
{"itemId":"B0011E67AQ","ProductIndex":92847}
{"itemId":"B000EMRE3K","ProductIndex":151175}
{"itemId":"B00C0Q53EA","ProductIndex":122691}
{"itemId":"B000FJ4IDG","ProductIndex":65066}
{"itemId":"B005X0R17C","ProductIndex":131112}
{"itemId":"B0002ARKRE","ProductIndex":53467}
{"itemId":"B000EYBJP2","ProductIndex":106973}
{"itemId":"B001QA4TQO","ProductIndex":86827}
{"itemId":"B003ODTRG8","ProductIndex":31761}
{"itemId":"B000292DNG","ProductIndex":148608}
{"itemId":"B00D69747O","ProductIndex":12284}
{"itemId":"B007EEDVF6","ProductIndex":73276}
{"itemId":"B0001MHYKQ","ProductIndex":110047}
{"itemId":"B002TLD7H6","ProductIndex":29461}
{"itemId":"B000IOP8YQ","ProductIndex":104398}
{"itemId":"B0017HIH6O","ProductIndex":59235}
{"itemId":"B006K3POUW","ProductIndex":77742}
{"itemId":"B0012N21NI","ProductIndex":103806}
{"itemId":"B008KYXQ0O","ProductIndex":50836}
{"itemId":"B006ZBXMX0","ProductIndex":112043}
{"itemId":"B008FF8AW2","ProductIndex":48728}
{"itemId":"B001BP7WMM","ProductIndex":125809}
{"itemId":"B001IOPIRW","ProductIndex":10026}
{"itemId":"B00ATFR20C","ProductIndex":81861}
{"itemId":"B005F5HTMC","ProductIndex":111729}
{"itemId":"B000EVSXM2","ProductIndex":62887}
{"itemId":"B00870MV7K","ProductIndex":202689}
{"itemId":"B00BG5BT1C","ProductIndex":68350}
{"itemId":"B000E7GDVY","ProductIndex":70894}
{"itemId":"B006U2RO7Y","ProductIndex":114071}
{"itemId":"B004VYAVIM","ProductIndex":156847}
{"itemId":"B0002HTK7A","ProductIndex":53075}
{"itemId":"B0047DTJ30","ProductIndex":159053}
{"itemId":"B0001E5UDM","ProductIndex":52318}
{"itemId":"B000FBF38I","ProductIndex":38138}
{"itemId":"B006ADJV06","ProductIndex":83864}
{"itemId":"B000EMUGGW","ProductIndex":83738}
{"itemId":"B007GG6VHW","ProductIndex":113896}
{"itemId":"B000P01JGO","ProductIndex":154349}
{"itemId":"B000JC1SPA","ProductIndex":168769}
{"itemId":"B007O16UCK","ProductIndex":92071}
{"itemId":"B00006LEJ2","ProductIndex":127212}
{"itemId":"B000X4PJG8","ProductIndex":32776}
{"itemId":"B000MCKAHE","ProductIndex":52695}
{"itemId":"B005G121FK","ProductIndex":98775}
{"itemId":"B000XBBK4G","ProductIndex":69662}
{"itemId":"B000S1CEQ4","ProductIndex":18191}
{"itemId":"B00BREOP8Q","ProductIndex":45144}
{"itemId":"B0014FPNBQ","ProductIndex":60410}
{"itemId":"B005JR4TQA","ProductIndex":47889}
{"itemId":"B000YQ48VM","ProductIndex":77871}
{"itemId":"B00000J3OK","ProductIndex":152611}
{"itemId":"B008D5BLOS","ProductIndex":90717}
{"itemId":"B00604YSNU","ProductIndex":37652}
{"itemId":"B008A8851U","ProductIndex":51750}
{"itemId":"B001CC237S","ProductIndex":116110}
{"itemId":"B003TY9Q0O","ProductIndex":91368}
{"itemId":"B0007KQWDM","ProductIndex":21801}
{"itemId":"B0051VEU0Y","ProductIndex":170840}
{"itemId":"B00005LEOB","ProductIndex":81605}
{"itemId":"B005EPMLDA","ProductIndex":59736}
{"itemId":"B005KO66D6","ProductIndex":121521}
{"itemId":"B00JGOE9X0","ProductIndex":203185}
{"itemId":"B002CSUZGC","ProductIndex":38612}
{"itemId":"B00083CZD4","ProductIndex":41664}
{"itemId":"B000088USX","ProductIndex":46113}
{"itemId":"B000OYLCNQ","ProductIndex":104439}
{"itemId":"B00C190VV6","ProductIndex":131349}
{"itemId":"B00E8A7SA8","ProductIndex":160266}
{"itemId":"B000FNH1MC","ProductIndex":38391}
{"itemId":"B003T4IGJ6","ProductIndex":30838}
{"itemId":"B003XKCHN2","ProductIndex":195927}
{"itemId":"B0015EA3P2","ProductIndex":31718}
{"itemId":"B00EHW8DZQ","ProductIndex":96517}
{"itemId":"B004HAQBFM","ProductIndex":200885}
{"itemId":"B0037LC9IU","ProductIndex":32592}
{"itemId":"B00006I54D","ProductIndex":163257}
{"itemId":"B001FB5TZ4","ProductIndex":29249}
{"itemId":"B0064SZ5U2","ProductIndex":63921}
{"itemId":"B0002YBXOQ","ProductIndex":127387}
{"itemId":"B004AM6SQE","ProductIndex":60224}
{"itemId":"B002JN552E","ProductIndex":42355}
{"itemId":"B0085OHWTA","ProductIndex":175186}
{"itemId":"B00140VSD8","ProductIndex":182434}
{"itemId":"B00506B7DS","ProductIndex":138170}
{"itemId":"B002SWA530","ProductIndex":126705}
{"itemId":"B002PS00UA","ProductIndex":169857}
{"itemId":"B00DY880XO","ProductIndex":69044}
{"itemId":"B004JXU3PG","ProductIndex":51862}
{"itemId":"B0041C6WM8","ProductIndex":93534}
{"itemId":"B00DLDOVGC","ProductIndex":145677}
{"itemId":"B003BYRPR8","ProductIndex":144820}
{"itemId":"B004TGHI9W","ProductIndex":26865}
{"itemId":"B008RYLCFS","ProductIndex":158409}
{"itemId":"B008YBA59I","ProductIndex":150506}
{"itemId":"B000HDONVC","ProductIndex":76032}
{"itemId":"B001MQ88ZK","ProductIndex":63164}
{"itemId":"B000246SRS","ProductIndex":183021}
{"itemId":"B001SW2Y1M","ProductIndex":69798}
{"itemId":"B00BMVRNHE","ProductIndex":45817}
{"itemId":"B000PKSU34","ProductIndex":161028}
{"itemId":"B001PHGLDC","ProductIndex":89189}
{"itemId":"B002DWSEHY","ProductIndex":90186}
{"itemId":"B007X5MT18","ProductIndex":109814}
{"itemId":"B000WQ3UIQ","ProductIndex":50505}
{"itemId":"B004SOT9GU","ProductIndex":32883}
{"itemId":"B003M8XBGC","ProductIndex":93962}
{"itemId":"B00005JGEY","ProductIndex":173940}
{"itemId":"B00C53D2CI","ProductIndex":107848}
{"itemId":"B00E36Y382","ProductIndex":67612}
{"itemId":"B001IC433Y","ProductIndex":43060}
{"itemId":"B0098FKHPQ","ProductIndex":31243}
{"itemId":"B008VOP9OE","ProductIndex":160185}
{"itemId":"B000HQ3IC4","ProductIndex":103700}
{"itemId":"B002YX1M3U","ProductIndex":117831}
{"itemId":"B0055PFE3I","ProductIndex":133921}
{"itemId":"B0054G61BC","ProductIndex":198038}
{"itemId":"B00AY4TLVG","ProductIndex":163871}
{"itemId":"B005C2RG44","ProductIndex":74856}
{"itemId":"B0002ZL1KG","ProductIndex":174587}
{"itemId":"B002SS0O94","ProductIndex":107872}
{"itemId":"B000S5FKCA","ProductIndex":151786}
{"itemId":"B002QEBGQA","ProductIndex":107100}
{"itemId":"B000Z3S67Q","ProductIndex":52761}
{"itemId":"B00531E0K2","ProductIndex":52037}
{"itemId":"B007C1KPQY","ProductIndex":47087}
{"itemId":"B004J6658W","ProductIndex":172119}
{"itemId":"B000AR8Q6S","ProductIndex":137686}
{"itemId":"B001DTWW62","ProductIndex":141272}
{"itemId":"B00JCTQ3RE","ProductIndex":118206}
{"itemId":"B00GXSOP2W","ProductIndex":158579}
{"itemId":"B001R0MO3S","ProductIndex":106854}
{"itemId":"B000LXZKRE","ProductIndex":34309}
{"itemId":"B004HET268","ProductIndex":206275}
{"itemId":"B001P804A2","ProductIndex":81266}
{"itemId":"B004EFK6LK","ProductIndex":57636}
{"itemId":"B00450CTUU","ProductIndex":94493}
{"itemId":"B00DPK5XSG","ProductIndex":73004}
{"itemId":"B0000DF2QB","ProductIndex":79336}
{"itemId":"B004MYFGQS","ProductIndex":144455}
{"itemId":"B000G2AYX0","ProductIndex":69636}
{"itemId":"B009DAP7IS","ProductIndex":45528}
{"itemId":"B00HVKOPBW","ProductIndex":136969}
{"itemId":"B00008NNY0","ProductIndex":81512}
{"itemId":"B000FSF90S","ProductIndex":124880}
{"itemId":"B000FKMGC0","ProductIndex":94780}
{"itemId":"B00GB979P8","ProductIndex":204200}
{"itemId":"B0007N72WY","ProductIndex":35846}
{"itemId":"B00AQ5KFUE","ProductIndex":185411}
{"itemId":"B00004THD4","ProductIndex":66702}
{"itemId":"B007B5QVTG","ProductIndex":42749}
{"itemId":"B00396207S","ProductIndex":201777}
{"itemId":"B0009STJKA","ProductIndex":118428}
{"itemId":"B00322QF4I","ProductIndex":91436}
{"itemId":"B0006VHVA0","ProductIndex":193169}
{"itemId":"B00AQOC5GM","ProductIndex":154718}
{"itemId":"B006P53BK0","ProductIndex":125612}
{"itemId":"B0037W6BOC","ProductIndex":106946}
{"itemId":"B003HMNDPW","ProductIndex":186819}
{"itemId":"B00CYS5P1K","ProductIndex":118870}
{"itemId":"B006LP2YO8","ProductIndex":193971}
{"itemId":"B003AKM12M","ProductIndex":166605}
{"itemId":"B002SB8RPE","ProductIndex":44008}
{"itemId":"B0048F24CA","ProductIndex":74448}
{"itemId":"B002QUZHVY","ProductIndex":39326}
{"itemId":"B005CTK2Z2","ProductIndex":46769}
{"itemId":"B001IG6W70","ProductIndex":87336}
{"itemId":"B003EENZ9W","ProductIndex":98090}
{"itemId":"B0024CV3SU","ProductIndex":53168}
{"itemId":"B003OF0UR6","ProductIndex":50935}
{"itemId":"B0068VQBI0","ProductIndex":57389}
{"itemId":"B002TZOAXM","ProductIndex":188183}
{"itemId":"B00ADU2J74","ProductIndex":119264}
{"itemId":"B000HDONWG","ProductIndex":112760}
{"itemId":"B00D7J10T6","ProductIndex":113513}
{"itemId":"B0049MV0YA","ProductIndex":85603}
{"itemId":"B00686LXFQ","ProductIndex":185680}
{"itemId":"B0041E0LH8","ProductIndex":146496}
{"itemId":"B000UY6DPW","ProductIndex":139271}
{"itemId":"B0045JK8OK","ProductIndex":79734}
{"itemId":"B00205J70W","ProductIndex":179643}
{"itemId":"B00023TEWU","ProductIndex":74791}
{"itemId":"B005EDNAPU","ProductIndex":79885}
{"itemId":"B0080DTIJ8","ProductIndex":40233}
{"itemId":"B004GZRCO2","ProductIndex":183127}
{"itemId":"B000EN44P0","ProductIndex":95593}
{"itemId":"B001AI3IF0","ProductIndex":108475}
{"itemId":"B008TVC3WU","ProductIndex":171309}
{"itemId":"B005GM5KDO","ProductIndex":107753}
{"itemId":"B0019QPBUS","ProductIndex":39315}
{"itemId":"B000X9D7B2","ProductIndex":103590}
{"itemId":"B005Z4470A","ProductIndex":122321}
{"itemId":"B006C2H8VO","ProductIndex":126410}
{"itemId":"B005DZJWVU","ProductIndex":125523}
{"itemId":"B001B92UBQ","ProductIndex":101891}
{"itemId":"B00007089N","ProductIndex":171168}
{"itemId":"B003Q60P5K","ProductIndex":64018}
{"itemId":"B00A771ZR8","ProductIndex":35648}
{"itemId":"B00KQ4LNJC","ProductIndex":206915}
{"itemId":"B00GY3Z2D2","ProductIndex":155575}
{"itemId":"B00427RL4K","ProductIndex":141491}
{"itemId":"B004LB4A6Y","ProductIndex":186069}
{"itemId":"B004AHPQPS","ProductIndex":62739}
{"itemId":"B000RP3SL6","ProductIndex":119590}
{"itemId":"B0042GVG5G","ProductIndex":44815}
{"itemId":"B005SNN1WS","ProductIndex":149344}
{"itemId":"B002KMIZP8","ProductIndex":86813}
{"itemId":"B0083MQA1A","ProductIndex":180173}
{"itemId":"B005LU2YZS","ProductIndex":154715}
{"itemId":"B00IFEC88U","ProductIndex":102563}
{"itemId":"B001V7GHYO","ProductIndex":137286}
{"itemId":"B00001RMDF","ProductIndex":112854}
{"itemId":"B004SHEU3O","ProductIndex":162901}
{"itemId":"B0002J1IFA","ProductIndex":95216}
{"itemId":"B004HWV8Y4","ProductIndex":104204}
{"itemId":"B0075728M4","ProductIndex":150932}
{"itemId":"B00CB7LXMO","ProductIndex":149416}
{"itemId":"B006WFV8YY","ProductIndex":88209}
{"itemId":"B007SX18LW","ProductIndex":66684}
{"itemId":"B0002ZPF3U","ProductIndex":74441}
{"itemId":"B00BVE6XP0","ProductIndex":178003}
{"itemId":"B0057XBZY0","ProductIndex":61464}
{"itemId":"B0066H7H1Q","ProductIndex":100885}
{"itemId":"B003BYQLZK","ProductIndex":96576}
{"itemId":"B00287HXIA","ProductIndex":57461}
{"itemId":"B000G1JWMA","ProductIndex":87845}
{"itemId":"B004W75ATI","ProductIndex":58057}
{"itemId":"B003T0NBXQ","ProductIndex":105223}
{"itemId":"B001PKUUHC","ProductIndex":111122}
{"itemId":"B002J290FI","ProductIndex":104207}
{"itemId":"B003IAOPNC","ProductIndex":132345}
{"itemId":"B005J28MWC","ProductIndex":128417}
{"itemId":"B00HWFTIAO","ProductIndex":63344}
{"itemId":"B006QN4G6E","ProductIndex":80652}
{"itemId":"B0088TL51S","ProductIndex":162434}
{"itemId":"B002NP88TA","ProductIndex":82495}
{"itemId":"B007HDK8LO","ProductIndex":160320}
{"itemId":"B0058V05LA","ProductIndex":97509}
{"itemId":"B001EBRT4O","ProductIndex":122460}
{"itemId":"B00DEQK9VC","ProductIndex":52071}
{"itemId":"B002RIJXKG","ProductIndex":102220}
{"itemId":"B001Z0A2FW","ProductIndex":64139}
{"itemId":"B005O2XO0M","ProductIndex":156901}
{"itemId":"B00A7GN1DA","ProductIndex":79784}
{"itemId":"B0062VCL80","ProductIndex":104196}
{"itemId":"B00ERD2QEO","ProductIndex":86465}
{"itemId":"B004U29BNQ","ProductIndex":175072}
{"itemId":"B004NBY51W","ProductIndex":111430}
{"itemId":"B0074WP29G","ProductIndex":55040}
{"itemId":"B0057P6002","ProductIndex":171817}
{"itemId":"B003ODF99C","ProductIndex":106470}
{"itemId":"B00006HMPE","ProductIndex":73941}
{"itemId":"B0004FQEKQ","ProductIndex":122499}
{"itemId":"B0089ECRSC","ProductIndex":116862}
{"itemId":"B001JHJK22","ProductIndex":168075}
{"itemId":"B00EBNLYXO","ProductIndex":96992}
{"itemId":"B00AK08T4Y","ProductIndex":62989}
{"itemId":"B001NJUFAW","ProductIndex":113473}
{"itemId":"B00G97RWPY","ProductIndex":104905}
{"itemId":"B004CATFBO","ProductIndex":176233}
{"itemId":"B00368CI4Y","ProductIndex":154232}
{"itemId":"B007055WSI","ProductIndex":152782}
{"itemId":"B00BBDEV3C","ProductIndex":126532}
{"itemId":"B00009R8TO","ProductIndex":86871}
{"itemId":"B000TADMHE","ProductIndex":132113}
{"itemId":"B003UIXDUI","ProductIndex":163035}
{"itemId":"B000816XGG","ProductIndex":98185}
{"itemId":"B0067NZPDG","ProductIndex":123978}
{"itemId":"B009E8ONOI","ProductIndex":82080}
{"itemId":"B004MEZ7HG","ProductIndex":69056}
{"itemId":"B004Z3WMUE","ProductIndex":105685}
{"itemId":"B001KOAW0I","ProductIndex":92743}
{"itemId":"B0000ZOLIW","ProductIndex":151623}
{"itemId":"B005H37DRI","ProductIndex":77858}
{"itemId":"B004ZMH9OE","ProductIndex":179211}
{"itemId":"B004KN7Q50","ProductIndex":62399}
{"itemId":"B00CKE5YGY","ProductIndex":160799}
{"itemId":"B007STHA22","ProductIndex":39907}
{"itemId":"B00B46XJ4S","ProductIndex":99922}
{"itemId":"B0000BV0XZ","ProductIndex":144619}
{"itemId":"B002KE1E22","ProductIndex":78175}
{"itemId":"B000790D0G","ProductIndex":82590}
{"itemId":"B004FRB3OQ","ProductIndex":73115}
{"itemId":"B005JKDXQY","ProductIndex":106457}
{"itemId":"B002W8HQ5U","ProductIndex":120311}
{"itemId":"B00B91X2IQ","ProductIndex":102618}
{"itemId":"B00AWHXP4O","ProductIndex":106203}
{"itemId":"B00456SFUW","ProductIndex":203704}
{"itemId":"B00146V1Q6","ProductIndex":128398}
{"itemId":"B005KP74JK","ProductIndex":113623}
{"itemId":"B004NJI5OM","ProductIndex":106585}
{"itemId":"B007T1CQR8","ProductIndex":140032}
{"itemId":"B000068IH8","ProductIndex":140212}
{"itemId":"B00083YK4G","ProductIndex":86786}
{"itemId":"B0017KGFCO","ProductIndex":170526}
{"itemId":"B0045Y1H2W","ProductIndex":118655}
{"itemId":"B004E305GI","ProductIndex":169588}
{"itemId":"B000CEDZBU","ProductIndex":116297}
{"itemId":"B00GF48G24","ProductIndex":194975}
{"itemId":"B000NMQXBA","ProductIndex":118880}
{"itemId":"B008G9WB1I","ProductIndex":86147}
{"itemId":"B004BWCNYY","ProductIndex":47744}
{"itemId":"B0009HMYF8","ProductIndex":169871}
{"itemId":"B00005T3DU","ProductIndex":166395}
{"itemId":"B0032GWXKO","ProductIndex":193448}
{"itemId":"B000SAD99G","ProductIndex":81584}
{"itemId":"B005AJ1ER4","ProductIndex":150726}
{"itemId":"B0043BM8MA","ProductIndex":162685}
{"itemId":"B00FE07TAA","ProductIndex":129226}
{"itemId":"B001SVL0JU","ProductIndex":175478}
{"itemId":"B0040R1KKS","ProductIndex":180206}
{"itemId":"B00004Z5L9","ProductIndex":152070}
{"itemId":"B00005LPRQ","ProductIndex":147074}
{"itemId":"B000923HCC","ProductIndex":97187}
{"itemId":"B001N8287G","ProductIndex":93028}
{"itemId":"B000K3J02Q","ProductIndex":102728}
{"itemId":"B0012C4SW6","ProductIndex":161589}
{"itemId":"B002LTB9Q2","ProductIndex":168730}
{"itemId":"B00006HOLN","ProductIndex":128146}
{"itemId":"B0043IT0NI","ProductIndex":206420}
{"itemId":"B006OVX4S4","ProductIndex":122025}
{"itemId":"B001UL0918","ProductIndex":64404}
{"itemId":"B00BJGTGIQ","ProductIndex":124876}
{"itemId":"B003QEQTPW","ProductIndex":143526}
{"itemId":"B002OSD8LY","ProductIndex":173511}
{"itemId":"B002DFX3Z4","ProductIndex":154124}
{"itemId":"B003JQQSLM","ProductIndex":114642}
{"itemId":"B000RMTT9E","ProductIndex":202230}
{"itemId":"B005P5CZ3A","ProductIndex":137855}
{"itemId":"B00022VZ1E","ProductIndex":137124}
{"itemId":"B00004U89Z","ProductIndex":107467}
{"itemId":"B0052IUDHA","ProductIndex":102579}
{"itemId":"B00E4LGTXS","ProductIndex":98648}
{"itemId":"B00460D124","ProductIndex":162234}
{"itemId":"B0002GRQTA","ProductIndex":202806}
{"itemId":"B003YH5HEA","ProductIndex":143283}
{"itemId":"B008N1KPIU","ProductIndex":176470}
{"itemId":"B002NVC20U","ProductIndex":158789}
{"itemId":"B009CHJ0F8","ProductIndex":79171}
{"itemId":"B00CUWUTV6","ProductIndex":201833}
{"itemId":"B003XIFLF0","ProductIndex":193925}
{"itemId":"B0002J26JM","ProductIndex":89463}
{"itemId":"B000KPS3GS","ProductIndex":121285}
{"itemId":"B0058V2MQG","ProductIndex":152476}
{"itemId":"B001F7HFIM","ProductIndex":176608}
{"itemId":"B006Z1GOX0","ProductIndex":184732}
{"itemId":"B003J2U47A","ProductIndex":203018}
{"itemId":"B0047AE4XI","ProductIndex":134002}
{"itemId":"B002S1DC2W","ProductIndex":85093}
{"itemId":"B007A7P614","ProductIndex":112663}
{"itemId":"B00C5W7XFG","ProductIndex":142035}
{"itemId":"B000SG3DDM","ProductIndex":96530}
{"itemId":"B0041ORNDI","ProductIndex":130822}
{"itemId":"B00162MJU0","ProductIndex":137551}
{"itemId":"B00006G2OI","ProductIndex":75143}
{"itemId":"B001PIF3KS","ProductIndex":131944}
{"itemId":"B0079Q45BS","ProductIndex":170154}
{"itemId":"B00164SFFQ","ProductIndex":101924}
{"itemId":"B00AMHIZ9O","ProductIndex":79554}
{"itemId":"B00DOWNWTW","ProductIndex":59623}
{"itemId":"B004FM7ER6","ProductIndex":158724}
{"itemId":"B00122TMAY","ProductIndex":78714}
{"itemId":"B003DSCXD8","ProductIndex":161312}
{"itemId":"B00013UTOI","ProductIndex":184045}
{"itemId":"B005ESKU6W","ProductIndex":116644}
{"itemId":"B004XK5UZ8","ProductIndex":154029}
{"itemId":"B007TGDHUS","ProductIndex":89226}
{"itemId":"B008TYNMHM","ProductIndex":133248}
{"itemId":"B002YDVMVW","ProductIndex":133678}
{"itemId":"B00CFXZ9VA","ProductIndex":175158}
{"itemId":"B0014ZXTPI","ProductIndex":96302}
{"itemId":"B000HM6OKG","ProductIndex":169844}
{"itemId":"B00689KJBM","ProductIndex":165777}
{"itemId":"B008J0CW2W","ProductIndex":206648}
{"itemId":"B004T2A7PI","ProductIndex":179068}
{"itemId":"B001UUP3W4","ProductIndex":99666}
{"itemId":"B000LNOOBM","ProductIndex":164929}
{"itemId":"B000OX0OFO","ProductIndex":171075}
{"itemId":"B001MQ9S2C","ProductIndex":144415}
{"itemId":"B004YXA5CC","ProductIndex":117447}
{"itemId":"B00011G2VY","ProductIndex":166143}
{"itemId":"B0074ECTX6","ProductIndex":103721}
{"itemId":"B004HXZIRG","ProductIndex":98035}
{"itemId":"B0041UJFWE","ProductIndex":94321}
{"itemId":"B0021ZW75I","ProductIndex":141076}
{"itemId":"B00EWMTGX4","ProductIndex":73597}
{"itemId":"B006ZN4V1K","ProductIndex":94802}
{"itemId":"B000FTGIUC","ProductIndex":81079}
{"itemId":"B001G0MEES","ProductIndex":205253}
{"itemId":"B00ALM8OM8","ProductIndex":207318}
{"itemId":"B00F90H9BY","ProductIndex":109830}
{"itemId":"B0009EQXT4","ProductIndex":149804}
{"itemId":"B00776IOY4","ProductIndex":176881}
{"itemId":"B000XT3W5I","ProductIndex":117015}
{"itemId":"B000B6QO44","ProductIndex":114851}
{"itemId":"B001QJM3ZO","ProductIndex":203755}
{"itemId":"B004Z4CI6G","ProductIndex":91034}
{"itemId":"B003Y5WWTU","ProductIndex":98895}
{"itemId":"B004ZME370","ProductIndex":92066}
{"itemId":"B0028Y4DA4","ProductIndex":155630}
{"itemId":"B001CDTI84","ProductIndex":85384}
{"itemId":"B000VVJROI","ProductIndex":136316}
{"itemId":"B00BNHOQFY","ProductIndex":140015}
{"itemId":"B00BF8D7C4","ProductIndex":120094}
{"itemId":"B002V1CZHC","ProductIndex":177012}
{"itemId":"B0049VBQNG","ProductIndex":164615}
{"itemId":"B005SUZQJW","ProductIndex":173113}
{"itemId":"B00486TJBI","ProductIndex":178286}
{"itemId":"B00JM7ITBO","ProductIndex":184999}
{"itemId":"B0089Q5SRC","ProductIndex":151753}
{"itemId":"B00B0MMQWM","ProductIndex":184702}
{"itemId":"B000OBE1N2","ProductIndex":200963}
{"itemId":"B00181505K","ProductIndex":91702}
{"itemId":"B007A2X7JW","ProductIndex":131432}
{"itemId":"B001V6YDKA","ProductIndex":166938}
{"itemId":"B00IF9FHV0","ProductIndex":120091}
{"itemId":"B005G513QE","ProductIndex":114063}
{"itemId":"B000220D4Y","ProductIndex":149776}
{"itemId":"B001VPCMDQ","ProductIndex":123015}
{"itemId":"B00ABSY0PM","ProductIndex":195823}
{"itemId":"B008OWFRIQ","ProductIndex":95367}
{"itemId":"B0002EXL64","ProductIndex":175203}
{"itemId":"B00B1YRYGW","ProductIndex":150227}
{"itemId":"B000CHOY12","ProductIndex":200929}
{"itemId":"B000BYTMCW","ProductIndex":100397}
{"itemId":"B0027IK4HC","ProductIndex":119303}
{"itemId":"B00EHSMH84","ProductIndex":169658}
{"itemId":"B002AKK8KA","ProductIndex":108459}
{"itemId":"B003UITP3M","ProductIndex":167311}
{"itemId":"B008QUVS02","ProductIndex":176206}
{"itemId":"B0076INAII","ProductIndex":132553}
{"itemId":"B009YTVEB2","ProductIndex":152995}
{"itemId":"B002UM2GD0","ProductIndex":151437}
{"itemId":"B0002GTVHA","ProductIndex":92040}
{"itemId":"B0096WQC3W","ProductIndex":163535}
{"itemId":"B00HUU8BA4","ProductIndex":141517}
{"itemId":"B001AXADZ8","ProductIndex":156455}
{"itemId":"B004TERTB6","ProductIndex":145044}
{"itemId":"B00FVS08G2","ProductIndex":159762}
{"itemId":"B006MGPEXY","ProductIndex":114689}
{"itemId":"B00006YZ41","ProductIndex":156706}
{"itemId":"B000EGC9OK","ProductIndex":133940}
{"itemId":"B008NF4JQK","ProductIndex":95325}
{"itemId":"B009CD187K","ProductIndex":190836}
{"itemId":"B003L16XN8","ProductIndex":97696}
{"itemId":"B000XQ4KRK","ProductIndex":120590}
{"itemId":"B003E3HJXQ","ProductIndex":123912}
{"itemId":"B00ANG3UMQ","ProductIndex":106483}
{"itemId":"B001JICTAG","ProductIndex":155695}
{"itemId":"B004ZLCJJK","ProductIndex":121145}
{"itemId":"B006I0IKUS","ProductIndex":165903}
{"itemId":"B0044R5LUE","ProductIndex":166874}
{"itemId":"B003ULV6UO","ProductIndex":89630}
{"itemId":"B005Z44UJ8","ProductIndex":196249}
{"itemId":"B008RUC5RG","ProductIndex":117243}
{"itemId":"B0083MQI6M","ProductIndex":193834}
{"itemId":"B007E3JHBY","ProductIndex":169295}
{"itemId":"B004E5A4RQ","ProductIndex":94283}
{"itemId":"B001L9VCYW","ProductIndex":159105}
{"itemId":"B0094ITXW0","ProductIndex":200513}
{"itemId":"B00AK4PCFY","ProductIndex":141128}
{"itemId":"B000RK0TRC","ProductIndex":202860}
{"itemId":"B000E3W8E4","ProductIndex":107311}
{"itemId":"B000LU9QCM","ProductIndex":164897}
{"itemId":"B0049U3TYQ","ProductIndex":116041}
{"itemId":"B00EGSPI22","ProductIndex":198088}
{"itemId":"B0002SPK46","ProductIndex":141611}
{"itemId":"B009WGDJ2E","ProductIndex":172500}
{"itemId":"B0009RMKDE","ProductIndex":132732}
{"itemId":"B002PE7BQA","ProductIndex":176927}
{"itemId":"B004YYS65Y","ProductIndex":139201}
{"itemId":"B009O4ZQU2","ProductIndex":134845}
{"itemId":"B000O6EKT2","ProductIndex":164761}
{"itemId":"B00AM4HHJ6","ProductIndex":155471}
{"itemId":"B00G8FH40K","ProductIndex":168461}
{"itemId":"B004W4BUR2","ProductIndex":147985}
{"itemId":"B000FCR3TO","ProductIndex":175948}
{"itemId":"B0007WULLE","ProductIndex":126164}
{"itemId":"B005NKPH4G","ProductIndex":195655}
{"itemId":"B004GRS7FI","ProductIndex":170488}
{"itemId":"B001R5E6U2","ProductIndex":157015}
{"itemId":"B00FZ2SP2I","ProductIndex":145667}
{"itemId":"B003YD5E5Q","ProductIndex":100411}
{"itemId":"B005AL9CHQ","ProductIndex":189104}
{"itemId":"B003HMRIBC","ProductIndex":206307}
{"itemId":"B005QEIMP0","ProductIndex":162230}
{"itemId":"B00GS47BX6","ProductIndex":197521}
{"itemId":"B005NB9F2A","ProductIndex":205861}
{"itemId":"B003A2HBSO","ProductIndex":166461}
{"itemId":"B0083Q3O1A","ProductIndex":187592}
{"itemId":"B00012PSB8","ProductIndex":146910}
{"itemId":"B000N81C3S","ProductIndex":100184}
{"itemId":"B00C0K2PQU","ProductIndex":83018}
{"itemId":"B000F2M10K","ProductIndex":173153}
{"itemId":"B002BFNB7G","ProductIndex":98129}
{"itemId":"B00B4DBVKU","ProductIndex":176317}
{"itemId":"B004TO3CZ8","ProductIndex":190126}
{"itemId":"B0038RXCI4","ProductIndex":186821}
{"itemId":"B0002AFZVM","ProductIndex":152004}
{"itemId":"B007OY9LSM","ProductIndex":138675}
{"itemId":"B000M5BO8U","ProductIndex":67142}
{"itemId":"B000063WPD","ProductIndex":206577}
{"itemId":"B004AL7FTY","ProductIndex":184392}
{"itemId":"B003YTF928","ProductIndex":181591}
{"itemId":"B007ZXXEQM","ProductIndex":143468}
{"itemId":"B0057G7S7K","ProductIndex":188403}
{"itemId":"B00493OY38","ProductIndex":107270}
{"itemId":"B006OS6KEC","ProductIndex":171886}
{"itemId":"B0086UXTOK","ProductIndex":204876}
{"itemId":"B002P8R0NK","ProductIndex":178855}
{"itemId":"B00B0M7EDI","ProductIndex":164599}
{"itemId":"B001E8ZXD6","ProductIndex":197074}
{"itemId":"B003XU7ARA","ProductIndex":149742}
{"itemId":"B00EKB1NEC","ProductIndex":203822}
{"itemId":"B00DGCNAZQ","ProductIndex":180922}
{"itemId":"B003LO6CK4","ProductIndex":139465}
{"itemId":"B005GNRF9K","ProductIndex":141224}
{"itemId":"B00C7Z39J0","ProductIndex":190359}
{"itemId":"B003N14R5M","ProductIndex":147814}
{"itemId":"B0002WPSE4","ProductIndex":133315}
{"itemId":"B00C3MKNOQ","ProductIndex":162422}
{"itemId":"B008FQVPIM","ProductIndex":178623}
{"itemId":"B00BMU1I0I","ProductIndex":207484}
{"itemId":"B00FWOR638","ProductIndex":178491}
{"itemId":"B005Z44UD4","ProductIndex":178563}
{"itemId":"B000H582XU","ProductIndex":178913}
{"itemId":"B003VW4ULE","ProductIndex":123704}
{"itemId":"B004CFT3KW","ProductIndex":189749}
{"itemId":"B001ICHUE8","ProductIndex":198393}
{"itemId":"B000VDWB94","ProductIndex":121588}
{"itemId":"B004TSHWOG","ProductIndex":188158}
{"itemId":"B0009OAFQQ","ProductIndex":202376}
{"itemId":"B0035HABMM","ProductIndex":98278}
{"itemId":"B004X7E6VA","ProductIndex":194739}
{"itemId":"B00FAYESLI","ProductIndex":195087}
{"itemId":"B000I6LXK2","ProductIndex":140705}
{"itemId":"B0050EJJ5S","ProductIndex":170305}
{"itemId":"B0009HBFIK","ProductIndex":200208}
{"itemId":"B001POBDUQ","ProductIndex":195765}
{"itemId":"B003USYJH4","ProductIndex":169626}
{"itemId":"B007SR2DZS","ProductIndex":151053}
{"itemId":"B000P83EJG","ProductIndex":158182}
{"itemId":"B003Y5UWB0","ProductIndex":193832}
{"itemId":"B007GFYM1K","ProductIndex":164339}
{"itemId":"B0085JPNKK","ProductIndex":205103}
{"itemId":"B005I19IWC","ProductIndex":181856}
{"itemId":"B000928LLO","ProductIndex":186049}
{"itemId":"B00005Q5WZ","ProductIndex":146282}
{"itemId":"B000VAD7X6","ProductIndex":206419}
{"itemId":"B002OJIXE0","ProductIndex":193701}
{"itemId":"B009D8069K","ProductIndex":208255}
{"itemId":"B0098LZ89U","ProductIndex":169381}
{"itemId":"B0018JB9JI","ProductIndex":168429}
{"itemId":"B0075A68TA","ProductIndex":201316}
{"itemId":"B00AZ6ZXHY","ProductIndex":154854}
{"itemId":"B009RQYBNU","ProductIndex":207243}
{"itemId":"B0060N4DHC","ProductIndex":194705}
{"itemId":"B00558ONFU","ProductIndex":143619}
{"itemId":"B002OOWCI8","ProductIndex":162443}
{"itemId":"B000F3PC0A","ProductIndex":188533}
{"itemId":"B001MQ4O26","ProductIndex":205289}
{"itemId":"B000OH98AM","ProductIndex":205500}
{"itemId":"B00H6MD818","ProductIndex":201981}
{"itemId":"B004R9L8UQ","ProductIndex":153339}
{"itemId":"B0026KEGPC","ProductIndex":207724}
{"itemId":"B001XV1OHI","ProductIndex":116424}
{"itemId":"B000BD8Y90","ProductIndex":154084}
{"itemId":"B003HNGK6U","ProductIndex":160175}
{"itemId":"B004ZMBW4M","ProductIndex":200193}
{"itemId":"B0000AXP34","ProductIndex":205409}
{"itemId":"B001SDJU0O","ProductIndex":186340}
{"itemId":"B000JXQJO4","ProductIndex":158428}
{"itemId":"B00001RMCV","ProductIndex":198643}
{"itemId":"B0058D23K4","ProductIndex":187388}
{"itemId":"B0002JARO8","ProductIndex":193248}
{"itemId":"B000PU2E9A","ProductIndex":139450}
{"itemId":"B00IG1A7C6","ProductIndex":174733}
{"itemId":"B000093UQR","ProductIndex":178374}
{"itemId":"B00005RE7T","ProductIndex":200646}
{"itemId":"B001U1UN1O","ProductIndex":147555}
{"itemId":"B003M0H2SS","ProductIndex":176648}
{"itemId":"B006DUOUUC","ProductIndex":189466}
{"itemId":"B005TDUEAO","ProductIndex":190590}
{"itemId":"B004I44CVW","ProductIndex":180494}
{"itemId":"B0085ME7HC","ProductIndex":181242}
{"itemId":"B0001Q4BDK","ProductIndex":204639}
{"itemId":"B007MAIOOU","ProductIndex":204399}
{"itemId":"B003NZMTAS","ProductIndex":207503}
{"itemId":"B0007IGZ68","ProductIndex":159595}
{"itemId":"B0031Q3822","ProductIndex":197764}
{"itemId":"B005BU5W84","ProductIndex":189148}
{"itemId":"B005MVF250","ProductIndex":200859}
{"itemId":"B004SJOTE2","ProductIndex":185906}
{"itemId":"B00064JX4E","ProductIndex":189265}
{"itemId":"B001AUB44K","ProductIndex":186118}
{"itemId":"B00I0Q80B2","ProductIndex":202436}
{"itemId":"B000YD9NFQ","ProductIndex":175636}
{"itemId":"B006OS6I62","ProductIndex":192452}
{"itemId":"B00A9AHUY0","ProductIndex":183123}
