{"itemId":"B001EUPMWG","ProductIndex":27926}
{"itemId":"B00542NV32","ProductIndex":1849}
{"itemId":"B001FWBUUG","ProductIndex":600}
{"itemId":"B007BY3PBE","ProductIndex":2569}
{"itemId":"B003DZ166Q","ProductIndex":995}
{"itemId":"B008GVM9K4","ProductIndex":390}
{"itemId":"B00005BC0K","ProductIndex":3503}
{"itemId":"B005CHDQ2A","ProductIndex":52612}
{"itemId":"B001EHI1KE","ProductIndex":23115}
{"itemId":"B00AFAPBTU","ProductIndex":45576}
{"itemId":"B0047T79VS","ProductIndex":314}
{"itemId":"B008M59QEG","ProductIndex":18365}
{"itemId":"B000A2K40E","ProductIndex":86742}
{"itemId":"B0051MUOZ8","ProductIndex":127018}
{"itemId":"B00A0X9X00","ProductIndex":87100}
{"itemId":"B005K97B4Y","ProductIndex":6321}
{"itemId":"B003YKG2W8","ProductIndex":4356}
{"itemId":"B0081TSWCA","ProductIndex":140018}
{"itemId":"B008EO263I","ProductIndex":985}
{"itemId":"B007R1FH3K","ProductIndex":530}
{"itemId":"B00005U7RW","ProductIndex":54132}
{"itemId":"B003U7WCEM","ProductIndex":8854}
{"itemId":"B004MA4T9W","ProductIndex":19473}
{"itemId":"B005WZT1C6","ProductIndex":5945}
{"itemId":"B00155X542","ProductIndex":103084}
{"itemId":"B0015HKR4Q","ProductIndex":19176}
{"itemId":"B001ANZCMW","ProductIndex":20713}
{"itemId":"B000TXEE14","ProductIndex":1653}
{"itemId":"B0094DXSKI","ProductIndex":49987}
{"itemId":"B005GM2U9G","ProductIndex":14449}
{"itemId":"B004VTF7IG","ProductIndex":11557}
{"itemId":"B00F6EOB8C","ProductIndex":22564}
{"itemId":"B0095F5ACE","ProductIndex":18231}
{"itemId":"B000UU7ZPS","ProductIndex":2518}
{"itemId":"B000ND93DO","ProductIndex":12515}
{"itemId":"B003ASPH48","ProductIndex":8970}
{"itemId":"B000F8W35M","ProductIndex":80363}
{"itemId":"B004W82GP8","ProductIndex":8715}
{"itemId":"B00AEKEA48","ProductIndex":3190}
{"itemId":"B000I5LACO","ProductIndex":2608}
{"itemId":"B00006I5EQ","ProductIndex":29532}
{"itemId":"B002Q8IHEK","ProductIndex":11426}
{"itemId":"B001EPX7N2","ProductIndex":1546}
{"itemId":"B007JGBD2M","ProductIndex":26689}
{"itemId":"B0043M66X6","ProductIndex":9166}
{"itemId":"B00HQ4W4XO","ProductIndex":70764}
{"itemId":"B009F1I1C4","ProductIndex":1570}
{"itemId":"B00E6LJAGO","ProductIndex":17724}
{"itemId":"B003Y88XNG","ProductIndex":138102}
{"itemId":"B000LRMR26","ProductIndex":7549}
{"itemId":"B00CE2T19I","ProductIndex":32024}
{"itemId":"B00004Y2US","ProductIndex":40784}
{"itemId":"B0083BWGDC","ProductIndex":27905}
{"itemId":"B000CD6B3A","ProductIndex":19014}
{"itemId":"B007IE0XXK","ProductIndex":56173}
{"itemId":"B003V0NXBO","ProductIndex":2438}
{"itemId":"B0073UNO4O","ProductIndex":141441}
{"itemId":"B00CW84H6G","ProductIndex":14998}
{"itemId":"B00007JO2V","ProductIndex":33634}
{"itemId":"B00006364D","ProductIndex":24822}
{"itemId":"B001U3Y8Q8","ProductIndex":10312}
{"itemId":"B00908BMVE","ProductIndex":2928}
{"itemId":"B00ANJRTXE","ProductIndex":10908}
{"itemId":"B00007ISWA","ProductIndex":5837}
{"itemId":"B00CHYOLHK","ProductIndex":19486}
{"itemId":"B0043H9F52","ProductIndex":29035}
{"itemId":"B004ZEZGE2","ProductIndex":10999}
{"itemId":"B007BG4U70","ProductIndex":37272}
{"itemId":"B003TTK2X4","ProductIndex":9441}
{"itemId":"B007JBN78A","ProductIndex":121655}
{"itemId":"B008OR6Q2W","ProductIndex":31981}
{"itemId":"B000UHE8Y2","ProductIndex":3670}
{"itemId":"B004TO2EWA","ProductIndex":37914}
{"itemId":"B00C249PUI","ProductIndex":72727}
{"itemId":"B00004TX7A","ProductIndex":49675}
{"itemId":"B005E7TE9W","ProductIndex":14314}
{"itemId":"B00CDCKN7S","ProductIndex":61335}
{"itemId":"B000F4S9EU","ProductIndex":21585}
{"itemId":"B0052L6Q78","ProductIndex":12774}
{"itemId":"B0012UWHYY","ProductIndex":59851}
{"itemId":"B0090CVJZ4","ProductIndex":8190}
{"itemId":"B0001DBEKG","ProductIndex":19623}
{"itemId":"B0018L7NDC","ProductIndex":41351}
{"itemId":"B000P22S2Q","ProductIndex":26199}
{"itemId":"B00746U3NC","ProductIndex":32319}
{"itemId":"B0002WPSB2","ProductIndex":6858}
{"itemId":"B0089GWZ82","ProductIndex":25543}
{"itemId":"B0059H60SK","ProductIndex":15721}
{"itemId":"B007RIFKS0","ProductIndex":31105}
{"itemId":"B006ZB328U","ProductIndex":48039}
{"itemId":"B004YJVUBG","ProductIndex":33528}
{"itemId":"B0002OSNQC","ProductIndex":90478}
{"itemId":"B00413PEL2","ProductIndex":100381}
{"itemId":"B007NFIY0S","ProductIndex":19726}
{"itemId":"B004Z57WDO","ProductIndex":6577}
{"itemId":"B008EQ1Z9C","ProductIndex":176197}
{"itemId":"B002RL9XQM","ProductIndex":24299}
{"itemId":"B00F9KUF7O","ProductIndex":114405}
{"itemId":"B002ZV7WYE","ProductIndex":19265}
{"itemId":"B0007CZ308","ProductIndex":75236}
{"itemId":"B000PT4VPQ","ProductIndex":70343}
{"itemId":"B007P0LA4S","ProductIndex":9234}
{"itemId":"B001P8XVK2","ProductIndex":8070}
{"itemId":"B007ALCC0S","ProductIndex":26427}
{"itemId":"B0002Q7VO0","ProductIndex":13842}
{"itemId":"B0077DIN66","ProductIndex":186193}
{"itemId":"B0000C3GWV","ProductIndex":32405}
{"itemId":"B0039RWATK","ProductIndex":25458}
{"itemId":"B00BN3VZDE","ProductIndex":3916}
{"itemId":"B00ATX9Y3C","ProductIndex":25743}
{"itemId":"B001XW6KQ2","ProductIndex":108010}
{"itemId":"B003QN64YY","ProductIndex":9090}
{"itemId":"B000NBBWNU","ProductIndex":5869}
{"itemId":"B001TCHOPW","ProductIndex":26425}
{"itemId":"B000VFR4TE","ProductIndex":61860}
{"itemId":"B00BB9OOFG","ProductIndex":5188}
{"itemId":"B0074WAWF0","ProductIndex":65842}
{"itemId":"B001G4ZA6I","ProductIndex":4760}
{"itemId":"B0013ZAB1Y","ProductIndex":29615}
{"itemId":"B000GHZ750","ProductIndex":124096}
{"itemId":"B00D7P6176","ProductIndex":8942}
{"itemId":"B0007U0IHS","ProductIndex":52717}
{"itemId":"B004TXJ50U","ProductIndex":46689}
{"itemId":"B00BLMXYBS","ProductIndex":152244}
{"itemId":"B005CYXW7M","ProductIndex":14573}
{"itemId":"B000XQGOW4","ProductIndex":12728}
{"itemId":"B003FG7IG0","ProductIndex":20926}
{"itemId":"B002QUZKYS","ProductIndex":38888}
{"itemId":"B0000511XL","ProductIndex":45037}
{"itemId":"B00424SK7K","ProductIndex":109126}
{"itemId":"B00IAKLM54","ProductIndex":15764}
{"itemId":"B00GMGGZQE","ProductIndex":26928}
{"itemId":"B003AM884U","ProductIndex":41539}
{"itemId":"B00275XFQ2","ProductIndex":53429}
{"itemId":"B00FF5F9T2","ProductIndex":100046}
{"itemId":"B002WN8NHA","ProductIndex":32012}
{"itemId":"B000Y0ZGS2","ProductIndex":11156}
{"itemId":"B00BQY3916","ProductIndex":68479}
{"itemId":"B005HQ4X5A","ProductIndex":99467}
{"itemId":"B0002T3UPG","ProductIndex":28614}
{"itemId":"B0019OZ39E","ProductIndex":84906}
{"itemId":"B0038JEBJ6","ProductIndex":174080}
{"itemId":"B007SXMEWO","ProductIndex":54472}
{"itemId":"B008L5TQIS","ProductIndex":31879}
{"itemId":"B001BEV1H0","ProductIndex":30155}
{"itemId":"B000E5DLIE","ProductIndex":16328}
{"itemId":"B004C50U2M","ProductIndex":46845}
{"itemId":"B002J9HAMQ","ProductIndex":47637}
{"itemId":"B002IA7NKU","ProductIndex":106866}
{"itemId":"B000087ZQC","ProductIndex":29786}
{"itemId":"B00BK77Z46","ProductIndex":42929}
{"itemId":"B004D7SXUA","ProductIndex":28609}
{"itemId":"B0009816TC","ProductIndex":99423}
{"itemId":"B006X98A7C","ProductIndex":5089}
{"itemId":"B0057J35R4","ProductIndex":45302}
{"itemId":"B00005I9PG","ProductIndex":36868}
{"itemId":"B0037SNWE8","ProductIndex":87879}
{"itemId":"B007YCA6UG","ProductIndex":6547}
{"itemId":"B001E1THL2","ProductIndex":39174}
{"itemId":"B0085EG6OW","ProductIndex":43621}
{"itemId":"B005DOOJ00","ProductIndex":11285}
{"itemId":"B001MQ4QBU","ProductIndex":45246}
{"itemId":"B000E209Y6","ProductIndex":58658}
{"itemId":"B00BQ9FXYM","ProductIndex":72394}
{"itemId":"B004QQD452","ProductIndex":95819}
{"itemId":"B003ENOFGK","ProductIndex":24947}
{"itemId":"B0000CD0B9","ProductIndex":92936}
{"itemId":"B002N60HES","ProductIndex":65093}
{"itemId":"B004MWVLY6","ProductIndex":54437}
{"itemId":"B003TIHPC6","ProductIndex":8041}
{"itemId":"B00B5MUJ3U","ProductIndex":87439}
{"itemId":"B000068BRB","ProductIndex":32846}
{"itemId":"B001QWTU2U","ProductIndex":34479}
{"itemId":"B008OJP4EG","ProductIndex":83671}
{"itemId":"B000EU0880","ProductIndex":11369}
{"itemId":"B007I8S9ZK","ProductIndex":29998}
{"itemId":"B004FKUMF4","ProductIndex":65478}
{"itemId":"B005OFK89E","ProductIndex":36355}
{"itemId":"B00172VRJI","ProductIndex":159279}
{"itemId":"B0015MML5Y","ProductIndex":69080}
{"itemId":"B0001G6UF2","ProductIndex":16821}
{"itemId":"B009O7M1HU","ProductIndex":140786}
{"itemId":"B004A7G58K","ProductIndex":111151}
{"itemId":"B000GLIIFW","ProductIndex":10625}
{"itemId":"B004CRSLGC","ProductIndex":41956}
{"itemId":"B0018DB8UY","ProductIndex":21534}
{"itemId":"B00FDNAR3Y","ProductIndex":164276}
{"itemId":"B00009W3FR","ProductIndex":8735}
{"itemId":"B008MJHNME","ProductIndex":7982}
{"itemId":"B00E60NO94","ProductIndex":59986}
{"itemId":"B004867Z82","ProductIndex":163559}
{"itemId":"B001VAAJ5E","ProductIndex":11351}
{"itemId":"B00475IKZQ","ProductIndex":63455}
{"itemId":"B003ICXCZC","ProductIndex":65357}
{"itemId":"B00FZ7X8L6","ProductIndex":11255}
{"itemId":"B0000AI1HU","ProductIndex":116035}
{"itemId":"B00F4PBNS4","ProductIndex":36323}
{"itemId":"B004GV0JPA","ProductIndex":47387}
{"itemId":"B002PI4T4I","ProductIndex":170626}
{"itemId":"B007B5WNW0","ProductIndex":137245}
{"itemId":"B002JGZ9CW","ProductIndex":49391}
{"itemId":"B005G6DGAE","ProductIndex":40479}
{"itemId":"B000E9ZKG6","ProductIndex":71339}
{"itemId":"B000A4AVQO","ProductIndex":9876}
{"itemId":"B007B5QVKA","ProductIndex":91037}
{"itemId":"B0002BBQMI","ProductIndex":60887}
{"itemId":"B0028407WW","ProductIndex":26851}
{"itemId":"B000M9ISQ2","ProductIndex":39854}
{"itemId":"B000HSS78M","ProductIndex":12390}
{"itemId":"B00009V2P7","ProductIndex":118540}
{"itemId":"B0029U2U5C","ProductIndex":104970}
{"itemId":"B00419OLI8","ProductIndex":45104}
{"itemId":"B00C15ALBA","ProductIndex":199673}
{"itemId":"B005EPN1PC","ProductIndex":20726}
{"itemId":"B006PPISCG","ProductIndex":60707}
{"itemId":"B004IHQCUS","ProductIndex":140712}
{"itemId":"B00EFILHB4","ProductIndex":12476}
{"itemId":"B0009GWXAK","ProductIndex":19231}
{"itemId":"B002FRGDVG","ProductIndex":67860}
{"itemId":"B00006JBPM","ProductIndex":165222}
{"itemId":"B003APMXOI","ProductIndex":99611}
{"itemId":"B00CV9MM3G","ProductIndex":41116}
{"itemId":"B00713AA5E","ProductIndex":12496}
{"itemId":"B000063ILO","ProductIndex":153100}
{"itemId":"B004NDP6SQ","ProductIndex":27324}
{"itemId":"B006VZGYX0","ProductIndex":10168}
{"itemId":"B00A0IFQE2","ProductIndex":160565}
{"itemId":"B00D0SSPOC","ProductIndex":166441}
{"itemId":"B00C48TJ58","ProductIndex":13456}
{"itemId":"B0068QUCPS","ProductIndex":177094}
{"itemId":"B00HVXW19W","ProductIndex":122643}
{"itemId":"B000ICZZJG","ProductIndex":28265}
{"itemId":"B007ZBIITM","ProductIndex":104804}
{"itemId":"B002BKAYCQ","ProductIndex":37092}
{"itemId":"B0046A8R3M","ProductIndex":16744}
{"itemId":"B00CWBABRM","ProductIndex":67375}
{"itemId":"B00J05QFNW","ProductIndex":111399}
{"itemId":"B002H2DK88","ProductIndex":33770}
{"itemId":"B009VCAJ7W","ProductIndex":12332}
{"itemId":"B005GIWTOQ","ProductIndex":36777}
{"itemId":"B000RZOL4E","ProductIndex":71161}
{"itemId":"B0055E8HZG","ProductIndex":48054}
{"itemId":"B001MQA7KY","ProductIndex":200111}
{"itemId":"B00006OMG1","ProductIndex":109903}
{"itemId":"B003SGEFLI","ProductIndex":31052}
{"itemId":"B000BGVYYE","ProductIndex":30866}
{"itemId":"B00493LFK8","ProductIndex":58581}
{"itemId":"B0030E8BT0","ProductIndex":59707}
{"itemId":"B009VV22EG","ProductIndex":90663}
{"itemId":"B004C4SRYG","ProductIndex":167512}
{"itemId":"B002MPSIBO","ProductIndex":100571}
{"itemId":"B006DA8Y68","ProductIndex":65939}
{"itemId":"B00006AL0S","ProductIndex":43463}
{"itemId":"B0012AW1WC","ProductIndex":131481}
{"itemId":"B005XXMN2C","ProductIndex":94417}
{"itemId":"B001NCDB14","ProductIndex":68142}
{"itemId":"B004AR3FEM","ProductIndex":115862}
{"itemId":"B009STVH4C","ProductIndex":27044}
{"itemId":"B003VZVZ4Q","ProductIndex":36260}
{"itemId":"B000BS2MKM","ProductIndex":43051}
{"itemId":"B000RBEGTS","ProductIndex":39775}
{"itemId":"B0081OMENS","ProductIndex":24196}
{"itemId":"B000WCNBV6","ProductIndex":89196}
{"itemId":"B002GR7INW","ProductIndex":62805}
{"itemId":"B002RCCIAY","ProductIndex":72286}
{"itemId":"B0000EI9VR","ProductIndex":12397}
{"itemId":"B005GJ04YC","ProductIndex":25845}
{"itemId":"B00BP9QSK6","ProductIndex":38220}
{"itemId":"B0041G5XFQ","ProductIndex":9448}
{"itemId":"B007FQNL08","ProductIndex":22988}
{"itemId":"B000LIJ4ZS","ProductIndex":11639}
{"itemId":"B006WPC1TK","ProductIndex":37232}
{"itemId":"B00H6P5Z1Q","ProductIndex":125437}
{"itemId":"B0028SYNWS","ProductIndex":89801}
{"itemId":"B000V9M8R8","ProductIndex":30860}
{"itemId":"B00COQTY7S","ProductIndex":38929}
{"itemId":"B00797MF8M","ProductIndex":42719}
{"itemId":"B005POXOMW","ProductIndex":38568}
{"itemId":"B00579E6RW","ProductIndex":115104}
{"itemId":"B00A6G0684","ProductIndex":69131}
{"itemId":"B007UKIFLY","ProductIndex":132110}
{"itemId":"B00F0RFXD2","ProductIndex":65079}
{"itemId":"B000MAFTWM","ProductIndex":37857}
{"itemId":"B00007FS29","ProductIndex":54650}
{"itemId":"B0036TH7J4","ProductIndex":26378}
{"itemId":"B0013K6JMY","ProductIndex":91091}
{"itemId":"B003XMAD0Y","ProductIndex":13667}
{"itemId":"B002ZHWLJY","ProductIndex":106426}
{"itemId":"B00B524102","ProductIndex":118666}
{"itemId":"B00005QFYE","ProductIndex":30310}
{"itemId":"B009T2DN2C","ProductIndex":197856}
{"itemId":"B000E1PX0M","ProductIndex":103484}
{"itemId":"B007JOO4XE","ProductIndex":9777}
{"itemId":"B000F2BLT2","ProductIndex":128841}
{"itemId":"B000V4TNGC","ProductIndex":86719}
{"itemId":"B005Z452LS","ProductIndex":24124}
{"itemId":"B000DZB8EY","ProductIndex":103777}
{"itemId":"B00C045WJS","ProductIndex":91084}
{"itemId":"B0015A70S4","ProductIndex":25800}
{"itemId":"B00004ZB0V","ProductIndex":52998}
{"itemId":"B002CZ38SM","ProductIndex":79448}
{"itemId":"B00427Z7MI","ProductIndex":41659}
{"itemId":"B0015L7EZM","ProductIndex":61933}
{"itemId":"B0012H5ENI","ProductIndex":58853}
{"itemId":"B0022QDAVG","ProductIndex":165653}
{"itemId":"B005FCU81Y","ProductIndex":101726}
{"itemId":"B00BBH8FU8","ProductIndex":106363}
{"itemId":"B000WJ9IWA","ProductIndex":45045}
{"itemId":"B000P6M6HY","ProductIndex":11161}
{"itemId":"B00005UK9S","ProductIndex":93194}
{"itemId":"B003V5Q2D0","ProductIndex":13513}
{"itemId":"B0049P1N26","ProductIndex":19796}
{"itemId":"B00009UTWA","ProductIndex":37281}
{"itemId":"B008GN0P3A","ProductIndex":59077}
{"itemId":"B0002Y67UG","ProductIndex":26930}
{"itemId":"B0093DT588","ProductIndex":43945}
{"itemId":"B00B3PJFL6","ProductIndex":155157}
{"itemId":"B0095UH3O2","ProductIndex":145172}
{"itemId":"B004X5YAP4","ProductIndex":53723}
{"itemId":"B008SHYKV2","ProductIndex":64499}
{"itemId":"B004M8S12A","ProductIndex":43008}
{"itemId":"B001OQEBZ4","ProductIndex":38170}
{"itemId":"B00FO7JNXE","ProductIndex":64284}
{"itemId":"B006M9ZWOM","ProductIndex":77730}
{"itemId":"B00FAJH6MQ","ProductIndex":113783}
{"itemId":"B003AFTVAM","ProductIndex":81928}
{"itemId":"B00H6BU3J4","ProductIndex":13407}
{"itemId":"B000VE6IOW","ProductIndex":39436}
{"itemId":"B003E2VNWU","ProductIndex":89013}
{"itemId":"B009KJOT72","ProductIndex":112588}
{"itemId":"B00007CW54","ProductIndex":19429}
{"itemId":"B004BTW7BQ","ProductIndex":123664}
{"itemId":"B006ZSQM3K","ProductIndex":40403}
{"itemId":"B005I01LAK","ProductIndex":62897}
{"itemId":"B002U5FPJ4","ProductIndex":63134}
{"itemId":"B001GCUQSC","ProductIndex":80864}
{"itemId":"B007XNRAQY","ProductIndex":171178}
{"itemId":"B00ICDAAXO","ProductIndex":14775}
{"itemId":"B004E54LTI","ProductIndex":40977}
{"itemId":"B0048FFHTC","ProductIndex":13945}
{"itemId":"B001IQGXW4","ProductIndex":138306}
{"itemId":"B00360FALU","ProductIndex":64467}
{"itemId":"B0028Y4D4U","ProductIndex":103801}
{"itemId":"B00178JA50","ProductIndex":78349}
{"itemId":"B007JEK1PY","ProductIndex":85699}
{"itemId":"B00CSMO9AA","ProductIndex":201897}
{"itemId":"B004I01DPY","ProductIndex":197929}
{"itemId":"B0018RWCKA","ProductIndex":54848}
{"itemId":"B00IJSFA2S","ProductIndex":84592}
{"itemId":"B0069R0BQ6","ProductIndex":72247}
{"itemId":"B00KHDDHNM","ProductIndex":174840}
{"itemId":"B000A7XXUW","ProductIndex":51992}
{"itemId":"B005HEVGLQ","ProductIndex":100567}
{"itemId":"B007WY82BG","ProductIndex":106447}
{"itemId":"B005DIUQFS","ProductIndex":75315}
{"itemId":"B00F3ZNLD0","ProductIndex":52647}
{"itemId":"B00D73RWNA","ProductIndex":49997}
{"itemId":"B007QS5ZZY","ProductIndex":91146}
{"itemId":"B000001OMA","ProductIndex":30276}
{"itemId":"B002RTR29E","ProductIndex":138138}
{"itemId":"B008PPKMZ0","ProductIndex":22028}
{"itemId":"B0074DVGSQ","ProductIndex":159911}
{"itemId":"B00EE18O3G","ProductIndex":132887}
{"itemId":"B000I9643K","ProductIndex":16720}
{"itemId":"B0096DGT4S","ProductIndex":146098}
{"itemId":"B005AJPPIS","ProductIndex":134081}
{"itemId":"B001L2SDPK","ProductIndex":96693}
{"itemId":"B000EJUCVE","ProductIndex":17883}
{"itemId":"B001287F4S","ProductIndex":34619}
{"itemId":"B00ATANXDW","ProductIndex":36267}
{"itemId":"B004KS2632","ProductIndex":72494}
{"itemId":"B000O1N7JQ","ProductIndex":93474}
{"itemId":"B005OIMGNC","ProductIndex":76321}
{"itemId":"B0002CBRAS","ProductIndex":188401}
{"itemId":"B00009LI51","ProductIndex":76551}
{"itemId":"B00AKHO2QQ","ProductIndex":57845}
{"itemId":"B00BIUKH04","ProductIndex":37010}
{"itemId":"B003AVH0TK","ProductIndex":76102}
{"itemId":"B006FMLQU0","ProductIndex":64867}
{"itemId":"B007C94FSK","ProductIndex":64186}
{"itemId":"B00IRUS6VK","ProductIndex":31043}
{"itemId":"B00000J1TS","ProductIndex":109364}
{"itemId":"B004MFDL14","ProductIndex":22805}
{"itemId":"B001GCUBSM","ProductIndex":61435}
{"itemId":"B001YQ74FI","ProductIndex":24298}
{"itemId":"B00ANQL7IU","ProductIndex":80480}
{"itemId":"B00FGJRADU","ProductIndex":115642}
{"itemId":"B004I0H7S6","ProductIndex":113234}
{"itemId":"B00008VSKK","ProductIndex":112752}
{"itemId":"B001FOUN9I","ProductIndex":56873}
{"itemId":"B001NX0YIQ","ProductIndex":37325}
{"itemId":"B0049MC4GI","ProductIndex":203507}
{"itemId":"B0002AHQKK","ProductIndex":106105}
{"itemId":"B0024NKVVY","ProductIndex":126983}
{"itemId":"B004CLYJ1O","ProductIndex":25024}
{"itemId":"B000CPACUG","ProductIndex":137399}
{"itemId":"B008YX40TC","ProductIndex":60165}
{"itemId":"B00AM7JV42","ProductIndex":94334}
{"itemId":"B0035RQZSQ","ProductIndex":149352}
{"itemId":"B003M6A27A","ProductIndex":53106}
{"itemId":"B000BWFFR0","ProductIndex":160673}
{"itemId":"B0038DO30E","ProductIndex":51091}
{"itemId":"B00005ICE6","ProductIndex":68639}
{"itemId":"B00L403O94","ProductIndex":67830}
{"itemId":"B00C0R46J2","ProductIndex":42156}
{"itemId":"B007N9FIZ8","ProductIndex":76161}
{"itemId":"B003C54CS6","ProductIndex":60587}
{"itemId":"B004RLBOT4","ProductIndex":73851}
{"itemId":"B003L9QQ28","ProductIndex":26144}
{"itemId":"B000REWXB8","ProductIndex":167753}
{"itemId":"B001C6WUDG","ProductIndex":17736}
{"itemId":"B000CCNTMW","ProductIndex":194257}
{"itemId":"B003BGPETM","ProductIndex":44769}
{"itemId":"B0080PWBOK","ProductIndex":98097}
{"itemId":"B00005T3ZO","ProductIndex":67956}
{"itemId":"B00006341G","ProductIndex":61761}
{"itemId":"B004GKM9SG","ProductIndex":46555}
{"itemId":"B008MUDHHS","ProductIndex":78993}
{"itemId":"B003OPW3W6","ProductIndex":137132}
{"itemId":"B007V8JUWS","ProductIndex":29714}
{"itemId":"B005BHMVOK","ProductIndex":156362}
{"itemId":"B0083Y7JUY","ProductIndex":49110}
{"itemId":"B0029LHXM6","ProductIndex":8271}
{"itemId":"B0044B0VXC","ProductIndex":107116}
{"itemId":"B000278KLW","ProductIndex":56295}
{"itemId":"B005FPT56K","ProductIndex":31795}
{"itemId":"B00K2RQDXY","ProductIndex":173608}
{"itemId":"B009QV6MHE","ProductIndex":71685}
{"itemId":"B009W66B60","ProductIndex":130194}
{"itemId":"B000S6PENY","ProductIndex":49798}
{"itemId":"B00017LRF4","ProductIndex":24864}
{"itemId":"B00288ZKV6","ProductIndex":130824}
{"itemId":"B005GP9LZ4","ProductIndex":103055}
{"itemId":"B009GB833U","ProductIndex":122827}
{"itemId":"B00361ERCM","ProductIndex":109390}
{"itemId":"B007REQU9W","ProductIndex":61363}
{"itemId":"B001D6HJ9A","ProductIndex":97327}
{"itemId":"B00FB5V9UE","ProductIndex":134028}
{"itemId":"B004ZLCM2Y","ProductIndex":95660}
{"itemId":"B00H8JLMLC","ProductIndex":67517}
{"itemId":"B0029JLCYI","ProductIndex":110810}
{"itemId":"B002V1EUS4","ProductIndex":65752}
{"itemId":"B001QTCJI0","ProductIndex":69897}
{"itemId":"B000067RIV","ProductIndex":19658}
{"itemId":"B00009R8VM","ProductIndex":53714}
{"itemId":"8814117446","ProductIndex":184621}
{"itemId":"B0002GV8Z8","ProductIndex":65741}
{"itemId":"B005XUOS14","ProductIndex":166478}
{"itemId":"B0009IO6NK","ProductIndex":53387}
{"itemId":"B0001J3QAG","ProductIndex":105832}
{"itemId":"B006N4MOLK","ProductIndex":123876}
{"itemId":"B0035JJJPA","ProductIndex":17526}
{"itemId":"B0092T84HQ","ProductIndex":29612}
{"itemId":"B00757BF8W","ProductIndex":54701}
{"itemId":"B001IHWG2O","ProductIndex":65004}
{"itemId":"B007S02FM6","ProductIndex":121476}
{"itemId":"B005EO5MBE","ProductIndex":106557}
{"itemId":"B00277Y3VG","ProductIndex":105445}
{"itemId":"B002LWFU1E","ProductIndex":105533}
{"itemId":"B00DEN9T3O","ProductIndex":52434}
{"itemId":"B0029VCXAI","ProductIndex":131103}
{"itemId":"B000067RY3","ProductIndex":115419}
{"itemId":"B004HYBMUC","ProductIndex":167809}
{"itemId":"B000LTLGMQ","ProductIndex":54121}
{"itemId":"B0002Y2K3E","ProductIndex":82682}
{"itemId":"B00274ET2W","ProductIndex":133432}
{"itemId":"B004SBBPEM","ProductIndex":48699}
{"itemId":"B0001UEHI0","ProductIndex":54969}
{"itemId":"B00004RIK5","ProductIndex":152455}
{"itemId":"B00FPZY0BK","ProductIndex":121290}
{"itemId":"B00137C11A","ProductIndex":98605}
{"itemId":"B004O6UZK6","ProductIndex":180415}
{"itemId":"B00652NXWO","ProductIndex":41241}
{"itemId":"B0026NX4AC","ProductIndex":115943}
{"itemId":"B000WDSYXK","ProductIndex":32354}
{"itemId":"B0034DAZAU","ProductIndex":188004}
{"itemId":"B0015ZFYK0","ProductIndex":154909}
{"itemId":"B007P4ZUS6","ProductIndex":138264}
{"itemId":"B0082PZ1BS","ProductIndex":68124}
{"itemId":"B006OQGOOU","ProductIndex":170749}
{"itemId":"B000F8F5BQ","ProductIndex":79000}
{"itemId":"B0042AE046","ProductIndex":55288}
{"itemId":"B0060BNGS6","ProductIndex":29233}
{"itemId":"B000X3809W","ProductIndex":149057}
{"itemId":"B007P8CWGU","ProductIndex":25052}
{"itemId":"B001Q91BFW","ProductIndex":149785}
{"itemId":"B00004U1PA","ProductIndex":76576}
{"itemId":"B000E0IG5W","ProductIndex":71332}
{"itemId":"B002J9G5XQ","ProductIndex":106703}
{"itemId":"B005CK9VVM","ProductIndex":40618}
{"itemId":"B003CP0EB0","ProductIndex":144441}
{"itemId":"B0016KGRSM","ProductIndex":55278}
{"itemId":"B0035VBUVY","ProductIndex":84811}
{"itemId":"B00B47MNQW","ProductIndex":167951}
{"itemId":"B003N044AQ","ProductIndex":72857}
{"itemId":"B004Q6ZEEG","ProductIndex":9408}
{"itemId":"B00BW3QQRA","ProductIndex":161360}
{"itemId":"B001MW3TL2","ProductIndex":132207}
{"itemId":"B00BCGRQ5S","ProductIndex":16083}
{"itemId":"B005Z44GCY","ProductIndex":68680}
{"itemId":"B001KWPLBK","ProductIndex":162360}
{"itemId":"B000EPE75K","ProductIndex":61003}
{"itemId":"B0050L8C22","ProductIndex":117934}
{"itemId":"B007FHNRO2","ProductIndex":203650}
{"itemId":"B0013JX7W0","ProductIndex":71825}
{"itemId":"B004T169J2","ProductIndex":112268}
{"itemId":"B003JTHMWS","ProductIndex":104758}
{"itemId":"B001ULCS76","ProductIndex":164383}
{"itemId":"B000I6G7DU","ProductIndex":71407}
{"itemId":"B00B91ONFW","ProductIndex":68951}
{"itemId":"B006YOB03M","ProductIndex":75441}
{"itemId":"B00006HWX6","ProductIndex":146430}
{"itemId":"B000IBU4IY","ProductIndex":41465}
{"itemId":"B0044TCWBS","ProductIndex":48811}
{"itemId":"B00657ZXVS","ProductIndex":199652}
{"itemId":"B00CER2IAM","ProductIndex":44415}
{"itemId":"B002M1HKLC","ProductIndex":68170}
{"itemId":"B008J2TKS4","ProductIndex":97361}
{"itemId":"B006015MTM","ProductIndex":67910}
{"itemId":"B0026P3CFM","ProductIndex":81122}
{"itemId":"B0074AVUI0","ProductIndex":66807}
{"itemId":"B004H1KB0W","ProductIndex":135225}
{"itemId":"B0087PWO22","ProductIndex":54029}
{"itemId":"B0035FZJFS","ProductIndex":121484}
{"itemId":"B003X0E6PE","ProductIndex":99834}
{"itemId":"B00C9HF2E6","ProductIndex":178020}
{"itemId":"B00CPNXYHQ","ProductIndex":136561}
{"itemId":"B000RNDZLQ","ProductIndex":194507}
{"itemId":"B005J7ENO8","ProductIndex":44487}
{"itemId":"B00009R7EB","ProductIndex":74617}
{"itemId":"B000FE7G80","ProductIndex":70032}
{"itemId":"B00EIMX030","ProductIndex":156019}
{"itemId":"B00002SX0O","ProductIndex":115300}
{"itemId":"B004MU3SLC","ProductIndex":171810}
{"itemId":"B000IZ96SO","ProductIndex":163032}
{"itemId":"B004BCRQZU","ProductIndex":66775}
{"itemId":"B00001ZSSY","ProductIndex":114822}
{"itemId":"B000I1BF9Q","ProductIndex":35169}
{"itemId":"B002R0DVWA","ProductIndex":63262}
{"itemId":"B005J1BJ8W","ProductIndex":116636}
{"itemId":"B0089XWL8E","ProductIndex":126604}
{"itemId":"B0050HH70E","ProductIndex":59101}
{"itemId":"B003732AE6","ProductIndex":24698}
{"itemId":"B000MND6NI","ProductIndex":48744}
{"itemId":"B007PUEEO6","ProductIndex":44083}
{"itemId":"B002N8A1GU","ProductIndex":41279}
{"itemId":"B0087UBZ6I","ProductIndex":116151}
{"itemId":"B00069QQD0","ProductIndex":72135}
{"itemId":"B00005U0I5","ProductIndex":114486}
{"itemId":"B009KZ367A","ProductIndex":50524}
{"itemId":"B008X7P4IU","ProductIndex":120497}
{"itemId":"B00494TQKS","ProductIndex":78194}
{"itemId":"B005M4T140","ProductIndex":154866}
{"itemId":"B006FIBVKE","ProductIndex":131165}
{"itemId":"B00004Z6X9","ProductIndex":139868}
{"itemId":"B0060KKWPC","ProductIndex":87680}
{"itemId":"B00466HU9I","ProductIndex":116780}
{"itemId":"B007AJTLWM","ProductIndex":97387}
{"itemId":"B002626SLA","ProductIndex":148210}
{"itemId":"B0000B3AKR","ProductIndex":40091}
{"itemId":"B005KLC2BE","ProductIndex":66004}
{"itemId":"B001U78EEQ","ProductIndex":119326}
{"itemId":"B00BGRMEUK","ProductIndex":150144}
{"itemId":"B005LRSJDM","ProductIndex":114397}
{"itemId":"B001PF7JPS","ProductIndex":117689}
{"itemId":"B000CF0ZXK","ProductIndex":58091}
{"itemId":"B000YAB6U4","ProductIndex":83769}
{"itemId":"B007ZT4XTS","ProductIndex":67225}
{"itemId":"B008HIZ9FS","ProductIndex":87298}
{"itemId":"B00B5KC9Z8","ProductIndex":148364}
{"itemId":"B004FO0MRS","ProductIndex":134431}
{"itemId":"B008ABL14A","ProductIndex":33433}
{"itemId":"B004FLSSHW","ProductIndex":166377}
{"itemId":"B0002J75V6","ProductIndex":108600}
{"itemId":"B00CEODHGO","ProductIndex":23860}
{"itemId":"B003S082KE","ProductIndex":130242}
{"itemId":"B003RXQSHQ","ProductIndex":124518}
{"itemId":"B000YQUCVM","ProductIndex":72198}
{"itemId":"B0015TS674","ProductIndex":85952}
{"itemId":"B000YTNO64","ProductIndex":206470}
{"itemId":"B0010P3P6K","ProductIndex":158742}
{"itemId":"B005T23Z38","ProductIndex":152344}
{"itemId":"B008AGMNTM","ProductIndex":83421}
{"itemId":"B0019JJ8O0","ProductIndex":155594}
{"itemId":"B005FK2HFG","ProductIndex":83951}
{"itemId":"B00BFFAWHK","ProductIndex":39587}
{"itemId":"B001R4O27K","ProductIndex":69275}
{"itemId":"B001QFNDXE","ProductIndex":94232}
{"itemId":"B000RIL0UE","ProductIndex":123860}
{"itemId":"B00A9LOWMM","ProductIndex":156499}
{"itemId":"B00092PQ94","ProductIndex":122824}
{"itemId":"B000WK3OAQ","ProductIndex":197556}
{"itemId":"B00G7TLNT0","ProductIndex":119332}
{"itemId":"B00163YA92","ProductIndex":156382}
{"itemId":"B000FCP5SU","ProductIndex":60326}
{"itemId":"B005H43ZW4","ProductIndex":153269}
{"itemId":"B000F6573E","ProductIndex":51520}
{"itemId":"B0086ZV2NU","ProductIndex":116518}
{"itemId":"B007YPWT8A","ProductIndex":101085}
{"itemId":"B006P4DGYC","ProductIndex":64043}
{"itemId":"B00021XQHG","ProductIndex":94941}
{"itemId":"B001JEH6RQ","ProductIndex":47345}
{"itemId":"B000068IHA","ProductIndex":127945}
{"itemId":"B0043TB82I","ProductIndex":197889}
{"itemId":"B00111NBU8","ProductIndex":70582}
{"itemId":"B000MMCJQY","ProductIndex":63420}
{"itemId":"B003CEP10A","ProductIndex":114262}
{"itemId":"B000P6G7YW","ProductIndex":127486}
{"itemId":"B001M0NY3W","ProductIndex":185716}
{"itemId":"B004N269VA","ProductIndex":117885}
{"itemId":"B00844YRUS","ProductIndex":35519}
{"itemId":"B0009RENHU","ProductIndex":76839}
{"itemId":"B001W8QDEQ","ProductIndex":110062}
{"itemId":"B008VP9ZGQ","ProductIndex":51789}
{"itemId":"B004JWWV7A","ProductIndex":125660}
{"itemId":"B00009XW5O","ProductIndex":72599}
{"itemId":"B0000501EJ","ProductIndex":78986}
{"itemId":"B0001MMH8U","ProductIndex":69985}
{"itemId":"B0009W8MTK","ProductIndex":174446}
{"itemId":"B004SJJYJW","ProductIndex":111236}
{"itemId":"B00111Z6QK","ProductIndex":164072}
{"itemId":"B008ILDNEI","ProductIndex":160012}
{"itemId":"B00E8LB1UA","ProductIndex":161319}
{"itemId":"B00CGP74Z6","ProductIndex":64331}
{"itemId":"B0014L6R6A","ProductIndex":68845}
{"itemId":"B0001NA2WM","ProductIndex":155366}
{"itemId":"B00A9YWFRI","ProductIndex":75653}
{"itemId":"B0087OTUJI","ProductIndex":127970}
{"itemId":"B009GUOQZK","ProductIndex":84610}
{"itemId":"B00003006X","ProductIndex":62284}
{"itemId":"B002WRIBNM","ProductIndex":115787}
{"itemId":"B00HRLSS4U","ProductIndex":91994}
{"itemId":"B00FEE7CY4","ProductIndex":63621}
{"itemId":"B0045H2CDC","ProductIndex":106146}
{"itemId":"B008D5Q3MS","ProductIndex":69367}
{"itemId":"B008UCA29Y","ProductIndex":75926}
{"itemId":"B004EXPKHW","ProductIndex":64207}
{"itemId":"B005ZM28L2","ProductIndex":192961}
{"itemId":"B009X4SYAM","ProductIndex":184459}
{"itemId":"B004CRU386","ProductIndex":192401}
{"itemId":"B003TYDK1U","ProductIndex":68426}
{"itemId":"B000BPNUCY","ProductIndex":86857}
{"itemId":"B0012Y33DO","ProductIndex":53842}
{"itemId":"B00007B3UR","ProductIndex":167282}
{"itemId":"B002RWJGQI","ProductIndex":76726}
{"itemId":"B000TVJAAQ","ProductIndex":128140}
{"itemId":"B007BFOP0I","ProductIndex":90125}
{"itemId":"B00DGDO9FA","ProductIndex":109878}
{"itemId":"B0080E7BGO","ProductIndex":164871}
{"itemId":"B00ABB81UE","ProductIndex":183350}
{"itemId":"B000LMOH5Q","ProductIndex":110465}
{"itemId":"B0017U9W8I","ProductIndex":199606}
{"itemId":"B00BLTE8HK","ProductIndex":73529}
{"itemId":"B000EYS3YM","ProductIndex":167069}
{"itemId":"B0077VC170","ProductIndex":67166}
{"itemId":"B00006JP9U","ProductIndex":169918}
{"itemId":"B002U0N3DY","ProductIndex":62829}
{"itemId":"B003V1IKBQ","ProductIndex":88140}
{"itemId":"B00EZI5YOU","ProductIndex":97395}
{"itemId":"B003OU0AIU","ProductIndex":84926}
{"itemId":"B004WIU380","ProductIndex":78456}
{"itemId":"B004UBWHP6","ProductIndex":187271}
{"itemId":"B000TUM4IM","ProductIndex":94346}
{"itemId":"B001H1HLGW","ProductIndex":99742}
{"itemId":"B00J0NXJWO","ProductIndex":117846}
{"itemId":"B00GWF3K5E","ProductIndex":188990}
{"itemId":"B000KIPG1K","ProductIndex":185933}
{"itemId":"B000IZWYXI","ProductIndex":78751}
{"itemId":"B00CMXDG54","ProductIndex":116915}
{"itemId":"B005HMZ97A","ProductIndex":118778}
{"itemId":"B002XG1B2K","ProductIndex":38295}
{"itemId":"B001L12NGG","ProductIndex":78616}
{"itemId":"B00000JCT3","ProductIndex":175564}
{"itemId":"B0050OXNB4","ProductIndex":132865}
{"itemId":"B00EK80FD0","ProductIndex":194153}
{"itemId":"B0000512QS","ProductIndex":75750}
{"itemId":"B001HA8D1A","ProductIndex":201578}
{"itemId":"B001CJ63L8","ProductIndex":185978}
{"itemId":"B004P3MGC8","ProductIndex":170395}
{"itemId":"B000GKQNYQ","ProductIndex":134412}
{"itemId":"B006ZRX4YG","ProductIndex":200878}
{"itemId":"B00H8O8BVG","ProductIndex":108856}
{"itemId":"B001447Z8Q","ProductIndex":42970}
{"itemId":"B003539O3S","ProductIndex":145723}
{"itemId":"B008DQQYAI","ProductIndex":119645}
{"itemId":"B00B5NOUIO","ProductIndex":84704}
{"itemId":"B00ANX6POO","ProductIndex":174424}
{"itemId":"B008QSVI8G","ProductIndex":124431}
{"itemId":"B000PF6TQY","ProductIndex":199145}
{"itemId":"B0002UOQVW","ProductIndex":149941}
{"itemId":"B00005LAWF","ProductIndex":145124}
{"itemId":"B00B7791BO","ProductIndex":99904}
{"itemId":"B00DQMAU4K","ProductIndex":140042}
{"itemId":"B00933OCJ0","ProductIndex":103830}
{"itemId":"B009GKRZR6","ProductIndex":84830}
{"itemId":"B004O2DODK","ProductIndex":132513}
{"itemId":"B0007QN19E","ProductIndex":192342}
{"itemId":"B004472ATY","ProductIndex":69328}
{"itemId":"B0001M3MUC","ProductIndex":62766}
{"itemId":"B00B3DY4AA","ProductIndex":131876}
{"itemId":"B004Y3KU4A","ProductIndex":143104}
{"itemId":"B009XNDZDY","ProductIndex":125472}
{"itemId":"B00301M9J6","ProductIndex":74679}
{"itemId":"B006DLP6JA","ProductIndex":76485}
{"itemId":"B001CD8IN0","ProductIndex":170477}
{"itemId":"B00829BAUK","ProductIndex":164233}
{"itemId":"B00EI8LPXG","ProductIndex":170333}
{"itemId":"B00CXFGYRI","ProductIndex":151169}
{"itemId":"B002QN8LV4","ProductIndex":168004}
{"itemId":"B002TS1RLC","ProductIndex":92812}
{"itemId":"B00ECOVVWQ","ProductIndex":80520}
{"itemId":"B0012N7WZA","ProductIndex":114489}
{"itemId":"B003O6HJ0G","ProductIndex":93524}
{"itemId":"B004OOYS4M","ProductIndex":107045}
{"itemId":"B000068O3P","ProductIndex":100725}
{"itemId":"B0061MRK2C","ProductIndex":203460}
{"itemId":"B001AJKP4Q","ProductIndex":97731}
{"itemId":"B000WN4RJA","ProductIndex":77497}
{"itemId":"B001DUSXOQ","ProductIndex":84414}
{"itemId":"B007PUZUB2","ProductIndex":126476}
{"itemId":"B00DECWAHC","ProductIndex":185114}
{"itemId":"B003UWQI60","ProductIndex":85249}
{"itemId":"B004SUTMH0","ProductIndex":77520}
{"itemId":"B00005UK9Z","ProductIndex":141819}
{"itemId":"B0002J24Q2","ProductIndex":120113}
{"itemId":"B002LA70SW","ProductIndex":190541}
{"itemId":"B008SHK7Z0","ProductIndex":118415}
{"itemId":"B0072L8098","ProductIndex":118439}
{"itemId":"B0032DRXIO","ProductIndex":175561}
{"itemId":"B000PAM076","ProductIndex":155873}
{"itemId":"B00FA4UC2M","ProductIndex":65952}
{"itemId":"B00CQSBKMQ","ProductIndex":93358}
{"itemId":"B001J7MRM2","ProductIndex":102867}
{"itemId":"B0040X4NKG","ProductIndex":137843}
{"itemId":"B0034HROM8","ProductIndex":98623}
{"itemId":"B00B5I758G","ProductIndex":186288}
{"itemId":"B0060NQ2SK","ProductIndex":207296}
{"itemId":"B0013XZBI4","ProductIndex":119413}
{"itemId":"B00A1509GY","ProductIndex":166878}
{"itemId":"B00DXZ9JJ2","ProductIndex":126335}
{"itemId":"B001CCGUY0","ProductIndex":178643}
{"itemId":"B001MQ33M8","ProductIndex":171598}
{"itemId":"B001A5PDKQ","ProductIndex":96067}
{"itemId":"B00HAYVBDO","ProductIndex":195430}
{"itemId":"B00BOEAYEI","ProductIndex":192255}
{"itemId":"B00004UE8Y","ProductIndex":203405}
{"itemId":"B0052EE0AU","ProductIndex":119638}
{"itemId":"B002EVP7II","ProductIndex":98407}
{"itemId":"B004YFCFGO","ProductIndex":183019}
{"itemId":"B00E1JAKQA","ProductIndex":117059}
{"itemId":"B000CCYQDS","ProductIndex":98146}
{"itemId":"B005LEXGHY","ProductIndex":157459}
{"itemId":"B000666C0A","ProductIndex":183947}
{"itemId":"B000ESLEFS","ProductIndex":169711}
{"itemId":"B009KXF9EK","ProductIndex":154554}
{"itemId":"B00852KPI2","ProductIndex":87729}
{"itemId":"B00EPWZ51I","ProductIndex":151946}
{"itemId":"B00004TKL7","ProductIndex":139609}
{"itemId":"B0095YVCXG","ProductIndex":184234}
{"itemId":"B0079PVOTK","ProductIndex":171111}
{"itemId":"B003OBY0B2","ProductIndex":130027}
{"itemId":"B00BSR0UXG","ProductIndex":167074}
{"itemId":"B004P9UP6Q","ProductIndex":191527}
{"itemId":"B001K2L5YW","ProductIndex":167794}
{"itemId":"B009AJ5VVU","ProductIndex":96277}
{"itemId":"B0007Q80R2","ProductIndex":152884}
{"itemId":"B008NHTLKC","ProductIndex":118646}
{"itemId":"B00547EZXW","ProductIndex":188149}
{"itemId":"B00BHSTUPK","ProductIndex":91746}
{"itemId":"B002YOHZY4","ProductIndex":123556}
{"itemId":"B000TK9SCM","ProductIndex":132317}
{"itemId":"B00006HYLO","ProductIndex":113264}
{"itemId":"B00385XTZM","ProductIndex":173845}
{"itemId":"B003VWU8CO","ProductIndex":153614}
{"itemId":"B00005YV4Q","ProductIndex":127296}
{"itemId":"B000KIM9OW","ProductIndex":107976}
{"itemId":"B0036TSFU4","ProductIndex":189232}
{"itemId":"B00A27QPHS","ProductIndex":148701}
{"itemId":"B000QV3U5U","ProductIndex":142455}
{"itemId":"B00AS4Z5JE","ProductIndex":155230}
{"itemId":"B00292BGVY","ProductIndex":105525}
{"itemId":"B009DNLCGQ","ProductIndex":154052}
{"itemId":"B0066BT63Y","ProductIndex":182072}
{"itemId":"B004N91V3Y","ProductIndex":144405}
{"itemId":"B00CHWHXKY","ProductIndex":191879}
{"itemId":"B004BFU8TS","ProductIndex":110497}
{"itemId":"B00DSI07YA","ProductIndex":164429}
{"itemId":"B00CFEWL24","ProductIndex":159131}
{"itemId":"B0001BRIQC","ProductIndex":123038}
{"itemId":"B000VJ44N4","ProductIndex":105841}
{"itemId":"B004KLRMII","ProductIndex":102771}
{"itemId":"B004HW6F6U","ProductIndex":92172}
{"itemId":"B0071JS0OG","ProductIndex":147359}
{"itemId":"B0044UK4EE","ProductIndex":174577}
{"itemId":"B005CD2PWG","ProductIndex":134593}
{"itemId":"B005DIWYPS","ProductIndex":66606}
{"itemId":"B0091IV2KO","ProductIndex":144082}
{"itemId":"B003KW54WE","ProductIndex":148909}
{"itemId":"B004MJYLSW","ProductIndex":140089}
{"itemId":"B000VTNT7G","ProductIndex":113237}
{"itemId":"B0007IMMY2","ProductIndex":55466}
{"itemId":"B009IZC3YY","ProductIndex":87812}
{"itemId":"B00C63SM5O","ProductIndex":164884}
{"itemId":"B0061P0D3M","ProductIndex":173682}
{"itemId":"B00BUA9FRI","ProductIndex":184824}
{"itemId":"B002N4G89I","ProductIndex":145188}
{"itemId":"B000KNJEXQ","ProductIndex":110576}
{"itemId":"B004M184RE","ProductIndex":191177}
{"itemId":"B00744TNM6","ProductIndex":143824}
{"itemId":"B005QEPYT2","ProductIndex":203235}
{"itemId":"B005IZCYXS","ProductIndex":98319}
{"itemId":"B000Y12QGG","ProductIndex":186536}
{"itemId":"B0036SRHPE","ProductIndex":143381}
{"itemId":"B00D0EHI6C","ProductIndex":175284}
{"itemId":"B00AJYLBSM","ProductIndex":147722}
{"itemId":"B00C7FKTTS","ProductIndex":180244}
{"itemId":"B001DCEZFA","ProductIndex":100071}
{"itemId":"B000WKQWBE","ProductIndex":174309}
{"itemId":"B003DGX1GI","ProductIndex":159634}
{"itemId":"B00E3FT69O","ProductIndex":191304}
{"itemId":"B0007L7168","ProductIndex":192787}
{"itemId":"B0058OQ3H2","ProductIndex":66754}
{"itemId":"B002W8RCA4","ProductIndex":180264}
{"itemId":"B00I8O6OQ4","ProductIndex":146523}
{"itemId":"B000E8VQ8S","ProductIndex":148117}
{"itemId":"B007S0YO5W","ProductIndex":182862}
{"itemId":"B004SY6WE2","ProductIndex":124914}
{"itemId":"B00FKBU02M","ProductIndex":171738}
{"itemId":"B00B1JY7US","ProductIndex":188247}
{"itemId":"B0020NA46K","ProductIndex":151200}
{"itemId":"B004I1LF2E","ProductIndex":189344}
{"itemId":"B002WGB4IW","ProductIndex":200092}
{"itemId":"B002QU8FT0","ProductIndex":176288}
{"itemId":"B001MRYTOS","ProductIndex":148020}
{"itemId":"B00F3L82H4","ProductIndex":177889}
{"itemId":"B00D4ABJW6","ProductIndex":192119}
{"itemId":"B00A6JV2XE","ProductIndex":168363}
{"itemId":"B002O1F8V4","ProductIndex":190738}
{"itemId":"B0016BWSZ2","ProductIndex":141322}
{"itemId":"B004KAKN30","ProductIndex":108091}
{"itemId":"B0000646PQ","ProductIndex":98025}
{"itemId":"B001QCWRPM","ProductIndex":119788}
{"itemId":"B0043D7AOE","ProductIndex":205511}
{"itemId":"B00000JHWR","ProductIndex":115700}
{"itemId":"B0072L7YFE","ProductIndex":178614}
{"itemId":"B005ALSIHQ","ProductIndex":161537}
{"itemId":"B0018Z2YA0","ProductIndex":172424}
{"itemId":"B000095SMU","ProductIndex":195983}
{"itemId":"B0032HU8NM","ProductIndex":63067}
{"itemId":"B00AADUGWY","ProductIndex":102574}
{"itemId":"B00ER7D15I","ProductIndex":132905}
{"itemId":"B003TTONVG","ProductIndex":147099}
{"itemId":"B003L5DTYA","ProductIndex":189911}
{"itemId":"B0078P8UMU","ProductIndex":130597}
{"itemId":"B002V1R626","ProductIndex":188264}
{"itemId":"B000I1YUGQ","ProductIndex":168844}
{"itemId":"B000G6Q1EW","ProductIndex":91005}
{"itemId":"B003FSTAK0","ProductIndex":164077}
{"itemId":"B004149AB6","ProductIndex":161835}
{"itemId":"B0049BZGSC","ProductIndex":131589}
{"itemId":"B00CBYMC9K","ProductIndex":181124}
{"itemId":"B002DMKKY4","ProductIndex":112105}
{"itemId":"B003WJGCJ4","ProductIndex":207272}
{"itemId":"B0035HAQCW","ProductIndex":89686}
{"itemId":"B003BLHIX2","ProductIndex":167296}
{"itemId":"B0015ASKMY","ProductIndex":147113}
{"itemId":"B001DWB4B8","ProductIndex":119985}
{"itemId":"B00ASR5492","ProductIndex":185314}
{"itemId":"B004OZX1YE","ProductIndex":188368}
{"itemId":"B001VG7T24","ProductIndex":112938}
{"itemId":"B00005AB9E","ProductIndex":183685}
{"itemId":"B00HWMOZAU","ProductIndex":168961}
{"itemId":"B000OD1MEG","ProductIndex":200238}
{"itemId":"B008SJ9F7Y","ProductIndex":104746}
{"itemId":"B004601K9A","ProductIndex":139068}
{"itemId":"B005NC2HFQ","ProductIndex":148192}
{"itemId":"B0058GB9YW","ProductIndex":163556}
{"itemId":"B00007AKAW","ProductIndex":150026}
{"itemId":"B003TO56OY","ProductIndex":169522}
{"itemId":"B00G4LAJRI","ProductIndex":100105}
{"itemId":"B003D7D6ZI","ProductIndex":183198}
{"itemId":"B0077I9TYG","ProductIndex":191210}
{"itemId":"B002QYT3ZG","ProductIndex":152816}
{"itemId":"B0058MRM2Y","ProductIndex":150181}
{"itemId":"B000BKV34G","ProductIndex":178367}
{"itemId":"B0000XMUHI","ProductIndex":95518}
{"itemId":"B000N3WTGM","ProductIndex":180126}
{"itemId":"B004TL3S50","ProductIndex":196893}
{"itemId":"B006W0ID1K","ProductIndex":169300}
{"itemId":"B003H3ZJ1C","ProductIndex":154484}
{"itemId":"B00006L7RX","ProductIndex":134547}
{"itemId":"B000VQU2RO","ProductIndex":135496}
{"itemId":"B0009KF9BQ","ProductIndex":199804}
{"itemId":"B000FLUSEM","ProductIndex":99456}
{"itemId":"B0000CDEZE","ProductIndex":151166}
{"itemId":"B003V32C2C","ProductIndex":87434}
{"itemId":"B00C5R8BEI","ProductIndex":187873}
{"itemId":"B001NGPAMI","ProductIndex":150185}
{"itemId":"B007QW01W2","ProductIndex":142263}
{"itemId":"B00D1NOUGI","ProductIndex":178758}
{"itemId":"B009JHJ4S4","ProductIndex":200021}
{"itemId":"B0009Y8T3M","ProductIndex":121472}
{"itemId":"B00GN9B4N4","ProductIndex":108286}
{"itemId":"B0032GQ1QQ","ProductIndex":97514}
{"itemId":"B002JCSDQ0","ProductIndex":200560}
{"itemId":"B0052QZJZI","ProductIndex":106885}
{"itemId":"B00GN7Z20W","ProductIndex":127650}
{"itemId":"B008J259WA","ProductIndex":208018}
{"itemId":"B00DI89N4U","ProductIndex":189184}
{"itemId":"B00AFVA4OG","ProductIndex":202035}
{"itemId":"B0029LAEQ8","ProductIndex":161030}
{"itemId":"B00008IOY3","ProductIndex":203381}
{"itemId":"B0044XTLNG","ProductIndex":176679}
{"itemId":"B006CPMG3G","ProductIndex":197841}
{"itemId":"B004YUBQFK","ProductIndex":99039}
{"itemId":"B00BI7VGU2","ProductIndex":145350}
{"itemId":"B001IZZ7EK","ProductIndex":185936}
{"itemId":"B0009NF4CW","ProductIndex":112294}
{"itemId":"B007W5KWB8","ProductIndex":109363}
{"itemId":"B00EVGMHOQ","ProductIndex":207649}
{"itemId":"B004DG4MZ6","ProductIndex":170741}
{"itemId":"B0009JCVGI","ProductIndex":159600}
{"itemId":"B00HHGCQ9S","ProductIndex":150135}
{"itemId":"B0002H02BI","ProductIndex":203214}
{"itemId":"B000VHIS1U","ProductIndex":201217}
{"itemId":"B000VX1WAI","ProductIndex":200194}
{"itemId":"B00986KV0G","ProductIndex":205170}
{"itemId":"B007RT13QC","ProductIndex":202328}
{"itemId":"B00ALQKCF6","ProductIndex":133061}
{"itemId":"B00GQFZKBC","ProductIndex":199809}
{"itemId":"B0033Q3QLS","ProductIndex":153935}
{"itemId":"B007X4V9X8","ProductIndex":140700}
{"itemId":"B0090PLUIC","ProductIndex":164628}
{"itemId":"B00HNW528S","ProductIndex":136595}
{"itemId":"B00ELMSQPY","ProductIndex":148707}
{"itemId":"B008X9YIZ8","ProductIndex":122216}
{"itemId":"B0009JR56O","ProductIndex":141093}
{"itemId":"B00FQC42ZG","ProductIndex":178036}
{"itemId":"B005IVL0NM","ProductIndex":105701}
{"itemId":"B004UHQNUU","ProductIndex":122021}
{"itemId":"B000UO4A7K","ProductIndex":143729}
{"itemId":"B00ARHMJGE","ProductIndex":141532}
{"itemId":"B001CLAQO6","ProductIndex":152114}
{"itemId":"B001EVY1GI","ProductIndex":141373}
{"itemId":"B00009PZXJ","ProductIndex":183166}
{"itemId":"B0002QPCPA","ProductIndex":186769}
{"itemId":"B00JEPZM5U","ProductIndex":180558}
{"itemId":"B002KDS2KU","ProductIndex":202002}
{"itemId":"B00006F2W2","ProductIndex":153937}
{"itemId":"B0017OPNCS","ProductIndex":205844}
{"itemId":"B00A0GVR0Q","ProductIndex":144615}
{"itemId":"B005GLXON8","ProductIndex":177078}
{"itemId":"B003SXUR3G","ProductIndex":189281}
{"itemId":"B004W4K05U","ProductIndex":164926}
{"itemId":"B008BGLM02","ProductIndex":145065}
{"itemId":"B009OU9CCE","ProductIndex":175584}
{"itemId":"B005SF3XSS","ProductIndex":191048}
{"itemId":"B005FGMSQ8","ProductIndex":186922}
{"itemId":"B00HQ4WOY8","ProductIndex":183445}
{"itemId":"B00CSJISKK","ProductIndex":142401}
{"itemId":"B0000AKUTW","ProductIndex":120697}
{"itemId":"B000W9DNS0","ProductIndex":129783}
{"itemId":"B001ZC561U","ProductIndex":187337}
{"itemId":"B001CY9W2A","ProductIndex":180797}
{"itemId":"B000FUIY7Q","ProductIndex":208117}
{"itemId":"B002X92WLQ","ProductIndex":207748}
{"itemId":"B00A16SYZG","ProductIndex":155897}
{"itemId":"B003P2V0AO","ProductIndex":140715}
{"itemId":"B00GT9YBFG","ProductIndex":202124}
{"itemId":"B00ATM9ZL4","ProductIndex":196129}
{"itemId":"B0001NBHNA","ProductIndex":139226}
{"itemId":"B0041PZRMG","ProductIndex":186984}
{"itemId":"B00061IU96","ProductIndex":189190}
{"itemId":"B008S9G6TE","ProductIndex":194876}
{"itemId":"B001HRCZLM","ProductIndex":203533}
{"itemId":"B009GHYRTI","ProductIndex":200109}
{"itemId":"B004SQH9J2","ProductIndex":152246}
{"itemId":"B00006BAJQ","ProductIndex":168670}
{"itemId":"B002B506BU","ProductIndex":201842}
{"itemId":"B0038HXQ76","ProductIndex":202325}
{"itemId":"B00007B3UY","ProductIndex":152032}
{"itemId":"B0001G113S","ProductIndex":157539}
{"itemId":"B00HQC8F6G","ProductIndex":144127}
{"itemId":"B000GPTF64","ProductIndex":181066}
{"itemId":"B00GD55PME","ProductIndex":200752}
{"itemId":"B0041T20AY","ProductIndex":95944}
{"itemId":"B000MHDT0O","ProductIndex":200141}
{"itemId":"B006DDGKZW","ProductIndex":183665}
{"itemId":"B004L7P1NY","ProductIndex":160411}
{"itemId":"B00BICSO7U","ProductIndex":150064}
{"itemId":"B003QGPCTE","ProductIndex":180670}
{"itemId":"B008P0HJM4","ProductIndex":125597}
{"itemId":"B0044DEEPG","ProductIndex":157933}
{"itemId":"B00B8NNTQK","ProductIndex":186387}
{"itemId":"B000XS5KA4","ProductIndex":120319}
{"itemId":"B008X5KE0U","ProductIndex":94363}
{"itemId":"B005OOU9GW","ProductIndex":178953}
{"itemId":"B004SWEL4C","ProductIndex":184463}
{"itemId":"B001RRDCJ6","ProductIndex":191223}
{"itemId":"B005NBNUWG","ProductIndex":203151}
{"itemId":"B00F398KPK","ProductIndex":161723}
{"itemId":"B001TIP9AS","ProductIndex":176611}
{"itemId":"B00AV8DQI4","ProductIndex":194559}
{"itemId":"B005QIQDN4","ProductIndex":180214}
{"itemId":"B008UCN32C","ProductIndex":179150}
{"itemId":"B00J952MDA","ProductIndex":193264}
{"itemId":"B00F5K2KKI","ProductIndex":201801}
{"itemId":"B007A1FLME","ProductIndex":166109}
{"itemId":"B002FC9KK2","ProductIndex":166181}
{"itemId":"B0095B3T8K","ProductIndex":197895}
{"itemId":"B00GOM8O06","ProductIndex":201152}
{"itemId":"B000VH5W32","ProductIndex":203569}
{"itemId":"B00064CIKA","ProductIndex":201779}
{"itemId":"B0057G1C5Y","ProductIndex":203267}
{"itemId":"B0069KPG0E","ProductIndex":200078}
{"itemId":"B00HCVKTWE","ProductIndex":179908}
{"itemId":"B004DLZIAY","ProductIndex":205654}
{"itemId":"B0002340K6","ProductIndex":199421}
{"itemId":"B005AUJ3SA","ProductIndex":198040}
{"itemId":"B004RBFPXK","ProductIndex":147663}
{"itemId":"B00501SV14","ProductIndex":181044}
{"itemId":"B00555CSN2","ProductIndex":202445}
{"itemId":"B00005NTHF","ProductIndex":160296}
{"itemId":"B000E1S39A","ProductIndex":180003}
{"itemId":"B009XG15A6","ProductIndex":192756}
{"itemId":"B000VVW92K","ProductIndex":198686}
{"itemId":"B007UTHI22","ProductIndex":176568}
{"itemId":"B000KL183C","ProductIndex":186185}
{"itemId":"B0047527NW","ProductIndex":196910}
{"itemId":"B0007WZQBO","ProductIndex":204318}
{"itemId":"B001C3V5YO","ProductIndex":193964}
{"itemId":"B0044PFUZW","ProductIndex":199138}
{"itemId":"B009OZLRE0","ProductIndex":187140}
{"itemId":"B00AQT556E","ProductIndex":184834}
{"itemId":"B00A4YVJMA","ProductIndex":198935}
{"itemId":"B000RERZES","ProductIndex":183577}
{"itemId":"B000EAKL2S","ProductIndex":200999}
{"itemId":"B0019W7HKE","ProductIndex":166276}
{"itemId":"B00006HVZB","ProductIndex":207029}
{"itemId":"B003VRXAH4","ProductIndex":186625}
