{"itemId":"B0002YU7FC","ProductIndex":29881}
{"itemId":"B0052606II","ProductIndex":14871}
{"itemId":"B004MM9JRW","ProductIndex":71291}
{"itemId":"B00JC5Y6WM","ProductIndex":7416}
{"itemId":"B0057QETGS","ProductIndex":2956}
{"itemId":"B001HN6CGU","ProductIndex":7528}
{"itemId":"B000F2M16E","ProductIndex":25430}
{"itemId":"B00066XTCE","ProductIndex":84614}
{"itemId":"B0035548TQ","ProductIndex":11517}
{"itemId":"B001JE9G3I","ProductIndex":26198}
{"itemId":"B000VS1CNU","ProductIndex":206569}
{"itemId":"B000S379EY","ProductIndex":138939}
{"itemId":"B0040IXJM4","ProductIndex":66365}
{"itemId":"B005DKZP6G","ProductIndex":7310}
{"itemId":"B00AA48BZW","ProductIndex":10044}
{"itemId":"B00264TQQM","ProductIndex":23795}
{"itemId":"B007RN9ZSQ","ProductIndex":186787}
{"itemId":"B000EUJD3G","ProductIndex":31865}
{"itemId":"B002FU5QMK","ProductIndex":1928}
{"itemId":"B0098XS4Q2","ProductIndex":36175}
{"itemId":"B0049CSDSQ","ProductIndex":36476}
{"itemId":"B0006HQBS2","ProductIndex":52578}
{"itemId":"B000IF4788","ProductIndex":523}
{"itemId":"B003BEDTBE","ProductIndex":39946}
{"itemId":"B00D68ZVY8","ProductIndex":7384}
{"itemId":"B001UI2FPE","ProductIndex":165}
{"itemId":"B003VWXVA0","ProductIndex":64567}
{"itemId":"B000NUBY0C","ProductIndex":1947}
{"itemId":"B005WKIKA0","ProductIndex":2927}
{"itemId":"B0013LPKIC","ProductIndex":48883}
{"itemId":"B0051OT5QA","ProductIndex":112187}
{"itemId":"B005LY7VQQ","ProductIndex":197215}
{"itemId":"B003MQLSMI","ProductIndex":28462}
{"itemId":"B000H9MQJM","ProductIndex":131357}
{"itemId":"B00009R7RJ","ProductIndex":17539}
{"itemId":"B00A47AWBQ","ProductIndex":24211}
{"itemId":"B008VGCT9K","ProductIndex":6919}
{"itemId":"B00BMYQTYE","ProductIndex":2583}
{"itemId":"B002YBWKRY","ProductIndex":18683}
{"itemId":"B0062XMICW","ProductIndex":96253}
{"itemId":"B000AV14J0","ProductIndex":16496}
{"itemId":"B00AI5JNC8","ProductIndex":25894}
{"itemId":"B000AM5O7M","ProductIndex":66643}
{"itemId":"B001FB6PO8","ProductIndex":15277}
{"itemId":"B00CDJJZV6","ProductIndex":13825}
{"itemId":"B009WHV3XA","ProductIndex":11569}
{"itemId":"B002U1ZBG0","ProductIndex":647}
{"itemId":"B00178NJZM","ProductIndex":66110}
{"itemId":"B00F51C7PK","ProductIndex":111880}
{"itemId":"B000VW2QAY","ProductIndex":89112}
{"itemId":"B0002J2D0Y","ProductIndex":17692}
{"itemId":"B001T9N0ZI","ProductIndex":160557}
{"itemId":"B007PP17OQ","ProductIndex":10564}
{"itemId":"B001MQAALA","ProductIndex":70544}
{"itemId":"B000O0K678","ProductIndex":28987}
{"itemId":"B00393THEK","ProductIndex":2870}
{"itemId":"B005M3BIMO","ProductIndex":15385}
{"itemId":"B004VCW8KI","ProductIndex":8460}
{"itemId":"B0015NRQ5S","ProductIndex":30203}
{"itemId":"B007SHJIO2","ProductIndex":9298}
{"itemId":"B004Q0UVKY","ProductIndex":84750}
{"itemId":"B008ENQ7F2","ProductIndex":22866}
{"itemId":"B0097U0OPA","ProductIndex":24043}
{"itemId":"B008CQ9KBY","ProductIndex":206815}
{"itemId":"B004IJRUR0","ProductIndex":129924}
{"itemId":"B002LITG7M","ProductIndex":3754}
{"itemId":"B003YQNYZU","ProductIndex":20071}
{"itemId":"B001CY0P7G","ProductIndex":2261}
{"itemId":"B007ABIY4Q","ProductIndex":3818}
{"itemId":"B0021L9C00","ProductIndex":17544}
{"itemId":"B002OOWB3O","ProductIndex":1093}
{"itemId":"B00ATM1MGA","ProductIndex":5002}
{"itemId":"B000I21YDM","ProductIndex":29552}
{"itemId":"B002CVPI0W","ProductIndex":18129}
{"itemId":"B002TKVK1M","ProductIndex":55480}
{"itemId":"B00ATE7TQA","ProductIndex":4340}
{"itemId":"B00198F89A","ProductIndex":4870}
{"itemId":"B000B60H0G","ProductIndex":2920}
{"itemId":"B004N625C8","ProductIndex":14591}
{"itemId":"B003B3N258","ProductIndex":12097}
{"itemId":"B008J7IJOK","ProductIndex":3674}
{"itemId":"B0043BVLE6","ProductIndex":73397}
{"itemId":"B0002344GG","ProductIndex":4527}
{"itemId":"B0000C3GWU","ProductIndex":1829}
{"itemId":"B002J94SYE","ProductIndex":68733}
{"itemId":"B001MQ4Q06","ProductIndex":3991}
{"itemId":"B004R1Q4VW","ProductIndex":110808}
{"itemId":"B00005T3EY","ProductIndex":15129}
{"itemId":"B00HO1L868","ProductIndex":189380}
{"itemId":"B007PFYHHU","ProductIndex":13027}
{"itemId":"B009HC7BL8","ProductIndex":16308}
{"itemId":"B003LD4T0K","ProductIndex":6463}
{"itemId":"B000X1YZBQ","ProductIndex":48849}
{"itemId":"B001OOT804","ProductIndex":11145}
{"itemId":"B007SNM046","ProductIndex":8622}
{"itemId":"B005DMYRRC","ProductIndex":21896}
{"itemId":"B003V8ATW2","ProductIndex":49617}
{"itemId":"B001JT1OR4","ProductIndex":82291}
{"itemId":"B008D1JRIO","ProductIndex":1924}
{"itemId":"B008YCWV2G","ProductIndex":44707}
{"itemId":"B009TL1XS4","ProductIndex":12386}
{"itemId":"B0054L1SOM","ProductIndex":7485}
{"itemId":"B000VZ3ADS","ProductIndex":11571}
{"itemId":"B002R6I8QS","ProductIndex":74709}
{"itemId":"B0002855KK","ProductIndex":9800}
{"itemId":"B0017915OI","ProductIndex":41552}
{"itemId":"B00005T3DY","ProductIndex":43015}
{"itemId":"B006B1C88Y","ProductIndex":2534}
{"itemId":"B0000TU7IQ","ProductIndex":49795}
{"itemId":"B003R37S3Y","ProductIndex":74120}
{"itemId":"B0076ATRAQ","ProductIndex":35879}
{"itemId":"B00460JT34","ProductIndex":178509}
{"itemId":"B0098T7CGE","ProductIndex":27901}
{"itemId":"B004ALHOW2","ProductIndex":106455}
{"itemId":"B0055532WI","ProductIndex":32039}
{"itemId":"B00CRT8RMA","ProductIndex":64732}
{"itemId":"B005GZS51U","ProductIndex":60104}
{"itemId":"B00FIBLBYK","ProductIndex":106315}
{"itemId":"B001SER4BU","ProductIndex":9329}
{"itemId":"B00C8T7NOW","ProductIndex":14454}
{"itemId":"B003FM8LT2","ProductIndex":68418}
{"itemId":"B00365EVW4","ProductIndex":1503}
{"itemId":"B008J7YF3O","ProductIndex":11321}
{"itemId":"B0002I5RI0","ProductIndex":4540}
{"itemId":"B004GHNQDQ","ProductIndex":9391}
{"itemId":"B007LK5S0E","ProductIndex":29588}
{"itemId":"B001MQA9FW","ProductIndex":34917}
{"itemId":"B00AAK8L4M","ProductIndex":41197}
{"itemId":"B00332X1M6","ProductIndex":13890}
{"itemId":"B009I9N1NW","ProductIndex":33521}
{"itemId":"B00316SZSE","ProductIndex":56753}
{"itemId":"B0071O4EZK","ProductIndex":4545}
{"itemId":"B000UJN2TW","ProductIndex":43605}
{"itemId":"B000BFLFHQ","ProductIndex":15353}
{"itemId":"B005O30LJ8","ProductIndex":9779}
{"itemId":"B0006Q7LSC","ProductIndex":100388}
{"itemId":"B002AKKM5G","ProductIndex":120713}
{"itemId":"B003EWU0MY","ProductIndex":93588}
{"itemId":"B008IWWU6Y","ProductIndex":96441}
{"itemId":"B004V6BQ3O","ProductIndex":12172}
{"itemId":"B00CS16KR6","ProductIndex":105333}
{"itemId":"B003MG07KW","ProductIndex":104600}
{"itemId":"B00F19Q3S8","ProductIndex":9165}
{"itemId":"B003EE5RPM","ProductIndex":91861}
{"itemId":"B007MDQIH2","ProductIndex":13381}
{"itemId":"B00CD1FB26","ProductIndex":4457}
{"itemId":"B009WQEHXO","ProductIndex":88314}
{"itemId":"B00FARIAZ0","ProductIndex":11965}
{"itemId":"B0067W2ISW","ProductIndex":87066}
{"itemId":"B0040X4IKQ","ProductIndex":138031}
{"itemId":"B000X3KOD2","ProductIndex":3393}
{"itemId":"B0050I83RO","ProductIndex":63606}
{"itemId":"B002J47Q3O","ProductIndex":7365}
{"itemId":"B002UA2H9A","ProductIndex":20147}
{"itemId":"B003E65BGK","ProductIndex":12367}
{"itemId":"B00009W3UD","ProductIndex":44108}
{"itemId":"B000692A58","ProductIndex":81085}
{"itemId":"B00187H2G4","ProductIndex":99778}
{"itemId":"B00ED834ZS","ProductIndex":76487}
{"itemId":"B000G5YFD2","ProductIndex":70317}
{"itemId":"B00GOZ9GTG","ProductIndex":131281}
{"itemId":"B00004TWM2","ProductIndex":67536}
{"itemId":"B0042X9368","ProductIndex":27818}
{"itemId":"B005ODIWBC","ProductIndex":15532}
{"itemId":"B001F50K1S","ProductIndex":177476}
{"itemId":"B004VS2ZRS","ProductIndex":10306}
{"itemId":"B0036UOZ5M","ProductIndex":26640}
{"itemId":"B005P9BGSG","ProductIndex":96419}
{"itemId":"B000A213HC","ProductIndex":9490}
{"itemId":"B000NFIW98","ProductIndex":5439}
{"itemId":"B004SGUYBC","ProductIndex":86623}
{"itemId":"B000BO0ZB4","ProductIndex":86284}
{"itemId":"B0045F5CXQ","ProductIndex":3979}
{"itemId":"B007P8HV2K","ProductIndex":18431}
{"itemId":"B007PU2Y4S","ProductIndex":12516}
{"itemId":"B005Z44D22","ProductIndex":180749}
{"itemId":"B0015OHJV8","ProductIndex":66052}
{"itemId":"B005HQ4YMC","ProductIndex":8137}
{"itemId":"B001P05MCU","ProductIndex":80585}
{"itemId":"B00COUVZCQ","ProductIndex":102301}
{"itemId":"B00000J9Z7","ProductIndex":160136}
{"itemId":"B009XN8NKO","ProductIndex":25253}
{"itemId":"B001BP1YVC","ProductIndex":47692}
{"itemId":"B000N5239I","ProductIndex":23433}
{"itemId":"B0013DIIPC","ProductIndex":33948}
{"itemId":"B004FLAK6Y","ProductIndex":102027}
{"itemId":"B00IRV2DL8","ProductIndex":13424}
{"itemId":"B0051SI2U6","ProductIndex":71059}
{"itemId":"B0074FGMA6","ProductIndex":27248}
{"itemId":"B004WOBMIY","ProductIndex":18410}
{"itemId":"B002NU5OBK","ProductIndex":94011}
{"itemId":"B00A9ZDHX8","ProductIndex":116761}
{"itemId":"B0090EC7C6","ProductIndex":29744}
{"itemId":"B008Z1LQWM","ProductIndex":37340}
{"itemId":"B0064T1LWC","ProductIndex":11993}
{"itemId":"B003M349VS","ProductIndex":10610}
{"itemId":"B004CRSM52","ProductIndex":19141}
{"itemId":"B009R9FW3K","ProductIndex":79659}
{"itemId":"B004289Z5W","ProductIndex":18006}
{"itemId":"B001KO2JOK","ProductIndex":44784}
{"itemId":"B0016BL5A6","ProductIndex":130683}
{"itemId":"B003AAHHJY","ProductIndex":67670}
{"itemId":"B00BX7TJ2O","ProductIndex":21651}
{"itemId":"B00160EP4A","ProductIndex":28470}
{"itemId":"B002BH4R9U","ProductIndex":52581}
{"itemId":"B006MK7Y10","ProductIndex":106176}
{"itemId":"B00CEP0S3S","ProductIndex":40648}
{"itemId":"B004TS4PVE","ProductIndex":151285}
{"itemId":"B000LKC372","ProductIndex":35175}
{"itemId":"B0036QL1JY","ProductIndex":3899}
{"itemId":"B0007PANEG","ProductIndex":171216}
{"itemId":"B002SKTUE2","ProductIndex":89071}
{"itemId":"B006U5TROY","ProductIndex":29783}
{"itemId":"B0000ACOBI","ProductIndex":40696}
{"itemId":"B004CRS6DK","ProductIndex":81567}
{"itemId":"B00008CLZS","ProductIndex":14865}
{"itemId":"B000FEHTDC","ProductIndex":45070}
{"itemId":"B001TK3D3Q","ProductIndex":8279}
{"itemId":"B005GAC0ES","ProductIndex":111324}
{"itemId":"B0007N5XPW","ProductIndex":21717}
{"itemId":"B00008IHNF","ProductIndex":71654}
{"itemId":"B000UHTST2","ProductIndex":14588}
{"itemId":"B007HKIU08","ProductIndex":30676}
{"itemId":"B004UMN7KE","ProductIndex":38014}
{"itemId":"B000HDDKT8","ProductIndex":46695}
{"itemId":"B003DPR7AK","ProductIndex":28137}
{"itemId":"B0044R3QW4","ProductIndex":95045}
{"itemId":"B006MGPIVC","ProductIndex":37172}
{"itemId":"B006FNMB5I","ProductIndex":34449}
{"itemId":"B004U6KIJS","ProductIndex":19891}
{"itemId":"B0006JMX14","ProductIndex":36550}
{"itemId":"B00009UU2P","ProductIndex":34146}
{"itemId":"B00261LB5Y","ProductIndex":121409}
{"itemId":"B001CK3X0Q","ProductIndex":37475}
{"itemId":"B002ISZDBS","ProductIndex":149592}
{"itemId":"B002XR8JU6","ProductIndex":91228}
{"itemId":"B003FSTBPO","ProductIndex":129045}
{"itemId":"B00GGC1PPA","ProductIndex":84574}
{"itemId":"B001DFJ994","ProductIndex":82645}
{"itemId":"B0006MOTRW","ProductIndex":25972}
{"itemId":"B003CGOJ4W","ProductIndex":12226}
{"itemId":"B00HT07QXI","ProductIndex":206673}
{"itemId":"B005EMS76I","ProductIndex":146550}
{"itemId":"B0007M3PK8","ProductIndex":30505}
{"itemId":"B00125R96K","ProductIndex":65639}
{"itemId":"B005VQHKGU","ProductIndex":89172}
{"itemId":"B009OKQNYY","ProductIndex":108120}
{"itemId":"B007SPHM5G","ProductIndex":183133}
{"itemId":"B00292MRJE","ProductIndex":203566}
{"itemId":"B003922SEC","ProductIndex":25476}
{"itemId":"B005ZMYGUS","ProductIndex":41725}
{"itemId":"B00DXYDBMY","ProductIndex":132520}
{"itemId":"B0000ULGOE","ProductIndex":102547}
{"itemId":"B0062J5JWC","ProductIndex":74827}
{"itemId":"B002G7819W","ProductIndex":125812}
{"itemId":"B0083Q3NOS","ProductIndex":32112}
{"itemId":"B007PT7DI6","ProductIndex":50001}
{"itemId":"B00006RVND","ProductIndex":130866}
{"itemId":"B007KI8IMW","ProductIndex":12958}
{"itemId":"B000NZQO52","ProductIndex":92807}
{"itemId":"B00004ZCAG","ProductIndex":95019}
{"itemId":"B003X3ALLO","ProductIndex":97377}
{"itemId":"B00B03ZJ7A","ProductIndex":43045}
{"itemId":"B006K59QZE","ProductIndex":42624}
{"itemId":"B001K2GGB4","ProductIndex":39046}
{"itemId":"B00009R89E","ProductIndex":23611}
{"itemId":"B00CRGJFT2","ProductIndex":166383}
{"itemId":"B004IRNY8G","ProductIndex":32459}
{"itemId":"B004JY03WI","ProductIndex":41196}
{"itemId":"B004CLYOHI","ProductIndex":12252}
{"itemId":"B0090Z3QD4","ProductIndex":14067}
{"itemId":"B000184C2S","ProductIndex":65546}
{"itemId":"B00AV4VVQC","ProductIndex":46589}
{"itemId":"B009WXMPUO","ProductIndex":34545}
{"itemId":"B008CNZOJY","ProductIndex":14478}
{"itemId":"B0035HKA46","ProductIndex":35520}
{"itemId":"B004JWHBPM","ProductIndex":110957}
{"itemId":"B004NROYUS","ProductIndex":52570}
{"itemId":"B000FTFZZ6","ProductIndex":124834}
{"itemId":"B00AH8ZMVM","ProductIndex":83371}
{"itemId":"B008R33T6Y","ProductIndex":42729}
{"itemId":"B0018KBYS8","ProductIndex":21816}
{"itemId":"B00GGUQVWY","ProductIndex":142101}
{"itemId":"B00CP18XLA","ProductIndex":48676}
{"itemId":"B009TDS4U2","ProductIndex":83351}
{"itemId":"B002K9409Q","ProductIndex":34377}
{"itemId":"B0065CSDIS","ProductIndex":111641}
{"itemId":"B004N8WR4M","ProductIndex":167761}
{"itemId":"B00564BIJ2","ProductIndex":65059}
{"itemId":"B003WGM7FU","ProductIndex":9099}
{"itemId":"B0000UHD5A","ProductIndex":202548}
{"itemId":"B004CMHB1I","ProductIndex":35339}
{"itemId":"B00860U9XO","ProductIndex":57954}
{"itemId":"B00BHNNWSQ","ProductIndex":188723}
{"itemId":"B008Q3P0WQ","ProductIndex":17405}
{"itemId":"B004MF0V58","ProductIndex":188498}
{"itemId":"B005SOZJJK","ProductIndex":41590}
{"itemId":"B00DTWG9F6","ProductIndex":134488}
{"itemId":"B007HO546C","ProductIndex":36711}
{"itemId":"B0018S7402","ProductIndex":81724}
{"itemId":"B00492C1PC","ProductIndex":118110}
{"itemId":"B00407H0HA","ProductIndex":43618}
{"itemId":"9575871979","ProductIndex":13828}
{"itemId":"B00G9AW9VS","ProductIndex":85132}
{"itemId":"B006QOJ3YI","ProductIndex":32917}
{"itemId":"B007NN1CP4","ProductIndex":54366}
{"itemId":"B002Q6F1RS","ProductIndex":71858}
{"itemId":"B001E2AFN0","ProductIndex":51974}
{"itemId":"B00098377Q","ProductIndex":150531}
{"itemId":"B00004TH2W","ProductIndex":62102}
{"itemId":"B000ND93DE","ProductIndex":14835}
{"itemId":"B0037PH2CY","ProductIndex":12998}
{"itemId":"B0067FG47A","ProductIndex":84317}
{"itemId":"B002VBXQZM","ProductIndex":132920}
{"itemId":"B003JVEGTS","ProductIndex":169753}
{"itemId":"B00EJ8CQSS","ProductIndex":19919}
{"itemId":"B00746UANK","ProductIndex":51062}
{"itemId":"B0089YQ8YG","ProductIndex":87431}
{"itemId":"B002SXMRLW","ProductIndex":123390}
{"itemId":"B001G7PMOA","ProductIndex":85545}
{"itemId":"B008D1V1AQ","ProductIndex":187735}
{"itemId":"B000EVS4Z8","ProductIndex":66433}
{"itemId":"B0092HZYIK","ProductIndex":133716}
{"itemId":"B002N8726W","ProductIndex":9910}
{"itemId":"B009PJHCT4","ProductIndex":153487}
{"itemId":"B000063EKO","ProductIndex":100455}
{"itemId":"B004JN55JU","ProductIndex":18403}
{"itemId":"B00DQ621WK","ProductIndex":138466}
{"itemId":"B0075AL0P2","ProductIndex":49219}
{"itemId":"B000MD2UWG","ProductIndex":20206}
{"itemId":"B0089LR7V2","ProductIndex":35070}
{"itemId":"B00CMXF6NE","ProductIndex":51743}
{"itemId":"B0080JWLFU","ProductIndex":43472}
{"itemId":"B00BL2D35U","ProductIndex":112263}
{"itemId":"B00008IOWR","ProductIndex":54303}
{"itemId":"B000VPOYJC","ProductIndex":38192}
{"itemId":"B00006B9QD","ProductIndex":23356}
{"itemId":"B000JLL11C","ProductIndex":48026}
{"itemId":"B00540NN5A","ProductIndex":88729}
{"itemId":"B00JB66VX4","ProductIndex":132882}
{"itemId":"B008ZH55XW","ProductIndex":201025}
{"itemId":"B00JOI6FZ8","ProductIndex":35571}
{"itemId":"B004MJBONW","ProductIndex":46154}
{"itemId":"B000068O5D","ProductIndex":38875}
{"itemId":"B00466HUAM","ProductIndex":187540}
{"itemId":"B002Y8DTBS","ProductIndex":99048}
{"itemId":"B001SAJ1VA","ProductIndex":35482}
{"itemId":"B0061GQUS8","ProductIndex":61693}
{"itemId":"B0045ZNJJU","ProductIndex":64544}
{"itemId":"B000RQSGH6","ProductIndex":82479}
{"itemId":"B007TEEAWY","ProductIndex":54620}
{"itemId":"B00855B5QA","ProductIndex":26743}
{"itemId":"B00CKA3CFI","ProductIndex":83116}
{"itemId":"B004X56L8S","ProductIndex":76801}
{"itemId":"B0093L2SIE","ProductIndex":159831}
{"itemId":"B001NMT63G","ProductIndex":90465}
{"itemId":"B00CKQXMOS","ProductIndex":25701}
{"itemId":"B00153AMG8","ProductIndex":157228}
{"itemId":"B009IKC5ZQ","ProductIndex":119987}
{"itemId":"B001441Y7E","ProductIndex":128208}
{"itemId":"B003KHAAVY","ProductIndex":54824}
{"itemId":"B000P9452U","ProductIndex":139487}
{"itemId":"B003U8K5K4","ProductIndex":39881}
{"itemId":"B008TNXDNG","ProductIndex":130119}
{"itemId":"B002EYHMTC","ProductIndex":201289}
{"itemId":"B007WO589U","ProductIndex":62092}
{"itemId":"B002LU9EXG","ProductIndex":34457}
{"itemId":"B008JFS5W8","ProductIndex":30755}
{"itemId":"B003QAS1CK","ProductIndex":49609}
{"itemId":"B009951NMG","ProductIndex":162541}
{"itemId":"B004SMUT52","ProductIndex":71182}
{"itemId":"B0035LD08U","ProductIndex":20037}
{"itemId":"B005NI5XSI","ProductIndex":136688}
{"itemId":"B000BTFZMS","ProductIndex":30485}
{"itemId":"B009SD1FTU","ProductIndex":16166}
{"itemId":"B000NWEJWA","ProductIndex":19989}
{"itemId":"B00BPLZJ9A","ProductIndex":74276}
{"itemId":"B003SFVWN8","ProductIndex":58804}
{"itemId":"B000G1WL32","ProductIndex":54743}
{"itemId":"B000PGT8P2","ProductIndex":121330}
{"itemId":"B00D3F7CFK","ProductIndex":11355}
{"itemId":"B00552PLAM","ProductIndex":88649}
{"itemId":"B00I02J4TI","ProductIndex":131373}
{"itemId":"B0065PW24Q","ProductIndex":92028}
{"itemId":"B00CU9GM2Y","ProductIndex":92201}
{"itemId":"B0083PR78W","ProductIndex":181970}
{"itemId":"B0016GX21G","ProductIndex":46311}
{"itemId":"B005IKCLPO","ProductIndex":150732}
{"itemId":"B000OZQL36","ProductIndex":53941}
{"itemId":"B00009R7B0","ProductIndex":89682}
{"itemId":"B007PJVQU2","ProductIndex":199472}
{"itemId":"B004SKBIH2","ProductIndex":19583}
{"itemId":"B00303GDWS","ProductIndex":117425}
{"itemId":"B000KL7J3A","ProductIndex":52086}
{"itemId":"B00BOHOKOK","ProductIndex":48969}
{"itemId":"B003WI9ULC","ProductIndex":25923}
{"itemId":"B00814KXI6","ProductIndex":55333}
{"itemId":"B001DL6RXE","ProductIndex":142388}
{"itemId":"B004S5E144","ProductIndex":147323}
{"itemId":"B002UC2UB8","ProductIndex":22534}
{"itemId":"B0053EMBF0","ProductIndex":139743}
{"itemId":"B00HRO386A","ProductIndex":46668}
{"itemId":"B000067RPZ","ProductIndex":135935}
{"itemId":"B001LNMFB2","ProductIndex":180938}
{"itemId":"B003YGME42","ProductIndex":107672}
{"itemId":"B00BJLTGDG","ProductIndex":71770}
{"itemId":"B00E39E6FE","ProductIndex":35737}
{"itemId":"B00AG3RYJG","ProductIndex":172380}
{"itemId":"B0058TV0C0","ProductIndex":136378}
{"itemId":"B003QKUI7G","ProductIndex":32161}
{"itemId":"B000GG01KW","ProductIndex":109611}
{"itemId":"B007GX1V6Q","ProductIndex":45952}
{"itemId":"B000KC81WC","ProductIndex":53978}
{"itemId":"B00DQZNZDU","ProductIndex":27656}
{"itemId":"B00A73X1KQ","ProductIndex":31291}
{"itemId":"B000Q6606G","ProductIndex":89283}
{"itemId":"B005SYQBN8","ProductIndex":10574}
{"itemId":"B0000E6RIC","ProductIndex":21493}
{"itemId":"B00757H8VU","ProductIndex":35111}
{"itemId":"B005CD7VYI","ProductIndex":131738}
{"itemId":"B001E99FO8","ProductIndex":47206}
{"itemId":"B001E96HLM","ProductIndex":79078}
{"itemId":"B004H05Q7G","ProductIndex":100590}
{"itemId":"B000U96GF4","ProductIndex":27276}
{"itemId":"B0093LTVLG","ProductIndex":172842}
{"itemId":"B0000659TH","ProductIndex":164515}
{"itemId":"B000VSDUSA","ProductIndex":53299}
{"itemId":"B007FL2794","ProductIndex":45565}
{"itemId":"B00C02YJMG","ProductIndex":80934}
{"itemId":"B004Y8ORA8","ProductIndex":72794}
{"itemId":"B00CQ81ZN0","ProductIndex":104016}
{"itemId":"B000FKP55K","ProductIndex":19752}
{"itemId":"B0062KGABA","ProductIndex":36487}
{"itemId":"B000JUWZVI","ProductIndex":175339}
{"itemId":"B00858CYD0","ProductIndex":38927}
{"itemId":"B006WEKX7S","ProductIndex":122152}
{"itemId":"B0015C0X9A","ProductIndex":48173}
{"itemId":"B001BTSDSK","ProductIndex":129978}
{"itemId":"B00ALYVFOU","ProductIndex":131587}
{"itemId":"B00EOP1COK","ProductIndex":34225}
{"itemId":"B000W2MW7U","ProductIndex":13680}
{"itemId":"B00EX627A8","ProductIndex":73091}
{"itemId":"B003JJ4LAY","ProductIndex":59425}
{"itemId":"B00KWMNDDM","ProductIndex":94484}
{"itemId":"B007TIYZ3Y","ProductIndex":29230}
{"itemId":"B003CQ9Y1A","ProductIndex":72354}
{"itemId":"B001V5DV2W","ProductIndex":146318}
{"itemId":"B000UC26CS","ProductIndex":43212}
{"itemId":"B00F0RBYTO","ProductIndex":48149}
{"itemId":"B00607HG9A","ProductIndex":42730}
{"itemId":"B000EVQ0PO","ProductIndex":45473}
{"itemId":"B000NSIKI8","ProductIndex":38128}
{"itemId":"B004JKNEJ6","ProductIndex":33863}
{"itemId":"B000A2QFNY","ProductIndex":154841}
{"itemId":"B0055P5D0C","ProductIndex":97174}
{"itemId":"B00EAYGKW4","ProductIndex":157211}
{"itemId":"B004HJ3FH0","ProductIndex":36442}
{"itemId":"B005W0UVDE","ProductIndex":53451}
{"itemId":"B002JMZPY8","ProductIndex":26760}
{"itemId":"B0056JA2BC","ProductIndex":76558}
{"itemId":"B00EAM87RC","ProductIndex":167384}
{"itemId":"B00HJOK6F4","ProductIndex":63207}
{"itemId":"B0083X76B2","ProductIndex":101042}
{"itemId":"B005SCYFPQ","ProductIndex":27417}
{"itemId":"B008O2HOI2","ProductIndex":26654}
{"itemId":"B00021OZOE","ProductIndex":91243}
{"itemId":"B00CDXM2UI","ProductIndex":194869}
{"itemId":"B004PYEBZ2","ProductIndex":57485}
{"itemId":"B001H543UA","ProductIndex":46822}
{"itemId":"B003ZM17PM","ProductIndex":71143}
{"itemId":"B0000953WR","ProductIndex":157262}
{"itemId":"B00A23LEPA","ProductIndex":49023}
{"itemId":"B005DNSCNG","ProductIndex":40398}
{"itemId":"B002BB0Z4M","ProductIndex":140833}
{"itemId":"B000TPJY3K","ProductIndex":84993}
{"itemId":"B0090NZSM8","ProductIndex":109728}
{"itemId":"B000BNJWQ4","ProductIndex":147027}
{"itemId":"B001IDI7NU","ProductIndex":172755}
{"itemId":"B00BE9YRAK","ProductIndex":65325}
{"itemId":"B000W8ZDWA","ProductIndex":74229}
{"itemId":"B002V1CXBA","ProductIndex":95066}
{"itemId":"B0001GJ9ZK","ProductIndex":170343}
{"itemId":"B002U42XD6","ProductIndex":19030}
{"itemId":"B000COA8GA","ProductIndex":122280}
{"itemId":"B008N7XRZ2","ProductIndex":43967}
{"itemId":"B00CFA7SR6","ProductIndex":103359}
{"itemId":"B009Z1PXMA","ProductIndex":33476}
{"itemId":"B00ENLB1T6","ProductIndex":146704}
{"itemId":"B009924TSY","ProductIndex":7219}
{"itemId":"B00325SG24","ProductIndex":70832}
{"itemId":"B000EFIFJY","ProductIndex":130248}
{"itemId":"B009GMWTZM","ProductIndex":43753}
{"itemId":"B00B2J3EV0","ProductIndex":128593}
{"itemId":"B00A4MW2I2","ProductIndex":99070}
{"itemId":"B004FY8NIS","ProductIndex":60628}
{"itemId":"B00008KITN","ProductIndex":183173}
{"itemId":"B001DWNTFW","ProductIndex":94721}
{"itemId":"B006HVIRM4","ProductIndex":60274}
{"itemId":"B0001MZ890","ProductIndex":49528}
{"itemId":"B004P3NGCC","ProductIndex":59600}
{"itemId":"B008FRPE9M","ProductIndex":50847}
{"itemId":"B0045332VW","ProductIndex":148588}
{"itemId":"B003JV3XZ6","ProductIndex":12607}
{"itemId":"B003UTWZK6","ProductIndex":43977}
{"itemId":"B000P5XLEW","ProductIndex":96027}
{"itemId":"B004KNQ7DC","ProductIndex":162653}
{"itemId":"B000CEAMRK","ProductIndex":173982}
{"itemId":"B0051SK64G","ProductIndex":91824}
{"itemId":"B0039YOMU8","ProductIndex":34591}
{"itemId":"B002DZYZSS","ProductIndex":155141}
{"itemId":"B003YMENIG","ProductIndex":161531}
{"itemId":"B006Y2BFG6","ProductIndex":77476}
{"itemId":"B006G70LRI","ProductIndex":28989}
{"itemId":"B000VW2QAO","ProductIndex":97559}
{"itemId":"B0051MQUSS","ProductIndex":64339}
{"itemId":"B007PFQ23C","ProductIndex":51889}
{"itemId":"B003J9T9WY","ProductIndex":63091}
{"itemId":"B003REAUEW","ProductIndex":120393}
{"itemId":"B004FLE5YW","ProductIndex":77192}
{"itemId":"B001JN8MWU","ProductIndex":85613}
{"itemId":"B000067RKF","ProductIndex":66079}
{"itemId":"B0014F6ACW","ProductIndex":202309}
{"itemId":"B002DRSWHG","ProductIndex":72676}
{"itemId":"B000ANCV2M","ProductIndex":103797}
{"itemId":"B000G1O7DE","ProductIndex":32199}
{"itemId":"B00651BY08","ProductIndex":65467}
{"itemId":"B00I7857L4","ProductIndex":130281}
{"itemId":"B00006AG7B","ProductIndex":69339}
{"itemId":"B000EV6H6G","ProductIndex":177857}
{"itemId":"B00322QF5C","ProductIndex":91476}
{"itemId":"B0015ADG4Q","ProductIndex":138213}
{"itemId":"B00006IRW3","ProductIndex":40047}
{"itemId":"B004NL1E8E","ProductIndex":63050}
{"itemId":"B00CRXZVGQ","ProductIndex":57765}
{"itemId":"B005ED5L4S","ProductIndex":153062}
{"itemId":"B009AR2KTI","ProductIndex":109085}
{"itemId":"B008DMVL78","ProductIndex":131634}
{"itemId":"B001D2O6UY","ProductIndex":102394}
{"itemId":"B001MRX53Y","ProductIndex":107940}
{"itemId":"B00BMRJ19Q","ProductIndex":37061}
{"itemId":"B001MQ31YS","ProductIndex":174462}
{"itemId":"B004I43MH2","ProductIndex":32168}
{"itemId":"B00D1X1PS4","ProductIndex":201762}
{"itemId":"B00066UNFU","ProductIndex":71883}
{"itemId":"B005V7KS9U","ProductIndex":128324}
{"itemId":"B005UEL4GA","ProductIndex":42067}
{"itemId":"B0009SV246","ProductIndex":120271}
{"itemId":"B003E8ZSFC","ProductIndex":150907}
{"itemId":"B001PED7HS","ProductIndex":157213}
{"itemId":"B00873ABJ2","ProductIndex":98805}
{"itemId":"B008G50FX8","ProductIndex":123964}
{"itemId":"B004Q0TX3A","ProductIndex":65524}
{"itemId":"B000E0I9K4","ProductIndex":17573}
{"itemId":"B0001H9L3O","ProductIndex":36474}
{"itemId":"B0032FOK10","ProductIndex":150836}
{"itemId":"B000W45766","ProductIndex":99634}
{"itemId":"B0031MQMU6","ProductIndex":41962}
{"itemId":"B0047E72PG","ProductIndex":156136}
{"itemId":"B0033RQFI8","ProductIndex":85568}
{"itemId":"B003XJO01U","ProductIndex":120751}
{"itemId":"B0062F3KG8","ProductIndex":46054}
{"itemId":"B0016BQU9M","ProductIndex":115233}
{"itemId":"B0037KN71Y","ProductIndex":95867}
{"itemId":"B001BZ8T56","ProductIndex":59816}
{"itemId":"B009YTVIUE","ProductIndex":75938}
{"itemId":"B00GN0EGYM","ProductIndex":111114}
{"itemId":"B004CLYM20","ProductIndex":40236}
{"itemId":"B0013RKFB8","ProductIndex":34907}
{"itemId":"B001911ZZS","ProductIndex":56175}
{"itemId":"B000Q02H8M","ProductIndex":74173}
{"itemId":"B00DG8IJBU","ProductIndex":72389}
{"itemId":"B009H1EGSA","ProductIndex":109275}
{"itemId":"B007QWIA9S","ProductIndex":26556}
{"itemId":"B000MNBWK2","ProductIndex":62242}
{"itemId":"B002LU75NW","ProductIndex":78470}
{"itemId":"B000KB6E7M","ProductIndex":148848}
{"itemId":"B00BKB6GX8","ProductIndex":130984}
{"itemId":"B002SWJR7U","ProductIndex":104257}
{"itemId":"B008TYI6SC","ProductIndex":143296}
{"itemId":"B00875VR4S","ProductIndex":55743}
{"itemId":"B000BJQ3IS","ProductIndex":41922}
{"itemId":"B00271ZL9K","ProductIndex":109409}
{"itemId":"B00HX864RU","ProductIndex":163031}
{"itemId":"B006JSZVRY","ProductIndex":52433}
{"itemId":"B00BSNOE0A","ProductIndex":172949}
{"itemId":"B0000DZGLH","ProductIndex":96382}
{"itemId":"B003L0QEX8","ProductIndex":54571}
{"itemId":"B005Z9AOJ8","ProductIndex":160269}
{"itemId":"B004KWNOY8","ProductIndex":137523}
{"itemId":"B000O5WZHM","ProductIndex":143443}
{"itemId":"B004HT9KT2","ProductIndex":81957}
{"itemId":"B0002GRL9K","ProductIndex":197670}
{"itemId":"B007JFF3RO","ProductIndex":22171}
{"itemId":"B005GIE9DK","ProductIndex":96884}
{"itemId":"B008MCW952","ProductIndex":92014}
{"itemId":"B0080NAI10","ProductIndex":117016}
{"itemId":"B008GA718K","ProductIndex":79940}
{"itemId":"B003D8M3UG","ProductIndex":35271}
{"itemId":"B0025Z24XE","ProductIndex":80196}
{"itemId":"B005EXK0UI","ProductIndex":58357}
{"itemId":"B005LBNAP0","ProductIndex":44892}
{"itemId":"B001RCTALK","ProductIndex":162786}
{"itemId":"B0000DC640","ProductIndex":46584}
{"itemId":"B002GHTIRQ","ProductIndex":48092}
{"itemId":"B00ATIFTDG","ProductIndex":105713}
{"itemId":"B0031YWZDW","ProductIndex":174734}
{"itemId":"B0006HPI1I","ProductIndex":150294}
{"itemId":"B003E4TOYC","ProductIndex":37208}
{"itemId":"B000Q3I7ZG","ProductIndex":52564}
{"itemId":"B004O3XTZW","ProductIndex":147273}
{"itemId":"B000W91XEG","ProductIndex":94483}
{"itemId":"B00H2YP6YC","ProductIndex":189763}
{"itemId":"B001NGPALO","ProductIndex":170173}
{"itemId":"B000VITSZ4","ProductIndex":133130}
{"itemId":"B009VZP2QC","ProductIndex":150697}
{"itemId":"B009Z3Q5A2","ProductIndex":91926}
{"itemId":"B0056VO18A","ProductIndex":47712}
{"itemId":"B00DY75ZI8","ProductIndex":153407}
{"itemId":"B00008RUER","ProductIndex":175432}
{"itemId":"B0074OILWO","ProductIndex":41259}
{"itemId":"B005I03WOI","ProductIndex":36457}
{"itemId":"B00269VQ8S","ProductIndex":151780}
{"itemId":"B001B0F2LU","ProductIndex":205622}
{"itemId":"B00009R8OK","ProductIndex":126088}
{"itemId":"B0035YRKZG","ProductIndex":125670}
{"itemId":"B0015ZXFVU","ProductIndex":115101}
{"itemId":"B002ZBTAHG","ProductIndex":140437}
{"itemId":"B00DTXSFVQ","ProductIndex":181072}
{"itemId":"B003T87POO","ProductIndex":166491}
{"itemId":"B00BKFQ9OU","ProductIndex":175868}
{"itemId":"B000CMGJ0Q","ProductIndex":38264}
{"itemId":"B002O1W7FY","ProductIndex":136268}
{"itemId":"B0044CRYY0","ProductIndex":179453}
{"itemId":"B005D7SKWK","ProductIndex":25470}
{"itemId":"B0009CDYF2","ProductIndex":34563}
{"itemId":"B00065L5T4","ProductIndex":70142}
{"itemId":"B009I5KWLK","ProductIndex":46423}
{"itemId":"B001MRVGUI","ProductIndex":135679}
{"itemId":"B001AXV1PO","ProductIndex":113073}
{"itemId":"B006D2RLCE","ProductIndex":191153}
{"itemId":"B00005OP31","ProductIndex":93543}
{"itemId":"B00001ZT4Q","ProductIndex":183137}
{"itemId":"B001DQRCJC","ProductIndex":139687}
{"itemId":"B001LR77FW","ProductIndex":104320}
{"itemId":"B003KFJ7QU","ProductIndex":60678}
{"itemId":"B006K3A1MI","ProductIndex":102878}
{"itemId":"B000BSJH82","ProductIndex":166840}
{"itemId":"B000KNADTK","ProductIndex":70613}
{"itemId":"B000MYZ3Q0","ProductIndex":122182}
{"itemId":"B007PN2C10","ProductIndex":40577}
{"itemId":"B0000BZ40E","ProductIndex":208354}
{"itemId":"B007VHF4W4","ProductIndex":74454}
{"itemId":"B00652GJSY","ProductIndex":68689}
{"itemId":"B0002VS62G","ProductIndex":79193}
{"itemId":"B009K1PZYG","ProductIndex":84543}
{"itemId":"B00CYB3HGM","ProductIndex":25342}
{"itemId":"B003EOVIKU","ProductIndex":125889}
{"itemId":"B001GKV7TQ","ProductIndex":80108}
{"itemId":"B008YIRSY6","ProductIndex":126628}
{"itemId":"B00004Z9DQ","ProductIndex":192366}
{"itemId":"B00E4JWRK4","ProductIndex":65077}
{"itemId":"B00009VQFF","ProductIndex":87735}
{"itemId":"B00CMZQUXM","ProductIndex":42679}
{"itemId":"B004QJU5EW","ProductIndex":99948}
{"itemId":"B004WF5R52","ProductIndex":178708}
{"itemId":"B001PCPA7K","ProductIndex":184604}
{"itemId":"B005QR2G3Q","ProductIndex":88560}
{"itemId":"B005ORIS4Y","ProductIndex":52369}
{"itemId":"B000067RHT","ProductIndex":110592}
{"itemId":"B005BDHM66","ProductIndex":77654}
{"itemId":"B003DIR5DQ","ProductIndex":138090}
{"itemId":"B00DLZW7AC","ProductIndex":134173}
{"itemId":"B00B2UXVY4","ProductIndex":175055}
{"itemId":"B007PDLSHY","ProductIndex":116185}
{"itemId":"B000E6ONVW","ProductIndex":133612}
{"itemId":"B001S0LUFK","ProductIndex":96865}
{"itemId":"B008S8DUDK","ProductIndex":164899}
{"itemId":"B00CLS906O","ProductIndex":187129}
{"itemId":"B002MQHFNA","ProductIndex":100216}
{"itemId":"B000OUX9E0","ProductIndex":167905}
{"itemId":"B005OIWFFG","ProductIndex":197667}
{"itemId":"B009W2L86M","ProductIndex":127391}
{"itemId":"B003TE34U2","ProductIndex":61503}
{"itemId":"B0018OI9UK","ProductIndex":190450}
{"itemId":"B0024F9YF6","ProductIndex":46792}
{"itemId":"B0002KH73Q","ProductIndex":102348}
{"itemId":"B007JCVRSG","ProductIndex":87947}
{"itemId":"B00BW4GCZK","ProductIndex":127355}
{"itemId":"B00CR23CA4","ProductIndex":83065}
{"itemId":"B001ER6CF0","ProductIndex":155263}
{"itemId":"B000WDTAGU","ProductIndex":136033}
{"itemId":"B003ICX7H0","ProductIndex":106821}
{"itemId":"B003KXJVHW","ProductIndex":92143}
{"itemId":"B0050DS8T2","ProductIndex":147902}
{"itemId":"B0036RDVKA","ProductIndex":191347}
{"itemId":"B004L8R8E8","ProductIndex":119086}
{"itemId":"B005PDJ7J2","ProductIndex":203878}
{"itemId":"B00016WQUA","ProductIndex":110170}
{"itemId":"B001407AB2","ProductIndex":69549}
{"itemId":"B000ERI3SA","ProductIndex":133490}
{"itemId":"B007BFVFME","ProductIndex":73694}
{"itemId":"B003WUAUA0","ProductIndex":103392}
{"itemId":"B005633UCG","ProductIndex":103510}
{"itemId":"B00JQF7RD8","ProductIndex":170919}
{"itemId":"B004Q3R9BA","ProductIndex":138835}
{"itemId":"B000087BDN","ProductIndex":138761}
{"itemId":"B003LWV77Y","ProductIndex":76127}
{"itemId":"B003ZYF3MS","ProductIndex":39166}
{"itemId":"B005674G66","ProductIndex":156088}
{"itemId":"B001T9N4X6","ProductIndex":87316}
{"itemId":"B002RWJ9BU","ProductIndex":153780}
{"itemId":"B001PQ74XY","ProductIndex":121615}
{"itemId":"B0077PDMZQ","ProductIndex":151938}
{"itemId":"B00HCK05UG","ProductIndex":197486}
{"itemId":"B0085EBXB8","ProductIndex":154860}
{"itemId":"B000066R7X","ProductIndex":105212}
{"itemId":"B0002T3UR4","ProductIndex":160244}
{"itemId":"B00GC5EI1E","ProductIndex":136760}
{"itemId":"B003SQW5DS","ProductIndex":66822}
{"itemId":"B00DHOMD42","ProductIndex":189014}
{"itemId":"B003U8JXRK","ProductIndex":131977}
{"itemId":"B0006ZKV1C","ProductIndex":88802}
{"itemId":"B003SLRUOM","ProductIndex":148811}
{"itemId":"B002U22S1A","ProductIndex":110924}
{"itemId":"B000N8PSOC","ProductIndex":104243}
{"itemId":"B0069HBT62","ProductIndex":179991}
{"itemId":"B008WZ57CG","ProductIndex":182873}
{"itemId":"B005K48P08","ProductIndex":176662}
{"itemId":"B00H4NPNBM","ProductIndex":204250}
{"itemId":"B009M47V1Q","ProductIndex":89674}
{"itemId":"B00F3RWFG2","ProductIndex":158453}
{"itemId":"B002QWFSP2","ProductIndex":108399}
{"itemId":"B00F9TZM78","ProductIndex":87411}
{"itemId":"B004O4HT5W","ProductIndex":79233}
{"itemId":"B00AOCC05M","ProductIndex":40506}
{"itemId":"B007PPEUXQ","ProductIndex":88732}
{"itemId":"B0035TGCBO","ProductIndex":105470}
{"itemId":"B00A62JR2O","ProductIndex":67391}
{"itemId":"B0085NJFX2","ProductIndex":47673}
{"itemId":"B003XEMMEC","ProductIndex":86903}
{"itemId":"B000K36CBI","ProductIndex":100625}
{"itemId":"B001IBHVQQ","ProductIndex":134996}
{"itemId":"B004SOT8F2","ProductIndex":127301}
{"itemId":"B00069DRBE","ProductIndex":86859}
{"itemId":"B007JNESD6","ProductIndex":181008}
{"itemId":"B003MKT9QG","ProductIndex":172531}
{"itemId":"B007RNAT18","ProductIndex":192213}
{"itemId":"B009198D1Y","ProductIndex":92669}
{"itemId":"B00666NLLW","ProductIndex":64711}
{"itemId":"B004NIW6GG","ProductIndex":37881}
{"itemId":"B00I0Z427E","ProductIndex":35350}
{"itemId":"B000JI5K94","ProductIndex":132294}
{"itemId":"B007MSBXW2","ProductIndex":101099}
{"itemId":"B000SKW9MY","ProductIndex":154637}
{"itemId":"B002ROB01U","ProductIndex":62417}
{"itemId":"B0031TRXCA","ProductIndex":203875}
{"itemId":"B002UF7SH6","ProductIndex":113603}
{"itemId":"B00ABAZCTI","ProductIndex":158355}
{"itemId":"B003Y7OWT6","ProductIndex":95310}
{"itemId":"B001MQ36QG","ProductIndex":145959}
{"itemId":"B005JJZ0UM","ProductIndex":120129}
{"itemId":"B00BRLSJ1I","ProductIndex":106930}
{"itemId":"B0061JPXHY","ProductIndex":172877}
{"itemId":"B000AS6OG6","ProductIndex":125405}
{"itemId":"B00178NJFW","ProductIndex":59961}
{"itemId":"B0091ILGQO","ProductIndex":207196}
{"itemId":"B007WPCX42","ProductIndex":150432}
{"itemId":"B000FOP0EM","ProductIndex":153351}
{"itemId":"B00BTLN5OC","ProductIndex":84225}
{"itemId":"B004GENMEW","ProductIndex":157672}
{"itemId":"B000Q71GVO","ProductIndex":118269}
{"itemId":"B000BGURHY","ProductIndex":109163}
{"itemId":"B004G5ZWPS","ProductIndex":51715}
{"itemId":"B00168NF7A","ProductIndex":183942}
{"itemId":"B004MKNJCK","ProductIndex":138463}
{"itemId":"B003EEK06I","ProductIndex":193736}
{"itemId":"B004E5PENK","ProductIndex":197666}
{"itemId":"B003OZGSTK","ProductIndex":170262}
{"itemId":"B000GUSMLS","ProductIndex":91382}
{"itemId":"B004YTW91Q","ProductIndex":169902}
{"itemId":"B006TAGWT8","ProductIndex":63561}
{"itemId":"B007VTVJCG","ProductIndex":78319}
{"itemId":"B000E1B5VS","ProductIndex":134660}
{"itemId":"B00IU0EWEC","ProductIndex":153045}
{"itemId":"B0037LSJ0W","ProductIndex":98710}
{"itemId":"B000IYY72K","ProductIndex":198328}
{"itemId":"B00388YQ6U","ProductIndex":151296}
{"itemId":"B000ENMN1W","ProductIndex":151199}
{"itemId":"B001BM8H92","ProductIndex":134014}
{"itemId":"B00270VQTK","ProductIndex":143388}
{"itemId":"B000HQEOY0","ProductIndex":166672}
{"itemId":"B0034ITBAU","ProductIndex":186944}
{"itemId":"B004L017H0","ProductIndex":120234}
{"itemId":"B000F3Q5XI","ProductIndex":67444}
{"itemId":"B002SU7I64","ProductIndex":88484}
{"itemId":"B000JWXX44","ProductIndex":203113}
{"itemId":"B00I94IPU6","ProductIndex":30963}
{"itemId":"B000WIGUY0","ProductIndex":201175}
{"itemId":"B004RCNS4M","ProductIndex":124314}
{"itemId":"B00AZW33A2","ProductIndex":64366}
{"itemId":"B009A6CY9K","ProductIndex":206135}
{"itemId":"B00354WSXA","ProductIndex":188709}
{"itemId":"B006IMBN0U","ProductIndex":154958}
{"itemId":"B00009R98Y","ProductIndex":68745}
{"itemId":"B003ZUXVS0","ProductIndex":128037}
{"itemId":"B004THA4LA","ProductIndex":79071}
{"itemId":"B000VHF3F4","ProductIndex":184663}
{"itemId":"B009HSVG3G","ProductIndex":126862}
{"itemId":"B000FL3T4I","ProductIndex":100050}
{"itemId":"B003UNEZD2","ProductIndex":104760}
{"itemId":"B009WS806C","ProductIndex":181924}
{"itemId":"B00CCXWEZW","ProductIndex":70923}
{"itemId":"B003AMN3X6","ProductIndex":125283}
{"itemId":"B0088LW4SO","ProductIndex":172279}
{"itemId":"0983947600","ProductIndex":199440}
{"itemId":"B00020J02W","ProductIndex":151010}
{"itemId":"B002S1WZV6","ProductIndex":68662}
{"itemId":"B004612VYC","ProductIndex":146726}
{"itemId":"B009XWV1I6","ProductIndex":120296}
{"itemId":"B00FYA3YZY","ProductIndex":94996}
{"itemId":"B004MEX5NE","ProductIndex":108830}
{"itemId":"B000V7AQME","ProductIndex":192663}
{"itemId":"B009F8UBPM","ProductIndex":136551}
{"itemId":"B0002KR5JW","ProductIndex":103905}
{"itemId":"B005LQZR4M","ProductIndex":174172}
{"itemId":"B004FFH4PU","ProductIndex":144359}
{"itemId":"B002X787V2","ProductIndex":183535}
{"itemId":"B00DQR7MKK","ProductIndex":96817}
{"itemId":"B00BBRNECC","ProductIndex":145627}
{"itemId":"B00455EU7U","ProductIndex":144675}
{"itemId":"B000MK2KF6","ProductIndex":83803}
{"itemId":"B000SMYMI6","ProductIndex":54500}
{"itemId":"B004EYSNAM","ProductIndex":96303}
{"itemId":"B003L7X44S","ProductIndex":126363}
{"itemId":"B001ILZ8UM","ProductIndex":141143}
{"itemId":"B00C6I3WEA","ProductIndex":124884}
{"itemId":"B000OFMPQI","ProductIndex":181153}
{"itemId":"B002QGJ6XS","ProductIndex":67090}
{"itemId":"B0000C20X3","ProductIndex":152201}
{"itemId":"B0056XI7QU","ProductIndex":155556}
{"itemId":"B001W2W7BK","ProductIndex":118517}
{"itemId":"B00G3OFZPC","ProductIndex":153039}
{"itemId":"B002ZF42SO","ProductIndex":123763}
{"itemId":"B0000DKHIN","ProductIndex":100859}
{"itemId":"B003KGBD2A","ProductIndex":198768}
{"itemId":"B008I3CJPU","ProductIndex":151919}
{"itemId":"B0052F72YK","ProductIndex":188977}
{"itemId":"B006ZMSK8Q","ProductIndex":123707}
{"itemId":"B003XFPJUA","ProductIndex":111328}
{"itemId":"B00A29OHWG","ProductIndex":146408}
{"itemId":"B000UVS2VI","ProductIndex":108098}
{"itemId":"B00009937M","ProductIndex":171912}
{"itemId":"B00EWHMAGE","ProductIndex":117335}
{"itemId":"B00HWTANLS","ProductIndex":58162}
{"itemId":"B00JJ3L84G","ProductIndex":105265}
{"itemId":"B002LITFNM","ProductIndex":135941}
{"itemId":"B00HJFL8VY","ProductIndex":182060}
{"itemId":"B00019FO24","ProductIndex":53984}
{"itemId":"B002EBEUJ0","ProductIndex":104369}
{"itemId":"B00AEP8TE0","ProductIndex":156662}
{"itemId":"B000HA4F0E","ProductIndex":141837}
{"itemId":"B001SSR8M6","ProductIndex":167627}
{"itemId":"B001QE55YK","ProductIndex":155248}
{"itemId":"B0037N4MOM","ProductIndex":163029}
{"itemId":"B002OR5TXK","ProductIndex":133441}
{"itemId":"B000JLU1W2","ProductIndex":44581}
{"itemId":"B007P7L5LE","ProductIndex":72687}
{"itemId":"B008O0RWV8","ProductIndex":141584}
{"itemId":"B0009EPZNY","ProductIndex":129108}
{"itemId":"B0000630TC","ProductIndex":160060}
{"itemId":"B006FA36HI","ProductIndex":185939}
{"itemId":"B00BG70DAI","ProductIndex":157468}
{"itemId":"B000PGJ7TO","ProductIndex":192469}
{"itemId":"B007TLJUGI","ProductIndex":104388}
{"itemId":"B00A6GUOAE","ProductIndex":168039}
{"itemId":"B000094A5T","ProductIndex":169937}
{"itemId":"B0038D9R50","ProductIndex":162426}
{"itemId":"B0031WNEHU","ProductIndex":61800}
{"itemId":"B007OWPW50","ProductIndex":174524}
{"itemId":"B008745H9U","ProductIndex":182165}
{"itemId":"B002Y0VUP8","ProductIndex":151991}
{"itemId":"B0000AAAYH","ProductIndex":106728}
{"itemId":"B00ASHCHE2","ProductIndex":134194}
{"itemId":"B008I91DLK","ProductIndex":124886}
{"itemId":"B0000A5R59","ProductIndex":106781}
{"itemId":"B0030LMEZK","ProductIndex":147395}
{"itemId":"B007OCGF4W","ProductIndex":166409}
{"itemId":"B003JOZ2RK","ProductIndex":154180}
{"itemId":"B005LU4C9Y","ProductIndex":197890}
{"itemId":"B00409SOBO","ProductIndex":59471}
{"itemId":"B00000JBBI","ProductIndex":197463}
{"itemId":"B00HSYS3LO","ProductIndex":139252}
{"itemId":"B00E8CGC2Q","ProductIndex":145218}
{"itemId":"B004UALDPM","ProductIndex":56490}
{"itemId":"B00316T5S8","ProductIndex":133857}
{"itemId":"B001H4ZS8M","ProductIndex":139828}
{"itemId":"B000P5WNDM","ProductIndex":160481}
{"itemId":"B0000A039V","ProductIndex":57559}
{"itemId":"B002SSU1TM","ProductIndex":203692}
{"itemId":"B002PHM0H2","ProductIndex":104850}
{"itemId":"B006MBMGXU","ProductIndex":197769}
{"itemId":"B001KJ726U","ProductIndex":143711}
{"itemId":"B0096CL9RQ","ProductIndex":144037}
{"itemId":"B00775K4SE","ProductIndex":199321}
{"itemId":"B0016SN5JS","ProductIndex":149436}
{"itemId":"B000YC6L9S","ProductIndex":206927}
{"itemId":"B004YA8J14","ProductIndex":140973}
{"itemId":"B002AS9TI4","ProductIndex":133455}
{"itemId":"B000AFW6WA","ProductIndex":151335}
{"itemId":"B004AA4JOO","ProductIndex":207982}
{"itemId":"B00CQAY3EG","ProductIndex":154605}
{"itemId":"B001QXDSL8","ProductIndex":177383}
{"itemId":"B00434Z1R6","ProductIndex":144654}
{"itemId":"B000BWYJOU","ProductIndex":120426}
{"itemId":"B008O1D6CQ","ProductIndex":134299}
{"itemId":"B000OHC55M","ProductIndex":170584}
{"itemId":"B003M2BXX6","ProductIndex":101335}
{"itemId":"B004L97W7K","ProductIndex":184950}
{"itemId":"B0010YHVPM","ProductIndex":183920}
{"itemId":"B005FGQLO8","ProductIndex":133066}
{"itemId":"B004G7DMAI","ProductIndex":140172}
{"itemId":"B00009UTV9","ProductIndex":141865}
{"itemId":"B00FHJTOVU","ProductIndex":145297}
{"itemId":"B00854O78Y","ProductIndex":121793}
{"itemId":"B000EGB298","ProductIndex":95666}
{"itemId":"B0009YBOU2","ProductIndex":200566}
{"itemId":"B002OJ7E40","ProductIndex":77559}
{"itemId":"B00004U8K6","ProductIndex":193994}
{"itemId":"B005U9EPFC","ProductIndex":169508}
{"itemId":"B004CJH7PQ","ProductIndex":76433}
{"itemId":"B00AYAZUFG","ProductIndex":162676}
{"itemId":"B001P97WW4","ProductIndex":133116}
{"itemId":"B000BUNG5A","ProductIndex":164421}
{"itemId":"B001O0QOG4","ProductIndex":125810}
{"itemId":"B000BDNV1Q","ProductIndex":146099}
{"itemId":"B0010CBXGW","ProductIndex":130004}
{"itemId":"B003AAIYJ6","ProductIndex":101844}
{"itemId":"B0035EQ8LS","ProductIndex":159616}
{"itemId":"B0015AASLK","ProductIndex":191224}
{"itemId":"B003V38AFA","ProductIndex":177919}
{"itemId":"B005V1XJU6","ProductIndex":94225}
{"itemId":"B005D998YW","ProductIndex":152339}
{"itemId":"B003XO4WX6","ProductIndex":162665}
{"itemId":"B004FVJXZS","ProductIndex":158345}
{"itemId":"B00HEPB5YY","ProductIndex":171920}
{"itemId":"B002IX2HNU","ProductIndex":163933}
{"itemId":"B00004TCWA","ProductIndex":139457}
{"itemId":"B00CPRR9GE","ProductIndex":73314}
{"itemId":"B001TGX6TG","ProductIndex":174288}
{"itemId":"B004DQYAV2","ProductIndex":117043}
{"itemId":"B005HRWRG6","ProductIndex":155134}
{"itemId":"B005LURMJ6","ProductIndex":93219}
{"itemId":"B0092ICXGK","ProductIndex":167067}
{"itemId":"B0002472NC","ProductIndex":176754}
{"itemId":"B003XOBTHS","ProductIndex":173638}
{"itemId":"B008BGLUHW","ProductIndex":168852}
{"itemId":"B004C6OIWY","ProductIndex":159973}
{"itemId":"B0000524QK","ProductIndex":201372}
{"itemId":"B004FH5C48","ProductIndex":85795}
{"itemId":"B000NOVNE0","ProductIndex":102387}
{"itemId":"B000FQCJ9O","ProductIndex":169336}
{"itemId":"B004HESWC8","ProductIndex":167422}
{"itemId":"B00DCCHCOK","ProductIndex":196726}
{"itemId":"B001XVYIFS","ProductIndex":195222}
{"itemId":"B000GU057W","ProductIndex":109502}
{"itemId":"B0047VNGZ4","ProductIndex":179165}
{"itemId":"B003TP8RC6","ProductIndex":112212}
{"itemId":"B003SS4B5G","ProductIndex":86448}
{"itemId":"B005HQ53BI","ProductIndex":160791}
{"itemId":"B000E5VIY8","ProductIndex":156226}
{"itemId":"B004EZPIHM","ProductIndex":157298}
{"itemId":"B00EZVGWVG","ProductIndex":147924}
{"itemId":"B004D9QAYO","ProductIndex":148388}
{"itemId":"B003DQTU1I","ProductIndex":177003}
{"itemId":"B003LRAZY0","ProductIndex":132180}
{"itemId":"B006OUA9KG","ProductIndex":206850}
{"itemId":"B0096YCTL4","ProductIndex":197385}
{"itemId":"B0063LZ9QU","ProductIndex":168015}
{"itemId":"B003IQ0SMI","ProductIndex":103454}
{"itemId":"B0017M85QG","ProductIndex":141240}
{"itemId":"B001DS9DTW","ProductIndex":82979}
{"itemId":"B002RWK1UI","ProductIndex":193392}
{"itemId":"B004G5ZTI8","ProductIndex":143245}
{"itemId":"B000B6116U","ProductIndex":206765}
{"itemId":"B008OK8Z0A","ProductIndex":159037}
{"itemId":"B006JG6KVM","ProductIndex":190444}
{"itemId":"B00DF90MAQ","ProductIndex":141909}
{"itemId":"B009B13TEI","ProductIndex":204911}
{"itemId":"B003JV0CM8","ProductIndex":174695}
{"itemId":"B00005T3Q4","ProductIndex":198232}
{"itemId":"B002DPW544","ProductIndex":126582}
{"itemId":"B00005T3BN","ProductIndex":127613}
{"itemId":"B002WC7RBE","ProductIndex":169566}
{"itemId":"B00005ICBH","ProductIndex":198031}
{"itemId":"B004A8QNZ4","ProductIndex":180707}
{"itemId":"B000LO79TA","ProductIndex":151477}
{"itemId":"B0000BVUYU","ProductIndex":175217}
{"itemId":"B00IT2H76G","ProductIndex":121848}
{"itemId":"B0019QFPB8","ProductIndex":115151}
{"itemId":"B000P709FO","ProductIndex":196082}
{"itemId":"B00E3YS9Q6","ProductIndex":207118}
{"itemId":"B002MT2LOK","ProductIndex":140486}
{"itemId":"B00CDK6XJM","ProductIndex":162549}
{"itemId":"B000ENAAGW","ProductIndex":136753}
{"itemId":"B003L7NGEG","ProductIndex":134871}
{"itemId":"B008RN4DZA","ProductIndex":111101}
{"itemId":"B005FRTANQ","ProductIndex":198888}
{"itemId":"B000060NX1","ProductIndex":179848}
{"itemId":"B00I3E17RA","ProductIndex":152663}
{"itemId":"B00FWVMEGU","ProductIndex":201555}
{"itemId":"B008XI4DVI","ProductIndex":195558}
{"itemId":"B001NJAT6C","ProductIndex":110630}
{"itemId":"B0050JDEC2","ProductIndex":180641}
{"itemId":"B003O8G7PC","ProductIndex":65670}
{"itemId":"B0097OUESI","ProductIndex":128000}
{"itemId":"B00COQ83U2","ProductIndex":154074}
{"itemId":"B00004Y3TL","ProductIndex":190967}
{"itemId":"B004NPAO5O","ProductIndex":183266}
{"itemId":"B004KSL3E0","ProductIndex":144207}
{"itemId":"B0036BAUMI","ProductIndex":171124}
{"itemId":"B00D3F7GXI","ProductIndex":127169}
{"itemId":"B000G1858M","ProductIndex":204514}
{"itemId":"B009R5AP9U","ProductIndex":177588}
{"itemId":"B000GPPFJU","ProductIndex":169218}
{"itemId":"B000VBHB14","ProductIndex":179366}
{"itemId":"B001HBHSYC","ProductIndex":172774}
{"itemId":"B00FMRV7OY","ProductIndex":170186}
{"itemId":"B005WLY7X8","ProductIndex":105484}
{"itemId":"B007WFJWZK","ProductIndex":188523}
{"itemId":"B003TP2MI6","ProductIndex":202966}
{"itemId":"B004FZ1ODS","ProductIndex":195153}
{"itemId":"B001MQ4LP6","ProductIndex":171965}
{"itemId":"B002IAW1M0","ProductIndex":195438}
{"itemId":"B0082PRE36","ProductIndex":176896}
{"itemId":"B000LG3OEM","ProductIndex":186030}
{"itemId":"B005SIO0BO","ProductIndex":167528}
{"itemId":"B00EH1DVOA","ProductIndex":145382}
{"itemId":"B002RWJHGC","ProductIndex":204778}
{"itemId":"B008UNDP6U","ProductIndex":154362}
{"itemId":"B0063K8MKG","ProductIndex":147374}
{"itemId":"B003OUFUIU","ProductIndex":157412}
{"itemId":"B0086Y491I","ProductIndex":173330}
{"itemId":"B000C3X83Q","ProductIndex":168655}
{"itemId":"B0002IASCU","ProductIndex":115311}
{"itemId":"B00969V64A","ProductIndex":155972}
{"itemId":"B000VP96PO","ProductIndex":183754}
{"itemId":"B005TJKGGU","ProductIndex":188988}
{"itemId":"B0056BPNM8","ProductIndex":182712}
{"itemId":"B0029Y7ZR6","ProductIndex":195502}
{"itemId":"B00001RMEV","ProductIndex":177687}
{"itemId":"B000GE9VEQ","ProductIndex":165319}
{"itemId":"B000PNRNJ8","ProductIndex":113572}
{"itemId":"B00H9XDCJC","ProductIndex":123308}
{"itemId":"B001ENWHSU","ProductIndex":147473}
{"itemId":"B0030MYAHO","ProductIndex":170857}
{"itemId":"B0087RGLQU","ProductIndex":186122}
{"itemId":"B000TGLZG8","ProductIndex":200171}
{"itemId":"B00DPCFRHQ","ProductIndex":190008}
{"itemId":"B00009XT13","ProductIndex":137020}
{"itemId":"B006VR6A3W","ProductIndex":121151}
{"itemId":"B00CDSWHK8","ProductIndex":206968}
{"itemId":"B00A755TIQ","ProductIndex":154933}
{"itemId":"B001E5PSFC","ProductIndex":139787}
{"itemId":"B00FXKLNMG","ProductIndex":139139}
{"itemId":"B003H485GM","ProductIndex":196480}
{"itemId":"B00GCFGP6U","ProductIndex":189798}
{"itemId":"B005ERO3SY","ProductIndex":181836}
{"itemId":"B001UBAOLI","ProductIndex":160142}
{"itemId":"B004G855ES","ProductIndex":202547}
{"itemId":"B000VMVVDC","ProductIndex":167738}
{"itemId":"B00828Y2Y2","ProductIndex":155493}
{"itemId":"B002V19IDG","ProductIndex":165073}
{"itemId":"B00AAB7XJK","ProductIndex":180932}
{"itemId":"B00301V33E","ProductIndex":208353}
{"itemId":"B00C7OO3M8","ProductIndex":162132}
{"itemId":"B00CSGNV7I","ProductIndex":206196}
{"itemId":"B00BBH9LII","ProductIndex":186591}
{"itemId":"B0001ELYP0","ProductIndex":158174}
{"itemId":"B005HH17E4","ProductIndex":203280}
{"itemId":"B00K5VZMX4","ProductIndex":138147}
{"itemId":"B001PN6DYS","ProductIndex":178229}
{"itemId":"B004CQV2Z0","ProductIndex":182049}
{"itemId":"B003ED7YJK","ProductIndex":133961}
{"itemId":"B005GXP6VO","ProductIndex":197728}
{"itemId":"B0002Z80G4","ProductIndex":191735}
{"itemId":"B000J343ME","ProductIndex":201853}
{"itemId":"B000ITOKRM","ProductIndex":159789}
{"itemId":"B000087LIL","ProductIndex":186987}
{"itemId":"B000L3X6S4","ProductIndex":120847}
{"itemId":"B003O6S5E0","ProductIndex":182983}
{"itemId":"B00G2ZK02A","ProductIndex":164597}
{"itemId":"B005MM5GMS","ProductIndex":194810}
{"itemId":"B001FSTBAQ","ProductIndex":138735}
{"itemId":"B0006UD31M","ProductIndex":200609}
{"itemId":"B008MO0SEO","ProductIndex":191611}
{"itemId":"B00009RTBH","ProductIndex":192631}
{"itemId":"B0099EPUZI","ProductIndex":190586}
{"itemId":"B00D8QTM8Y","ProductIndex":201128}
{"itemId":"B005EGXXZY","ProductIndex":201991}
{"itemId":"B0009X3K64","ProductIndex":147342}
{"itemId":"B00E39N5JC","ProductIndex":202616}
{"itemId":"B00ASQ1YBA","ProductIndex":189419}
{"itemId":"B000IZ5PBQ","ProductIndex":181754}
{"itemId":"B004WGIUJG","ProductIndex":195468}
{"itemId":"B00AF21FN4","ProductIndex":183098}
{"itemId":"B00F33MOY4","ProductIndex":149857}
{"itemId":"B00DIJ6AFY","ProductIndex":185296}
{"itemId":"B0010ZDLYQ","ProductIndex":198797}
{"itemId":"B000KFPST8","ProductIndex":161095}
{"itemId":"B000NWTQMI","ProductIndex":182018}
{"itemId":"B007SO2VTE","ProductIndex":156033}
{"itemId":"B001W1J34U","ProductIndex":165263}
{"itemId":"B0090B8TMG","ProductIndex":206846}
{"itemId":"B005ZBICVS","ProductIndex":194788}
{"itemId":"B00AEEL1BY","ProductIndex":191409}
{"itemId":"B008ZH9WPE","ProductIndex":204864}
{"itemId":"B00CD8278A","ProductIndex":201180}
{"itemId":"B00342UT0C","ProductIndex":161457}
{"itemId":"B002DPQVGM","ProductIndex":144718}
{"itemId":"B000CCOLRY","ProductIndex":184014}
{"itemId":"B00006JPA4","ProductIndex":196300}
{"itemId":"B001B6N7OI","ProductIndex":189090}
{"itemId":"B00EABITHQ","ProductIndex":198239}
{"itemId":"B00949U9IQ","ProductIndex":204305}
{"itemId":"B008D8SOR2","ProductIndex":180904}
{"itemId":"B00006ANWX","ProductIndex":178117}
{"itemId":"B001AXT962","ProductIndex":200836}
{"itemId":"B001PCS4PA","ProductIndex":205261}
{"itemId":"B00744RI78","ProductIndex":161144}
{"itemId":"B003YUMDNK","ProductIndex":195632}
{"itemId":"B000EYB8OO","ProductIndex":176631}
{"itemId":"B0017YUL7U","ProductIndex":187027}
{"itemId":"B0051N9S4A","ProductIndex":202036}
{"itemId":"B00KFPKZG4","ProductIndex":177223}
{"itemId":"B003BYQLY6","ProductIndex":191946}
