{"itemId":"B003ZSP0WW","ProductIndex":219}
{"itemId":"B006MKRQBI","ProductIndex":151052}
{"itemId":"B003XM73P2","ProductIndex":350}
{"itemId":"B0049U3XQA","ProductIndex":141411}
{"itemId":"B006U0Z72U","ProductIndex":29652}
{"itemId":"B00067OF80","ProductIndex":3366}
{"itemId":"B000WH6H1M","ProductIndex":1329}
{"itemId":"B005VTIMEQ","ProductIndex":2909}
{"itemId":"B0084ZY3QK","ProductIndex":11596}
{"itemId":"B00COIKS12","ProductIndex":105992}
{"itemId":"B00AQ2BUWY","ProductIndex":24641}
{"itemId":"B00009R6UC","ProductIndex":14384}
{"itemId":"B0042A8CW2","ProductIndex":1668}
{"itemId":"B008AL9VXI","ProductIndex":918}
{"itemId":"B00CXIVEA2","ProductIndex":10787}
{"itemId":"B000GVTX6U","ProductIndex":5441}
{"itemId":"B0042SXZFS","ProductIndex":9591}
{"itemId":"B00DUKJ5CQ","ProductIndex":1019}
{"itemId":"B001UE6MIO","ProductIndex":968}
{"itemId":"B002Z2QDNE","ProductIndex":2891}
{"itemId":"B002KEA8OM","ProductIndex":3143}
{"itemId":"B00E8CB0XC","ProductIndex":44292}
{"itemId":"B003UBGAN2","ProductIndex":29080}
{"itemId":"B0018MCIQI","ProductIndex":26642}
{"itemId":"B0045J9W4C","ProductIndex":181096}
{"itemId":"B0079UAT0A","ProductIndex":500}
{"itemId":"B0012TTWVQ","ProductIndex":94957}
{"itemId":"B0055QYJKG","ProductIndex":889}
{"itemId":"B005CX82A0","ProductIndex":106491}
{"itemId":"B00B06SBJK","ProductIndex":138799}
{"itemId":"B00DHKGAAE","ProductIndex":12392}
{"itemId":"B0009Q56N6","ProductIndex":4634}
{"itemId":"B008RM235I","ProductIndex":1131}
{"itemId":"B0001VWHH2","ProductIndex":2636}
{"itemId":"B00000JI48","ProductIndex":29416}
{"itemId":"B0051OLJXM","ProductIndex":94284}
{"itemId":"B000BXJLQK","ProductIndex":207040}
{"itemId":"B007X6FCWA","ProductIndex":1456}
{"itemId":"B004CANMCC","ProductIndex":2674}
{"itemId":"B005553IUO","ProductIndex":17404}
{"itemId":"B002DYIWWY","ProductIndex":82768}
{"itemId":"B002TSWTAA","ProductIndex":15738}
{"itemId":"B0015ACUKC","ProductIndex":1988}
{"itemId":"B005DQG5XC","ProductIndex":12465}
{"itemId":"B001EZTJ34","ProductIndex":19554}
{"itemId":"B002PS3EB2","ProductIndex":173926}
{"itemId":"B00009X3QP","ProductIndex":49284}
{"itemId":"B000QWG43Y","ProductIndex":24568}
{"itemId":"B0055EXMII","ProductIndex":10939}
{"itemId":"B0053EBFRU","ProductIndex":61865}
{"itemId":"B009OMOK7O","ProductIndex":39811}
{"itemId":"B00FYVBE96","ProductIndex":26322}
{"itemId":"B00070QI1I","ProductIndex":4442}
{"itemId":"B004ZF0PXI","ProductIndex":4118}
{"itemId":"B0000AQJ7J","ProductIndex":22418}
{"itemId":"B000HGMMH6","ProductIndex":9757}
{"itemId":"B00COA8FXS","ProductIndex":85872}
{"itemId":"B005E99A8K","ProductIndex":64581}
{"itemId":"B007X3VECU","ProductIndex":14936}
{"itemId":"B00AF56QA8","ProductIndex":14216}
{"itemId":"B000138TWC","ProductIndex":99363}
{"itemId":"B000SKZJJE","ProductIndex":37918}
{"itemId":"B00BF37SKG","ProductIndex":24282}
{"itemId":"B0029TLYIM","ProductIndex":113773}
{"itemId":"B00DNVA184","ProductIndex":3012}
{"itemId":"B001E46A7I","ProductIndex":10250}
{"itemId":"B00182CIB8","ProductIndex":898}
{"itemId":"B00AQ2BTHK","ProductIndex":5278}
{"itemId":"B0002BEVO8","ProductIndex":10599}
{"itemId":"B00512W4Y2","ProductIndex":13446}
{"itemId":"B0011Z9VRQ","ProductIndex":40071}
{"itemId":"B00182F1SU","ProductIndex":23838}
{"itemId":"B007KC1R3A","ProductIndex":14661}
{"itemId":"B009A136T2","ProductIndex":11609}
{"itemId":"B00IAAALFG","ProductIndex":7432}
{"itemId":"B00013JU9S","ProductIndex":99258}
{"itemId":"B00G2BXBG6","ProductIndex":101594}
{"itemId":"B00GNE5K2K","ProductIndex":100359}
{"itemId":"B00005ATMB","ProductIndex":622}
{"itemId":"B0068IZO8G","ProductIndex":74812}
{"itemId":"B005MM4GYM","ProductIndex":68466}
{"itemId":"B006PTPUWS","ProductIndex":16651}
{"itemId":"B000I8CP0M","ProductIndex":9978}
{"itemId":"B00G5JEVY6","ProductIndex":110225}
{"itemId":"B001KURYAS","ProductIndex":9811}
{"itemId":"B003KGBD16","ProductIndex":11906}
{"itemId":"B000GIPHNQ","ProductIndex":22680}
{"itemId":"B001S2PK72","ProductIndex":25454}
{"itemId":"B003H7D6F4","ProductIndex":208159}
{"itemId":"B002U03KQO","ProductIndex":27773}
{"itemId":"B002JCSV5I","ProductIndex":2596}
{"itemId":"B0055CRA3I","ProductIndex":57457}
{"itemId":"B003KIEM3U","ProductIndex":19713}
{"itemId":"B0026P4670","ProductIndex":68552}
{"itemId":"B00062821Q","ProductIndex":72369}
{"itemId":"B000NJUHS8","ProductIndex":49991}
{"itemId":"B00005OLYD","ProductIndex":32341}
{"itemId":"B000053HH5","ProductIndex":1833}
{"itemId":"B001NPEBG0","ProductIndex":49828}
{"itemId":"B00F3DAKY0","ProductIndex":47067}
{"itemId":"B001RB24UA","ProductIndex":7481}
{"itemId":"B000BVCTS4","ProductIndex":21375}
{"itemId":"B00FSB79KU","ProductIndex":22694}
{"itemId":"B00B9AB26G","ProductIndex":13215}
{"itemId":"B00GO4GMAI","ProductIndex":16555}
{"itemId":"B001MQQ26C","ProductIndex":51810}
{"itemId":"B00009R8G5","ProductIndex":124751}
{"itemId":"B0023RRNJY","ProductIndex":11199}
{"itemId":"B008KW61XK","ProductIndex":15778}
{"itemId":"B00AV9FBAY","ProductIndex":82670}
{"itemId":"B002BK4RK6","ProductIndex":68548}
{"itemId":"B006YJ96S8","ProductIndex":20567}
{"itemId":"B0008G1VCC","ProductIndex":10978}
{"itemId":"B001KN8PSK","ProductIndex":31911}
{"itemId":"B00GOVF05O","ProductIndex":114437}
{"itemId":"B004N8ZR9E","ProductIndex":33436}
{"itemId":"B0036WS1CS","ProductIndex":32795}
{"itemId":"B006MB9AEI","ProductIndex":26302}
{"itemId":"B00BCGRYY6","ProductIndex":5451}
{"itemId":"B008LXSA78","ProductIndex":9917}
{"itemId":"B001E71GU6","ProductIndex":8452}
{"itemId":"B003UKRE5Q","ProductIndex":62335}
{"itemId":"B00GKKI4JI","ProductIndex":12558}
{"itemId":"B008OMOEO4","ProductIndex":27236}
{"itemId":"B00FW498K2","ProductIndex":85702}
{"itemId":"B008HO7LLC","ProductIndex":27535}
{"itemId":"B0038MXHDY","ProductIndex":92887}
{"itemId":"B00905NKHG","ProductIndex":87712}
{"itemId":"B00067OLOS","ProductIndex":14317}
{"itemId":"B000GU78Z4","ProductIndex":5512}
{"itemId":"B00650P2ZC","ProductIndex":3458}
{"itemId":"B003UIM142","ProductIndex":65100}
{"itemId":"B003ZCVEDM","ProductIndex":60065}
{"itemId":"B009WHV3I0","ProductIndex":3814}
{"itemId":"B003U8YAWI","ProductIndex":53220}
{"itemId":"B0065RGCSG","ProductIndex":41409}
{"itemId":"B001RB24QO","ProductIndex":37316}
{"itemId":"B004ZIALYS","ProductIndex":48077}
{"itemId":"B0063IZ5VW","ProductIndex":83745}
{"itemId":"B00005T3G6","ProductIndex":131953}
{"itemId":"B001DFZ5HO","ProductIndex":5435}
{"itemId":"B009NNDR8C","ProductIndex":62433}
{"itemId":"B009T3LM1K","ProductIndex":42075}
{"itemId":"B0009K9Q2E","ProductIndex":26212}
{"itemId":"B000NSIEGQ","ProductIndex":130642}
{"itemId":"B000B6LCHS","ProductIndex":87975}
{"itemId":"B001EXFCBO","ProductIndex":95919}
{"itemId":"B002KLOCOC","ProductIndex":38201}
{"itemId":"B0017U4U0S","ProductIndex":29070}
{"itemId":"B007X3VEBG","ProductIndex":35804}
{"itemId":"B000J3HZMO","ProductIndex":91862}
{"itemId":"B002BC32OG","ProductIndex":15841}
{"itemId":"B00009V330","ProductIndex":46678}
{"itemId":"B00DI4CZJ4","ProductIndex":8654}
{"itemId":"B0045EFZUM","ProductIndex":8633}
{"itemId":"B000V1PAVW","ProductIndex":92292}
{"itemId":"B009I9MXLS","ProductIndex":37069}
{"itemId":"B001TIHVHC","ProductIndex":18613}
{"itemId":"B00064O1P0","ProductIndex":13240}
{"itemId":"B007SXINGK","ProductIndex":30501}
{"itemId":"B006C2BQ6M","ProductIndex":16841}
{"itemId":"B00552Q7SC","ProductIndex":18880}
{"itemId":"B005R5FKVW","ProductIndex":77703}
{"itemId":"B0078LMQ9C","ProductIndex":45564}
{"itemId":"B005167MIG","ProductIndex":39578}
{"itemId":"B000EOUYH6","ProductIndex":12673}
{"itemId":"B001N7RD9U","ProductIndex":92835}
{"itemId":"B003XQITTW","ProductIndex":64556}
{"itemId":"B007X3VEX4","ProductIndex":11985}
{"itemId":"B007FGH78A","ProductIndex":18967}
{"itemId":"B000XJLQWE","ProductIndex":30317}
{"itemId":"B000YST7R0","ProductIndex":67197}
{"itemId":"B00C7HTPXW","ProductIndex":77374}
{"itemId":"B00061F2GA","ProductIndex":88503}
{"itemId":"B002SXMRO4","ProductIndex":2075}
{"itemId":"B004QEI1R0","ProductIndex":31511}
{"itemId":"B005LTJ6TG","ProductIndex":134421}
{"itemId":"B000NK6XJ4","ProductIndex":32323}
{"itemId":"B00FQQ4PNQ","ProductIndex":11916}
{"itemId":"B005FDXZJU","ProductIndex":12727}
{"itemId":"B002HEQCIQ","ProductIndex":35406}
{"itemId":"B0054T80YK","ProductIndex":94429}
{"itemId":"B007CSRJN4","ProductIndex":12494}
{"itemId":"B009DS6OFU","ProductIndex":15364}
{"itemId":"B005518H04","ProductIndex":13729}
{"itemId":"B0037YC3QU","ProductIndex":42879}
{"itemId":"B009TDB4P4","ProductIndex":32171}
{"itemId":"B0002OKCX4","ProductIndex":18247}
{"itemId":"B005C3CYK4","ProductIndex":23784}
{"itemId":"B008VLOBCI","ProductIndex":37779}
{"itemId":"B008NFRR0K","ProductIndex":130798}
{"itemId":"B004HEEQDC","ProductIndex":30499}
{"itemId":"B0085LUUPQ","ProductIndex":132816}
{"itemId":"B007Q4W47A","ProductIndex":33238}
{"itemId":"B00CRJSX5Q","ProductIndex":16283}
{"itemId":"B00481R64K","ProductIndex":125575}
{"itemId":"B0009EB1SW","ProductIndex":201820}
{"itemId":"B006GRXKA8","ProductIndex":66020}
{"itemId":"B005JOKR96","ProductIndex":74844}
{"itemId":"B000XPG2YU","ProductIndex":13916}
{"itemId":"B0027VSQ2O","ProductIndex":75115}
{"itemId":"B003XU76QK","ProductIndex":10332}
{"itemId":"B0084PKC6K","ProductIndex":66893}
{"itemId":"B0006FQI8C","ProductIndex":71039}
{"itemId":"B0018O4KY4","ProductIndex":53407}
{"itemId":"B00763W3FY","ProductIndex":116940}
{"itemId":"B009AR2TJ4","ProductIndex":176333}
{"itemId":"B001GUY5HW","ProductIndex":40898}
{"itemId":"B005X2BR48","ProductIndex":32473}
{"itemId":"B00004Z8HC","ProductIndex":61731}
{"itemId":"B000FIY08U","ProductIndex":11139}
{"itemId":"B001QWX422","ProductIndex":27755}
{"itemId":"B008U4NY6K","ProductIndex":29306}
{"itemId":"B0007XYI9O","ProductIndex":31564}
{"itemId":"B004BPVY3M","ProductIndex":116270}
{"itemId":"B00AAVEYJ2","ProductIndex":7325}
{"itemId":"B0014T4S86","ProductIndex":12929}
{"itemId":"B00IWFIORQ","ProductIndex":199984}
{"itemId":"B004I8WH9W","ProductIndex":28678}
{"itemId":"B0083Z2MYQ","ProductIndex":91644}
{"itemId":"B007JNWCDE","ProductIndex":33341}
{"itemId":"B003AFTJP4","ProductIndex":50678}
{"itemId":"B0052UQXFY","ProductIndex":30917}
{"itemId":"B0046V4CE4","ProductIndex":42399}
{"itemId":"B004UAONCC","ProductIndex":72298}
{"itemId":"B003TMBIYS","ProductIndex":21719}
{"itemId":"B007R14F92","ProductIndex":72416}
{"itemId":"B004S3MO40","ProductIndex":41976}
{"itemId":"B007BYWJUC","ProductIndex":40426}
{"itemId":"B004HV6X3Q","ProductIndex":163464}
{"itemId":"B002FB611E","ProductIndex":200755}
{"itemId":"B000E4K2GO","ProductIndex":13511}
{"itemId":"B001VITUJ2","ProductIndex":61638}
{"itemId":"B000KBBNC8","ProductIndex":41247}
{"itemId":"B00C7ABWIK","ProductIndex":66594}
{"itemId":"B0052GJXNW","ProductIndex":102642}
{"itemId":"B00A2WPZ3I","ProductIndex":105225}
{"itemId":"B0000CE6R4","ProductIndex":62418}
{"itemId":"B003RIPMZU","ProductIndex":43439}
{"itemId":"B005MJCW0K","ProductIndex":163212}
{"itemId":"B00021LJDY","ProductIndex":118284}
{"itemId":"B001NJE0LW","ProductIndex":21785}
{"itemId":"B0047XY8A4","ProductIndex":23763}
{"itemId":"B00ENT84Z2","ProductIndex":114128}
{"itemId":"B0007WHJQO","ProductIndex":174251}
{"itemId":"B000K11OKE","ProductIndex":22238}
{"itemId":"B00005UKXM","ProductIndex":63820}
{"itemId":"B00558C1CC","ProductIndex":72260}
{"itemId":"B004E9SN4S","ProductIndex":26456}
{"itemId":"B0041D6S9Y","ProductIndex":189974}
{"itemId":"B001NJ0WCS","ProductIndex":4550}
{"itemId":"B00FRZQE7G","ProductIndex":11310}
{"itemId":"B0047Q4F40","ProductIndex":16965}
{"itemId":"B00CAKD6LI","ProductIndex":27411}
{"itemId":"B006WO2600","ProductIndex":19581}
{"itemId":"B004IOUVOO","ProductIndex":39481}
{"itemId":"B003E0XXAC","ProductIndex":56779}
{"itemId":"B001581N70","ProductIndex":47703}
{"itemId":"B00BU91JD2","ProductIndex":31439}
{"itemId":"B00EV0CQZC","ProductIndex":62983}
{"itemId":"B0074ARH7S","ProductIndex":46379}
{"itemId":"B001PQMB7S","ProductIndex":165681}
{"itemId":"B000FD7VE0","ProductIndex":71906}
{"itemId":"B001MS0OKU","ProductIndex":26514}
{"itemId":"B000GABVOS","ProductIndex":18868}
{"itemId":"B005LHN2UC","ProductIndex":32644}
{"itemId":"B00IF9G03Y","ProductIndex":65484}
{"itemId":"B001LM9AUM","ProductIndex":18891}
{"itemId":"B00963F2C8","ProductIndex":76811}
{"itemId":"B0096TO26E","ProductIndex":16760}
{"itemId":"B007YDAB6O","ProductIndex":79469}
{"itemId":"B008MUIEYY","ProductIndex":70666}
{"itemId":"B00083ET5G","ProductIndex":20921}
{"itemId":"B00APFRZV2","ProductIndex":147278}
{"itemId":"B006PLJ5WW","ProductIndex":67066}
{"itemId":"B003NTNDO0","ProductIndex":203515}
{"itemId":"B001418VZU","ProductIndex":48196}
{"itemId":"B00D6G9MR2","ProductIndex":78883}
{"itemId":"B005WAYTH8","ProductIndex":45403}
{"itemId":"B00D2YJ30E","ProductIndex":117943}
{"itemId":"B001XXAZH6","ProductIndex":21666}
{"itemId":"B000GUZBZI","ProductIndex":93046}
{"itemId":"B000RMQZ96","ProductIndex":23146}
{"itemId":"B00DMN2OBU","ProductIndex":82543}
{"itemId":"B002UL0XIQ","ProductIndex":34424}
{"itemId":"B000053HBB","ProductIndex":12099}
{"itemId":"B00009R6SZ","ProductIndex":81675}
{"itemId":"B003H7LHP0","ProductIndex":170957}
{"itemId":"B00DWIC9RE","ProductIndex":112388}
{"itemId":"B007HJ9AEY","ProductIndex":31226}
{"itemId":"B00A3O0ILE","ProductIndex":62569}
{"itemId":"B00EPWQSEG","ProductIndex":163189}
{"itemId":"B003P17UTA","ProductIndex":114830}
{"itemId":"B008DH9P7Q","ProductIndex":160188}
{"itemId":"B00AQ2GV8C","ProductIndex":140831}
{"itemId":"B007N9DTJK","ProductIndex":38291}
{"itemId":"B0029SXJMW","ProductIndex":17966}
{"itemId":"B00E3QHYDI","ProductIndex":177739}
{"itemId":"B004G17PO8","ProductIndex":161938}
{"itemId":"B005PH3SCU","ProductIndex":75446}
{"itemId":"B00365DX7S","ProductIndex":71796}
{"itemId":"B000GG5LUW","ProductIndex":7470}
{"itemId":"B004TU1SX0","ProductIndex":26709}
{"itemId":"B003ZRMRNS","ProductIndex":32058}
{"itemId":"B0061QO332","ProductIndex":21690}
{"itemId":"B007FSFQVS","ProductIndex":82270}
{"itemId":"B009O412AU","ProductIndex":22144}
{"itemId":"B00442G9O6","ProductIndex":29147}
{"itemId":"B008G3BESU","ProductIndex":55668}
{"itemId":"B006AZ7840","ProductIndex":93950}
{"itemId":"B00469BOK6","ProductIndex":99084}
{"itemId":"B0090ZMAD6","ProductIndex":170543}
{"itemId":"B005E2XXVC","ProductIndex":143776}
{"itemId":"B007S7LQOW","ProductIndex":178817}
{"itemId":"B000FOWHTI","ProductIndex":72585}
{"itemId":"B0041RSC94","ProductIndex":20798}
{"itemId":"B00AB144UK","ProductIndex":88242}
{"itemId":"B003BYM4JW","ProductIndex":102525}
{"itemId":"B00G9DDRCU","ProductIndex":48017}
{"itemId":"B001LQR8S4","ProductIndex":99207}
{"itemId":"B008ESGRX4","ProductIndex":29974}
{"itemId":"B00DMHSODS","ProductIndex":54046}
{"itemId":"B000I28RU0","ProductIndex":10501}
{"itemId":"B004KNAZY4","ProductIndex":171264}
{"itemId":"B00D12OBEU","ProductIndex":7152}
{"itemId":"B004L21CVY","ProductIndex":112363}
{"itemId":"B0000DFZ5Z","ProductIndex":167416}
{"itemId":"B00ECWY184","ProductIndex":157815}
{"itemId":"B000N54UAI","ProductIndex":66500}
{"itemId":"B001EWEXO2","ProductIndex":89002}
{"itemId":"B0007IQWM0","ProductIndex":33349}
{"itemId":"B004SQS47I","ProductIndex":19843}
{"itemId":"B00AZLCIOU","ProductIndex":189574}
{"itemId":"B006N9QS0S","ProductIndex":73916}
{"itemId":"B0041QUKMC","ProductIndex":37927}
{"itemId":"B003VRIRJ0","ProductIndex":76824}
{"itemId":"B007ABRBVI","ProductIndex":123836}
{"itemId":"B00004ZCM0","ProductIndex":60852}
{"itemId":"B003Z6N544","ProductIndex":35951}
{"itemId":"B00184707S","ProductIndex":84051}
{"itemId":"B004MASO4I","ProductIndex":8821}
{"itemId":"B0015EUO56","ProductIndex":42233}
{"itemId":"B009FD5C6K","ProductIndex":47406}
{"itemId":"B001OI2VB8","ProductIndex":44382}
{"itemId":"B0034G4H1U","ProductIndex":50123}
{"itemId":"B004QNRZJG","ProductIndex":102268}
{"itemId":"B008B4QIV2","ProductIndex":134766}
{"itemId":"B003OAJDSS","ProductIndex":132192}
{"itemId":"B003EYVEX6","ProductIndex":164100}
{"itemId":"B005GM5VZQ","ProductIndex":45318}
{"itemId":"B009L7ELUS","ProductIndex":61191}
{"itemId":"B003VWPH16","ProductIndex":37846}
{"itemId":"B005FJBJCO","ProductIndex":153026}
{"itemId":"B003M5QW2K","ProductIndex":79621}
{"itemId":"B005LXS7OM","ProductIndex":27876}
{"itemId":"B002ULBWY0","ProductIndex":88403}
{"itemId":"B000O3OER8","ProductIndex":166829}
{"itemId":"B00460T9YI","ProductIndex":81180}
{"itemId":"B00DZIC3AO","ProductIndex":49908}
{"itemId":"B001KEMJ9U","ProductIndex":82581}
{"itemId":"B000065CEV","ProductIndex":17425}
{"itemId":"B001K39980","ProductIndex":56945}
{"itemId":"B004T0B614","ProductIndex":77943}
{"itemId":"B001O6C3CW","ProductIndex":73479}
{"itemId":"B001UG8DPM","ProductIndex":50479}
{"itemId":"B00G2X3HT0","ProductIndex":48232}
{"itemId":"B000LVKNN2","ProductIndex":20702}
{"itemId":"B003YEC7JG","ProductIndex":48940}
{"itemId":"B0011FKI3M","ProductIndex":18253}
{"itemId":"B004A7M462","ProductIndex":106402}
{"itemId":"B007KD9Q8M","ProductIndex":124640}
{"itemId":"B007Z9EAP0","ProductIndex":43890}
{"itemId":"B000789358","ProductIndex":92013}
{"itemId":"B0081TMG2C","ProductIndex":132646}
{"itemId":"B0080QEAU2","ProductIndex":124085}
{"itemId":"B005UST5BC","ProductIndex":171023}
{"itemId":"B001MQ4NLI","ProductIndex":170658}
{"itemId":"B00005ML58","ProductIndex":24515}
{"itemId":"B00FEWOS1Q","ProductIndex":157710}
{"itemId":"B00B1SAYKQ","ProductIndex":126372}
{"itemId":"B009VMSGD6","ProductIndex":129477}
{"itemId":"B0002ZCIYE","ProductIndex":134920}
{"itemId":"B003X1TUHC","ProductIndex":42905}
{"itemId":"B001DNTZ5O","ProductIndex":99161}
{"itemId":"B007E4XFH0","ProductIndex":134977}
{"itemId":"B0013M5J3C","ProductIndex":172471}
{"itemId":"B001CQ4W6E","ProductIndex":126320}
{"itemId":"B0009U611I","ProductIndex":80136}
{"itemId":"B001F08CXG","ProductIndex":58352}
{"itemId":"B008GBE5V0","ProductIndex":46827}
{"itemId":"B0057ZEH2U","ProductIndex":9508}
{"itemId":"B003CYKYUW","ProductIndex":57186}
{"itemId":"B004PJC9QU","ProductIndex":15292}
{"itemId":"B00BZC0LR4","ProductIndex":74563}
{"itemId":"B002Y557UM","ProductIndex":88929}
{"itemId":"B0002DJQFU","ProductIndex":117832}
{"itemId":"B00004Z7BW","ProductIndex":79298}
{"itemId":"B001GXCVH0","ProductIndex":18396}
{"itemId":"B008PFW05A","ProductIndex":174364}
{"itemId":"B00009R97U","ProductIndex":23444}
{"itemId":"B007KO80VK","ProductIndex":199334}
{"itemId":"B00DKWSC1E","ProductIndex":15925}
{"itemId":"B004RZJ6AO","ProductIndex":87620}
{"itemId":"B0012DQWOC","ProductIndex":171110}
{"itemId":"B002C78NOY","ProductIndex":92766}
{"itemId":"B00383GWF8","ProductIndex":165970}
{"itemId":"B003FPB09C","ProductIndex":202668}
{"itemId":"B00B91CXSQ","ProductIndex":71294}
{"itemId":"B001MAYK30","ProductIndex":107059}
{"itemId":"B000T4H5TG","ProductIndex":162205}
{"itemId":"B001QTW9G2","ProductIndex":73495}
{"itemId":"B0037ECAP4","ProductIndex":27106}
{"itemId":"B005V7D1LW","ProductIndex":58825}
{"itemId":"B002YH64LQ","ProductIndex":168466}
{"itemId":"B005IQGUMI","ProductIndex":35632}
{"itemId":"B00005MA9X","ProductIndex":23225}
{"itemId":"B00AZC886G","ProductIndex":29666}
{"itemId":"B001MQ4M8M","ProductIndex":175359}
{"itemId":"B0089CMZWW","ProductIndex":94171}
{"itemId":"B00CH6LJW8","ProductIndex":73277}
{"itemId":"B00ABV78VW","ProductIndex":69485}
{"itemId":"B0045DDSVQ","ProductIndex":141838}
{"itemId":"B00BQU0YU4","ProductIndex":20675}
{"itemId":"B000FJ7VQC","ProductIndex":93343}
{"itemId":"B004ETGOCG","ProductIndex":88665}
{"itemId":"B000EU02YK","ProductIndex":23700}
{"itemId":"B00EP2HNCW","ProductIndex":153312}
{"itemId":"B0000UUXAC","ProductIndex":53730}
{"itemId":"B004KNH1DW","ProductIndex":202223}
{"itemId":"B000PKMDEQ","ProductIndex":22886}
{"itemId":"B007MHIHF4","ProductIndex":142841}
{"itemId":"B006FW043A","ProductIndex":56318}
{"itemId":"B009WN70MC","ProductIndex":125247}
{"itemId":"B000NK78KW","ProductIndex":78480}
{"itemId":"B001MQACGI","ProductIndex":124362}
{"itemId":"B00CIITK3A","ProductIndex":89444}
{"itemId":"B00DW305M0","ProductIndex":127156}
{"itemId":"B0098C294G","ProductIndex":80460}
{"itemId":"B000058AN8","ProductIndex":152543}
{"itemId":"B0017W3WDC","ProductIndex":45274}
{"itemId":"B00G2US4ZK","ProductIndex":163150}
{"itemId":"B00AKWUZ58","ProductIndex":66464}
{"itemId":"B00005T3KY","ProductIndex":74989}
{"itemId":"B00006B938","ProductIndex":25391}
{"itemId":"B00FBG2L5K","ProductIndex":139671}
{"itemId":"B004OUMTT2","ProductIndex":13705}
{"itemId":"B00005KC97","ProductIndex":109555}
{"itemId":"B000981H8M","ProductIndex":47963}
{"itemId":"B0000655ZE","ProductIndex":100354}
{"itemId":"B0013V1T1O","ProductIndex":45139}
{"itemId":"B002UL7YL0","ProductIndex":149631}
{"itemId":"B004KJ7PXC","ProductIndex":182626}
{"itemId":"B000EFLPDW","ProductIndex":30760}
{"itemId":"B0019D6JAW","ProductIndex":110912}
{"itemId":"B0041MOZ1S","ProductIndex":155525}
{"itemId":"B005AZSDSQ","ProductIndex":108865}
{"itemId":"B008E0B192","ProductIndex":140415}
{"itemId":"B004AMJFIW","ProductIndex":98743}
{"itemId":"B007QA9MLA","ProductIndex":107726}
{"itemId":"B009ES4W1W","ProductIndex":146460}
{"itemId":"B005FYFV3W","ProductIndex":27795}
{"itemId":"B00005LCFV","ProductIndex":142707}
{"itemId":"B0009JKVZG","ProductIndex":36914}
{"itemId":"B00DNVYDZG","ProductIndex":70760}
{"itemId":"B005QUG3UK","ProductIndex":186667}
{"itemId":"B001BHUJ3E","ProductIndex":66092}
{"itemId":"B000F6G3D2","ProductIndex":140461}
{"itemId":"B004D2MN42","ProductIndex":94611}
{"itemId":"B000MQ5S40","ProductIndex":165998}
{"itemId":"B000093UQE","ProductIndex":159002}
{"itemId":"B003O86FY0","ProductIndex":74266}
{"itemId":"B00004WFWH","ProductIndex":172998}
{"itemId":"B00F5BUF1I","ProductIndex":40009}
{"itemId":"B0069CQ7BE","ProductIndex":30642}
{"itemId":"B00CZ26IA2","ProductIndex":152817}
{"itemId":"B008MVRNEU","ProductIndex":129644}
{"itemId":"B000GS2QX0","ProductIndex":34707}
{"itemId":"B003UIVBDY","ProductIndex":145916}
{"itemId":"B0050NG1PU","ProductIndex":35612}
{"itemId":"B005HRV5E6","ProductIndex":60697}
{"itemId":"B004IYZFSG","ProductIndex":160340}
{"itemId":"B0007Z13XQ","ProductIndex":91889}
{"itemId":"B004ETK3RS","ProductIndex":109292}
{"itemId":"B00744SLPG","ProductIndex":87293}
{"itemId":"B00GH3BN7I","ProductIndex":185154}
{"itemId":"B00D64VKKQ","ProductIndex":63360}
{"itemId":"B004QBKPJK","ProductIndex":87307}
{"itemId":"B009MUZJ7I","ProductIndex":171853}
{"itemId":"B005UH0MZQ","ProductIndex":84659}
{"itemId":"B00CUDZ07I","ProductIndex":76092}
{"itemId":"B005LTTBBY","ProductIndex":170297}
{"itemId":"B00394LZ1M","ProductIndex":162903}
{"itemId":"B00938YR5E","ProductIndex":171187}
{"itemId":"B0018BO7N6","ProductIndex":90918}
{"itemId":"B0034COX5E","ProductIndex":141336}
{"itemId":"B00006MZ09","ProductIndex":77590}
{"itemId":"B003FO0FV2","ProductIndex":139292}
{"itemId":"B00APLXYZW","ProductIndex":43933}
{"itemId":"B00005UKBN","ProductIndex":168491}
{"itemId":"B000VUGXLY","ProductIndex":98975}
{"itemId":"B003GPYBDS","ProductIndex":94197}
{"itemId":"B00384FVGI","ProductIndex":99180}
{"itemId":"B005H8MWU6","ProductIndex":138366}
{"itemId":"B004YZJF1M","ProductIndex":78083}
{"itemId":"B002WJPMX2","ProductIndex":55468}
{"itemId":"B000ATVS2K","ProductIndex":177531}
{"itemId":"B002KIAO6U","ProductIndex":103952}
{"itemId":"B00007EMD2","ProductIndex":62227}
{"itemId":"B001BRYE4O","ProductIndex":54881}
{"itemId":"B000FL5OJ6","ProductIndex":92897}
{"itemId":"B009YFXRDE","ProductIndex":68564}
{"itemId":"B0040XOH0W","ProductIndex":104830}
{"itemId":"B0013IJILK","ProductIndex":31678}
{"itemId":"B0016JKOZA","ProductIndex":58403}
{"itemId":"B00BCMUD66","ProductIndex":148184}
{"itemId":"B005I4R290","ProductIndex":154864}
{"itemId":"B00G94Q05A","ProductIndex":89632}
{"itemId":"B007JLEDB0","ProductIndex":147802}
{"itemId":"B008EYA9EG","ProductIndex":108747}
{"itemId":"B0056URL2Y","ProductIndex":71274}
{"itemId":"B00HK8V0YK","ProductIndex":61521}
{"itemId":"B0056UX96G","ProductIndex":155706}
{"itemId":"B000K2A37S","ProductIndex":168072}
{"itemId":"B001RNNY3O","ProductIndex":83956}
{"itemId":"B00004YBVF","ProductIndex":51179}
{"itemId":"B009VNZAB6","ProductIndex":112317}
{"itemId":"B00009V7HC","ProductIndex":180988}
{"itemId":"B001GQ2QUE","ProductIndex":148123}
{"itemId":"B004DTW4US","ProductIndex":57942}
{"itemId":"B00176PRPY","ProductIndex":193558}
{"itemId":"B0032FOJD4","ProductIndex":70940}
{"itemId":"B00005UKBB","ProductIndex":118779}
{"itemId":"B00006JQBU","ProductIndex":59536}
{"itemId":"B00DSX557O","ProductIndex":137795}
{"itemId":"B000AMLU20","ProductIndex":41662}
{"itemId":"B00GXXIZ8M","ProductIndex":137173}
{"itemId":"B001RYECJ8","ProductIndex":40084}
{"itemId":"B007NXPKOS","ProductIndex":79231}
{"itemId":"B003XRIT7S","ProductIndex":138832}
{"itemId":"B00F2H2SG0","ProductIndex":130972}
{"itemId":"B004P8D95Q","ProductIndex":104010}
{"itemId":"B003D3NEPE","ProductIndex":112290}
{"itemId":"B0029N3U9E","ProductIndex":76768}
{"itemId":"B00C18YRR6","ProductIndex":68596}
{"itemId":"B005LXGZ6Y","ProductIndex":64483}
{"itemId":"B006ITEB34","ProductIndex":28410}
{"itemId":"B004U29H8A","ProductIndex":46071}
{"itemId":"B00CS9R4KA","ProductIndex":59382}
{"itemId":"B0065SHAGI","ProductIndex":113352}
{"itemId":"B006FXURV8","ProductIndex":132131}
{"itemId":"B004UJ8BA8","ProductIndex":122941}
{"itemId":"B005HJK5PY","ProductIndex":138326}
{"itemId":"B004HYGDJW","ProductIndex":81258}
{"itemId":"B00FYC1B0C","ProductIndex":166930}
{"itemId":"B004Z9BW72","ProductIndex":150203}
{"itemId":"B0036H22TG","ProductIndex":107335}
{"itemId":"B0055Q5J00","ProductIndex":98153}
{"itemId":"B004EI29VC","ProductIndex":137067}
{"itemId":"B005F7DT3S","ProductIndex":105955}
{"itemId":"B003QKWBAI","ProductIndex":72787}
{"itemId":"B007OQQ4XU","ProductIndex":138716}
{"itemId":"B004Q7GOM6","ProductIndex":42939}
{"itemId":"B002P4Q706","ProductIndex":187837}
{"itemId":"B009TCIOIA","ProductIndex":123291}
{"itemId":"B00BUSXXP0","ProductIndex":58719}
{"itemId":"B00CWW2084","ProductIndex":180522}
{"itemId":"B007KNPH3U","ProductIndex":170151}
{"itemId":"B000A2AJD6","ProductIndex":108270}
{"itemId":"B005HB8FJ0","ProductIndex":152275}
{"itemId":"B00HWML490","ProductIndex":60456}
{"itemId":"B007GF9MVU","ProductIndex":93224}
{"itemId":"B0016G8I38","ProductIndex":87913}
{"itemId":"B000065SP5","ProductIndex":77870}
{"itemId":"B007LIHP34","ProductIndex":108253}
{"itemId":"B004G8CTPG","ProductIndex":53165}
{"itemId":"B00F5VZ63K","ProductIndex":151509}
{"itemId":"B004UG3YU8","ProductIndex":23350}
{"itemId":"B000R4J7YY","ProductIndex":97180}
{"itemId":"B00078N9I0","ProductIndex":70066}
{"itemId":"B00CBTSRI0","ProductIndex":138238}
{"itemId":"B000EA0DEO","ProductIndex":25748}
{"itemId":"B0019T20Y0","ProductIndex":100680}
{"itemId":"B0099EVVEM","ProductIndex":101821}
{"itemId":"B0001MKTQC","ProductIndex":86634}
{"itemId":"B00552PD9G","ProductIndex":193293}
{"itemId":"B003VZEYA8","ProductIndex":99612}
{"itemId":"B000M8UTZG","ProductIndex":49230}
{"itemId":"B00A1OOGDW","ProductIndex":54966}
{"itemId":"B0089HR7JS","ProductIndex":195396}
{"itemId":"B00945266I","ProductIndex":111718}
{"itemId":"B001IWOBKE","ProductIndex":82183}
{"itemId":"B000CGIB3U","ProductIndex":179890}
{"itemId":"B000761NRQ","ProductIndex":126158}
{"itemId":"B001MS0OW8","ProductIndex":108046}
{"itemId":"B001455RI0","ProductIndex":96234}
{"itemId":"B007PPEV9Y","ProductIndex":101411}
{"itemId":"B0080T6BYW","ProductIndex":48283}
{"itemId":"B0045VNKY8","ProductIndex":167052}
{"itemId":"B008PTYNVA","ProductIndex":64055}
{"itemId":"B00AUKBVEE","ProductIndex":56034}
{"itemId":"B003FIK3Y2","ProductIndex":95746}
{"itemId":"B006QRYX3G","ProductIndex":100347}
{"itemId":"B004TA71WC","ProductIndex":64026}
{"itemId":"B002LASLZS","ProductIndex":81974}
{"itemId":"B009FX5UVW","ProductIndex":85541}
{"itemId":"B0094H3U7K","ProductIndex":186880}
{"itemId":"B008YVVM7W","ProductIndex":128473}
{"itemId":"B003DNS9ZY","ProductIndex":101281}
{"itemId":"B000MD7148","ProductIndex":63400}
{"itemId":"B004I5UJ2C","ProductIndex":153181}
{"itemId":"B003L0QF3W","ProductIndex":136401}
{"itemId":"B00DKFEMCE","ProductIndex":96853}
{"itemId":"B0014Z10WC","ProductIndex":93624}
{"itemId":"B000AAZQPY","ProductIndex":107018}
{"itemId":"B0017Z23WA","ProductIndex":39391}
{"itemId":"B0090728S6","ProductIndex":180868}
{"itemId":"B004R26KJW","ProductIndex":103259}
{"itemId":"B005CEPFA4","ProductIndex":88233}
{"itemId":"B000TW20A2","ProductIndex":51542}
{"itemId":"B0002UU030","ProductIndex":138110}
{"itemId":"B000289DX0","ProductIndex":167051}
{"itemId":"B000E0P48O","ProductIndex":96810}
{"itemId":"B001JQ16ES","ProductIndex":136076}
{"itemId":"B00009UTVW","ProductIndex":89506}
{"itemId":"B000E50OZW","ProductIndex":169160}
{"itemId":"B002ROEJUE","ProductIndex":27174}
{"itemId":"B00B3VJ1XW","ProductIndex":62908}
{"itemId":"B008032XT0","ProductIndex":162806}
{"itemId":"B00AGMG07Y","ProductIndex":161352}
{"itemId":"B003WE9MLE","ProductIndex":137400}
{"itemId":"B00C124IBW","ProductIndex":73884}
{"itemId":"B00CFP1F66","ProductIndex":190130}
{"itemId":"B004H1M4ZW","ProductIndex":142621}
{"itemId":"B009M3PE6Q","ProductIndex":117473}
{"itemId":"B004Q7NXS4","ProductIndex":64954}
{"itemId":"B00EM10THC","ProductIndex":160206}
{"itemId":"B002KM64JM","ProductIndex":152643}
{"itemId":"B000IXKYLO","ProductIndex":60162}
{"itemId":"B0045ZTATI","ProductIndex":179029}
{"itemId":"B0044LRTD2","ProductIndex":113591}
{"itemId":"B002958DOO","ProductIndex":128558}
{"itemId":"B00004Z5B5","ProductIndex":148451}
{"itemId":"B000TSTIGA","ProductIndex":106563}
{"itemId":"B008H6ZSC4","ProductIndex":171990}
{"itemId":"B002VAPJF8","ProductIndex":153805}
{"itemId":"B004BOXSD2","ProductIndex":83788}
{"itemId":"B0034T4FLO","ProductIndex":67447}
{"itemId":"B000Z80RFU","ProductIndex":146547}
{"itemId":"B0065PWSIQ","ProductIndex":143366}
{"itemId":"B005OZSRMO","ProductIndex":121949}
{"itemId":"B000QEN7OQ","ProductIndex":162180}
{"itemId":"B001940MFO","ProductIndex":95778}
{"itemId":"B002T0MTQW","ProductIndex":132770}
{"itemId":"B005AT2RB6","ProductIndex":63085}
{"itemId":"B000PBVS2S","ProductIndex":100921}
{"itemId":"B001W6Q2GC","ProductIndex":82940}
{"itemId":"B003QAG6QI","ProductIndex":69831}
{"itemId":"B001021MU4","ProductIndex":195591}
{"itemId":"B000S6O03E","ProductIndex":61710}
{"itemId":"B007O0GGIE","ProductIndex":70117}
{"itemId":"B009X8EBB4","ProductIndex":80625}
{"itemId":"B003X8HA18","ProductIndex":132078}
{"itemId":"B000EKC3VK","ProductIndex":89780}
{"itemId":"B009ZO2U9Q","ProductIndex":171468}
{"itemId":"B001MSJX6G","ProductIndex":120464}
{"itemId":"B002ISWVDQ","ProductIndex":138575}
{"itemId":"B000FBXV3C","ProductIndex":128825}
{"itemId":"B004KXEYSW","ProductIndex":130809}
{"itemId":"B005QD9CV4","ProductIndex":103854}
{"itemId":"B00H07MR98","ProductIndex":80345}
{"itemId":"B000NY1DYA","ProductIndex":161122}
{"itemId":"B000HPXNMA","ProductIndex":166183}
{"itemId":"B005F6NXB2","ProductIndex":170501}
{"itemId":"B004EMU0R8","ProductIndex":174495}
{"itemId":"B004NQGV7I","ProductIndex":203182}
{"itemId":"B002EECKVM","ProductIndex":63519}
{"itemId":"B00A2W2V30","ProductIndex":60124}
{"itemId":"B002G94MRK","ProductIndex":92672}
{"itemId":"B000YS3FKU","ProductIndex":80915}
{"itemId":"B004TERT8O","ProductIndex":115188}
{"itemId":"B00A9SPNV4","ProductIndex":167536}
{"itemId":"B009OUFIYA","ProductIndex":153783}
{"itemId":"B005CMOOPI","ProductIndex":153323}
{"itemId":"B00CPR3HWO","ProductIndex":176368}
{"itemId":"B0034JL6ES","ProductIndex":143078}
{"itemId":"B00GI9VQYG","ProductIndex":89863}
{"itemId":"B0037361VE","ProductIndex":140029}
{"itemId":"B004PCGPWG","ProductIndex":131844}
{"itemId":"B0032WBIYU","ProductIndex":134767}
{"itemId":"B0007SOO4S","ProductIndex":190700}
{"itemId":"B001GKRRAO","ProductIndex":155067}
{"itemId":"B002DPUUL4","ProductIndex":79296}
{"itemId":"B00DIGYDJW","ProductIndex":206353}
{"itemId":"B00006BMQS","ProductIndex":190769}
{"itemId":"B00154MCKQ","ProductIndex":135611}
{"itemId":"B0032GJHO4","ProductIndex":133105}
{"itemId":"B006YUP7RG","ProductIndex":133020}
{"itemId":"B000OVMC4W","ProductIndex":147020}
{"itemId":"B002UUV8HC","ProductIndex":121547}
{"itemId":"B000T5DYCC","ProductIndex":112240}
{"itemId":"B00908B46M","ProductIndex":203144}
{"itemId":"B000HA4EYQ","ProductIndex":119134}
{"itemId":"B009F1QAM2","ProductIndex":142178}
{"itemId":"B0001MHZNM","ProductIndex":179240}
{"itemId":"B001KRX518","ProductIndex":140885}
{"itemId":"B006M5U9B2","ProductIndex":164388}
{"itemId":"B004WHW014","ProductIndex":85359}
{"itemId":"B00654Z6RM","ProductIndex":175250}
{"itemId":"B000MLPJ30","ProductIndex":113333}
{"itemId":"B008CPQ1TY","ProductIndex":144812}
{"itemId":"B00702O3UO","ProductIndex":90865}
{"itemId":"B007YX4Y9O","ProductIndex":184508}
{"itemId":"B0007U0IFA","ProductIndex":102431}
{"itemId":"B008S5N09M","ProductIndex":139849}
{"itemId":"B00009K7E5","ProductIndex":63996}
{"itemId":"B001H0GDIA","ProductIndex":140204}
{"itemId":"B00178NHVS","ProductIndex":75174}
{"itemId":"B001PBTSZG","ProductIndex":39150}
{"itemId":"B00AVJCVH0","ProductIndex":126352}
{"itemId":"B000YAX3JG","ProductIndex":82437}
{"itemId":"B009OZ9XNM","ProductIndex":128921}
{"itemId":"B0038B8J1A","ProductIndex":179083}
{"itemId":"B004EFHN66","ProductIndex":54298}
{"itemId":"B00CCY8AMC","ProductIndex":84642}
{"itemId":"B004134LPM","ProductIndex":198967}
{"itemId":"B00FDLP6DC","ProductIndex":201744}
{"itemId":"B004YJBMBE","ProductIndex":150000}
{"itemId":"B001S3V7T6","ProductIndex":125356}
{"itemId":"B00DADPXEW","ProductIndex":102985}
{"itemId":"B002MPT0Y8","ProductIndex":94142}
{"itemId":"B001HTRGPK","ProductIndex":86418}
{"itemId":"B00AW34YCK","ProductIndex":174328}
{"itemId":"B000BKP3B0","ProductIndex":184419}
{"itemId":"B000Q89P66","ProductIndex":65141}
{"itemId":"B007RONTMI","ProductIndex":97487}
{"itemId":"B0024OKHJE","ProductIndex":173628}
{"itemId":"B000YFFGSM","ProductIndex":127236}
{"itemId":"B003MQKDV0","ProductIndex":93840}
{"itemId":"B004VR7UJM","ProductIndex":77231}
{"itemId":"B000OQ3RH8","ProductIndex":69144}
{"itemId":"B00A976GAC","ProductIndex":133160}
{"itemId":"B00AQ4CVES","ProductIndex":131624}
{"itemId":"B000051ZTF","ProductIndex":182354}
{"itemId":"B001MQ4KFW","ProductIndex":113329}
{"itemId":"B0055QKA5O","ProductIndex":69385}
{"itemId":"B00CQHE0MY","ProductIndex":142207}
{"itemId":"B005CRQAKK","ProductIndex":120752}
{"itemId":"B003O44LI6","ProductIndex":72882}
{"itemId":"B000BD31YI","ProductIndex":116906}
{"itemId":"B0007UVYMQ","ProductIndex":169129}
{"itemId":"B000N30356","ProductIndex":99199}
{"itemId":"B009RIOL1U","ProductIndex":143000}
{"itemId":"B001FB6RYQ","ProductIndex":150484}
{"itemId":"B000A8P2SC","ProductIndex":122281}
{"itemId":"B003XWA29G","ProductIndex":101278}
{"itemId":"B00D8UOZTG","ProductIndex":161732}
{"itemId":"B001KW2KSW","ProductIndex":150330}
{"itemId":"B009DWID0U","ProductIndex":77864}
{"itemId":"B004OSN80I","ProductIndex":203943}
{"itemId":"B0062TZJ7W","ProductIndex":148031}
{"itemId":"B001B0EXWO","ProductIndex":122535}
{"itemId":"B000NK3T78","ProductIndex":138932}
{"itemId":"B003ZHYL0U","ProductIndex":169700}
{"itemId":"B006ICUCGQ","ProductIndex":150684}
{"itemId":"B004G52QO8","ProductIndex":197035}
{"itemId":"B00IAKTHFQ","ProductIndex":157466}
{"itemId":"B003XU7JT4","ProductIndex":87220}
{"itemId":"B007WZK00G","ProductIndex":71566}
{"itemId":"B000083EA5","ProductIndex":105840}
{"itemId":"B003V1AY5G","ProductIndex":104826}
{"itemId":"B005GZGHQK","ProductIndex":62967}
{"itemId":"B003BL0GWW","ProductIndex":103368}
{"itemId":"B007EPMSRC","ProductIndex":105101}
{"itemId":"B004G7O2AC","ProductIndex":68820}
{"itemId":"B009GUQ2MU","ProductIndex":126078}
{"itemId":"B004N8UNRK","ProductIndex":169172}
{"itemId":"B000K3XXQU","ProductIndex":154898}
{"itemId":"B001O3XBRQ","ProductIndex":57072}
{"itemId":"B00BIRIFKG","ProductIndex":204130}
{"itemId":"B00006JZYS","ProductIndex":126399}
{"itemId":"B005KWI9KG","ProductIndex":141024}
{"itemId":"B004FWXMAE","ProductIndex":135516}
{"itemId":"B0055UDSTA","ProductIndex":193427}
{"itemId":"B008HRH13M","ProductIndex":173951}
{"itemId":"B004TKY4C2","ProductIndex":170560}
{"itemId":"B00513ZZI8","ProductIndex":112896}
{"itemId":"B000234I9Y","ProductIndex":192196}
{"itemId":"B00995GB5U","ProductIndex":130974}
{"itemId":"B00726P14U","ProductIndex":107141}
{"itemId":"B004Q9SXS2","ProductIndex":127679}
{"itemId":"B007JEJZYM","ProductIndex":193337}
{"itemId":"B009Z5SBOS","ProductIndex":95081}
{"itemId":"B001DFZ5SI","ProductIndex":120865}
{"itemId":"B0044ZX9OQ","ProductIndex":146718}
{"itemId":"B004D6QRE0","ProductIndex":141684}
{"itemId":"B00D8KYM3A","ProductIndex":146363}
{"itemId":"B001JJCI1A","ProductIndex":143256}
{"itemId":"B000UPDTQ2","ProductIndex":103589}
{"itemId":"B001HPGPU6","ProductIndex":136933}
{"itemId":"B001NP90FW","ProductIndex":158013}
{"itemId":"B0014C4UW2","ProductIndex":91737}
{"itemId":"B003BYQLNM","ProductIndex":130466}
{"itemId":"B004OQXV3E","ProductIndex":97332}
{"itemId":"B0049PP5X4","ProductIndex":154774}
{"itemId":"B000BK81BY","ProductIndex":106031}
{"itemId":"B00A2KWZW4","ProductIndex":188452}
{"itemId":"B00572H7ZW","ProductIndex":181216}
{"itemId":"B002NOQY2Y","ProductIndex":99596}
{"itemId":"B0017P32B6","ProductIndex":103610}
{"itemId":"B000RO5L6C","ProductIndex":91104}
{"itemId":"B004QK1OB4","ProductIndex":98253}
{"itemId":"B000VR5YEY","ProductIndex":137103}
{"itemId":"B0000631YQ","ProductIndex":158567}
{"itemId":"B000XT2CQI","ProductIndex":189247}
{"itemId":"B001GDR0SU","ProductIndex":142280}
{"itemId":"B005DJSAAU","ProductIndex":79286}
{"itemId":"B005FPJLJ6","ProductIndex":186982}
{"itemId":"B00ASWNRNM","ProductIndex":166936}
{"itemId":"B002NZ6BX0","ProductIndex":95428}
{"itemId":"B00AU5MGY8","ProductIndex":106623}
{"itemId":"B0019M0B02","ProductIndex":56651}
{"itemId":"B0007YUODM","ProductIndex":118964}
{"itemId":"B00008CMM1","ProductIndex":133238}
{"itemId":"B005E8MVBO","ProductIndex":188624}
{"itemId":"B006OQJO4C","ProductIndex":129808}
{"itemId":"B006L8KQKO","ProductIndex":82134}
{"itemId":"B00006B9FU","ProductIndex":202105}
{"itemId":"B005DNS0J2","ProductIndex":141835}
{"itemId":"B004IG548U","ProductIndex":173394}
{"itemId":"B001DBP5C8","ProductIndex":137900}
{"itemId":"B0044UMIFC","ProductIndex":164927}
{"itemId":"B00H5ISK48","ProductIndex":94433}
{"itemId":"B0095Z2F54","ProductIndex":103995}
{"itemId":"B004G49372","ProductIndex":82141}
{"itemId":"B001IZBEWY","ProductIndex":153999}
{"itemId":"B005AM8ZV4","ProductIndex":91903}
{"itemId":"B005DZT9UO","ProductIndex":156336}
{"itemId":"B0055UFDFW","ProductIndex":178091}
{"itemId":"B000O71GX4","ProductIndex":126680}
{"itemId":"B009L7EPQS","ProductIndex":91975}
{"itemId":"B000V6UGG6","ProductIndex":186258}
{"itemId":"B004WNLPHI","ProductIndex":114157}
{"itemId":"B0058DUKYU","ProductIndex":102844}
{"itemId":"B004YN0GOE","ProductIndex":102825}
{"itemId":"B0071NUZY0","ProductIndex":124840}
{"itemId":"B002NI554I","ProductIndex":174562}
{"itemId":"B000B5N6R8","ProductIndex":119865}
{"itemId":"B00H09C05M","ProductIndex":194075}
{"itemId":"B002OPHLF6","ProductIndex":129033}
{"itemId":"B001T9B3DE","ProductIndex":94379}
{"itemId":"B001J8D8F6","ProductIndex":166664}
{"itemId":"B005A1ZGDA","ProductIndex":173467}
{"itemId":"B00CAXB37O","ProductIndex":185447}
{"itemId":"B00B787JRQ","ProductIndex":100710}
{"itemId":"B004ORBMKM","ProductIndex":185019}
{"itemId":"B00F3G48JU","ProductIndex":155154}
{"itemId":"B008RUF316","ProductIndex":105582}
{"itemId":"B003L18XZ4","ProductIndex":195546}
{"itemId":"B009L85ROQ","ProductIndex":177220}
{"itemId":"B004VFHW7E","ProductIndex":186211}
{"itemId":"B0002ATWPM","ProductIndex":141659}
{"itemId":"B00GIF72CA","ProductIndex":198277}
{"itemId":"B000B60GY8","ProductIndex":152808}
{"itemId":"B002HET1CU","ProductIndex":165024}
{"itemId":"B0009IK1BQ","ProductIndex":186674}
{"itemId":"B00DG5Z5XI","ProductIndex":185893}
{"itemId":"B000066R6L","ProductIndex":168133}
{"itemId":"B003Y8A2H6","ProductIndex":132046}
{"itemId":"B00523QZRM","ProductIndex":178882}
{"itemId":"B009HTAW1C","ProductIndex":149083}
{"itemId":"B000K7LYKS","ProductIndex":99936}
{"itemId":"B000N81C4C","ProductIndex":108956}
{"itemId":"B00021ZVJM","ProductIndex":116695}
{"itemId":"B000LMIX24","ProductIndex":120209}
{"itemId":"B0012X42M6","ProductIndex":190685}
{"itemId":"B001KWVSI0","ProductIndex":115468}
{"itemId":"B006R9RKLU","ProductIndex":135633}
{"itemId":"B005VOFQ7W","ProductIndex":96056}
{"itemId":"B005G00THI","ProductIndex":90282}
{"itemId":"B002FJNIJY","ProductIndex":159662}
{"itemId":"B001C80A4A","ProductIndex":163697}
{"itemId":"B003ED9T4I","ProductIndex":98707}
{"itemId":"B0028W2NSA","ProductIndex":140114}
{"itemId":"B005FMY66C","ProductIndex":192282}
{"itemId":"B0076PH3SE","ProductIndex":163931}
{"itemId":"B008ORJ9JY","ProductIndex":157873}
{"itemId":"B009NYX8YY","ProductIndex":183749}
{"itemId":"B005XQKQR8","ProductIndex":96015}
{"itemId":"B00E87NX2S","ProductIndex":173505}
{"itemId":"B006WJ3AD2","ProductIndex":173225}
{"itemId":"B000VX1EZQ","ProductIndex":96532}
{"itemId":"B001FSITCW","ProductIndex":87714}
{"itemId":"B0047F3GV4","ProductIndex":179344}
{"itemId":"B005OW4C1W","ProductIndex":162449}
{"itemId":"B009SA8UTQ","ProductIndex":88434}
{"itemId":"B004FPESOA","ProductIndex":104376}
{"itemId":"B0034APYCW","ProductIndex":135221}
{"itemId":"B0037FQTEG","ProductIndex":99388}
{"itemId":"B0007RXD78","ProductIndex":171177}
{"itemId":"B007LTZA2Q","ProductIndex":192495}
{"itemId":"B0002D07BM","ProductIndex":133864}
{"itemId":"B0068LA2GC","ProductIndex":128057}
{"itemId":"B003QWW0M0","ProductIndex":169514}
{"itemId":"B00HYZZHPW","ProductIndex":192504}
{"itemId":"B00E3OOC3A","ProductIndex":203471}
{"itemId":"B005N1P3GM","ProductIndex":179765}
{"itemId":"B00855EXBO","ProductIndex":174493}
{"itemId":"B000ONVCP0","ProductIndex":143836}
{"itemId":"B0087UBSAG","ProductIndex":184812}
{"itemId":"B00GHUZY2G","ProductIndex":169771}
{"itemId":"B00A5SYVL6","ProductIndex":142515}
{"itemId":"B00A3JDD2A","ProductIndex":145924}
{"itemId":"B00AY1HDFK","ProductIndex":89191}
{"itemId":"B0058WIM5K","ProductIndex":152844}
{"itemId":"B00EJ841DG","ProductIndex":77909}
{"itemId":"B0026KLGQO","ProductIndex":106117}
{"itemId":"B00F3SIRRC","ProductIndex":128775}
{"itemId":"B00542X8H6","ProductIndex":151557}
{"itemId":"B00AQ8EYJY","ProductIndex":185355}
{"itemId":"B004ZWLMVK","ProductIndex":131880}
{"itemId":"B0045WDGSW","ProductIndex":138634}
{"itemId":"B000A4030I","ProductIndex":181314}
{"itemId":"B00ADXQA94","ProductIndex":53515}
{"itemId":"B000NSDPSI","ProductIndex":176999}
{"itemId":"B00271C8Q4","ProductIndex":151998}
{"itemId":"B0026O80FU","ProductIndex":126050}
{"itemId":"B00556O31G","ProductIndex":117389}
{"itemId":"B00068NSZK","ProductIndex":180658}
{"itemId":"B0000C16RA","ProductIndex":116917}
{"itemId":"B00009R8AF","ProductIndex":157085}
{"itemId":"B007MB0MQC","ProductIndex":170859}
{"itemId":"B00GI69A9C","ProductIndex":110993}
{"itemId":"B00004VVGZ","ProductIndex":168271}
{"itemId":"B000YUA6WS","ProductIndex":155438}
{"itemId":"B00AEYTTJK","ProductIndex":193533}
{"itemId":"B009FU2LK8","ProductIndex":143434}
{"itemId":"B000VLIYTM","ProductIndex":138345}
{"itemId":"B0017SPV1M","ProductIndex":154237}
{"itemId":"B001RLHSIS","ProductIndex":171649}
{"itemId":"B00AQADEES","ProductIndex":117994}
{"itemId":"B003BGPEG0","ProductIndex":166259}
{"itemId":"B000BSJH5K","ProductIndex":200058}
{"itemId":"B000MMJA16","ProductIndex":144482}
{"itemId":"B00B7PRZNM","ProductIndex":206568}
{"itemId":"B002A90S1U","ProductIndex":183068}
{"itemId":"B0002GE0CQ","ProductIndex":194813}
{"itemId":"B003730AVG","ProductIndex":198887}
{"itemId":"B00HJ4RN1E","ProductIndex":200044}
{"itemId":"B00005B9AJ","ProductIndex":204975}
{"itemId":"B00AK1TNL6","ProductIndex":187113}
{"itemId":"B00B3POTWG","ProductIndex":168352}
{"itemId":"B00GIQ8GOC","ProductIndex":177209}
{"itemId":"B0052T8X3U","ProductIndex":117404}
{"itemId":"B002CI4MWA","ProductIndex":146124}
{"itemId":"B004BJ1XNY","ProductIndex":147708}
{"itemId":"B003S8CN6A","ProductIndex":140505}
{"itemId":"B007SF12RK","ProductIndex":146616}
{"itemId":"B008MFQX4W","ProductIndex":175462}
{"itemId":"B00B5HZ5UW","ProductIndex":126917}
{"itemId":"B003HMRQ6O","ProductIndex":191647}
{"itemId":"B00004YMY9","ProductIndex":152165}
{"itemId":"B007P77W8O","ProductIndex":142348}
{"itemId":"B000F0REZE","ProductIndex":113349}
{"itemId":"B007ZKDU5A","ProductIndex":194891}
{"itemId":"B00519CC74","ProductIndex":186915}
{"itemId":"B0049H4E98","ProductIndex":192303}
{"itemId":"B00CJLRDMQ","ProductIndex":191430}
{"itemId":"B00B05QJBS","ProductIndex":144526}
{"itemId":"B0000513OL","ProductIndex":167339}
{"itemId":"B0014E44NK","ProductIndex":162727}
{"itemId":"B007I9GNLG","ProductIndex":113569}
{"itemId":"B000B7VBF0","ProductIndex":157850}
{"itemId":"B0087MIJ10","ProductIndex":147621}
{"itemId":"B0054KMC7A","ProductIndex":191484}
{"itemId":"B001HH2C4C","ProductIndex":93182}
{"itemId":"B000GLPDPA","ProductIndex":176733}
{"itemId":"B002T5C0CK","ProductIndex":199664}
{"itemId":"B002PAHT6Q","ProductIndex":164593}
{"itemId":"B00021MX3E","ProductIndex":156201}
{"itemId":"B00009UU1U","ProductIndex":130428}
{"itemId":"B0095PO908","ProductIndex":159416}
{"itemId":"B006K53EW0","ProductIndex":137720}
{"itemId":"B004A4P4OY","ProductIndex":181169}
{"itemId":"B0062ZTCNS","ProductIndex":162523}
{"itemId":"B0032FOJW0","ProductIndex":191062}
{"itemId":"B0054RJ71W","ProductIndex":166475}
{"itemId":"B003UV6XJ8","ProductIndex":188163}
{"itemId":"B00B86TH86","ProductIndex":147707}
{"itemId":"B000FIA50M","ProductIndex":191614}
{"itemId":"B000059Z87","ProductIndex":124776}
{"itemId":"B002KRFZJC","ProductIndex":201090}
{"itemId":"B008B6PTRY","ProductIndex":151440}
{"itemId":"B00DMDLCMW","ProductIndex":163902}
{"itemId":"B002VHVT96","ProductIndex":184549}
{"itemId":"B0080E20AQ","ProductIndex":196299}
{"itemId":"B00763VWVK","ProductIndex":119035}
{"itemId":"B000GA6OJK","ProductIndex":108149}
{"itemId":"B00ESG5UTS","ProductIndex":160943}
{"itemId":"B00AQT2LRK","ProductIndex":201670}
{"itemId":"B003YK99TG","ProductIndex":157701}
{"itemId":"B003UIX0YW","ProductIndex":189536}
{"itemId":"B000A0BTLY","ProductIndex":195131}
{"itemId":"B00C24XT3M","ProductIndex":148205}
{"itemId":"B0046LXCUE","ProductIndex":195753}
{"itemId":"B00CCKHSK6","ProductIndex":127429}
{"itemId":"B00C1X2CK0","ProductIndex":124310}
{"itemId":"B0012Z528C","ProductIndex":137539}
{"itemId":"B00BGBKMKU","ProductIndex":128308}
{"itemId":"B00B78XZCY","ProductIndex":180510}
{"itemId":"B00JIAB7MS","ProductIndex":156898}
{"itemId":"B0076ATT4K","ProductIndex":183558}
{"itemId":"B00005111D","ProductIndex":164853}
{"itemId":"B0000512U6","ProductIndex":142054}
{"itemId":"B00DWBKGL2","ProductIndex":193752}
{"itemId":"B0065V7Y8E","ProductIndex":186788}
{"itemId":"B0051OLL1M","ProductIndex":127977}
{"itemId":"B00377KW7E","ProductIndex":192540}
{"itemId":"B002Q8G2LK","ProductIndex":170358}
{"itemId":"B0053T844M","ProductIndex":141110}
{"itemId":"B004Y4WRFY","ProductIndex":200814}
{"itemId":"B001AG4ORS","ProductIndex":150352}
{"itemId":"B0087GN1SM","ProductIndex":180695}
{"itemId":"B001MYTIT2","ProductIndex":202722}
{"itemId":"B000SZMERO","ProductIndex":153436}
{"itemId":"B007TGG1QK","ProductIndex":177930}
{"itemId":"B00AI13OMW","ProductIndex":199917}
{"itemId":"B00004TEEZ","ProductIndex":179458}
{"itemId":"B0058YJH52","ProductIndex":163822}
{"itemId":"B0002ZPHEW","ProductIndex":190206}
{"itemId":"B005BE4R7W","ProductIndex":189702}
{"itemId":"B00EUMZSHY","ProductIndex":129279}
{"itemId":"B0036VNODA","ProductIndex":190775}
{"itemId":"B000OQGH7K","ProductIndex":153074}
{"itemId":"B0066VL2FO","ProductIndex":206371}
{"itemId":"B005FYNT6I","ProductIndex":198683}
{"itemId":"B00J7HRG36","ProductIndex":197509}
{"itemId":"B000075BAN","ProductIndex":196928}
{"itemId":"B003P4VF4S","ProductIndex":194046}
{"itemId":"B000ORLKBM","ProductIndex":155000}
{"itemId":"B0028LEPK0","ProductIndex":198220}
{"itemId":"B0083XMR7K","ProductIndex":191256}
{"itemId":"B00281HGJC","ProductIndex":200569}
{"itemId":"B008XBD1DQ","ProductIndex":180473}
{"itemId":"B002Q0PQLA","ProductIndex":176514}
{"itemId":"B003JUGDMW","ProductIndex":177098}
{"itemId":"B007RQSVFG","ProductIndex":175845}
{"itemId":"B006X75ZVI","ProductIndex":179440}
{"itemId":"B0033GFH2O","ProductIndex":158851}
{"itemId":"B007ZS2KBW","ProductIndex":192679}
{"itemId":"B007ANBKIQ","ProductIndex":201230}
{"itemId":"B005C0TDP6","ProductIndex":196415}
{"itemId":"B0009FUAGK","ProductIndex":204281}
{"itemId":"B0053QOA9I","ProductIndex":187545}
{"itemId":"B0011DVDCY","ProductIndex":179593}
{"itemId":"B003P7U69K","ProductIndex":168028}
{"itemId":"B004V1RQQK","ProductIndex":185071}
{"itemId":"B005632RC0","ProductIndex":179050}
{"itemId":"B000050MGD","ProductIndex":192432}
{"itemId":"B006FFN8NA","ProductIndex":156842}
{"itemId":"B0083YGIOM","ProductIndex":185925}
{"itemId":"B0056IE4CQ","ProductIndex":197878}
{"itemId":"B007D0FSY8","ProductIndex":198620}
{"itemId":"B002ZDO9OS","ProductIndex":207183}
{"itemId":"B0013C9DGG","ProductIndex":200748}
