{"itemId":"B00713HNLI","ProductIndex":30754}
{"itemId":"B0058UUR6E","ProductIndex":62}
{"itemId":"B005QBHNTY","ProductIndex":4085}
{"itemId":"B000BLA0SU","ProductIndex":159391}
{"itemId":"B004FPZ3GM","ProductIndex":16702}
{"itemId":"B00DH101WQ","ProductIndex":2297}
{"itemId":"B00006HYPD","ProductIndex":12870}
{"itemId":"B00284CB80","ProductIndex":45670}
{"itemId":"B0018BIARU","ProductIndex":47162}
{"itemId":"B00B7IR3TK","ProductIndex":38246}
{"itemId":"B0082OJ2VE","ProductIndex":7640}
{"itemId":"B0041I6I5I","ProductIndex":38003}
{"itemId":"B000068O4X","ProductIndex":107701}
{"itemId":"B002VPE1X4","ProductIndex":9549}
{"itemId":"B0046W7Y84","ProductIndex":6653}
{"itemId":"B0015AE4CE","ProductIndex":887}
{"itemId":"B000LX3L0W","ProductIndex":91634}
{"itemId":"B003KGB6ZE","ProductIndex":26590}
{"itemId":"B0038A9HSK","ProductIndex":5952}
{"itemId":"B006O711V0","ProductIndex":11456}
{"itemId":"B000SR2H4W","ProductIndex":132454}
{"itemId":"B008C3DC3Y","ProductIndex":51413}
{"itemId":"B0014IM2RQ","ProductIndex":843}
{"itemId":"B00505EZYM","ProductIndex":3019}
{"itemId":"B000329HEU","ProductIndex":18597}
{"itemId":"B004HVF620","ProductIndex":39786}
{"itemId":"B004SD1XB0","ProductIndex":1335}
{"itemId":"B0001KO7UI","ProductIndex":22029}
{"itemId":"B00CU9GOAO","ProductIndex":6472}
{"itemId":"B00763XS3K","ProductIndex":26906}
{"itemId":"B004XWLSDO","ProductIndex":147586}
{"itemId":"B0018LX0DY","ProductIndex":798}
{"itemId":"B000W3QLLW","ProductIndex":4703}
{"itemId":"B007BY3PNC","ProductIndex":4812}
{"itemId":"B00J49ZH1U","ProductIndex":28933}
{"itemId":"B004U9AU8E","ProductIndex":28653}
{"itemId":"B006UV6YMQ","ProductIndex":11401}
{"itemId":"B000V0ETA6","ProductIndex":1172}
{"itemId":"B003CMYVU8","ProductIndex":30719}
{"itemId":"B0037MH5W4","ProductIndex":24345}
{"itemId":"B00BP5MB56","ProductIndex":1247}
{"itemId":"B003B20F54","ProductIndex":2406}
{"itemId":"B004N3BH0C","ProductIndex":2966}
{"itemId":"B00CITMKRM","ProductIndex":45240}
{"itemId":"B00BXA7N6A","ProductIndex":980}
{"itemId":"B00024VTDG","ProductIndex":100752}
{"itemId":"B000ICEOUW","ProductIndex":90821}
{"itemId":"B0007P0UPS","ProductIndex":83895}
{"itemId":"B005I5R6ZO","ProductIndex":99849}
{"itemId":"B00372567A","ProductIndex":8978}
{"itemId":"B001AD0QPA","ProductIndex":8955}
{"itemId":"B0097DFTDY","ProductIndex":29268}
{"itemId":"B000BMLJSY","ProductIndex":53994}
{"itemId":"B00IYUI0W8","ProductIndex":99837}
{"itemId":"B004UC334O","ProductIndex":62624}
{"itemId":"B0014JE7IW","ProductIndex":17857}
{"itemId":"B00006364I","ProductIndex":15557}
{"itemId":"B00F788FMA","ProductIndex":8676}
{"itemId":"B00D85UQ9E","ProductIndex":124991}
{"itemId":"B007PPZ256","ProductIndex":21395}
{"itemId":"B00FB2X0B8","ProductIndex":77140}
{"itemId":"B000WHDGGQ","ProductIndex":14926}
{"itemId":"B001R674LE","ProductIndex":16607}
{"itemId":"B00005N5WW","ProductIndex":7061}
{"itemId":"B003JD6LVW","ProductIndex":5520}
{"itemId":"B003NLOFRW","ProductIndex":19542}
{"itemId":"B000TJSTDW","ProductIndex":178072}
{"itemId":"B0064NYO3G","ProductIndex":28078}
{"itemId":"B000U5ROY0","ProductIndex":24101}
{"itemId":"B000A3WS84","ProductIndex":2079}
{"itemId":"B004ZEZB92","ProductIndex":6408}
{"itemId":"B00171V6BS","ProductIndex":18550}
{"itemId":"B00927G2TU","ProductIndex":205727}
{"itemId":"B000RMT90I","ProductIndex":22856}
{"itemId":"B000W8XGQU","ProductIndex":61139}
{"itemId":"B00DS0RFMA","ProductIndex":82574}
{"itemId":"B001649CBC","ProductIndex":92300}
{"itemId":"B00480TCR0","ProductIndex":15158}
{"itemId":"B0026REL8C","ProductIndex":18233}
{"itemId":"B00013BN1G","ProductIndex":141696}
{"itemId":"B0094R4POC","ProductIndex":4065}
{"itemId":"B00BY3XOSW","ProductIndex":3487}
{"itemId":"B005N6ICXS","ProductIndex":7867}
{"itemId":"B0017TFVUW","ProductIndex":5505}
{"itemId":"B000233YDK","ProductIndex":11754}
{"itemId":"B002ONWJOG","ProductIndex":18098}
{"itemId":"B001CT009O","ProductIndex":15620}
{"itemId":"B007CAQTKG","ProductIndex":112742}
{"itemId":"B005J09OXU","ProductIndex":14352}
{"itemId":"B00F12V5WE","ProductIndex":127547}
{"itemId":"B006SS9VO4","ProductIndex":8494}
{"itemId":"B004GITBSE","ProductIndex":9357}
{"itemId":"B0019GRJ7Q","ProductIndex":172124}
{"itemId":"B0031R7Y2G","ProductIndex":17754}
{"itemId":"B002VEC45W","ProductIndex":10114}
{"itemId":"B00CRPF0OM","ProductIndex":32632}
{"itemId":"B00BXXAZU8","ProductIndex":135404}
{"itemId":"B000WAT79S","ProductIndex":2638}
{"itemId":"B003E4RPAC","ProductIndex":57058}
{"itemId":"B00HRN7MQS","ProductIndex":140061}
{"itemId":"B00005UD2B","ProductIndex":155500}
{"itemId":"B000EWHEM6","ProductIndex":4849}
{"itemId":"B00BE68EUC","ProductIndex":60412}
{"itemId":"B005F0BP1I","ProductIndex":43761}
{"itemId":"B009CS6AQ4","ProductIndex":75569}
{"itemId":"B004BCG9U8","ProductIndex":36754}
{"itemId":"B0019CGBHO","ProductIndex":29915}
{"itemId":"B0082GX3Q2","ProductIndex":43680}
{"itemId":"B0089W4R50","ProductIndex":32730}
{"itemId":"B00CIY0KOM","ProductIndex":9033}
{"itemId":"B005NHPIW0","ProductIndex":42904}
{"itemId":"B00DQ3N62M","ProductIndex":120023}
{"itemId":"B000853KJ0","ProductIndex":69094}
{"itemId":"B000T9QQP0","ProductIndex":108990}
{"itemId":"B00E3AKFEY","ProductIndex":21158}
{"itemId":"B000EEZEVC","ProductIndex":22230}
{"itemId":"B003FW8RA0","ProductIndex":70706}
{"itemId":"B006P18W58","ProductIndex":19857}
{"itemId":"B00ATA57HW","ProductIndex":140024}
{"itemId":"B00365EB42","ProductIndex":32213}
{"itemId":"B005HEEF1Y","ProductIndex":33441}
{"itemId":"B008S55WJS","ProductIndex":15027}
{"itemId":"B002NTMHU2","ProductIndex":26473}
{"itemId":"B0006UHQZQ","ProductIndex":90215}
{"itemId":"B00C4MA8Q8","ProductIndex":54949}
{"itemId":"B002BH4QN2","ProductIndex":42586}
{"itemId":"B005HTXYDO","ProductIndex":51512}
{"itemId":"B001AG30AK","ProductIndex":54717}
{"itemId":"B00FG3COXM","ProductIndex":166309}
{"itemId":"B002OOL4Q4","ProductIndex":44183}
{"itemId":"B007UHFVEQ","ProductIndex":34311}
{"itemId":"B009NUK6S4","ProductIndex":3160}
{"itemId":"B002CGSYOO","ProductIndex":24898}
{"itemId":"B002CMAW20","ProductIndex":9256}
{"itemId":"B0042EELY6","ProductIndex":23643}
{"itemId":"B00405VAJQ","ProductIndex":114030}
{"itemId":"B00508I2GQ","ProductIndex":160855}
{"itemId":"1400501466","ProductIndex":6037}
{"itemId":"B000E1DSAE","ProductIndex":4972}
{"itemId":"B008IT11B2","ProductIndex":1945}
{"itemId":"B00005B5DR","ProductIndex":42172}
{"itemId":"B001CSZSDI","ProductIndex":11890}
{"itemId":"B000OH63MI","ProductIndex":2741}
{"itemId":"B001DV5OCO","ProductIndex":158194}
{"itemId":"B0011E4IRU","ProductIndex":42827}
{"itemId":"B0006I09OS","ProductIndex":2655}
{"itemId":"B002BGLFPU","ProductIndex":77998}
{"itemId":"B0026RHRFQ","ProductIndex":42952}
{"itemId":"B00020H1TG","ProductIndex":14764}
{"itemId":"B0009ZBQ1S","ProductIndex":51107}
{"itemId":"B002PJESBG","ProductIndex":7601}
{"itemId":"B004KPLS7K","ProductIndex":4787}
{"itemId":"B009C7WHUS","ProductIndex":107368}
{"itemId":"B008GEC6DQ","ProductIndex":2170}
{"itemId":"B005D5JGUM","ProductIndex":86224}
{"itemId":"B00748IOBI","ProductIndex":114033}
{"itemId":"B00CTY1H6G","ProductIndex":68748}
{"itemId":"B000VAH8O0","ProductIndex":37486}
{"itemId":"B004123B54","ProductIndex":41371}
{"itemId":"B003GDFJTU","ProductIndex":8031}
{"itemId":"B00066D1GI","ProductIndex":20152}
{"itemId":"B0054KCXMY","ProductIndex":149953}
{"itemId":"B0036RA414","ProductIndex":30488}
{"itemId":"B003FM2D50","ProductIndex":12049}
{"itemId":"B005KP2AJY","ProductIndex":39475}
{"itemId":"B001542X5K","ProductIndex":15703}
{"itemId":"B00HG32HMS","ProductIndex":27925}
{"itemId":"B0096KCCFQ","ProductIndex":35133}
{"itemId":"B00B2H9W3G","ProductIndex":126064}
{"itemId":"B0015KDIIA","ProductIndex":65686}
{"itemId":"B0085RUZFA","ProductIndex":43422}
{"itemId":"B006FKFZB8","ProductIndex":5590}
{"itemId":"B00000J4EY","ProductIndex":15478}
{"itemId":"B006O130X8","ProductIndex":32055}
{"itemId":"B001GQVF06","ProductIndex":95921}
{"itemId":"B00DMXY5IA","ProductIndex":84922}
{"itemId":"B006ORBC14","ProductIndex":56258}
{"itemId":"B000NJ9CYS","ProductIndex":28545}
{"itemId":"B005EPLJ0G","ProductIndex":60295}
{"itemId":"B00C2JCXHU","ProductIndex":7807}
{"itemId":"B001BF2ZTM","ProductIndex":117699}
{"itemId":"B007GR2T9K","ProductIndex":16876}
{"itemId":"B0060TXFHU","ProductIndex":37669}
{"itemId":"B000Y190AG","ProductIndex":49179}
{"itemId":"B00BUMXO3C","ProductIndex":65481}
{"itemId":"B00AZV27Z0","ProductIndex":130611}
{"itemId":"B001GUY5V8","ProductIndex":15089}
{"itemId":"B002898788","ProductIndex":62446}
{"itemId":"B001U0O7PS","ProductIndex":7592}
{"itemId":"B005FCN79E","ProductIndex":162096}
{"itemId":"B00AJ4QQ6E","ProductIndex":12147}
{"itemId":"B007TGZ4UY","ProductIndex":42288}
{"itemId":"B0082X9EDQ","ProductIndex":54321}
{"itemId":"B000HD7FGM","ProductIndex":21459}
{"itemId":"B000NDBRKG","ProductIndex":14261}
{"itemId":"B00AVPWVH4","ProductIndex":27059}
{"itemId":"B0002KH3QM","ProductIndex":106263}
{"itemId":"B005E8MV3W","ProductIndex":77764}
{"itemId":"B004KUBY2O","ProductIndex":46660}
{"itemId":"B00GSQUUJ6","ProductIndex":160294}
{"itemId":"B00BAOX6C4","ProductIndex":28828}
{"itemId":"B005Q6NW7G","ProductIndex":22343}
{"itemId":"B002EOULAE","ProductIndex":27838}
{"itemId":"B007TYZO88","ProductIndex":37259}
{"itemId":"B002JFG3BY","ProductIndex":41782}
{"itemId":"B001O4BW1C","ProductIndex":81995}
{"itemId":"B002D5GSVK","ProductIndex":110780}
{"itemId":"B003IYDTBW","ProductIndex":135235}
{"itemId":"B0050CEA40","ProductIndex":46781}
{"itemId":"B001SSR8KS","ProductIndex":66049}
{"itemId":"B0013PKBAU","ProductIndex":30599}
{"itemId":"B004U6965K","ProductIndex":89922}
{"itemId":"B0009F3SGE","ProductIndex":10727}
{"itemId":"B00FF5FHSU","ProductIndex":30446}
{"itemId":"B000C4VHOW","ProductIndex":160493}
{"itemId":"B0051GO5DQ","ProductIndex":104199}
{"itemId":"B002K4E7TE","ProductIndex":15091}
{"itemId":"B000PGDT8O","ProductIndex":17307}
{"itemId":"B0017NOCBC","ProductIndex":78877}
{"itemId":"B00005B4BS","ProductIndex":83420}
{"itemId":"B000IKZRT6","ProductIndex":101860}
{"itemId":"B0006I09LQ","ProductIndex":3859}
{"itemId":"B000V1PB0M","ProductIndex":34067}
{"itemId":"B001RWAYXS","ProductIndex":145010}
{"itemId":"B009GU927M","ProductIndex":34195}
{"itemId":"B0056BUVES","ProductIndex":14329}
{"itemId":"B0084268YI","ProductIndex":25194}
{"itemId":"B0000AR8Z1","ProductIndex":33023}
{"itemId":"B001N4XK5E","ProductIndex":137804}
{"itemId":"B00G46LUE4","ProductIndex":69205}
{"itemId":"B00CEC10EW","ProductIndex":119547}
{"itemId":"B001O4AI7Q","ProductIndex":106552}
{"itemId":"B000VJWJW2","ProductIndex":12698}
{"itemId":"B004D5PFGW","ProductIndex":30067}
{"itemId":"B0032JWFW2","ProductIndex":143535}
{"itemId":"B00CAO1ZDA","ProductIndex":52741}
{"itemId":"B003MQO96U","ProductIndex":11437}
{"itemId":"B00006HOOM","ProductIndex":168876}
{"itemId":"B00A7ZYUHM","ProductIndex":24066}
{"itemId":"B0014LC9S0","ProductIndex":6333}
{"itemId":"B003TSTRWM","ProductIndex":185194}
{"itemId":"B001DOQ3O4","ProductIndex":68203}
{"itemId":"B0026Q5XKS","ProductIndex":132923}
{"itemId":"B0011ER9J4","ProductIndex":73029}
{"itemId":"B00BJ4IOEK","ProductIndex":81034}
{"itemId":"B0007KQUP2","ProductIndex":9697}
{"itemId":"B003XF0FOA","ProductIndex":68257}
{"itemId":"B0044423LM","ProductIndex":103085}
{"itemId":"B004QNXQYY","ProductIndex":90915}
{"itemId":"B000OX1XI6","ProductIndex":173317}
{"itemId":"B00FIS1KSA","ProductIndex":44933}
{"itemId":"B00CUKHN0S","ProductIndex":57139}
{"itemId":"B00E87OITK","ProductIndex":13099}
{"itemId":"B008I9A1AY","ProductIndex":132054}
{"itemId":"B007PFD6CC","ProductIndex":44955}
{"itemId":"B0084C367K","ProductIndex":111145}
{"itemId":"B00AP5YTLQ","ProductIndex":110019}
{"itemId":"B00EV0CPDU","ProductIndex":72972}
{"itemId":"B00FF1VCVK","ProductIndex":49010}
{"itemId":"B0001M3612","ProductIndex":39100}
{"itemId":"B0082PT8OY","ProductIndex":149852}
{"itemId":"B009MJK69A","ProductIndex":49267}
{"itemId":"B003BEDQR6","ProductIndex":5568}
{"itemId":"B005I094U4","ProductIndex":88348}
{"itemId":"B004S2P8EE","ProductIndex":133038}
{"itemId":"B002L6GDXO","ProductIndex":23075}
{"itemId":"B004ZCSUBK","ProductIndex":117630}
{"itemId":"B000RHXPRQ","ProductIndex":106604}
{"itemId":"B0009JY6PM","ProductIndex":45410}
{"itemId":"B00ADHLN7O","ProductIndex":40258}
{"itemId":"B002WSPHBA","ProductIndex":9185}
{"itemId":"B000ETFY1M","ProductIndex":40788}
{"itemId":"B004YYOG5S","ProductIndex":134597}
{"itemId":"B0000YTKT8","ProductIndex":135183}
{"itemId":"B00ALIMNIS","ProductIndex":17721}
{"itemId":"B00009V3VC","ProductIndex":125911}
{"itemId":"B0083EOMDQ","ProductIndex":69165}
{"itemId":"B004Y6H3ME","ProductIndex":29336}
{"itemId":"B005AT2KTK","ProductIndex":18391}
{"itemId":"B0002ZHG32","ProductIndex":93996}
{"itemId":"B0059VMH5G","ProductIndex":11404}
{"itemId":"B0012R9WHW","ProductIndex":15497}
{"itemId":"B00AJHBMSS","ProductIndex":48219}
{"itemId":"B00F3JCR4A","ProductIndex":81517}
{"itemId":"B007RLFM7G","ProductIndex":16810}
{"itemId":"B00006RTX6","ProductIndex":81449}
{"itemId":"B003MLQR6U","ProductIndex":188308}
{"itemId":"B004WYEP3S","ProductIndex":109488}
{"itemId":"B00543XZRI","ProductIndex":118201}
{"itemId":"B00ALSNEJK","ProductIndex":49078}
{"itemId":"B000V6Y2RK","ProductIndex":57276}
{"itemId":"B000LB0M8S","ProductIndex":12862}
{"itemId":"B00DO6X2N4","ProductIndex":43100}
{"itemId":"B0011WYMC8","ProductIndex":160541}
{"itemId":"B000EXU30A","ProductIndex":171094}
{"itemId":"B000AAQCZW","ProductIndex":97416}
{"itemId":"B0004HPY28","ProductIndex":69331}
{"itemId":"B001F16368","ProductIndex":179067}
{"itemId":"B004DAWV2S","ProductIndex":114922}
{"itemId":"B004Z0YB5Q","ProductIndex":36142}
{"itemId":"B00HAGJCBU","ProductIndex":17987}
{"itemId":"B00005T3K2","ProductIndex":199982}
{"itemId":"B0026JO05E","ProductIndex":45863}
{"itemId":"B004CVSV2W","ProductIndex":73626}
{"itemId":"B002CTLJFC","ProductIndex":35211}
{"itemId":"B003H2EGRQ","ProductIndex":65284}
{"itemId":"B00CILJB0E","ProductIndex":20231}
{"itemId":"B0002IEDBW","ProductIndex":132577}
{"itemId":"B00GRVKFME","ProductIndex":110259}
{"itemId":"B0002HMRF2","ProductIndex":40905}
{"itemId":"B00546CLRA","ProductIndex":49410}
{"itemId":"B002O0KMCA","ProductIndex":51331}
{"itemId":"B00475XLFA","ProductIndex":25378}
{"itemId":"B004A7I272","ProductIndex":70671}
{"itemId":"B005KL5LI0","ProductIndex":147564}
{"itemId":"B0056C690C","ProductIndex":115412}
{"itemId":"B002ONL6LS","ProductIndex":205574}
{"itemId":"B007X0AT0G","ProductIndex":70737}
{"itemId":"B004JSP8A6","ProductIndex":27936}
{"itemId":"B000W9UG8U","ProductIndex":41579}
{"itemId":"B0092C1UZG","ProductIndex":151240}
{"itemId":"B002P56P84","ProductIndex":121412}
{"itemId":"B0041YYDEA","ProductIndex":108876}
{"itemId":"B003AVN41I","ProductIndex":92118}
{"itemId":"B005QWKNTK","ProductIndex":177156}
{"itemId":"B000NZMZIC","ProductIndex":19276}
{"itemId":"B007714UT2","ProductIndex":131492}
{"itemId":"B001C6YKD4","ProductIndex":33773}
{"itemId":"B002V1D1TS","ProductIndex":164770}
{"itemId":"B0035EQMSC","ProductIndex":139046}
{"itemId":"B000E9DO96","ProductIndex":69332}
{"itemId":"B003922VS0","ProductIndex":95365}
{"itemId":"B004JPWOMO","ProductIndex":69736}
{"itemId":"B001SER4CY","ProductIndex":45013}
{"itemId":"B0046TSAYY","ProductIndex":36496}
{"itemId":"B000G6XVMC","ProductIndex":79163}
{"itemId":"B005FO2CAM","ProductIndex":65299}
{"itemId":"B00313JCUC","ProductIndex":18434}
{"itemId":"B000VAOCC6","ProductIndex":164404}
{"itemId":"B006P5LLWA","ProductIndex":109920}
{"itemId":"B00005QXWA","ProductIndex":104417}
{"itemId":"B001GON5CE","ProductIndex":54079}
{"itemId":"B0053NNG2I","ProductIndex":104861}
{"itemId":"B000UU2VJI","ProductIndex":16120}
{"itemId":"B005DZEMFG","ProductIndex":51285}
{"itemId":"B0050KEEW0","ProductIndex":51779}
{"itemId":"B002MO3OD2","ProductIndex":151577}
{"itemId":"B006C4KNRI","ProductIndex":96519}
{"itemId":"B00HP644Z4","ProductIndex":139326}
{"itemId":"B000W6KFB6","ProductIndex":118464}
{"itemId":"B001R57TD8","ProductIndex":31145}
{"itemId":"B002WGJFJW","ProductIndex":22725}
{"itemId":"B003R6T0V4","ProductIndex":36384}
{"itemId":"B001MHWT86","ProductIndex":92180}
{"itemId":"B006K59QRC","ProductIndex":79029}
{"itemId":"B0001UEHHG","ProductIndex":38174}
{"itemId":"B00EO5P8PY","ProductIndex":174489}
{"itemId":"B004FX9BLW","ProductIndex":135803}
{"itemId":"B00DOPW5OC","ProductIndex":73303}
{"itemId":"B003372BQ8","ProductIndex":61478}
{"itemId":"B005OS42IO","ProductIndex":69586}
{"itemId":"B007HRTZVO","ProductIndex":43781}
{"itemId":"B00A3ISRCC","ProductIndex":201768}
{"itemId":"B00HQIFIAQ","ProductIndex":165768}
{"itemId":"B001XW4TMO","ProductIndex":42867}
{"itemId":"B00BQHEZSY","ProductIndex":67505}
{"itemId":"B007NNEFO4","ProductIndex":145126}
{"itemId":"B003Y733KK","ProductIndex":60817}
{"itemId":"B0007MEV9M","ProductIndex":165329}
{"itemId":"B004HJ35F2","ProductIndex":27647}
{"itemId":"B004R29W42","ProductIndex":58829}
{"itemId":"B00F8WFEZQ","ProductIndex":52302}
{"itemId":"B0046WB3UY","ProductIndex":183522}
{"itemId":"B000167KQ0","ProductIndex":17339}
{"itemId":"B008VVTHOA","ProductIndex":41800}
{"itemId":"B000FU1ZMC","ProductIndex":69209}
{"itemId":"B000NWCICS","ProductIndex":52803}
{"itemId":"B000P71WM8","ProductIndex":188976}
{"itemId":"B004YHU03C","ProductIndex":127446}
{"itemId":"B00AHHYOAS","ProductIndex":131532}
{"itemId":"B000SP6LD2","ProductIndex":58664}
{"itemId":"B00AZVTBOK","ProductIndex":65582}
{"itemId":"B003PNTT3S","ProductIndex":77673}
{"itemId":"B00AHOVO8Q","ProductIndex":159759}
{"itemId":"B002SN78ZC","ProductIndex":40402}
{"itemId":"B000MGGTY8","ProductIndex":16069}
{"itemId":"B00000J1EP","ProductIndex":21995}
{"itemId":"B00004WHFA","ProductIndex":83924}
{"itemId":"B0082PZ0LO","ProductIndex":23954}
{"itemId":"B003HLVW9M","ProductIndex":45534}
{"itemId":"B003TSCZRQ","ProductIndex":65899}
{"itemId":"B0094A09F8","ProductIndex":159878}
{"itemId":"B00315C6GM","ProductIndex":134066}
{"itemId":"B002MPVJGU","ProductIndex":29072}
{"itemId":"B001R23JMG","ProductIndex":70889}
{"itemId":"B005H56OC6","ProductIndex":123745}
{"itemId":"B0062IMDE0","ProductIndex":98167}
{"itemId":"B00ENYWZ48","ProductIndex":185205}
{"itemId":"B00009R8P0","ProductIndex":165034}
{"itemId":"B001PNMCYS","ProductIndex":59672}
{"itemId":"B00AOU4QVA","ProductIndex":44626}
{"itemId":"B00006I5BQ","ProductIndex":65673}
{"itemId":"B000R3OR8Q","ProductIndex":79062}
{"itemId":"B0066E5M9I","ProductIndex":90147}
{"itemId":"B003P15WC2","ProductIndex":82435}
{"itemId":"B002IW45LI","ProductIndex":147825}
{"itemId":"B001OBZ9AU","ProductIndex":66001}
{"itemId":"B00ARVUS8G","ProductIndex":136642}
{"itemId":"B0007U0IRI","ProductIndex":47231}
{"itemId":"B00005A3MC","ProductIndex":66329}
{"itemId":"B0007N4HRM","ProductIndex":165797}
{"itemId":"B00006B6LO","ProductIndex":104624}
{"itemId":"B0076LXI32","ProductIndex":106559}
{"itemId":"B002Q709ZG","ProductIndex":204724}
{"itemId":"B000E0IW1A","ProductIndex":65302}
{"itemId":"B0006A0ETQ","ProductIndex":117892}
{"itemId":"B0029DI3UU","ProductIndex":98590}
{"itemId":"B0032XEED6","ProductIndex":29098}
{"itemId":"B002HWRS4U","ProductIndex":124006}
{"itemId":"B0093MTSU4","ProductIndex":106287}
{"itemId":"B004NE448S","ProductIndex":58307}
{"itemId":"B0044DECJO","ProductIndex":131408}
{"itemId":"B006M02RB2","ProductIndex":82343}
{"itemId":"B0044R1VY4","ProductIndex":53007}
{"itemId":"B005DBJTM6","ProductIndex":46549}
{"itemId":"B00EPGARJY","ProductIndex":91048}
{"itemId":"B001AJWAMG","ProductIndex":59690}
{"itemId":"B0077DTLDU","ProductIndex":146889}
{"itemId":"B000HKM24K","ProductIndex":64407}
{"itemId":"B005JY9MGK","ProductIndex":172887}
{"itemId":"B00005A3MA","ProductIndex":194929}
{"itemId":"B004BZK5BE","ProductIndex":53689}
{"itemId":"B00E7MWA8C","ProductIndex":74160}
{"itemId":"B0091A877I","ProductIndex":177190}
{"itemId":"B006WAML40","ProductIndex":83789}
{"itemId":"B00BC7DRXC","ProductIndex":62268}
{"itemId":"B005MYEEVA","ProductIndex":82389}
{"itemId":"B0037KN6WO","ProductIndex":97769}
{"itemId":"B005ILJO94","ProductIndex":49760}
{"itemId":"B008BXSY7E","ProductIndex":20158}
{"itemId":"B007KWM7UW","ProductIndex":113890}
{"itemId":"B00G77OHU4","ProductIndex":68113}
{"itemId":"B002O0KT64","ProductIndex":75663}
{"itemId":"B000WJ9W80","ProductIndex":77702}
{"itemId":"B00579WCKK","ProductIndex":23439}
{"itemId":"B000H2RVBM","ProductIndex":63670}
{"itemId":"B008XHU9ZS","ProductIndex":111428}
{"itemId":"B0075NKBUE","ProductIndex":153763}
{"itemId":"B00AMXS6Y2","ProductIndex":24611}
{"itemId":"B00026BOFW","ProductIndex":62477}
{"itemId":"B000O1X90S","ProductIndex":86471}
{"itemId":"B007USY85S","ProductIndex":114190}
{"itemId":"B0000665P7","ProductIndex":32948}
{"itemId":"B00B408MFA","ProductIndex":150272}
{"itemId":"B00000J4ET","ProductIndex":161553}
{"itemId":"B004LWZLV6","ProductIndex":27394}
{"itemId":"B0079TAUFA","ProductIndex":171027}
{"itemId":"B0009ESYTG","ProductIndex":89668}
{"itemId":"B007FGH73U","ProductIndex":43588}
{"itemId":"B0007LZGF6","ProductIndex":25802}
{"itemId":"B003L18ZJ8","ProductIndex":162946}
{"itemId":"B0064H6QGA","ProductIndex":42981}
{"itemId":"B002MUOOU8","ProductIndex":124714}
{"itemId":"B007RUL7VM","ProductIndex":44532}
{"itemId":"B00406ITIA","ProductIndex":71207}
{"itemId":"B00CTKMJ8U","ProductIndex":63199}
{"itemId":"B000087J7R","ProductIndex":169233}
{"itemId":"B0000DG4WP","ProductIndex":95657}
{"itemId":"B00151U4DG","ProductIndex":88413}
{"itemId":"B004E9SATQ","ProductIndex":134645}
{"itemId":"B00104QGXA","ProductIndex":15307}
{"itemId":"B000RZNI5C","ProductIndex":118945}
{"itemId":"B003O91C9C","ProductIndex":43500}
{"itemId":"B0064L8L2I","ProductIndex":86910}
{"itemId":"B002T9BYCS","ProductIndex":133360}
{"itemId":"B00005T3US","ProductIndex":129364}
{"itemId":"B000IJXDFM","ProductIndex":52196}
{"itemId":"B002OPEV9A","ProductIndex":194630}
{"itemId":"B004XYM2FU","ProductIndex":71558}
{"itemId":"B0002MS7PG","ProductIndex":191063}
{"itemId":"B008RWZ21K","ProductIndex":123348}
{"itemId":"B000NZMHAS","ProductIndex":117946}
{"itemId":"B005YQY6LY","ProductIndex":91950}
{"itemId":"B006YOZ1MI","ProductIndex":113434}
{"itemId":"B005GRATR6","ProductIndex":64742}
{"itemId":"B00078WJEA","ProductIndex":172961}
{"itemId":"B002KCNW7O","ProductIndex":89978}
{"itemId":"B0015KT2H6","ProductIndex":136702}
{"itemId":"B00810W2TS","ProductIndex":145874}
{"itemId":"B00009W5X0","ProductIndex":135658}
{"itemId":"B001DQNAJ8","ProductIndex":80198}
{"itemId":"B003AM0DNY","ProductIndex":72365}
{"itemId":"B00HCMMUCU","ProductIndex":77791}
{"itemId":"B000FA8YA8","ProductIndex":154188}
{"itemId":"B00GFZMI3G","ProductIndex":13255}
{"itemId":"B00354QSKY","ProductIndex":79348}
{"itemId":"B004RCNS0G","ProductIndex":140006}
{"itemId":"B005ISAOVY","ProductIndex":73810}
{"itemId":"B00F0UN4YE","ProductIndex":127408}
{"itemId":"B00284AM2C","ProductIndex":173867}
{"itemId":"B0050SVDLW","ProductIndex":152596}
{"itemId":"B000RWAD6W","ProductIndex":45965}
{"itemId":"B00AE0NVCK","ProductIndex":84679}
{"itemId":"B0011FRNY4","ProductIndex":162194}
{"itemId":"B0088PFV9E","ProductIndex":180618}
{"itemId":"B004TTSON8","ProductIndex":39306}
{"itemId":"B00INTB0ZO","ProductIndex":53293}
{"itemId":"B001UPOJRO","ProductIndex":73685}
{"itemId":"B004V4I7DS","ProductIndex":175297}
{"itemId":"B009P98Q8U","ProductIndex":46643}
{"itemId":"B009NWI9CM","ProductIndex":40167}
{"itemId":"B004COGLSK","ProductIndex":92765}
{"itemId":"B003XEKX4S","ProductIndex":108720}
{"itemId":"B005416YYG","ProductIndex":173768}
{"itemId":"B0031U1J2Y","ProductIndex":124442}
{"itemId":"B0082127IC","ProductIndex":134740}
{"itemId":"B002MZZQO6","ProductIndex":112954}
{"itemId":"B003GRKXDS","ProductIndex":52263}
{"itemId":"B0030G5USI","ProductIndex":160610}
{"itemId":"B006ML97NC","ProductIndex":135099}
{"itemId":"B00BDDQWEQ","ProductIndex":159244}
{"itemId":"B000V8BSA2","ProductIndex":45910}
{"itemId":"B0033ZDJ7A","ProductIndex":69912}
{"itemId":"B006MBP7R2","ProductIndex":121911}
{"itemId":"B000I3FAMC","ProductIndex":112876}
{"itemId":"B000E849UU","ProductIndex":117080}
{"itemId":"B00ACANBAE","ProductIndex":44474}
{"itemId":"B0051QQJ44","ProductIndex":34029}
{"itemId":"B00000JGN1","ProductIndex":111442}
{"itemId":"B0009ZDAYE","ProductIndex":115609}
{"itemId":"B000FVZSYC","ProductIndex":76673}
{"itemId":"B0019K9S0S","ProductIndex":150730}
{"itemId":"B0043M6686","ProductIndex":59995}
{"itemId":"B007TZ5DCE","ProductIndex":137591}
{"itemId":"B00358PJLE","ProductIndex":84132}
{"itemId":"B000YDZ9IG","ProductIndex":53267}
{"itemId":"B008OMQY24","ProductIndex":44858}
{"itemId":"B0052CHL5S","ProductIndex":122198}
{"itemId":"B008TJVY68","ProductIndex":142671}
{"itemId":"B005ZYZAKG","ProductIndex":80987}
{"itemId":"B007SQKBA8","ProductIndex":81212}
{"itemId":"B00AW4O4ZG","ProductIndex":34579}
{"itemId":"B0007OV44K","ProductIndex":89090}
{"itemId":"B003A59KL2","ProductIndex":53979}
{"itemId":"B001NTGUP6","ProductIndex":62451}
{"itemId":"B0015KDAAQ","ProductIndex":91540}
{"itemId":"B007D12TZI","ProductIndex":61372}
{"itemId":"B00B9808DQ","ProductIndex":72571}
{"itemId":"B004V4JYOE","ProductIndex":141524}
{"itemId":"B0046LC368","ProductIndex":94991}
{"itemId":"B004VU0R3A","ProductIndex":114903}
{"itemId":"B0037KLEXM","ProductIndex":81518}
{"itemId":"B002HHLOVI","ProductIndex":100804}
{"itemId":"B008UZ14LQ","ProductIndex":73628}
{"itemId":"B003SFKUCW","ProductIndex":122232}
{"itemId":"B00008CMMG","ProductIndex":173579}
{"itemId":"B00006HXJ6","ProductIndex":54070}
{"itemId":"B003UYR7KY","ProductIndex":80409}
{"itemId":"B001MQ4NH2","ProductIndex":72119}
{"itemId":"B003NTZFLO","ProductIndex":28557}
{"itemId":"B002GHBSRO","ProductIndex":83056}
{"itemId":"B001JBKRES","ProductIndex":36869}
{"itemId":"B00AKEPRR2","ProductIndex":151851}
{"itemId":"B008RMF24M","ProductIndex":48027}
{"itemId":"B002KI9TKC","ProductIndex":38262}
{"itemId":"B00EBGGXS2","ProductIndex":102284}
{"itemId":"B0061XSX0E","ProductIndex":110882}
{"itemId":"B001QFY2X4","ProductIndex":87468}
{"itemId":"B0021AERYW","ProductIndex":163112}
{"itemId":"B00BJ1PIVK","ProductIndex":120997}
{"itemId":"B00GTR3SYS","ProductIndex":169449}
{"itemId":"B0074KQDF0","ProductIndex":85917}
{"itemId":"B00BBE1SH8","ProductIndex":98515}
{"itemId":"B000BMXME8","ProductIndex":40038}
{"itemId":"B00G6SNT9O","ProductIndex":54292}
{"itemId":"B000I7YRPO","ProductIndex":97810}
{"itemId":"B0064TUSOO","ProductIndex":166899}
{"itemId":"B001542USK","ProductIndex":67144}
{"itemId":"B004A7Z2YI","ProductIndex":80998}
{"itemId":"B000B6756A","ProductIndex":90002}
{"itemId":"B0056J7OIQ","ProductIndex":41406}
{"itemId":"B001111Y0M","ProductIndex":112972}
{"itemId":"B006ZHE2GK","ProductIndex":77988}
{"itemId":"B00AYU2RQG","ProductIndex":63860}
{"itemId":"B008D64IG0","ProductIndex":68262}
{"itemId":"B0011Z9VXU","ProductIndex":91160}
{"itemId":"B000MQGM7C","ProductIndex":162507}
{"itemId":"B0030LQ51E","ProductIndex":120920}
{"itemId":"B0071HZIPW","ProductIndex":66399}
{"itemId":"B00005QZ0H","ProductIndex":76066}
{"itemId":"B008NF1Y7C","ProductIndex":42176}
{"itemId":"B0047D2JB4","ProductIndex":54927}
{"itemId":"B006C4R5GU","ProductIndex":65062}
{"itemId":"B0002LEN5K","ProductIndex":161677}
{"itemId":"B0051OJRZ4","ProductIndex":124994}
{"itemId":"B005F207IS","ProductIndex":151324}
{"itemId":"B000BDG668","ProductIndex":88708}
{"itemId":"B008TND0KC","ProductIndex":155512}
{"itemId":"B000IMYDJ4","ProductIndex":34372}
{"itemId":"B00175VQE6","ProductIndex":37260}
{"itemId":"B000ETIHCK","ProductIndex":140951}
{"itemId":"B004BLHS68","ProductIndex":108180}
{"itemId":"B000ZD1L14","ProductIndex":54997}
{"itemId":"B00006JHWZ","ProductIndex":183697}
{"itemId":"B0006I3ASK","ProductIndex":121413}
{"itemId":"B00DUGA0VK","ProductIndex":146567}
{"itemId":"B000M9JO4W","ProductIndex":90438}
{"itemId":"B00ANGO6CO","ProductIndex":123262}
{"itemId":"B005O239FW","ProductIndex":119149}
{"itemId":"B00005V9B1","ProductIndex":151881}
{"itemId":"B009KJDK5O","ProductIndex":75611}
{"itemId":"B008KPIMS4","ProductIndex":59166}
{"itemId":"B005NN9TSS","ProductIndex":158176}
{"itemId":"B007FC9LX8","ProductIndex":98341}
{"itemId":"B005TKU5II","ProductIndex":117383}
{"itemId":"B00004RERZ","ProductIndex":186899}
{"itemId":"B009IS4P5Q","ProductIndex":118139}
{"itemId":"B000AMASNW","ProductIndex":159698}
{"itemId":"B0012823FO","ProductIndex":79368}
{"itemId":"B00A7F21X2","ProductIndex":73762}
{"itemId":"B0000CEYX6","ProductIndex":108957}
{"itemId":"B000BEZSVG","ProductIndex":80899}
{"itemId":"B00BYDEGUW","ProductIndex":64151}
{"itemId":"B00005UK9T","ProductIndex":48052}
{"itemId":"B00GG5W94I","ProductIndex":115371}
{"itemId":"B001ROVLVK","ProductIndex":142023}
{"itemId":"B00AMAXI5C","ProductIndex":42670}
{"itemId":"B001B229HI","ProductIndex":153444}
{"itemId":"B002XZLYBE","ProductIndex":83720}
{"itemId":"B00B16Y9G8","ProductIndex":51099}
{"itemId":"B0000ADX9E","ProductIndex":201417}
{"itemId":"B0072LDRWS","ProductIndex":167076}
{"itemId":"B0000AY6GU","ProductIndex":148833}
{"itemId":"B0090WSUPG","ProductIndex":151196}
{"itemId":"B005QNX238","ProductIndex":167425}
{"itemId":"B004DSLIV0","ProductIndex":51822}
{"itemId":"B007L4BKQG","ProductIndex":165025}
{"itemId":"B004WK53DS","ProductIndex":103499}
{"itemId":"B00ESQ2D20","ProductIndex":173224}
{"itemId":"B0002JFN2O","ProductIndex":191723}
{"itemId":"B00856RURM","ProductIndex":62823}
{"itemId":"B002R8SGE0","ProductIndex":83020}
{"itemId":"B005UHGFCA","ProductIndex":97742}
{"itemId":"B000THN1FU","ProductIndex":165020}
{"itemId":"B009DLW9RO","ProductIndex":82876}
{"itemId":"B0002X1OGE","ProductIndex":198141}
{"itemId":"B006Y5E07Y","ProductIndex":112191}
{"itemId":"B00FRHIIPK","ProductIndex":107096}
{"itemId":"B0002NMJAE","ProductIndex":96257}
{"itemId":"B003D2BRTU","ProductIndex":101178}
{"itemId":"B00COGA6DO","ProductIndex":145207}
{"itemId":"B00BQAAZNA","ProductIndex":149555}
{"itemId":"B002DH8HZS","ProductIndex":138350}
{"itemId":"B00004VUGK","ProductIndex":141077}
{"itemId":"B00HHG910A","ProductIndex":74940}
{"itemId":"B00D45DNJI","ProductIndex":82959}
{"itemId":"B000ZZQE8M","ProductIndex":144079}
{"itemId":"B000QYCXX2","ProductIndex":77186}
{"itemId":"B00BAW20EQ","ProductIndex":125818}
{"itemId":"B0000D88HH","ProductIndex":114286}
{"itemId":"B00896NUFO","ProductIndex":162517}
{"itemId":"B003GSLEEE","ProductIndex":169310}
{"itemId":"B0036FLZ8C","ProductIndex":189279}
{"itemId":"B00EHP2C28","ProductIndex":146264}
{"itemId":"B00453NBMW","ProductIndex":170702}
{"itemId":"B00ABLHCOU","ProductIndex":192754}
{"itemId":"B007CLRN64","ProductIndex":99043}
{"itemId":"B00GD4FZ84","ProductIndex":137454}
{"itemId":"B003U2T9LG","ProductIndex":135805}
{"itemId":"B00713CSS6","ProductIndex":78078}
{"itemId":"B000X6KDXA","ProductIndex":150054}
{"itemId":"B0016J5TGY","ProductIndex":90188}
{"itemId":"B000S5F4MQ","ProductIndex":117638}
{"itemId":"B00I10WD38","ProductIndex":158102}
{"itemId":"B003XFW1AG","ProductIndex":107137}
{"itemId":"B000Z8SWLG","ProductIndex":71093}
{"itemId":"B001S3IYYC","ProductIndex":73180}
{"itemId":"B000NJYHRA","ProductIndex":134464}
{"itemId":"B0007U837A","ProductIndex":68387}
{"itemId":"B000NBOA0M","ProductIndex":157039}
{"itemId":"B00I1AS9XQ","ProductIndex":174229}
{"itemId":"B000YH8ZAQ","ProductIndex":90497}
{"itemId":"B001OFTFTC","ProductIndex":128804}
{"itemId":"B000YPP7F4","ProductIndex":134196}
{"itemId":"B00FIS1MXI","ProductIndex":75353}
{"itemId":"B004YYRVV4","ProductIndex":48981}
{"itemId":"B001S6INH2","ProductIndex":58791}
{"itemId":"B00LAXBVPO","ProductIndex":115070}
{"itemId":"B000Q76QA0","ProductIndex":163679}
{"itemId":"B005BCYEVI","ProductIndex":115244}
{"itemId":"B004888YP8","ProductIndex":167019}
{"itemId":"B004YWB2DE","ProductIndex":62456}
{"itemId":"B003TTPIMY","ProductIndex":183622}
{"itemId":"B00550U3L6","ProductIndex":57858}
{"itemId":"B001TR6JNK","ProductIndex":102974}
{"itemId":"B00009R7RY","ProductIndex":110536}
{"itemId":"B004GJVG0Y","ProductIndex":148877}
{"itemId":"B000PL0PF4","ProductIndex":112149}
{"itemId":"B00AOS3CNU","ProductIndex":57661}
{"itemId":"B009A4XFHW","ProductIndex":147062}
{"itemId":"B000GAOOWO","ProductIndex":157120}
{"itemId":"B0002ILK0O","ProductIndex":179628}
{"itemId":"B005W54W5M","ProductIndex":142313}
{"itemId":"B0009P5HFE","ProductIndex":201331}
{"itemId":"B0006MWTK6","ProductIndex":173634}
{"itemId":"B00CB9D870","ProductIndex":107840}
{"itemId":"B001MTTCB6","ProductIndex":156558}
{"itemId":"B006GT0EQY","ProductIndex":69233}
{"itemId":"B000J5QBUY","ProductIndex":207721}
{"itemId":"B003Y4L0WG","ProductIndex":196496}
{"itemId":"B004V91Q3G","ProductIndex":110408}
{"itemId":"B00365E1DI","ProductIndex":60391}
{"itemId":"B000QCO1WA","ProductIndex":112139}
{"itemId":"B001NFHENC","ProductIndex":99626}
{"itemId":"B002ATBNQO","ProductIndex":124202}
{"itemId":"B009EPJUH6","ProductIndex":95301}
{"itemId":"B0000512JG","ProductIndex":68517}
{"itemId":"B004EL9W96","ProductIndex":155834}
{"itemId":"B000BSHLJO","ProductIndex":62682}
{"itemId":"B000EDQ5BQ","ProductIndex":156330}
{"itemId":"B00000K4LD","ProductIndex":105918}
{"itemId":"B0053Y40VS","ProductIndex":142267}
{"itemId":"B0002KZS1Y","ProductIndex":123639}
{"itemId":"B00CDZ6WRU","ProductIndex":159548}
{"itemId":"B00A03IN0G","ProductIndex":190863}
{"itemId":"B00HX3KNWC","ProductIndex":114274}
{"itemId":"B000051132","ProductIndex":188998}
{"itemId":"B000BOLHGQ","ProductIndex":189531}
{"itemId":"B00CBX0PV8","ProductIndex":156678}
{"itemId":"B00APB6O22","ProductIndex":138766}
{"itemId":"B00005RZOZ","ProductIndex":97984}
{"itemId":"B004FEJX3C","ProductIndex":171170}
{"itemId":"B004UN6B9M","ProductIndex":113396}
{"itemId":"B004PVPGEA","ProductIndex":195493}
{"itemId":"B005KP7DGE","ProductIndex":139009}
{"itemId":"B0009U60PA","ProductIndex":170808}
{"itemId":"B008MT9NOA","ProductIndex":208206}
{"itemId":"B001LIKH6M","ProductIndex":131864}
{"itemId":"B001V9S1KA","ProductIndex":135792}
{"itemId":"B000BCDFLS","ProductIndex":130058}
{"itemId":"B002UKZ8CI","ProductIndex":152028}
{"itemId":"B001GNRFEY","ProductIndex":109019}
{"itemId":"B000BIVD0M","ProductIndex":163339}
{"itemId":"B0043RZG28","ProductIndex":136636}
{"itemId":"B000EBIJBM","ProductIndex":84792}
{"itemId":"B000NN2NPY","ProductIndex":189611}
{"itemId":"B005VJYEM0","ProductIndex":160410}
{"itemId":"B002PGY36Y","ProductIndex":88701}
{"itemId":"B00AOQ7Z8A","ProductIndex":144466}
{"itemId":"B0042ROMBK","ProductIndex":137908}
{"itemId":"B008S46DFG","ProductIndex":109387}
{"itemId":"B000MVNDA6","ProductIndex":121515}
{"itemId":"B005MYFHUC","ProductIndex":108023}
{"itemId":"B007PVDOQE","ProductIndex":192243}
{"itemId":"B006GY76WY","ProductIndex":198920}
{"itemId":"B00CBPZXEU","ProductIndex":114061}
{"itemId":"B00006HTJM","ProductIndex":203747}
{"itemId":"B00A6DI33M","ProductIndex":149603}
{"itemId":"B004I727ZC","ProductIndex":206766}
{"itemId":"B005FDOGV6","ProductIndex":66278}
{"itemId":"B005NAR5J6","ProductIndex":151811}
{"itemId":"B0002D05RI","ProductIndex":86889}
{"itemId":"B00004WCBP","ProductIndex":110059}
{"itemId":"B009XBCMZ8","ProductIndex":158198}
{"itemId":"B004BQYI66","ProductIndex":141435}
{"itemId":"B000BZROA8","ProductIndex":123216}
{"itemId":"B004KSL1ME","ProductIndex":119930}
{"itemId":"B00HTQFNVE","ProductIndex":184341}
{"itemId":"B00D8H04QC","ProductIndex":196168}
{"itemId":"B00GYPC986","ProductIndex":148189}
{"itemId":"B004H9NSDG","ProductIndex":134513}
{"itemId":"B002EVPCQK","ProductIndex":184556}
{"itemId":"B0061GL67I","ProductIndex":163911}
{"itemId":"B004CLYJ32","ProductIndex":183738}
{"itemId":"B005H3QLQM","ProductIndex":186036}
{"itemId":"B001P3PSMG","ProductIndex":166390}
{"itemId":"B003MVZ8DS","ProductIndex":114670}
{"itemId":"B00009RUIH","ProductIndex":99925}
{"itemId":"B00005YWB2","ProductIndex":83389}
{"itemId":"B00F3ZNA7M","ProductIndex":125977}
{"itemId":"B003V8AW92","ProductIndex":186048}
{"itemId":"B00F3V4YZ8","ProductIndex":132501}
{"itemId":"B0091AGYKK","ProductIndex":207977}
{"itemId":"B002A2C8MO","ProductIndex":99222}
{"itemId":"B005GM6ERU","ProductIndex":141793}
{"itemId":"B003ZHKZLY","ProductIndex":198540}
{"itemId":"B003ES2J6I","ProductIndex":112982}
{"itemId":"B005AL79YO","ProductIndex":130759}
{"itemId":"B00BT9E4CQ","ProductIndex":141474}
{"itemId":"B00A30YVMU","ProductIndex":200115}
{"itemId":"B004ZJKY6C","ProductIndex":159113}
{"itemId":"B000EFPVY6","ProductIndex":149150}
{"itemId":"B001B6A6VA","ProductIndex":106451}
{"itemId":"B0081S14JE","ProductIndex":177144}
{"itemId":"B000K67X3G","ProductIndex":166902}
{"itemId":"B003GB4WLS","ProductIndex":195182}
{"itemId":"B003S79M3S","ProductIndex":75120}
{"itemId":"B006H52CRG","ProductIndex":200474}
{"itemId":"B000K6KVEE","ProductIndex":147805}
{"itemId":"B00005O7KO","ProductIndex":199441}
{"itemId":"B002RKJJPS","ProductIndex":153432}
{"itemId":"B008VHV0B2","ProductIndex":143750}
{"itemId":"B005Q6666U","ProductIndex":130212}
{"itemId":"B00D0O7HMW","ProductIndex":162385}
{"itemId":"B0087TOJSA","ProductIndex":126100}
{"itemId":"B008895P3C","ProductIndex":127901}
{"itemId":"B008EREI36","ProductIndex":155909}
{"itemId":"B007SDHAJ6","ProductIndex":72723}
{"itemId":"B00007L9TZ","ProductIndex":140795}
{"itemId":"B009PY1I1M","ProductIndex":118680}
{"itemId":"B0002LGP9M","ProductIndex":161993}
{"itemId":"B001DZBMIK","ProductIndex":116678}
{"itemId":"B00B0MMTAQ","ProductIndex":144717}
{"itemId":"B004BPFF00","ProductIndex":172744}
{"itemId":"B000JDKFXK","ProductIndex":126719}
{"itemId":"B00AWPXM9E","ProductIndex":180305}
{"itemId":"B004SZUIAA","ProductIndex":195761}
{"itemId":"B001P80YT8","ProductIndex":143475}
{"itemId":"B0002B0QN8","ProductIndex":207402}
{"itemId":"B0079YNGBK","ProductIndex":95926}
{"itemId":"B004GT0V78","ProductIndex":88748}
{"itemId":"B002V17X60","ProductIndex":163708}
{"itemId":"B000H35XKM","ProductIndex":174089}
{"itemId":"B003V4AK3E","ProductIndex":78978}
{"itemId":"B00CXKFXHA","ProductIndex":182795}
{"itemId":"B007BPH6S6","ProductIndex":191585}
{"itemId":"B00BLHJWJ6","ProductIndex":178829}
{"itemId":"B00ELK93IK","ProductIndex":173344}
{"itemId":"B003OZ40P4","ProductIndex":190574}
{"itemId":"B003INFEGQ","ProductIndex":135115}
{"itemId":"B000XSI3VW","ProductIndex":198614}
{"itemId":"B002TH2XO8","ProductIndex":187975}
{"itemId":"B003HMVLYW","ProductIndex":199692}
{"itemId":"B001L7ZD1M","ProductIndex":145716}
{"itemId":"B000095R9U","ProductIndex":168785}
{"itemId":"B005M1KNEU","ProductIndex":95765}
{"itemId":"B007JS7CSY","ProductIndex":161170}
{"itemId":"B0041NO0FS","ProductIndex":181234}
{"itemId":"B001022K9G","ProductIndex":118138}
{"itemId":"B004SN0U50","ProductIndex":165607}
{"itemId":"9966573429","ProductIndex":182535}
{"itemId":"B00A2UX4HY","ProductIndex":173472}
{"itemId":"B004508YVI","ProductIndex":166856}
{"itemId":"B000Q5YSAW","ProductIndex":196360}
{"itemId":"B00HOX8X9G","ProductIndex":46501}
{"itemId":"B000068TZB","ProductIndex":160083}
{"itemId":"B002G1RR9S","ProductIndex":163566}
{"itemId":"B004ZMBRVA","ProductIndex":163778}
{"itemId":"B000QTPSFC","ProductIndex":154492}
{"itemId":"B00630WPX6","ProductIndex":192052}
{"itemId":"B004JQSR1K","ProductIndex":125497}
{"itemId":"B00AT78N9E","ProductIndex":172049}
{"itemId":"B000FNRWAS","ProductIndex":163405}
{"itemId":"B006I2TQOA","ProductIndex":122723}
{"itemId":"B00AT93GBM","ProductIndex":130962}
{"itemId":"B006ZEBZ04","ProductIndex":120824}
{"itemId":"B00025G2FA","ProductIndex":191134}
{"itemId":"B0051PV0ZS","ProductIndex":169493}
{"itemId":"B004WYGYB4","ProductIndex":175858}
{"itemId":"B00A9PFYU2","ProductIndex":197089}
{"itemId":"B0097MVAWO","ProductIndex":159051}
{"itemId":"B007JT1W02","ProductIndex":177493}
{"itemId":"B003Q920V4","ProductIndex":144452}
{"itemId":"B00GC652EU","ProductIndex":128005}
{"itemId":"B000ES4QFI","ProductIndex":103790}
{"itemId":"B0054L5XIE","ProductIndex":193483}
{"itemId":"B001GUP0P8","ProductIndex":182823}
{"itemId":"B004A7FR7K","ProductIndex":145000}
{"itemId":"B000I3S95M","ProductIndex":150196}
{"itemId":"B006R2MS78","ProductIndex":162181}
{"itemId":"B0013UIQY8","ProductIndex":188823}
{"itemId":"B0092IBD8Y","ProductIndex":166251}
{"itemId":"B002B3VDIM","ProductIndex":132238}
{"itemId":"B0015RB1QE","ProductIndex":151212}
{"itemId":"B00012CHIK","ProductIndex":115680}
{"itemId":"B00003JAU8","ProductIndex":161680}
{"itemId":"B0009E63B2","ProductIndex":163711}
{"itemId":"B001N84MOS","ProductIndex":180345}
{"itemId":"B0091IL6TG","ProductIndex":187827}
{"itemId":"B0009PEURA","ProductIndex":157221}
{"itemId":"B0001WV0EM","ProductIndex":154532}
{"itemId":"B00015SXFS","ProductIndex":178405}
{"itemId":"B001GKZBSO","ProductIndex":106614}
{"itemId":"B007X3D9BY","ProductIndex":107075}
{"itemId":"B000BO0XLQ","ProductIndex":107907}
{"itemId":"B003H7SPJG","ProductIndex":116646}
{"itemId":"B00JWKZPWM","ProductIndex":122474}
{"itemId":"B00007GQQ0","ProductIndex":185048}
{"itemId":"B0002KJEFA","ProductIndex":160681}
{"itemId":"B001AQ5P3U","ProductIndex":205607}
{"itemId":"B00004TKV8","ProductIndex":103783}
{"itemId":"B001917HFA","ProductIndex":148716}
{"itemId":"B005HPZUU8","ProductIndex":205793}
{"itemId":"B0038R5A9S","ProductIndex":200678}
{"itemId":"B004X0CF1A","ProductIndex":91215}
{"itemId":"B003D3NGE8","ProductIndex":184319}
{"itemId":"B004J7KPV4","ProductIndex":197182}
{"itemId":"B00005T37W","ProductIndex":99371}
{"itemId":"B007BFUPRK","ProductIndex":203393}
{"itemId":"B001CWX99O","ProductIndex":194414}
{"itemId":"B00J41DYZE","ProductIndex":180157}
{"itemId":"B000CD7V34","ProductIndex":115740}
{"itemId":"B001RCUHDA","ProductIndex":178224}
{"itemId":"B008C3E1T8","ProductIndex":198405}
{"itemId":"B001WAKDKY","ProductIndex":184791}
{"itemId":"B0096CMGZK","ProductIndex":193240}
{"itemId":"B0002FO3J2","ProductIndex":205604}
{"itemId":"B00006BC3K","ProductIndex":102781}
{"itemId":"B003QM3NT4","ProductIndex":197677}
{"itemId":"B004W524KI","ProductIndex":147597}
{"itemId":"B00CIOWKUE","ProductIndex":205496}
{"itemId":"B001ARD360","ProductIndex":137021}
{"itemId":"B00EZ5TI8G","ProductIndex":171211}
{"itemId":"B00AHAPLSE","ProductIndex":171730}
{"itemId":"B009HK81M8","ProductIndex":144439}
{"itemId":"B004IVB47A","ProductIndex":207090}
{"itemId":"B002HR3A2E","ProductIndex":197408}
{"itemId":"B00135UWSG","ProductIndex":155608}
{"itemId":"B00008RUEO","ProductIndex":145373}
{"itemId":"B0002DFIOS","ProductIndex":171273}
{"itemId":"B007MSA3M8","ProductIndex":205643}
{"itemId":"B000P1BEEK","ProductIndex":141431}
{"itemId":"B001CSAMCU","ProductIndex":196520}
{"itemId":"B001CXXD3K","ProductIndex":140754}
{"itemId":"B000TM8W0Y","ProductIndex":191986}
{"itemId":"B00A1QCENY","ProductIndex":186330}
{"itemId":"B00EQZP9Y2","ProductIndex":178870}
{"itemId":"B009F7EQAY","ProductIndex":207609}
{"itemId":"B00ICR62J6","ProductIndex":177080}
{"itemId":"B009WM7OBU","ProductIndex":155528}
{"itemId":"B00G2HZVX6","ProductIndex":140518}
{"itemId":"B0049ZDE9G","ProductIndex":160664}
{"itemId":"B000EJ2OOC","ProductIndex":120687}
{"itemId":"B000SQ5S5S","ProductIndex":183768}
{"itemId":"B002F9N69Q","ProductIndex":185020}
{"itemId":"B003GRHLR4","ProductIndex":184600}
{"itemId":"B00A6JZN0C","ProductIndex":150190}
{"itemId":"B008FTWOZW","ProductIndex":203776}
{"itemId":"B000301N94","ProductIndex":132197}
{"itemId":"B0000AB4NF","ProductIndex":173435}
{"itemId":"B001NI5224","ProductIndex":140522}
{"itemId":"B00436MKOQ","ProductIndex":191008}
{"itemId":"B0058W5S3Y","ProductIndex":190326}
{"itemId":"B0047PJT0G","ProductIndex":160577}
{"itemId":"B00B1G58XG","ProductIndex":199252}
{"itemId":"B00CHJE9HC","ProductIndex":200002}
{"itemId":"B00C0PHS6M","ProductIndex":165846}
{"itemId":"B00004VVIY","ProductIndex":203087}
{"itemId":"B007VQO0JI","ProductIndex":205742}
{"itemId":"B00FXKXCHA","ProductIndex":203430}
{"itemId":"B00FO6HNPU","ProductIndex":205648}
{"itemId":"B000JVTTPM","ProductIndex":157451}
{"itemId":"B002ZKG5MK","ProductIndex":198076}
{"itemId":"B0040OSBQM","ProductIndex":203077}
{"itemId":"B00B2SPBJE","ProductIndex":176916}
{"itemId":"B001BJU09K","ProductIndex":188916}
{"itemId":"B004EWI83G","ProductIndex":151368}
{"itemId":"B001R35HIY","ProductIndex":205397}
{"itemId":"B001XWPEJQ","ProductIndex":165590}
{"itemId":"B004SIG0A4","ProductIndex":208086}
{"itemId":"B00ATLUKIC","ProductIndex":199332}
{"itemId":"B0001DLYJC","ProductIndex":204206}
{"itemId":"B001L7Q9TC","ProductIndex":190019}
{"itemId":"B008OTKRY8","ProductIndex":171396}
{"itemId":"B00BGEXEN4","ProductIndex":139877}
{"itemId":"B00A6GZKHG","ProductIndex":196857}
{"itemId":"B000067RDM","ProductIndex":190509}
{"itemId":"B00065J0CI","ProductIndex":191843}
{"itemId":"B00CZFG2RI","ProductIndex":159666}
{"itemId":"B006QYQ0MG","ProductIndex":142967}
{"itemId":"B003R7KPD0","ProductIndex":175651}
{"itemId":"B000BL1MXM","ProductIndex":159268}
{"itemId":"B0002KR07E","ProductIndex":206480}
{"itemId":"B00BQ2Y14C","ProductIndex":192057}
{"itemId":"B00GIJ20O6","ProductIndex":206311}
{"itemId":"B003DQFE2W","ProductIndex":183130}
{"itemId":"B004L2LBQ0","ProductIndex":186153}
{"itemId":"B0028IBX6W","ProductIndex":183780}
{"itemId":"B000ORDCEK","ProductIndex":182279}
