{"itemId":"B003UIA4MI","ProductIndex":175404}
{"itemId":"B00E3KWJIY","ProductIndex":125487}
{"itemId":"B0016D3YQM","ProductIndex":140381}
{"itemId":"B003N3GRCQ","ProductIndex":5507}
{"itemId":"B003BEDPHM","ProductIndex":5872}
{"itemId":"B0054581W0","ProductIndex":110050}
{"itemId":"B006WYVHHS","ProductIndex":73283}
{"itemId":"B00CM1BN5G","ProductIndex":5226}
{"itemId":"B003J59XTM","ProductIndex":146564}
{"itemId":"B000CSOJ2K","ProductIndex":52136}
{"itemId":"B0044UHK7I","ProductIndex":67833}
{"itemId":"B0002ZPTBI","ProductIndex":12595}
{"itemId":"B001QJOI8E","ProductIndex":19187}
{"itemId":"B003B4AVRE","ProductIndex":1375}
{"itemId":"B003N9TYW0","ProductIndex":13261}
{"itemId":"B002HTD6EO","ProductIndex":100473}
{"itemId":"B0038JECKE","ProductIndex":5632}
{"itemId":"B0032R6CPK","ProductIndex":1765}
{"itemId":"B007P4VOWC","ProductIndex":61}
{"itemId":"B0043I6FJA","ProductIndex":40379}
{"itemId":"B002HU27UW","ProductIndex":1483}
{"itemId":"B0057Z7TB6","ProductIndex":43853}
{"itemId":"B000MEANKQ","ProductIndex":6725}
{"itemId":"B000NPUIOK","ProductIndex":93330}
{"itemId":"B00CBQEYJ4","ProductIndex":7415}
{"itemId":"B0068MSGZA","ProductIndex":556}
{"itemId":"B001S2R8E0","ProductIndex":4848}
{"itemId":"B00D5GMZYU","ProductIndex":75291}
{"itemId":"B005YR19UE","ProductIndex":36306}
{"itemId":"B0023F0GI6","ProductIndex":18700}
{"itemId":"B008A2OG3C","ProductIndex":5824}
{"itemId":"B003UIXCBS","ProductIndex":39689}
{"itemId":"B007I7E9YG","ProductIndex":50700}
{"itemId":"B000ENN9BK","ProductIndex":12863}
{"itemId":"B0037TMI9C","ProductIndex":6761}
{"itemId":"B000092TT0","ProductIndex":613}
{"itemId":"B004QF0VEA","ProductIndex":67244}
{"itemId":"B002IVESDO","ProductIndex":65277}
{"itemId":"B000E3BV42","ProductIndex":38915}
{"itemId":"B004X2XKTY","ProductIndex":122704}
{"itemId":"B0052DHFX0","ProductIndex":25275}
{"itemId":"B002RWJD98","ProductIndex":4838}
{"itemId":"B00CM2NI3U","ProductIndex":24754}
{"itemId":"B001LNQS4W","ProductIndex":49589}
{"itemId":"B0036Z6GH2","ProductIndex":21286}
{"itemId":"B0000632QX","ProductIndex":50815}
{"itemId":"B00IBR5QJY","ProductIndex":125537}
{"itemId":"B000R0FG5W","ProductIndex":10912}
{"itemId":"B000BAX50G","ProductIndex":2970}
{"itemId":"B000S5TYQI","ProductIndex":17612}
{"itemId":"B00EON4OH4","ProductIndex":53922}
{"itemId":"B0079MVKII","ProductIndex":6214}
{"itemId":"B004YDPBBW","ProductIndex":121469}
{"itemId":"B004TH57BM","ProductIndex":16643}
{"itemId":"B0030LGY38","ProductIndex":43417}
{"itemId":"B003A0T6YS","ProductIndex":2935}
{"itemId":"B009EFY1BG","ProductIndex":25846}
{"itemId":"B00FBYY5KG","ProductIndex":12078}
{"itemId":"B0000AE6AE","ProductIndex":18205}
{"itemId":"B006OU8Z4S","ProductIndex":205582}
{"itemId":"B0085SSSJO","ProductIndex":33243}
{"itemId":"B0032UWTGI","ProductIndex":13956}
{"itemId":"B00BIULEJC","ProductIndex":1348}
{"itemId":"B005HBTC9M","ProductIndex":21723}
{"itemId":"B002RWJDR0","ProductIndex":100827}
{"itemId":"B00ATE7ULY","ProductIndex":8532}
{"itemId":"B000KIJ0RG","ProductIndex":14956}
{"itemId":"B00B7S29B2","ProductIndex":22831}
{"itemId":"B000EMU4HS","ProductIndex":5542}
{"itemId":"B00KGEMKHG","ProductIndex":33237}
{"itemId":"B00EEBS25Q","ProductIndex":25723}
{"itemId":"B00AXE6CWS","ProductIndex":25035}
{"itemId":"B00005QZ0N","ProductIndex":57611}
{"itemId":"B003WV5DLA","ProductIndex":4265}
{"itemId":"B00DL4CH2G","ProductIndex":128566}
{"itemId":"B0000DCRH8","ProductIndex":77490}
{"itemId":"B0013GJIBC","ProductIndex":7516}
{"itemId":"B004CLYOK0","ProductIndex":33503}
{"itemId":"B005NHTG6O","ProductIndex":8110}
{"itemId":"B001UE6MJI","ProductIndex":24025}
{"itemId":"B002R9RBO0","ProductIndex":36147}
{"itemId":"B008Y5GHCI","ProductIndex":9247}
{"itemId":"B007STXHTM","ProductIndex":6507}
{"itemId":"B0014175E8","ProductIndex":3407}
{"itemId":"B004B0H69I","ProductIndex":39349}
{"itemId":"B0020HRCA2","ProductIndex":19122}
{"itemId":"B009STIJWA","ProductIndex":2754}
{"itemId":"B008D4XBII","ProductIndex":2946}
{"itemId":"B004M5CUFM","ProductIndex":25412}
{"itemId":"B004H6060W","ProductIndex":24528}
{"itemId":"B0023ZK2TY","ProductIndex":2668}
{"itemId":"B009FV21UC","ProductIndex":51608}
{"itemId":"B00BRBYGAG","ProductIndex":123600}
{"itemId":"B000P6QFQW","ProductIndex":57908}
{"itemId":"B006FEYK1A","ProductIndex":41634}
{"itemId":"B001415ENM","ProductIndex":4826}
{"itemId":"B009VH3KKU","ProductIndex":19716}
{"itemId":"B00FK0BOUU","ProductIndex":80329}
{"itemId":"B0000511G0","ProductIndex":112004}
{"itemId":"B00EB0A6FE","ProductIndex":48198}
{"itemId":"B0036ORCJY","ProductIndex":6449}
{"itemId":"B004M8SAZS","ProductIndex":11136}
{"itemId":"B0044412V4","ProductIndex":28328}
{"itemId":"B00APLAV30","ProductIndex":49817}
{"itemId":"B003VVYL46","ProductIndex":14855}
{"itemId":"B00724I8H4","ProductIndex":203986}
{"itemId":"B0040YGJDY","ProductIndex":27629}
{"itemId":"B000X2WPH6","ProductIndex":38779}
{"itemId":"B0057UKLJ8","ProductIndex":23449}
{"itemId":"B004BOQDI4","ProductIndex":146059}
{"itemId":"B005X0JTP4","ProductIndex":3542}
{"itemId":"B00BNQ1GSK","ProductIndex":16886}
{"itemId":"B00346LJ2A","ProductIndex":41809}
{"itemId":"B000ILDARG","ProductIndex":192888}
{"itemId":"B003EYV3JQ","ProductIndex":72921}
{"itemId":"B00BAONHBY","ProductIndex":68030}
{"itemId":"B00ECERI32","ProductIndex":8047}
{"itemId":"B001TK3EJE","ProductIndex":29161}
{"itemId":"B00284ALEQ","ProductIndex":13564}
{"itemId":"B00AW54Z7C","ProductIndex":14675}
{"itemId":"B001BEETV0","ProductIndex":37678}
{"itemId":"B001PW0TO4","ProductIndex":86434}
{"itemId":"B002YOVF90","ProductIndex":10883}
{"itemId":"B0000DZFJF","ProductIndex":71792}
{"itemId":"B00E4AZEFS","ProductIndex":15815}
{"itemId":"B008YCHL76","ProductIndex":22297}
{"itemId":"B000V6FKGM","ProductIndex":25785}
{"itemId":"B003RDF2MS","ProductIndex":29362}
{"itemId":"B008FUCS8Y","ProductIndex":21526}
{"itemId":"B00C5A6GOM","ProductIndex":42620}
{"itemId":"B003ZTRDDK","ProductIndex":138469}
{"itemId":"B00009QOU5","ProductIndex":19102}
{"itemId":"B001BJLEBS","ProductIndex":32222}
{"itemId":"B00030BEQ6","ProductIndex":154798}
{"itemId":"B005TQEOKM","ProductIndex":15632}
{"itemId":"B00CDJRBKS","ProductIndex":12377}
{"itemId":"B007IKM88C","ProductIndex":101175}
{"itemId":"B00BTL113O","ProductIndex":68968}
{"itemId":"B004DI7CWE","ProductIndex":12473}
{"itemId":"B005LU3LQ4","ProductIndex":33923}
{"itemId":"B007MPMXZG","ProductIndex":39310}
{"itemId":"B00373415M","ProductIndex":160676}
{"itemId":"B000AYA59M","ProductIndex":16734}
{"itemId":"B00F4JS4LO","ProductIndex":24143}
{"itemId":"B0014IUWU0","ProductIndex":27691}
{"itemId":"B000HHROEQ","ProductIndex":24610}
{"itemId":"B001TSMJDS","ProductIndex":3080}
{"itemId":"B0039KNZU0","ProductIndex":62728}
{"itemId":"B00518M77U","ProductIndex":21149}
{"itemId":"B004BSFCWI","ProductIndex":10331}
{"itemId":"B000E3B7KA","ProductIndex":96090}
{"itemId":"B0013ZGX34","ProductIndex":56426}
{"itemId":"B009YXE8G6","ProductIndex":3633}
{"itemId":"B000XDTNL6","ProductIndex":88995}
{"itemId":"B0013U7OB4","ProductIndex":14113}
{"itemId":"B00067TL2A","ProductIndex":136393}
{"itemId":"B004V4VL5E","ProductIndex":26572}
{"itemId":"B001GQ2ID4","ProductIndex":24692}
{"itemId":"B00AZGAF9U","ProductIndex":47658}
{"itemId":"B004ABQAFO","ProductIndex":5528}
{"itemId":"B003I8EQ2O","ProductIndex":179449}
{"itemId":"B00AQLY70C","ProductIndex":81070}
{"itemId":"B003Z24FGU","ProductIndex":160302}
{"itemId":"B008PTOEQE","ProductIndex":82990}
{"itemId":"B0032GTI1Q","ProductIndex":137697}
{"itemId":"B00AFY4U7K","ProductIndex":33557}
{"itemId":"B000AYKV00","ProductIndex":31401}
{"itemId":"B002SYN91S","ProductIndex":120203}
{"itemId":"B001OBSKPG","ProductIndex":64233}
{"itemId":"B00AEKTGTC","ProductIndex":8369}
{"itemId":"B0012J0S64","ProductIndex":175624}
{"itemId":"B002ZBDEJ6","ProductIndex":113241}
{"itemId":"B0062WSSN6","ProductIndex":188810}
{"itemId":"B0056XEFJ8","ProductIndex":40154}
{"itemId":"B0050Q2JJY","ProductIndex":70444}
{"itemId":"B004FCLBA2","ProductIndex":187564}
{"itemId":"B003SVCRYU","ProductIndex":61233}
{"itemId":"B002BJXCD0","ProductIndex":15980}
{"itemId":"B007Q29YH0","ProductIndex":159817}
{"itemId":"B0017XMN7C","ProductIndex":3535}
{"itemId":"B0044SVD50","ProductIndex":18902}
{"itemId":"B001EZ46F0","ProductIndex":28104}
{"itemId":"B007B5SRV6","ProductIndex":139206}
{"itemId":"B003TLAMV4","ProductIndex":10101}
{"itemId":"B009YCASK2","ProductIndex":14868}
{"itemId":"B0000YBARS","ProductIndex":199953}
{"itemId":"B004G1CUG6","ProductIndex":41972}
{"itemId":"B0023SDH8E","ProductIndex":44169}
{"itemId":"B000CRLGZO","ProductIndex":61814}
{"itemId":"B000P6G7UG","ProductIndex":71061}
{"itemId":"B004S7F2PE","ProductIndex":108025}
{"itemId":"B004R9HFUI","ProductIndex":151821}
{"itemId":"B004XYN9WU","ProductIndex":8796}
{"itemId":"B003YV7Y0G","ProductIndex":144574}
{"itemId":"B000MT3EB6","ProductIndex":54144}
{"itemId":"B002MY8ENW","ProductIndex":22772}
{"itemId":"B000PF9UZQ","ProductIndex":46260}
{"itemId":"B00094OWKQ","ProductIndex":120025}
{"itemId":"B002UXRG84","ProductIndex":84041}
{"itemId":"B000JJSQ9E","ProductIndex":29146}
{"itemId":"B00170M64K","ProductIndex":10479}
{"itemId":"B000063LHM","ProductIndex":73425}
{"itemId":"B003JTHOB2","ProductIndex":57225}
{"itemId":"B0086UXQIE","ProductIndex":24231}
{"itemId":"B005HFCDBW","ProductIndex":49329}
{"itemId":"B00BJNYG1G","ProductIndex":40441}
{"itemId":"B0043XOFMO","ProductIndex":53518}
{"itemId":"B00006IRNI","ProductIndex":173901}
{"itemId":"B001MS0Q1W","ProductIndex":67552}
{"itemId":"B003BQO3FI","ProductIndex":108530}
{"itemId":"B002EWEAIK","ProductIndex":109349}
{"itemId":"B003EYV1ZW","ProductIndex":73729}
{"itemId":"B000XSBJRW","ProductIndex":59565}
{"itemId":"B007Z0V4WQ","ProductIndex":185217}
{"itemId":"B004JRF2N0","ProductIndex":53470}
{"itemId":"B0000CD02Y","ProductIndex":123436}
{"itemId":"B00HCRMXB8","ProductIndex":99324}
{"itemId":"B00A2AECVQ","ProductIndex":58602}
{"itemId":"B0026FZ6EM","ProductIndex":77451}
{"itemId":"B002FBMLQI","ProductIndex":175101}
{"itemId":"B00E38CTVI","ProductIndex":61849}
{"itemId":"B008XBDXBQ","ProductIndex":41032}
{"itemId":"B008S08HJ0","ProductIndex":37740}
{"itemId":"B005TWTR8U","ProductIndex":108223}
{"itemId":"B00531E0ES","ProductIndex":75626}
{"itemId":"B000H46SVY","ProductIndex":46954}
{"itemId":"B004G606Q2","ProductIndex":9067}
{"itemId":"B00400OSDG","ProductIndex":50206}
{"itemId":"B004JWPI9S","ProductIndex":19727}
{"itemId":"B00EDRMWVG","ProductIndex":68753}
{"itemId":"B002TLT07W","ProductIndex":21409}
{"itemId":"B004Y73CB4","ProductIndex":67737}
{"itemId":"B000ZN2VQ8","ProductIndex":85513}
{"itemId":"B00276D82M","ProductIndex":62922}
{"itemId":"B000IK5X2C","ProductIndex":57311}
{"itemId":"B0090QSHE6","ProductIndex":52770}
{"itemId":"B00AFCV552","ProductIndex":38312}
{"itemId":"B000FJP0QU","ProductIndex":28063}
{"itemId":"B00009UH9O","ProductIndex":100786}
{"itemId":"B009DL0LOW","ProductIndex":9272}
{"itemId":"B00763W35Y","ProductIndex":110760}
{"itemId":"B000SKML2C","ProductIndex":42086}
{"itemId":"B000CDWNSW","ProductIndex":22339}
{"itemId":"B000ELDX2W","ProductIndex":20995}
{"itemId":"B002L5U7N2","ProductIndex":36432}
{"itemId":"B000EAS5L2","ProductIndex":128577}
{"itemId":"B000068IKV","ProductIndex":24316}
{"itemId":"B001CK1AAG","ProductIndex":63181}
{"itemId":"B007ZT23ZE","ProductIndex":4276}
{"itemId":"B006XE4AEY","ProductIndex":201265}
{"itemId":"B005SXT6QI","ProductIndex":58870}
{"itemId":"B00HZVPD72","ProductIndex":29570}
{"itemId":"B002AKCD4E","ProductIndex":68380}
{"itemId":"B0056QBXKY","ProductIndex":21012}
{"itemId":"B003L191PA","ProductIndex":39397}
{"itemId":"B000T9ME88","ProductIndex":21974}
{"itemId":"B002GH8OCG","ProductIndex":86883}
{"itemId":"B004J06Q6O","ProductIndex":144592}
{"itemId":"B001S2PK5E","ProductIndex":50821}
{"itemId":"B0002KQR1E","ProductIndex":56421}
{"itemId":"B00D9D9N58","ProductIndex":50840}
{"itemId":"B002ACG32A","ProductIndex":39674}
{"itemId":"B00008N6XL","ProductIndex":119539}
{"itemId":"B00008W2M5","ProductIndex":51426}
{"itemId":"B00ENY08VU","ProductIndex":14681}
{"itemId":"B007BZW7XK","ProductIndex":83750}
{"itemId":"B005H479OY","ProductIndex":44050}
{"itemId":"B00410XGKG","ProductIndex":105132}
{"itemId":"B003JIQA36","ProductIndex":28149}
{"itemId":"B008C2KT86","ProductIndex":65765}
{"itemId":"B00180F12I","ProductIndex":39623}
{"itemId":"B00EH5UGR6","ProductIndex":14197}
{"itemId":"B003PFLOSY","ProductIndex":111962}
{"itemId":"B003ZT28GC","ProductIndex":34773}
{"itemId":"B002POFSC4","ProductIndex":53050}
{"itemId":"B0031QNHKA","ProductIndex":77567}
{"itemId":"B00005NNDF","ProductIndex":76329}
{"itemId":"B0007T26ZQ","ProductIndex":56787}
{"itemId":"B0000C0TUT","ProductIndex":45756}
{"itemId":"B0099ANVQM","ProductIndex":42246}
{"itemId":"B004I6MAV4","ProductIndex":39162}
{"itemId":"B004ZBAP64","ProductIndex":44859}
{"itemId":"B007C0Y7RI","ProductIndex":20447}
{"itemId":"B003061KUU","ProductIndex":85997}
{"itemId":"B000MAF0QC","ProductIndex":84669}
{"itemId":"B00CNSR4FQ","ProductIndex":51320}
{"itemId":"B0053U10K6","ProductIndex":105030}
{"itemId":"B005D6P0N8","ProductIndex":58974}
{"itemId":"B00FDXLC2Y","ProductIndex":57651}
{"itemId":"B006YG8ZNI","ProductIndex":60118}
{"itemId":"B00C5WU0LK","ProductIndex":76465}
{"itemId":"B00365F6EQ","ProductIndex":38149}
{"itemId":"B0044DEASM","ProductIndex":51532}
{"itemId":"B002OLD9HO","ProductIndex":127396}
{"itemId":"B000165FFS","ProductIndex":45213}
{"itemId":"B00005LPS9","ProductIndex":134525}
{"itemId":"B0009SXWJE","ProductIndex":55151}
{"itemId":"B0001W7TY2","ProductIndex":56976}
{"itemId":"B005BF6HR4","ProductIndex":169221}
{"itemId":"B00585CLY0","ProductIndex":15811}
{"itemId":"B00E9BUTAM","ProductIndex":31503}
{"itemId":"B0045WN4E8","ProductIndex":155792}
{"itemId":"B0002GO60M","ProductIndex":31222}
{"itemId":"B0032F8TXU","ProductIndex":114142}
{"itemId":"B001TPQCE8","ProductIndex":106241}
{"itemId":"B0052DNIAO","ProductIndex":42755}
{"itemId":"B00746TRMA","ProductIndex":57090}
{"itemId":"B00E4KQ9GG","ProductIndex":128002}
{"itemId":"B000UZS15Q","ProductIndex":46089}
{"itemId":"B000VW6HHM","ProductIndex":91027}
{"itemId":"B000EHK8HE","ProductIndex":147640}
{"itemId":"B001USNIOG","ProductIndex":79130}
{"itemId":"B0064C5Z0I","ProductIndex":15699}
{"itemId":"B006ZRVBV4","ProductIndex":15535}
{"itemId":"B00884RLDO","ProductIndex":46421}
{"itemId":"B00576LAXI","ProductIndex":48768}
{"itemId":"B002IPH9ZO","ProductIndex":13641}
{"itemId":"B0002VAVII","ProductIndex":51004}
{"itemId":"B002U0KGEI","ProductIndex":29655}
{"itemId":"B005HMZ740","ProductIndex":29112}
{"itemId":"B0019M0G98","ProductIndex":115530}
{"itemId":"B005MQ1B6O","ProductIndex":46199}
{"itemId":"B003PFYKGW","ProductIndex":20130}
{"itemId":"B0002KR0A6","ProductIndex":68173}
{"itemId":"B000NKCIES","ProductIndex":67814}
{"itemId":"B004GLDHFO","ProductIndex":62512}
{"itemId":"B0002HMSBU","ProductIndex":187757}
{"itemId":"B000FL60CG","ProductIndex":174203}
{"itemId":"B000068IGS","ProductIndex":190962}
{"itemId":"B0026K7OSS","ProductIndex":116718}
{"itemId":"B000HWS0NU","ProductIndex":16685}
{"itemId":"B0036STI56","ProductIndex":27475}
{"itemId":"B001K9BF4K","ProductIndex":60177}
{"itemId":"B009MB99UU","ProductIndex":116542}
{"itemId":"B00BCXF4JQ","ProductIndex":29110}
{"itemId":"B003O7R6JY","ProductIndex":89687}
{"itemId":"B002EGDFD2","ProductIndex":50907}
{"itemId":"B003PBVJ7O","ProductIndex":35738}
{"itemId":"B002KTVFTE","ProductIndex":59996}
{"itemId":"B001VEGEUY","ProductIndex":114561}
{"itemId":"B002KKPUQM","ProductIndex":95678}
{"itemId":"B008YJTZM8","ProductIndex":90633}
{"itemId":"B004FSOIGU","ProductIndex":163444}
{"itemId":"B004QDRU5K","ProductIndex":138291}
{"itemId":"B005SMYV1Y","ProductIndex":133923}
{"itemId":"B00CV03YZA","ProductIndex":61271}
{"itemId":"B005OLKVJ0","ProductIndex":111384}
{"itemId":"B009ZN8Q4K","ProductIndex":101058}
{"itemId":"B004GZ8FFM","ProductIndex":71325}
{"itemId":"B00EIRTE0I","ProductIndex":142217}
{"itemId":"B00005NCWM","ProductIndex":12192}
{"itemId":"B002R9H6FE","ProductIndex":43928}
{"itemId":"B009OY15SY","ProductIndex":51537}
{"itemId":"B008KHWGNY","ProductIndex":94903}
{"itemId":"B0000E2Y8A","ProductIndex":123303}
{"itemId":"B000ACPUV2","ProductIndex":159378}
{"itemId":"B005OGZLGI","ProductIndex":31790}
{"itemId":"B003ZVRU1S","ProductIndex":31567}
{"itemId":"B004FKND9Q","ProductIndex":160626}
{"itemId":"B005GF3MUY","ProductIndex":62437}
{"itemId":"B001RYC5XI","ProductIndex":72870}
{"itemId":"B00AJ4GEB6","ProductIndex":122853}
{"itemId":"B0042EKF5U","ProductIndex":111445}
{"itemId":"B005HGUUVG","ProductIndex":124016}
{"itemId":"B000MXVDKQ","ProductIndex":89027}
{"itemId":"B004MF2QMY","ProductIndex":102309}
{"itemId":"B00CXGFFTU","ProductIndex":77041}
{"itemId":"B00I2N6O20","ProductIndex":87871}
{"itemId":"B002O0K95A","ProductIndex":100719}
{"itemId":"B004WJRBUW","ProductIndex":59045}
{"itemId":"B0056F3JJI","ProductIndex":41447}
{"itemId":"B000YJ484G","ProductIndex":138188}
{"itemId":"B00BSEN2AC","ProductIndex":105059}
{"itemId":"B007RUG8C0","ProductIndex":122071}
{"itemId":"B00CCQ9EPW","ProductIndex":163932}
{"itemId":"B001MQ8F80","ProductIndex":63271}
{"itemId":"B005CMDOSQ","ProductIndex":101564}
{"itemId":"B003K2EOFM","ProductIndex":171764}
{"itemId":"B0052D386S","ProductIndex":172806}
{"itemId":"B001RB24R8","ProductIndex":6770}
{"itemId":"B007VGGK5K","ProductIndex":98471}
{"itemId":"B0012DHJ76","ProductIndex":63538}
{"itemId":"B003AQCZHW","ProductIndex":79932}
{"itemId":"B001A4Y6IW","ProductIndex":42925}
{"itemId":"B00448MAWK","ProductIndex":142243}
{"itemId":"B008NYKMO4","ProductIndex":68325}
{"itemId":"B0032FOKM4","ProductIndex":122618}
{"itemId":"B003QA1VEK","ProductIndex":22269}
{"itemId":"B002H0YSRC","ProductIndex":59260}
{"itemId":"B008S1YSWO","ProductIndex":85720}
{"itemId":"B001BLS5OA","ProductIndex":42190}
{"itemId":"B000ZLV77E","ProductIndex":177501}
{"itemId":"B004QWB7CI","ProductIndex":68804}
{"itemId":"B009CQOXR4","ProductIndex":64318}
{"itemId":"B00006JPBY","ProductIndex":52607}
{"itemId":"B003CO81KM","ProductIndex":172022}
{"itemId":"B004SVTMUG","ProductIndex":50703}
{"itemId":"B000J2KP40","ProductIndex":62859}
{"itemId":"B00ES0VI1S","ProductIndex":124453}
{"itemId":"B004KMIBVE","ProductIndex":76983}
{"itemId":"B002K4IFZG","ProductIndex":91187}
{"itemId":"B00C9WFJ5S","ProductIndex":172299}
{"itemId":"B0001NA13M","ProductIndex":65594}
{"itemId":"B007MHJF5K","ProductIndex":78687}
{"itemId":"B00I8BICEO","ProductIndex":73229}
{"itemId":"B003NVOWJS","ProductIndex":40283}
{"itemId":"B006VPM6LY","ProductIndex":101995}
{"itemId":"B00A445Z52","ProductIndex":79563}
{"itemId":"B00CP3780U","ProductIndex":92954}
{"itemId":"B000TME4EW","ProductIndex":104563}
{"itemId":"B00AP6AJDM","ProductIndex":192440}
{"itemId":"B002USUKQY","ProductIndex":64773}
{"itemId":"B0075E53JM","ProductIndex":96778}
{"itemId":"B00009R6QC","ProductIndex":40668}
{"itemId":"B003L82R4U","ProductIndex":112960}
{"itemId":"B00280KIJ8","ProductIndex":15357}
{"itemId":"B00079P6LC","ProductIndex":75003}
{"itemId":"B008KEPU8A","ProductIndex":65605}
{"itemId":"B000RFUISC","ProductIndex":140974}
{"itemId":"B001HXJ86Q","ProductIndex":152839}
{"itemId":"B0087G7IMM","ProductIndex":55842}
{"itemId":"B00FECEDZ2","ProductIndex":185542}
{"itemId":"B00BCPJ86E","ProductIndex":60806}
{"itemId":"B00000K3RK","ProductIndex":61728}
{"itemId":"B007PJFV4Y","ProductIndex":103334}
{"itemId":"B003SWT4FE","ProductIndex":71083}
{"itemId":"B001K9BFAO","ProductIndex":185248}
{"itemId":"B00EOO7H2W","ProductIndex":133895}
{"itemId":"B009PHTAU0","ProductIndex":138227}
{"itemId":"B005F6O0M8","ProductIndex":46517}
{"itemId":"B002ROIE2I","ProductIndex":76111}
{"itemId":"B0094342T4","ProductIndex":104536}
{"itemId":"B0009K9Q1A","ProductIndex":37536}
{"itemId":"B000XQ31QG","ProductIndex":62341}
{"itemId":"B00B973WDK","ProductIndex":145173}
{"itemId":"B006QATCWU","ProductIndex":172297}
{"itemId":"B00COG4XQ0","ProductIndex":202455}
{"itemId":"B003ZFZP02","ProductIndex":85124}
{"itemId":"B0058LE8YK","ProductIndex":59633}
{"itemId":"B002YCMR1W","ProductIndex":96374}
{"itemId":"B0092ILA5U","ProductIndex":84846}
{"itemId":"B00CHXDN5W","ProductIndex":150693}
{"itemId":"B008PQJXF4","ProductIndex":168213}
{"itemId":"B0080E2LBE","ProductIndex":109559}
{"itemId":"B0034IX3A4","ProductIndex":127139}
{"itemId":"B003U7YVGY","ProductIndex":89839}
{"itemId":"B002FIZFQY","ProductIndex":90715}
{"itemId":"B00C5K8FRI","ProductIndex":51583}
{"itemId":"B000GOUE3S","ProductIndex":57078}
{"itemId":"B007NXUGHE","ProductIndex":87188}
{"itemId":"B005ZK4HHM","ProductIndex":160795}
{"itemId":"B0048827W4","ProductIndex":64383}
{"itemId":"B0036GGBBM","ProductIndex":86013}
{"itemId":"B007005WP6","ProductIndex":75162}
{"itemId":"B00GKU18YG","ProductIndex":180035}
{"itemId":"B0015AB3F0","ProductIndex":75630}
{"itemId":"B00AGPI5P6","ProductIndex":173705}
{"itemId":"B004MR8J3W","ProductIndex":103174}
{"itemId":"B00B1HV7YO","ProductIndex":23058}
{"itemId":"B001AV56RU","ProductIndex":141535}
{"itemId":"B00008614M","ProductIndex":106855}
{"itemId":"B004DMFAKQ","ProductIndex":75305}
{"itemId":"B000TTL3F8","ProductIndex":198923}
{"itemId":"B00BC4S7J4","ProductIndex":87851}
{"itemId":"B00005OCWZ","ProductIndex":65435}
{"itemId":"B00028EKTM","ProductIndex":104636}
{"itemId":"B0042LF23I","ProductIndex":42380}
{"itemId":"B00EE1ZH6I","ProductIndex":27741}
{"itemId":"B0009F7NH4","ProductIndex":47861}
{"itemId":"B00715E4H2","ProductIndex":132647}
{"itemId":"B00CC6R7G0","ProductIndex":74977}
{"itemId":"B0043PLSY0","ProductIndex":124896}
{"itemId":"B0063VTXFS","ProductIndex":37290}
{"itemId":"B001BL1S58","ProductIndex":113702}
{"itemId":"B0073V8FOC","ProductIndex":59381}
{"itemId":"B001MRYSQ2","ProductIndex":66640}
{"itemId":"B000JMFOKA","ProductIndex":94685}
{"itemId":"B00ANZVFME","ProductIndex":69694}
{"itemId":"B00454YJ86","ProductIndex":96429}
{"itemId":"B0045IXVKY","ProductIndex":150145}
{"itemId":"B0007XXHQO","ProductIndex":115843}
{"itemId":"B006O5S4LM","ProductIndex":202162}
{"itemId":"B009O4ZW56","ProductIndex":199482}
{"itemId":"B0055WP3I2","ProductIndex":198453}
{"itemId":"B000E9WBF4","ProductIndex":79951}
{"itemId":"B004MKMH3M","ProductIndex":149071}
{"itemId":"B000Y9TQWK","ProductIndex":131663}
{"itemId":"B001AAQTXQ","ProductIndex":37519}
{"itemId":"B0051OLA3G","ProductIndex":144889}
{"itemId":"B000OY7Q04","ProductIndex":99651}
{"itemId":"B002KKCPA6","ProductIndex":57524}
{"itemId":"B00465QLZ8","ProductIndex":54076}
{"itemId":"B00DIO9M1S","ProductIndex":49001}
{"itemId":"B0068Y7J5G","ProductIndex":79772}
{"itemId":"B008ZC7ZN0","ProductIndex":160668}
{"itemId":"B003ZUXWRK","ProductIndex":92937}
{"itemId":"B00GUQJZCW","ProductIndex":16184}
{"itemId":"B0040GJILC","ProductIndex":148870}
{"itemId":"B00FE7CIOA","ProductIndex":101698}
{"itemId":"B004H9ANNO","ProductIndex":153794}
{"itemId":"B00658IB6G","ProductIndex":158197}
{"itemId":"B00826YIP2","ProductIndex":107695}
{"itemId":"B000HNH9FE","ProductIndex":91366}
{"itemId":"B003BV69YG","ProductIndex":154273}
{"itemId":"B009FRPN4M","ProductIndex":138077}
{"itemId":"B00117BO24","ProductIndex":112291}
{"itemId":"B001ISK2BA","ProductIndex":137785}
{"itemId":"B0048KR74K","ProductIndex":172907}
{"itemId":"B0009KUWCM","ProductIndex":128625}
{"itemId":"B001ANPTTS","ProductIndex":125040}
{"itemId":"B00IOV7CSK","ProductIndex":109776}
{"itemId":"B0001GCAWO","ProductIndex":106340}
{"itemId":"B0033KBT68","ProductIndex":60922}
{"itemId":"B0027YXR34","ProductIndex":143118}
{"itemId":"B00CWUN40Y","ProductIndex":197332}
{"itemId":"B000CBOMUG","ProductIndex":95471}
{"itemId":"B005F6WBLA","ProductIndex":138617}
{"itemId":"B00487X27O","ProductIndex":78381}
{"itemId":"B000WZ2AYM","ProductIndex":62426}
{"itemId":"B00FIOAYXQ","ProductIndex":185247}
{"itemId":"B004QNTJR2","ProductIndex":203872}
{"itemId":"B007OE8LVA","ProductIndex":122082}
{"itemId":"B000B5OWIA","ProductIndex":172272}
{"itemId":"B00821PQDK","ProductIndex":177368}
{"itemId":"B005D9MWCC","ProductIndex":116937}
{"itemId":"B0027BZEYC","ProductIndex":26707}
{"itemId":"B00B9ABE2I","ProductIndex":95654}
{"itemId":"B003CQB2AG","ProductIndex":87541}
{"itemId":"B001AO4MXQ","ProductIndex":168782}
{"itemId":"B00375LC16","ProductIndex":85029}
{"itemId":"B000ETKXK4","ProductIndex":27614}
{"itemId":"B00BP4QGTY","ProductIndex":76846}
{"itemId":"B002DMKJLI","ProductIndex":74442}
{"itemId":"B0002MQGKY","ProductIndex":32645}
{"itemId":"B00BSYK45I","ProductIndex":95259}
{"itemId":"B00009UHG8","ProductIndex":131203}
{"itemId":"B004PLXV8S","ProductIndex":41359}
{"itemId":"B00CDOWJ0K","ProductIndex":188639}
{"itemId":"B006N07054","ProductIndex":180186}
{"itemId":"B00B502WQ4","ProductIndex":43818}
{"itemId":"B005H4HLQA","ProductIndex":132436}
{"itemId":"B000H9AF9A","ProductIndex":60647}
{"itemId":"B005F79F3Q","ProductIndex":144975}
{"itemId":"B0028N6WZO","ProductIndex":166371}
{"itemId":"B00004SD86","ProductIndex":107422}
{"itemId":"B005GNWH70","ProductIndex":110140}
{"itemId":"B005MMXAN0","ProductIndex":89431}
{"itemId":"B00EB1A9OQ","ProductIndex":66551}
{"itemId":"B00507WSAI","ProductIndex":112951}
{"itemId":"B00FY399EQ","ProductIndex":123097}
{"itemId":"B0047BHBZK","ProductIndex":120298}
{"itemId":"B000V8TYZS","ProductIndex":58555}
{"itemId":"B0074EWGHA","ProductIndex":84519}
{"itemId":"B007B5Q3Z8","ProductIndex":178889}
{"itemId":"B003E2RZYK","ProductIndex":63977}
{"itemId":"B00IZMKM94","ProductIndex":56591}
{"itemId":"B000JFJD3Q","ProductIndex":126919}
{"itemId":"B00CZF7CPO","ProductIndex":66158}
{"itemId":"B00E9N696S","ProductIndex":40823}
{"itemId":"B00AKUAWD0","ProductIndex":18506}
{"itemId":"B001T4QIC0","ProductIndex":154146}
{"itemId":"B0001F21FG","ProductIndex":135944}
{"itemId":"B001QTW9GC","ProductIndex":104433}
{"itemId":"B003RC49LO","ProductIndex":173909}
{"itemId":"B00004HYS6","ProductIndex":100168}
{"itemId":"B00GLZYG5S","ProductIndex":79798}
{"itemId":"B0000AHO8Y","ProductIndex":69554}
{"itemId":"B000096QNW","ProductIndex":66885}
{"itemId":"B0007KK2FG","ProductIndex":77562}
{"itemId":"B0051MVBGE","ProductIndex":191987}
{"itemId":"B0058LTXWM","ProductIndex":109362}
{"itemId":"B002SN9080","ProductIndex":100663}
{"itemId":"B00BW4BYB2","ProductIndex":195323}
{"itemId":"B002ITTYS0","ProductIndex":106084}
{"itemId":"B0018S79XE","ProductIndex":85451}
{"itemId":"B007W1KE3S","ProductIndex":85653}
{"itemId":"B000UW07VK","ProductIndex":95737}
{"itemId":"B002BC842G","ProductIndex":76923}
{"itemId":"B00193HNRK","ProductIndex":146447}
{"itemId":"B00DECKRCM","ProductIndex":39275}
{"itemId":"B000E636BU","ProductIndex":74635}
{"itemId":"B00EG4QUTG","ProductIndex":168580}
{"itemId":"B0043GR0U0","ProductIndex":82317}
{"itemId":"B002OEBILA","ProductIndex":63558}
{"itemId":"B0002J1HSI","ProductIndex":107227}
{"itemId":"B00ANT423E","ProductIndex":187427}
{"itemId":"B009B5A0F0","ProductIndex":90159}
{"itemId":"B00008IP5N","ProductIndex":79337}
{"itemId":"B0000D8CKY","ProductIndex":121496}
{"itemId":"B005IBUN30","ProductIndex":140228}
{"itemId":"B000IHXCLO","ProductIndex":99244}
{"itemId":"B006RNEDL6","ProductIndex":129863}
{"itemId":"B004008HXI","ProductIndex":134437}
{"itemId":"B004MZW2E6","ProductIndex":125429}
{"itemId":"B008EWQU0K","ProductIndex":121146}
{"itemId":"B001NVY8T4","ProductIndex":90444}
{"itemId":"B0001W05J8","ProductIndex":166497}
{"itemId":"B00AZ9T2SW","ProductIndex":133939}
{"itemId":"B00020P7YC","ProductIndex":143282}
{"itemId":"B008RELM0S","ProductIndex":137564}
{"itemId":"B002F12VS6","ProductIndex":180755}
{"itemId":"B00DTGG2G8","ProductIndex":35885}
{"itemId":"B00CWM8U4M","ProductIndex":199812}
{"itemId":"B00920VAJE","ProductIndex":51669}
{"itemId":"B003V0I22O","ProductIndex":68022}
{"itemId":"B003ZW6CZC","ProductIndex":174786}
{"itemId":"B005CRS2RY","ProductIndex":148829}
{"itemId":"B00725YQUQ","ProductIndex":99919}
{"itemId":"B00EXF4DY2","ProductIndex":84564}
{"itemId":"B000N45W8I","ProductIndex":136767}
{"itemId":"B000AFW6RA","ProductIndex":84134}
{"itemId":"B000FCR3ZI","ProductIndex":202967}
{"itemId":"B00BGW1PFA","ProductIndex":166668}
{"itemId":"B0013WH160","ProductIndex":97329}
{"itemId":"B003F46H9G","ProductIndex":149617}
{"itemId":"B009N9PN7E","ProductIndex":204112}
{"itemId":"B0001WW3FM","ProductIndex":101507}
{"itemId":"B003BYRLDQ","ProductIndex":120031}
{"itemId":"B001OQLKGW","ProductIndex":183879}
{"itemId":"B003XTYN62","ProductIndex":169734}
{"itemId":"B004A8UNSC","ProductIndex":65538}
{"itemId":"B003EY62F6","ProductIndex":139270}
{"itemId":"B000051635","ProductIndex":98081}
{"itemId":"B000YLS46C","ProductIndex":105656}
{"itemId":"B00009QOOO","ProductIndex":87098}
{"itemId":"B000U1IZ0G","ProductIndex":130537}
{"itemId":"B008X7IWFC","ProductIndex":156059}
{"itemId":"B000BEVBKS","ProductIndex":151283}
{"itemId":"B005LKFNZG","ProductIndex":105805}
{"itemId":"B00B7A262W","ProductIndex":185441}
{"itemId":"B004YI8ESO","ProductIndex":107636}
{"itemId":"B004C3U6D2","ProductIndex":54519}
{"itemId":"B00JAZGSXY","ProductIndex":89381}
{"itemId":"B003D8OSNG","ProductIndex":74051}
{"itemId":"B009RQZS7I","ProductIndex":144465}
{"itemId":"B00F3ORWSG","ProductIndex":58501}
{"itemId":"B0002AAR9M","ProductIndex":80384}
{"itemId":"B00004Z73Z","ProductIndex":103747}
{"itemId":"B001GUW2WC","ProductIndex":50159}
{"itemId":"B00ESM43YK","ProductIndex":181741}
{"itemId":"B00HBU6C8G","ProductIndex":156035}
{"itemId":"B002TKTQ6S","ProductIndex":88031}
{"itemId":"B00JX85T06","ProductIndex":196361}
{"itemId":"B001MRT7YA","ProductIndex":77618}
{"itemId":"B0014KQUBS","ProductIndex":113893}
{"itemId":"B0087EVHN0","ProductIndex":68594}
{"itemId":"B000245C98","ProductIndex":65873}
{"itemId":"B005FODV6Q","ProductIndex":172015}
{"itemId":"B004R2DQJO","ProductIndex":151272}
{"itemId":"B004GFAXXO","ProductIndex":203413}
{"itemId":"B004JMD8AY","ProductIndex":91116}
{"itemId":"B007WQAE1U","ProductIndex":62269}
{"itemId":"B007VDX60A","ProductIndex":87474}
{"itemId":"B0001JXAQ6","ProductIndex":73032}
{"itemId":"B003KN2YB2","ProductIndex":91180}
{"itemId":"B001F0RPJI","ProductIndex":107401}
{"itemId":"B00DTTGN8M","ProductIndex":65557}
{"itemId":"B0067I53T2","ProductIndex":66530}
{"itemId":"B000I0XU8Q","ProductIndex":158172}
{"itemId":"B000Y9RWNA","ProductIndex":157128}
{"itemId":"B005VI7XGU","ProductIndex":150569}
{"itemId":"B0002ZPSKK","ProductIndex":78642}
{"itemId":"B004A81PKC","ProductIndex":83616}
{"itemId":"B001GQ2QT0","ProductIndex":71079}
{"itemId":"B0091QT5NW","ProductIndex":118137}
{"itemId":"B000062TTE","ProductIndex":182820}
{"itemId":"B009PFBSW0","ProductIndex":137152}
{"itemId":"B0070E21PG","ProductIndex":117854}
{"itemId":"B009VMSFGO","ProductIndex":163832}
{"itemId":"B00GCB5TRU","ProductIndex":128493}
{"itemId":"B000PBA4KU","ProductIndex":95933}
{"itemId":"B003JBRSXY","ProductIndex":198273}
{"itemId":"B00JGCKF3A","ProductIndex":123020}
{"itemId":"B003U8CSI6","ProductIndex":63580}
{"itemId":"B003F34FXC","ProductIndex":88331}
{"itemId":"B004N8PDSY","ProductIndex":188270}
{"itemId":"B00HSEW02W","ProductIndex":173017}
{"itemId":"B000W9GGB6","ProductIndex":168707}
{"itemId":"B002GJHB0A","ProductIndex":192097}
{"itemId":"B007P5GJMQ","ProductIndex":155806}
{"itemId":"B0085IZNLK","ProductIndex":87272}
{"itemId":"B008BA8OI6","ProductIndex":112487}
{"itemId":"B0081MHOL2","ProductIndex":160942}
{"itemId":"B004M8S0US","ProductIndex":94728}
{"itemId":"B0078IWR3K","ProductIndex":72189}
{"itemId":"B005KBOKOG","ProductIndex":175199}
{"itemId":"B007JCNOPU","ProductIndex":81158}
{"itemId":"B00264Z6AM","ProductIndex":88153}
{"itemId":"B007USHPV2","ProductIndex":197280}
{"itemId":"B00AP5TBFU","ProductIndex":99827}
{"itemId":"B009B1DCA4","ProductIndex":207208}
{"itemId":"B001MS0SW4","ProductIndex":158281}
{"itemId":"B004TSGEPY","ProductIndex":145807}
{"itemId":"B0087HFTEA","ProductIndex":81269}
{"itemId":"B000IAYEJA","ProductIndex":188553}
{"itemId":"B000165DEG","ProductIndex":163001}
{"itemId":"B00006GET1","ProductIndex":64805}
{"itemId":"B0000A0AEF","ProductIndex":155963}
{"itemId":"B00CXZO0LK","ProductIndex":127648}
{"itemId":"B004CYKZZA","ProductIndex":87072}
{"itemId":"B00763WH5A","ProductIndex":175361}
{"itemId":"B004W8RGTY","ProductIndex":123587}
{"itemId":"B008UMDPSE","ProductIndex":143192}
{"itemId":"B006JPV1C6","ProductIndex":148405}
{"itemId":"B00D1KWRMA","ProductIndex":100240}
{"itemId":"B004WO4MEK","ProductIndex":179075}
{"itemId":"B006PEBLGW","ProductIndex":172338}
{"itemId":"B001DLQDRE","ProductIndex":133742}
{"itemId":"B00A7B822A","ProductIndex":91309}
{"itemId":"B00BMZ0174","ProductIndex":174796}
{"itemId":"B003YC4E9Y","ProductIndex":155357}
{"itemId":"B000LGCQXC","ProductIndex":89178}
{"itemId":"B000I202FI","ProductIndex":90236}
{"itemId":"B004NE43ZM","ProductIndex":163318}
{"itemId":"B00008BQVP","ProductIndex":109514}
{"itemId":"B004FFH6M6","ProductIndex":95572}
{"itemId":"B00CBIN8S0","ProductIndex":156831}
{"itemId":"B0009JKWTQ","ProductIndex":83484}
{"itemId":"B00C50KRO2","ProductIndex":76748}
{"itemId":"B00EFD5RLU","ProductIndex":70096}
{"itemId":"B0088QDFUA","ProductIndex":88273}
{"itemId":"B000FVYOWO","ProductIndex":207316}
{"itemId":"B0016ASE60","ProductIndex":106162}
{"itemId":"B00GMP1TPM","ProductIndex":176331}
{"itemId":"B00ACEKQIA","ProductIndex":56294}
{"itemId":"B00ANG3VY8","ProductIndex":115426}
{"itemId":"B005583LX0","ProductIndex":201374}
{"itemId":"B004GEL9HE","ProductIndex":169474}
{"itemId":"B001677XYC","ProductIndex":205715}
{"itemId":"B00489O122","ProductIndex":62948}
{"itemId":"B00542RRTG","ProductIndex":161675}
{"itemId":"B00CHC5Y3W","ProductIndex":172837}
{"itemId":"B009AB3R6E","ProductIndex":141633}
{"itemId":"B0050NG1UA","ProductIndex":129378}
{"itemId":"B007306K4K","ProductIndex":118485}
{"itemId":"B00977JYAE","ProductIndex":115722}
{"itemId":"B004BV2WWS","ProductIndex":89877}
{"itemId":"B003SVP33M","ProductIndex":174372}
{"itemId":"B00B408J62","ProductIndex":146030}
{"itemId":"B0007YRYYY","ProductIndex":124787}
{"itemId":"B003MWE0V8","ProductIndex":81022}
{"itemId":"B004IM397C","ProductIndex":61600}
{"itemId":"B000F4AS26","ProductIndex":167524}
{"itemId":"B004UV1M5C","ProductIndex":204815}
{"itemId":"B006PHJZXA","ProductIndex":113834}
{"itemId":"B008SLSX4I","ProductIndex":165941}
{"itemId":"B0017H8WQ4","ProductIndex":172883}
{"itemId":"B009RIK3GC","ProductIndex":195624}
{"itemId":"B003ZWBG7Q","ProductIndex":52807}
{"itemId":"B006P2U7A0","ProductIndex":95408}
{"itemId":"B001MQ336O","ProductIndex":132981}
{"itemId":"B00A8EIPJQ","ProductIndex":161089}
{"itemId":"B0015OMR9C","ProductIndex":172547}
{"itemId":"B000CQBISA","ProductIndex":141062}
{"itemId":"B0041PMAJO","ProductIndex":126228}
{"itemId":"B00455IXOG","ProductIndex":88579}
{"itemId":"B008DYW7WY","ProductIndex":77239}
{"itemId":"B00B98107O","ProductIndex":96634}
{"itemId":"B000YJ0DFE","ProductIndex":190893}
{"itemId":"B00GK6WWZO","ProductIndex":141367}
{"itemId":"B00AYH7AIE","ProductIndex":93832}
{"itemId":"B007ROR5E6","ProductIndex":62347}
{"itemId":"B0000AHO8T","ProductIndex":193388}
{"itemId":"B001DO3YSM","ProductIndex":161512}
{"itemId":"B00313YDF6","ProductIndex":108836}
{"itemId":"B0051U1012","ProductIndex":172686}
{"itemId":"B0049CB8SI","ProductIndex":195256}
{"itemId":"B0035MHR60","ProductIndex":85279}
{"itemId":"B00GOKZNZW","ProductIndex":139934}
{"itemId":"B009HW9U80","ProductIndex":175833}
{"itemId":"B00GU58K42","ProductIndex":134938}
{"itemId":"B000NPWJUQ","ProductIndex":195400}
{"itemId":"B005SSQ1UC","ProductIndex":77341}
{"itemId":"B008OCIN4Q","ProductIndex":116178}
{"itemId":"B005EJVZHY","ProductIndex":187502}
{"itemId":"B00007JNZN","ProductIndex":140418}
{"itemId":"B00BYG2F3O","ProductIndex":129996}
{"itemId":"B003FXOD70","ProductIndex":121015}
{"itemId":"B006XFHJKU","ProductIndex":95938}
{"itemId":"B00171UJ84","ProductIndex":114422}
{"itemId":"B00467UV9S","ProductIndex":78593}
{"itemId":"B003V8SBD6","ProductIndex":110682}
{"itemId":"B000NAMNCK","ProductIndex":116011}
{"itemId":"B000UM32FS","ProductIndex":67206}
{"itemId":"B009R17HKE","ProductIndex":168658}
{"itemId":"B0035HI92G","ProductIndex":186609}
{"itemId":"B004E8BIZA","ProductIndex":174264}
{"itemId":"B00ECJ9QB4","ProductIndex":200317}
{"itemId":"B00CYBQ7VY","ProductIndex":160670}
{"itemId":"B00C3NS3QU","ProductIndex":145847}
{"itemId":"B008FSYQPO","ProductIndex":164645}
{"itemId":"B004V70G84","ProductIndex":124637}
{"itemId":"B00B94U7UO","ProductIndex":149665}
{"itemId":"B0060FOJRE","ProductIndex":99353}
{"itemId":"B003MFHWGA","ProductIndex":193086}
{"itemId":"B00AR9TE5Q","ProductIndex":180984}
{"itemId":"B007HH7A0C","ProductIndex":162518}
{"itemId":"B005INYUZU","ProductIndex":136653}
{"itemId":"B003Y74AF2","ProductIndex":141385}
{"itemId":"B000077VWY","ProductIndex":181915}
{"itemId":"B007U0G2ZK","ProductIndex":128334}
{"itemId":"B002MXX2L2","ProductIndex":104387}
{"itemId":"B0000ZKFKA","ProductIndex":137958}
{"itemId":"B005KTPW5E","ProductIndex":144879}
{"itemId":"B000FTEE8K","ProductIndex":176699}
{"itemId":"B004WKY62C","ProductIndex":201011}
{"itemId":"B001I4PAZ2","ProductIndex":140763}
{"itemId":"B002IPHJZO","ProductIndex":105680}
{"itemId":"B00D94YDMA","ProductIndex":143203}
{"itemId":"B00B54DOEE","ProductIndex":200203}
{"itemId":"B0019JY2D2","ProductIndex":106792}
{"itemId":"B00F3SIT16","ProductIndex":170550}
{"itemId":"B002RBUDMK","ProductIndex":88080}
{"itemId":"B00081K4IE","ProductIndex":89833}
{"itemId":"B00EYTQNXG","ProductIndex":179842}
{"itemId":"B0015U7YCG","ProductIndex":132255}
{"itemId":"B006EBX9CK","ProductIndex":150662}
{"itemId":"B00A03U5DE","ProductIndex":195245}
{"itemId":"B004W57P3O","ProductIndex":112328}
{"itemId":"B00006F2UJ","ProductIndex":184037}
{"itemId":"B00D538WNG","ProductIndex":139492}
{"itemId":"B005K2Q2D2","ProductIndex":90477}
{"itemId":"B00004TZFW","ProductIndex":148485}
{"itemId":"B002SG7LVA","ProductIndex":166776}
{"itemId":"B0080F4ILE","ProductIndex":99223}
{"itemId":"B002643EY2","ProductIndex":142885}
{"itemId":"B001MS6NNM","ProductIndex":97864}
{"itemId":"9985975413","ProductIndex":84857}
{"itemId":"B000ZHDWTY","ProductIndex":208178}
{"itemId":"B00006JA1W","ProductIndex":165564}
{"itemId":"B000WJB1WA","ProductIndex":104535}
{"itemId":"B0084FRC1I","ProductIndex":112570}
{"itemId":"B000OVY8AS","ProductIndex":206601}
{"itemId":"B001CVM9KA","ProductIndex":39521}
{"itemId":"B0049U4ECC","ProductIndex":157845}
{"itemId":"B001H33VUU","ProductIndex":104442}
{"itemId":"B00528WA8K","ProductIndex":144488}
{"itemId":"B004YLE4OO","ProductIndex":115832}
{"itemId":"B002H8SLZ4","ProductIndex":164054}
{"itemId":"B0086L9JM0","ProductIndex":100672}
{"itemId":"B00747Z4C6","ProductIndex":136408}
{"itemId":"B0034ERHUK","ProductIndex":190263}
{"itemId":"B0046HANQE","ProductIndex":148676}
{"itemId":"B000IZABTM","ProductIndex":161815}
{"itemId":"B00CEK9DBQ","ProductIndex":181842}
{"itemId":"B003WGLWXS","ProductIndex":56663}
{"itemId":"B005G10HU6","ProductIndex":115370}
{"itemId":"B003LE8I4W","ProductIndex":207407}
{"itemId":"B00362KW66","ProductIndex":181265}
{"itemId":"B000065UV1","ProductIndex":120120}
{"itemId":"B00DYR72K2","ProductIndex":171098}
{"itemId":"B0019ITR4M","ProductIndex":180762}
{"itemId":"B002B4M9KC","ProductIndex":111756}
{"itemId":"B0002EAR3E","ProductIndex":160073}
{"itemId":"B00001ZWSY","ProductIndex":100802}
{"itemId":"B00BSUZEE8","ProductIndex":195319}
{"itemId":"B0043SH7AQ","ProductIndex":83577}
{"itemId":"B00094OXG4","ProductIndex":155404}
{"itemId":"B00F4D1UMU","ProductIndex":119980}
{"itemId":"B00004S7NW","ProductIndex":141556}
{"itemId":"B00C8P0W0S","ProductIndex":95283}
{"itemId":"B007WNOMLG","ProductIndex":147657}
{"itemId":"B001UN34XQ","ProductIndex":133958}
{"itemId":"B0032FOJH0","ProductIndex":84467}
{"itemId":"B000OWPC02","ProductIndex":195517}
{"itemId":"B000VLZ97W","ProductIndex":162586}
{"itemId":"B000UTKDGW","ProductIndex":196987}
{"itemId":"B002TP40JQ","ProductIndex":134654}
{"itemId":"B003JFQ5R0","ProductIndex":195404}
{"itemId":"B000UXMM4Y","ProductIndex":153523}
{"itemId":"B0042T3NN6","ProductIndex":207681}
{"itemId":"B000WQHG6S","ProductIndex":169668}
{"itemId":"B002VJJO82","ProductIndex":121189}
{"itemId":"B00D3YEGYQ","ProductIndex":178114}
{"itemId":"B003AOAXLE","ProductIndex":106423}
{"itemId":"B00I0G7DLK","ProductIndex":207012}
{"itemId":"B000MYOJMY","ProductIndex":139973}
{"itemId":"B0000CA0I6","ProductIndex":166809}
{"itemId":"B005W7OGP6","ProductIndex":113555}
{"itemId":"B005EEGSYO","ProductIndex":124761}
{"itemId":"B007HSFEMM","ProductIndex":127032}
{"itemId":"B00AGRTF8A","ProductIndex":142764}
{"itemId":"B00ITAG4VC","ProductIndex":167750}
{"itemId":"B006QNNQ5G","ProductIndex":89854}
{"itemId":"B00AEKXHBU","ProductIndex":189607}
{"itemId":"B002XHLLH4","ProductIndex":109612}
{"itemId":"B00009XT2O","ProductIndex":117410}
{"itemId":"B00EV22LXW","ProductIndex":184378}
{"itemId":"B001QX66CQ","ProductIndex":140888}
{"itemId":"B001KW07I2","ProductIndex":142218}
{"itemId":"B0065N0ZN8","ProductIndex":141976}
{"itemId":"B00D6Q7MBK","ProductIndex":200070}
{"itemId":"B000M563OK","ProductIndex":153564}
{"itemId":"B00IUXLS0U","ProductIndex":197098}
{"itemId":"B0002474XA","ProductIndex":168913}
{"itemId":"B0001AC2LO","ProductIndex":200475}
{"itemId":"B000HJ75UW","ProductIndex":118270}
{"itemId":"B0002VMSG6","ProductIndex":173167}
{"itemId":"B005K9W2DE","ProductIndex":191798}
{"itemId":"B00006JQLI","ProductIndex":98714}
{"itemId":"B000EYAE2G","ProductIndex":89008}
{"itemId":"B002FAXMFS","ProductIndex":115470}
{"itemId":"B00DEZ7MB8","ProductIndex":200007}
{"itemId":"B004MD0EMU","ProductIndex":195610}
{"itemId":"B005YBG7IO","ProductIndex":198275}
{"itemId":"B008L0AED4","ProductIndex":86736}
{"itemId":"B00005NGS1","ProductIndex":191084}
{"itemId":"B001AAYE6U","ProductIndex":185239}
{"itemId":"B009OAS2AC","ProductIndex":118040}
{"itemId":"B00004ZAOU","ProductIndex":149120}
{"itemId":"B00EHDMWJS","ProductIndex":180622}
{"itemId":"B000094A61","ProductIndex":149103}
{"itemId":"B000KBZZC2","ProductIndex":155817}
{"itemId":"B000OP9D86","ProductIndex":146988}
{"itemId":"B003VBVQ4Y","ProductIndex":175358}
{"itemId":"B00651CE3Y","ProductIndex":196948}
{"itemId":"B001TLJMN0","ProductIndex":158727}
{"itemId":"B001OGKXDS","ProductIndex":133776}
{"itemId":"B0060IGE5G","ProductIndex":112829}
{"itemId":"B000WG9R8I","ProductIndex":202847}
{"itemId":"B0054PLW0S","ProductIndex":146731}
{"itemId":"B001NPEBKQ","ProductIndex":126267}
{"itemId":"B006TAOH9K","ProductIndex":165735}
{"itemId":"B00005U23P","ProductIndex":164982}
{"itemId":"B00GSAVAUU","ProductIndex":185241}
{"itemId":"B001M4HXQW","ProductIndex":145838}
{"itemId":"B00H7YVE52","ProductIndex":185938}
{"itemId":"B001GQJ24M","ProductIndex":159277}
{"itemId":"B0061MRKZO","ProductIndex":160182}
{"itemId":"B0019J6JD8","ProductIndex":149114}
{"itemId":"B00005MNE5","ProductIndex":201411}
{"itemId":"B00BFH42JW","ProductIndex":141603}
{"itemId":"B004M6DBG8","ProductIndex":183074}
{"itemId":"B000V00NQK","ProductIndex":152711}
{"itemId":"B000HEB3Z0","ProductIndex":143562}
{"itemId":"B00E81LF3I","ProductIndex":198066}
{"itemId":"B009D4HI8G","ProductIndex":160595}
{"itemId":"B0023ZNAU2","ProductIndex":163081}
{"itemId":"B00ISJO0BA","ProductIndex":172772}
{"itemId":"B000SMRQ48","ProductIndex":102956}
{"itemId":"B005K7V5ES","ProductIndex":194857}
{"itemId":"B00006ANWW","ProductIndex":150568}
{"itemId":"B009B6LOSQ","ProductIndex":183559}
{"itemId":"B00HC3YUPO","ProductIndex":176680}
{"itemId":"B0068LADMK","ProductIndex":155756}
{"itemId":"B009OWI1QU","ProductIndex":191074}
{"itemId":"B005C12VTU","ProductIndex":173411}
{"itemId":"B007RJL81M","ProductIndex":200457}
{"itemId":"B00000J1RO","ProductIndex":155651}
{"itemId":"B000VSH0HC","ProductIndex":135132}
{"itemId":"B008DRMHE4","ProductIndex":179518}
{"itemId":"B00BKV3HFI","ProductIndex":147034}
{"itemId":"B0081V8TP8","ProductIndex":172673}
{"itemId":"B0080HLJGO","ProductIndex":83108}
{"itemId":"B00008KIUI","ProductIndex":161283}
{"itemId":"B005WF4DC4","ProductIndex":187450}
{"itemId":"B00002K14G","ProductIndex":201446}
{"itemId":"B0082P80GQ","ProductIndex":191535}
{"itemId":"B001PQRYDE","ProductIndex":203229}
{"itemId":"B009W8LCDK","ProductIndex":109476}
{"itemId":"B00701SEX2","ProductIndex":186810}
{"itemId":"B001T9N4XG","ProductIndex":193741}
{"itemId":"B0029V73BC","ProductIndex":171182}
{"itemId":"B001DTWWLC","ProductIndex":151637}
{"itemId":"B00066FH7E","ProductIndex":140557}
{"itemId":"B00CWA99YE","ProductIndex":181611}
{"itemId":"B006K59RGC","ProductIndex":199592}
{"itemId":"B00GHS315A","ProductIndex":172759}
{"itemId":"B001VYV22O","ProductIndex":154156}
{"itemId":"B000FCSTLA","ProductIndex":175991}
{"itemId":"B007K4FH7A","ProductIndex":149117}
{"itemId":"B000E57E64","ProductIndex":107170}
{"itemId":"B00BLDLK1S","ProductIndex":187654}
{"itemId":"B000Z3A1QK","ProductIndex":187996}
{"itemId":"B00AH6VSGW","ProductIndex":156526}
{"itemId":"B002AQ9JGI","ProductIndex":138905}
{"itemId":"B005LAHSHW","ProductIndex":204918}
{"itemId":"B003Q3ZRP6","ProductIndex":141389}
{"itemId":"B00EKMJK0U","ProductIndex":191716}
{"itemId":"B00006B7DC","ProductIndex":108728}
{"itemId":"B002FCCIQ0","ProductIndex":169189}
{"itemId":"B001DPO46W","ProductIndex":199423}
{"itemId":"B0009JKH7S","ProductIndex":153462}
{"itemId":"B008YZAORC","ProductIndex":114082}
{"itemId":"B000UYASJ4","ProductIndex":168024}
{"itemId":"B004B5IOSA","ProductIndex":149400}
{"itemId":"B0071JXE74","ProductIndex":188898}
{"itemId":"B007484VHO","ProductIndex":191001}
{"itemId":"B00JNDPTC4","ProductIndex":173007}
{"itemId":"B004N54KEK","ProductIndex":186170}
{"itemId":"B00DPFHKJQ","ProductIndex":197107}
{"itemId":"B006F2X5VI","ProductIndex":180548}
{"itemId":"B0034W2TXC","ProductIndex":168053}
{"itemId":"B000BMXJW8","ProductIndex":83673}
{"itemId":"B0012430UK","ProductIndex":206289}
{"itemId":"B00HI0USMA","ProductIndex":177468}
{"itemId":"B0007XGLQC","ProductIndex":198122}
{"itemId":"B000CBRABO","ProductIndex":175916}
{"itemId":"B009D5OZB8","ProductIndex":202516}
{"itemId":"B0016ZWPB0","ProductIndex":155353}
{"itemId":"B007019K7Q","ProductIndex":199011}
{"itemId":"B00G33P75Q","ProductIndex":145130}
{"itemId":"B007I9GO60","ProductIndex":159992}
{"itemId":"B000067RG9","ProductIndex":160224}
{"itemId":"B003WG419U","ProductIndex":180400}
{"itemId":"B0083WYBP2","ProductIndex":123161}
{"itemId":"B004Z698EY","ProductIndex":178942}
{"itemId":"B00C2JGOAW","ProductIndex":193561}
{"itemId":"B001MQ8832","ProductIndex":156175}
{"itemId":"B004GTDNNW","ProductIndex":198311}
{"itemId":"B0036BEU7Y","ProductIndex":185823}
{"itemId":"B0013BWORC","ProductIndex":203096}
{"itemId":"B00C51Y2OW","ProductIndex":201821}
{"itemId":"B000DZCRIU","ProductIndex":199269}
{"itemId":"B006ZO8UCA","ProductIndex":197579}
{"itemId":"B000031WDE","ProductIndex":175960}
{"itemId":"B005B8WZ9U","ProductIndex":199430}
{"itemId":"B001EMWJP2","ProductIndex":154595}
{"itemId":"B00EC7QT8O","ProductIndex":188918}
{"itemId":"B005VZT3HU","ProductIndex":184775}
{"itemId":"B0080HCO22","ProductIndex":177928}
{"itemId":"B00FPVNQUU","ProductIndex":201753}
{"itemId":"B00001O3AI","ProductIndex":206604}
{"itemId":"B00032BWLQ","ProductIndex":202284}
{"itemId":"B00CDB31IW","ProductIndex":206417}
{"itemId":"B000VI952A","ProductIndex":204640}
{"itemId":"B000OWL11Q","ProductIndex":206774}
{"itemId":"B004UGJ71S","ProductIndex":187826}
{"itemId":"B002742J92","ProductIndex":208161}
