{"itemId":"B002CMPC52","ProductIndex":127532}
{"itemId":"B0002YE686","ProductIndex":4057}
{"itemId":"B009OBCAW2","ProductIndex":121}
{"itemId":"B004L2L6II","ProductIndex":15616}
{"itemId":"B000PA03AC","ProductIndex":24404}
{"itemId":"B00HMZYIBS","ProductIndex":69277}
{"itemId":"B002KETE24","ProductIndex":1701}
{"itemId":"B0030ZDNSI","ProductIndex":40078}
{"itemId":"B000N99BBC","ProductIndex":221}
{"itemId":"B00A8OYVFS","ProductIndex":28625}
{"itemId":"B00E0EY7Z6","ProductIndex":541}
{"itemId":"B00029HOCG","ProductIndex":27496}
{"itemId":"B0011VR1Y0","ProductIndex":23273}
{"itemId":"B00006B7RK","ProductIndex":10019}
{"itemId":"B004QY9IYA","ProductIndex":36638}
{"itemId":"B000OU7EQE","ProductIndex":38202}
{"itemId":"B002HMYI6G","ProductIndex":70075}
{"itemId":"B0051BG44O","ProductIndex":26450}
{"itemId":"B006UDDE22","ProductIndex":129051}
{"itemId":"B00HP0YD4M","ProductIndex":71613}
{"itemId":"B00962CQNC","ProductIndex":35820}
{"itemId":"B007XIX5AY","ProductIndex":107957}
{"itemId":"B003DKL54O","ProductIndex":12930}
{"itemId":"B005MYAHJ8","ProductIndex":19917}
{"itemId":"B00006HZ0L","ProductIndex":4981}
{"itemId":"B002DW92IE","ProductIndex":655}
{"itemId":"B004AL7SQO","ProductIndex":17567}
{"itemId":"B009B960EG","ProductIndex":27660}
{"itemId":"B006U3O566","ProductIndex":487}
{"itemId":"B00G6H5W7W","ProductIndex":61811}
{"itemId":"B001GE6T9A","ProductIndex":1822}
{"itemId":"B00385YI9I","ProductIndex":38980}
{"itemId":"B0012J0MYW","ProductIndex":54724}
{"itemId":"B0095EIONM","ProductIndex":14633}
{"itemId":"B008714LJ0","ProductIndex":10001}
{"itemId":"B00K91DB7Y","ProductIndex":5476}
{"itemId":"B00FONBG1A","ProductIndex":3748}
{"itemId":"B001JHKHCE","ProductIndex":160025}
{"itemId":"B008HK50ZA","ProductIndex":2017}
{"itemId":"B00D6PK9YI","ProductIndex":7435}
{"itemId":"B0055BJBCM","ProductIndex":32746}
{"itemId":"B005OLOBPA","ProductIndex":86530}
{"itemId":"B0062K951C","ProductIndex":4206}
{"itemId":"B002KY2OU8","ProductIndex":5909}
{"itemId":"B003WOCIEM","ProductIndex":17001}
{"itemId":"B00B20N2BQ","ProductIndex":38235}
{"itemId":"1400501776","ProductIndex":11961}
{"itemId":"B0000AQIFW","ProductIndex":9471}
{"itemId":"B004LB4MZS","ProductIndex":11866}
{"itemId":"B001V7G0Q4","ProductIndex":19621}
{"itemId":"B00005NK36","ProductIndex":116588}
{"itemId":"B00721DM3W","ProductIndex":54991}
{"itemId":"B00DYYKA04","ProductIndex":6937}
{"itemId":"B000EXOXUQ","ProductIndex":6673}
{"itemId":"B005MR58MG","ProductIndex":12948}
{"itemId":"B002L6GCP8","ProductIndex":5598}
{"itemId":"B000P6BSEG","ProductIndex":20687}
{"itemId":"B00CEUNHNQ","ProductIndex":110903}
{"itemId":"B000NVR9ZA","ProductIndex":64102}
{"itemId":"B0033D2FG8","ProductIndex":76033}
{"itemId":"B00263D7A4","ProductIndex":878}
{"itemId":"B00B4GGW5Q","ProductIndex":817}
{"itemId":"B001C0J8FU","ProductIndex":21348}
{"itemId":"B000MVJ1MA","ProductIndex":24752}
{"itemId":"B0035P4C06","ProductIndex":1926}
{"itemId":"B00006FRUI","ProductIndex":17505}
{"itemId":"B0025VKUQG","ProductIndex":3000}
{"itemId":"B003F55IY0","ProductIndex":131496}
{"itemId":"B004ESEW6C","ProductIndex":53678}
{"itemId":"B00GAHITZ0","ProductIndex":150443}
{"itemId":"B000067SC4","ProductIndex":17616}
{"itemId":"B00DZVPFGU","ProductIndex":49100}
{"itemId":"B00IM7RIDK","ProductIndex":144008}
{"itemId":"B007UXUV9K","ProductIndex":75439}
{"itemId":"B0027FM3Y2","ProductIndex":15224}
{"itemId":"B000B5S6WI","ProductIndex":40050}
{"itemId":"B000BLI1LS","ProductIndex":72145}
{"itemId":"B00DCKROC2","ProductIndex":23866}
{"itemId":"B000QC94WW","ProductIndex":65136}
{"itemId":"B005J99864","ProductIndex":21266}
{"itemId":"B002HIZQ0W","ProductIndex":7892}
{"itemId":"B0079BLTPS","ProductIndex":6252}
{"itemId":"B00BCT9ZJA","ProductIndex":72068}
{"itemId":"B008GVBM70","ProductIndex":23060}
{"itemId":"B00061J2BQ","ProductIndex":26120}
{"itemId":"B004GWQBWY","ProductIndex":5283}
{"itemId":"B00DIZQJPO","ProductIndex":91684}
{"itemId":"B000JQ17WK","ProductIndex":10665}
{"itemId":"B004PYEBYI","ProductIndex":60770}
{"itemId":"B0016D9URO","ProductIndex":18822}
{"itemId":"B008OSYIF8","ProductIndex":16567}
{"itemId":"B00013J86I","ProductIndex":23446}
{"itemId":"B004Y6M4NM","ProductIndex":152491}
{"itemId":"B005EQS8RM","ProductIndex":31523}
{"itemId":"B005M9O1DQ","ProductIndex":60267}
{"itemId":"B00CBB7P4U","ProductIndex":33295}
{"itemId":"B005ZM5EMC","ProductIndex":131979}
{"itemId":"B0055PSCC8","ProductIndex":47719}
{"itemId":"B005YW0Y3C","ProductIndex":4328}
{"itemId":"B00BIFV7GM","ProductIndex":73007}
{"itemId":"B003AJXUTQ","ProductIndex":5526}
{"itemId":"B00005T3A0","ProductIndex":73493}
{"itemId":"B004FI11C4","ProductIndex":5979}
{"itemId":"B003LMOVQS","ProductIndex":10449}
{"itemId":"B002IPHA3A","ProductIndex":4915}
{"itemId":"B0000AFL2I","ProductIndex":36348}
{"itemId":"B00AWPUNQO","ProductIndex":87246}
{"itemId":"B00005AK8P","ProductIndex":55121}
{"itemId":"B005UEWMAC","ProductIndex":89156}
{"itemId":"B007WO5XRW","ProductIndex":34211}
{"itemId":"B001DUQU0A","ProductIndex":9505}
{"itemId":"B00C8ZGOKU","ProductIndex":23568}
{"itemId":"B000P8FNTK","ProductIndex":154363}
{"itemId":"B00HRKE1SI","ProductIndex":16966}
{"itemId":"B00HZR4DNG","ProductIndex":20827}
{"itemId":"B00F3F38O2","ProductIndex":15651}
{"itemId":"B00DIF2BO2","ProductIndex":11449}
{"itemId":"B003AG7N4C","ProductIndex":39951}
{"itemId":"B000KFSERG","ProductIndex":33752}
{"itemId":"B00FAEVWBM","ProductIndex":43578}
{"itemId":"B0042JST4E","ProductIndex":41305}
{"itemId":"B003GSLDUO","ProductIndex":36295}
{"itemId":"B005OMUQ3K","ProductIndex":156329}
{"itemId":"B000GAB350","ProductIndex":34646}
{"itemId":"B000RXYV5K","ProductIndex":56408}
{"itemId":"B009TPDDFG","ProductIndex":25550}
{"itemId":"B00BCGRLSU","ProductIndex":4912}
{"itemId":"B00528SKLG","ProductIndex":194931}
{"itemId":"B00FZHCW54","ProductIndex":74310}
{"itemId":"B0003NN83K","ProductIndex":11095}
{"itemId":"B001NT9UIA","ProductIndex":10429}
{"itemId":"B0071O4EKU","ProductIndex":4587}
{"itemId":"B00ANKN39M","ProductIndex":79895}
{"itemId":"B0051MM4AG","ProductIndex":88188}
{"itemId":"B005TK3HNI","ProductIndex":25308}
{"itemId":"B007KFLV9W","ProductIndex":4343}
{"itemId":"B002VPE1PW","ProductIndex":28807}
{"itemId":"B003LL7SWI","ProductIndex":27073}
{"itemId":"B003QXMNZ8","ProductIndex":161688}
{"itemId":"B002D3C22Q","ProductIndex":189397}
{"itemId":"B004HGLNCC","ProductIndex":12415}
{"itemId":"B000W8R7Z6","ProductIndex":52460}
{"itemId":"B0071BK7RC","ProductIndex":95552}
{"itemId":"B000FCSWX0","ProductIndex":9312}
{"itemId":"B006MWXZM0","ProductIndex":24350}
{"itemId":"B00234BHEE","ProductIndex":49510}
{"itemId":"B005RDJ63C","ProductIndex":39260}
{"itemId":"B009MXSOHM","ProductIndex":71969}
{"itemId":"B001AV305U","ProductIndex":162820}
{"itemId":"B003Z6R33I","ProductIndex":20214}
{"itemId":"B001UNI80A","ProductIndex":8827}
{"itemId":"B00CHRPPA4","ProductIndex":174410}
{"itemId":"B00026HZ1E","ProductIndex":32333}
{"itemId":"B003C2UFP8","ProductIndex":30781}
{"itemId":"B000G36GOK","ProductIndex":14153}
{"itemId":"B000E97596","ProductIndex":30756}
{"itemId":"B0017LVU96","ProductIndex":23987}
{"itemId":"B00JJ3SQRI","ProductIndex":51133}
{"itemId":"B005OPHOF0","ProductIndex":52661}
{"itemId":"B001U7YKVM","ProductIndex":13933}
{"itemId":"B000X1Z1VY","ProductIndex":81820}
{"itemId":"B003CLGJ04","ProductIndex":184307}
{"itemId":"B004E79J1G","ProductIndex":167769}
{"itemId":"B0057Z1UXE","ProductIndex":27693}
{"itemId":"B0082PZ0VE","ProductIndex":29679}
{"itemId":"B00APOR2DE","ProductIndex":60204}
{"itemId":"B008D654ZO","ProductIndex":14570}
{"itemId":"B003OUQ1B0","ProductIndex":91905}
{"itemId":"B0006LSIN4","ProductIndex":94680}
{"itemId":"B006L6ZL8I","ProductIndex":4767}
{"itemId":"B000W8XQJC","ProductIndex":17356}
{"itemId":"B00B46A1A8","ProductIndex":16331}
{"itemId":"B000EQAOKG","ProductIndex":106303}
{"itemId":"B003STDQRE","ProductIndex":78330}
{"itemId":"B006FLENJC","ProductIndex":18389}
{"itemId":"B00EMSG2CQ","ProductIndex":142519}
{"itemId":"B008UE90M2","ProductIndex":26254}
{"itemId":"B003ZUN2PW","ProductIndex":5681}
{"itemId":"B000QJ7UDU","ProductIndex":33340}
{"itemId":"B00913HZP0","ProductIndex":172377}
{"itemId":"B001V5AVAW","ProductIndex":70493}
{"itemId":"B004GLEWTY","ProductIndex":146785}
{"itemId":"B008Y1W7BM","ProductIndex":122590}
{"itemId":"B0026H5DFM","ProductIndex":26803}
{"itemId":"B00CLDFA22","ProductIndex":173341}
{"itemId":"B005HH16YU","ProductIndex":108408}
{"itemId":"B005MJ3CLI","ProductIndex":129192}
{"itemId":"B00C7JI2F2","ProductIndex":73710}
{"itemId":"B000050MJE","ProductIndex":166567}
{"itemId":"B003ZU0WCI","ProductIndex":28870}
{"itemId":"B0057HG4I8","ProductIndex":30233}
{"itemId":"B00C10TDR8","ProductIndex":51328}
{"itemId":"B003CMAF9Y","ProductIndex":25340}
{"itemId":"B005552SSC","ProductIndex":81499}
{"itemId":"B00DRJSPC6","ProductIndex":117076}
{"itemId":"B001BLQQ7S","ProductIndex":22617}
{"itemId":"B0078IWQGI","ProductIndex":57418}
{"itemId":"B00BIT4TFE","ProductIndex":204482}
{"itemId":"B00403NC6C","ProductIndex":25888}
{"itemId":"B00006HMPR","ProductIndex":151383}
{"itemId":"B004LYGGO0","ProductIndex":25568}
{"itemId":"B0094PFW7S","ProductIndex":19907}
{"itemId":"B0006GBD5O","ProductIndex":30027}
{"itemId":"B00CV9MMUE","ProductIndex":84452}
{"itemId":"B000N64DB8","ProductIndex":25238}
{"itemId":"B0013IPGNY","ProductIndex":108003}
{"itemId":"B0084C38EG","ProductIndex":49108}
{"itemId":"B006IKGHVC","ProductIndex":28298}
{"itemId":"B002DV8FHE","ProductIndex":163609}
{"itemId":"B00BJ0FCWQ","ProductIndex":207134}
{"itemId":"B000799LPE","ProductIndex":20146}
{"itemId":"B00BXUUDCQ","ProductIndex":35502}
{"itemId":"B000XMM1FW","ProductIndex":5274}
{"itemId":"B004HW6F8S","ProductIndex":35129}
{"itemId":"B000MIUF1O","ProductIndex":34998}
{"itemId":"B006V386UG","ProductIndex":25027}
{"itemId":"B003Z6QHSK","ProductIndex":38553}
{"itemId":"B005TQENLW","ProductIndex":30752}
{"itemId":"B004Y4ZR7E","ProductIndex":51452}
{"itemId":"B00020634U","ProductIndex":67704}
{"itemId":"B00006OAJU","ProductIndex":108705}
{"itemId":"B000SZ9JOA","ProductIndex":124833}
{"itemId":"B004WPBQES","ProductIndex":25735}
{"itemId":"B003E2PR9U","ProductIndex":205271}
{"itemId":"B001GQ3DRE","ProductIndex":21963}
{"itemId":"B00C8O9KHA","ProductIndex":27611}
{"itemId":"B000NDHIKY","ProductIndex":23725}
{"itemId":"B007SK87BY","ProductIndex":55270}
{"itemId":"B0013HL9LI","ProductIndex":23409}
{"itemId":"B00G6UMZQK","ProductIndex":47717}
{"itemId":"B002PU9SQU","ProductIndex":32041}
{"itemId":"B0043TPWR0","ProductIndex":77976}
{"itemId":"B00005T3EZ","ProductIndex":30605}
{"itemId":"B00371PRZC","ProductIndex":136218}
{"itemId":"B001DFTGRY","ProductIndex":18811}
{"itemId":"B002YWCO7O","ProductIndex":103626}
{"itemId":"B00400OSWC","ProductIndex":205477}
{"itemId":"B00081QDDO","ProductIndex":116587}
{"itemId":"B00BM8ITJI","ProductIndex":92106}
{"itemId":"B00007KLI4","ProductIndex":53436}
{"itemId":"B000FCF32I","ProductIndex":68889}
{"itemId":"B004H1M47A","ProductIndex":94752}
{"itemId":"B000M57O20","ProductIndex":153022}
{"itemId":"B00E65TNYE","ProductIndex":40599}
{"itemId":"B004E0M9E2","ProductIndex":43703}
{"itemId":"B008IEGSPG","ProductIndex":45106}
{"itemId":"B0031U1J1K","ProductIndex":46465}
{"itemId":"B000IK5XWW","ProductIndex":8554}
{"itemId":"B003JOXIOY","ProductIndex":117435}
{"itemId":"B001S2RDA4","ProductIndex":25898}
{"itemId":"B0049NRT94","ProductIndex":144179}
{"itemId":"B003BFGF2S","ProductIndex":100541}
{"itemId":"B005FMM3Y4","ProductIndex":26178}
{"itemId":"B002E1Q2FU","ProductIndex":44598}
{"itemId":"B009KBAA0A","ProductIndex":35926}
{"itemId":"B0011ZY40A","ProductIndex":77367}
{"itemId":"B000NKAXJ0","ProductIndex":61746}
{"itemId":"B003FMU320","ProductIndex":3180}
{"itemId":"B0081SRIFS","ProductIndex":97420}
{"itemId":"B0009MFRW0","ProductIndex":46046}
{"itemId":"B0042A7CAA","ProductIndex":15197}
{"itemId":"B00155SY4I","ProductIndex":54104}
{"itemId":"B00CMOO6RU","ProductIndex":67851}
{"itemId":"B003U8HXC2","ProductIndex":87877}
{"itemId":"B000G0LL8E","ProductIndex":74907}
{"itemId":"B001B99VH2","ProductIndex":114156}
{"itemId":"B00009R6LN","ProductIndex":44105}
{"itemId":"B004VY9336","ProductIndex":171058}
{"itemId":"B009DHE462","ProductIndex":169344}
{"itemId":"B007IFMF0I","ProductIndex":114068}
{"itemId":"B00CTKS97K","ProductIndex":43124}
{"itemId":"B0091T4ZWU","ProductIndex":92287}
{"itemId":"B001KQ3A8M","ProductIndex":19985}
{"itemId":"B00839KV0E","ProductIndex":62077}
{"itemId":"B004T0B8GC","ProductIndex":158134}
{"itemId":"B004VVLZN0","ProductIndex":21751}
{"itemId":"B0074FGMEW","ProductIndex":17020}
{"itemId":"B0009MYS98","ProductIndex":93021}
{"itemId":"B0053OAJPE","ProductIndex":114680}
{"itemId":"B00375YV1E","ProductIndex":79857}
{"itemId":"B007Q5ITFU","ProductIndex":34879}
{"itemId":"B000J1FAFK","ProductIndex":72777}
{"itemId":"B0033BDV7C","ProductIndex":31801}
{"itemId":"B006NY99MM","ProductIndex":95181}
{"itemId":"B005EGXY62","ProductIndex":37974}
{"itemId":"B005Y4NKVI","ProductIndex":88764}
{"itemId":"B0002YTKAK","ProductIndex":67907}
{"itemId":"B004RYM2HE","ProductIndex":33351}
{"itemId":"B00009R9FD","ProductIndex":201297}
{"itemId":"B001JT1HO4","ProductIndex":40372}
{"itemId":"B00KQPETHO","ProductIndex":129578}
{"itemId":"B004AL29TA","ProductIndex":47881}
{"itemId":"B00AFEKNDK","ProductIndex":85229}
{"itemId":"B00CTJN480","ProductIndex":43385}
{"itemId":"B007L5M63G","ProductIndex":71004}
{"itemId":"B007JLFV7U","ProductIndex":41960}
{"itemId":"B00D41RDBQ","ProductIndex":19916}
{"itemId":"B002POHH5U","ProductIndex":53821}
{"itemId":"B0000633DW","ProductIndex":122048}
{"itemId":"B0070OJ14U","ProductIndex":130113}
{"itemId":"B00021Z2E6","ProductIndex":143469}
{"itemId":"B00A70CI26","ProductIndex":62449}
{"itemId":"B00HHLAY7E","ProductIndex":123908}
{"itemId":"B000BS4PZW","ProductIndex":10964}
{"itemId":"B0032MS1B8","ProductIndex":16106}
{"itemId":"B00HPZKPX0","ProductIndex":150477}
{"itemId":"B004ICIKBW","ProductIndex":149231}
{"itemId":"B005WPUQCU","ProductIndex":61538}
{"itemId":"B008GSHW68","ProductIndex":54061}
{"itemId":"B000SMRT9K","ProductIndex":208277}
{"itemId":"B00D62VZBW","ProductIndex":19250}
{"itemId":"B001DTUTIK","ProductIndex":60084}
{"itemId":"B003BFV0TG","ProductIndex":23360}
{"itemId":"B00IAAD0MW","ProductIndex":71012}
{"itemId":"B00DLCYVQS","ProductIndex":57753}
{"itemId":"B00266PWRC","ProductIndex":106918}
{"itemId":"B0000CNZZV","ProductIndex":147719}
{"itemId":"B000816XI4","ProductIndex":61695}
{"itemId":"B00AB9IDOU","ProductIndex":56325}
{"itemId":"B005LMWOYW","ProductIndex":64478}
{"itemId":"B00C7YB6NC","ProductIndex":193199}
{"itemId":"B0006MVVYQ","ProductIndex":174742}
{"itemId":"B005CSV1LM","ProductIndex":38412}
{"itemId":"B003EGXLOE","ProductIndex":137212}
{"itemId":"B000Y9VBVO","ProductIndex":16688}
{"itemId":"B002CMUSCE","ProductIndex":64832}
{"itemId":"B003H3FXZO","ProductIndex":85028}
{"itemId":"B00FDT55XK","ProductIndex":105538}
{"itemId":"B00E2565Y4","ProductIndex":102940}
{"itemId":"B0039RW9WS","ProductIndex":20448}
{"itemId":"B00003G1RC","ProductIndex":70019}
{"itemId":"B004S5XR80","ProductIndex":99984}
{"itemId":"B00307F8PW","ProductIndex":19368}
{"itemId":"B0010CO7WE","ProductIndex":135215}
{"itemId":"B0055VLY18","ProductIndex":89100}
{"itemId":"B0032GPTTQ","ProductIndex":202748}
{"itemId":"B00GBTGFDK","ProductIndex":151700}
{"itemId":"B0037258ZK","ProductIndex":11730}
{"itemId":"B000NWT7JK","ProductIndex":35995}
{"itemId":"B006GTD8YE","ProductIndex":61661}
{"itemId":"B007JNWD38","ProductIndex":106197}
{"itemId":"B004EDDBCS","ProductIndex":39408}
{"itemId":"B00009YUPS","ProductIndex":27811}
{"itemId":"B003JBVX5S","ProductIndex":16234}
{"itemId":"B009JIAW3Y","ProductIndex":126264}
{"itemId":"B00AZOIG9I","ProductIndex":46514}
{"itemId":"B005XYCB0A","ProductIndex":125539}
{"itemId":"B00004X0ZA","ProductIndex":94462}
{"itemId":"B004NZGD0O","ProductIndex":28000}
{"itemId":"B0050ERJVE","ProductIndex":68834}
{"itemId":"B0035WTCUE","ProductIndex":52487}
{"itemId":"B006ZOMO54","ProductIndex":172175}
{"itemId":"B004CQMC5Y","ProductIndex":54561}
{"itemId":"B003PJ6G5Q","ProductIndex":28591}
{"itemId":"B004MKNJ6G","ProductIndex":13747}
{"itemId":"B008I641TE","ProductIndex":73459}
{"itemId":"B00APDGLZ0","ProductIndex":181795}
{"itemId":"B0016BN5CM","ProductIndex":40302}
{"itemId":"B004SG1AE2","ProductIndex":81566}
{"itemId":"B004YEFLGQ","ProductIndex":70909}
{"itemId":"B002IF1VDK","ProductIndex":34931}
{"itemId":"B0090EIEM8","ProductIndex":59881}
{"itemId":"B00004UFQJ","ProductIndex":50405}
{"itemId":"B002VTK9NQ","ProductIndex":133258}
{"itemId":"B0050D6KXI","ProductIndex":37334}
{"itemId":"B0009612DY","ProductIndex":123442}
{"itemId":"B002N2Z0JY","ProductIndex":33222}
{"itemId":"B008MM0HQU","ProductIndex":78416}
{"itemId":"B00817ZYZK","ProductIndex":93340}
{"itemId":"B0007KK2GU","ProductIndex":146714}
{"itemId":"B000F1UGFS","ProductIndex":121748}
{"itemId":"B0012SM2SC","ProductIndex":69461}
{"itemId":"B003NREG7U","ProductIndex":49965}
{"itemId":"B000E887YO","ProductIndex":42812}
{"itemId":"B00004SCIP","ProductIndex":191991}
{"itemId":"B003NMVG64","ProductIndex":21253}
{"itemId":"B003XPAE5U","ProductIndex":72104}
{"itemId":"B00446GYUQ","ProductIndex":93146}
{"itemId":"B0028SZ0NO","ProductIndex":112175}
{"itemId":"B006ZOG4PU","ProductIndex":39131}
{"itemId":"B00005B63N","ProductIndex":74257}
{"itemId":"B0021PTZRG","ProductIndex":129622}
{"itemId":"B001F8QPJQ","ProductIndex":42316}
{"itemId":"B0002BF4J4","ProductIndex":77472}
{"itemId":"B006DO0A52","ProductIndex":99403}
{"itemId":"B000IBNXVY","ProductIndex":41078}
{"itemId":"B002RL8ICC","ProductIndex":27346}
{"itemId":"B001CXNSU8","ProductIndex":112814}
{"itemId":"B0018S5PBW","ProductIndex":106407}
{"itemId":"B00008ZEKC","ProductIndex":99637}
{"itemId":"B004ZMINNU","ProductIndex":39382}
{"itemId":"B003CNPOQM","ProductIndex":104136}
{"itemId":"B005XDASYC","ProductIndex":33439}
{"itemId":"B0052SBAEU","ProductIndex":26352}
{"itemId":"B00005N6KF","ProductIndex":25211}
{"itemId":"B005EN24RK","ProductIndex":57252}
{"itemId":"B00BALM5H4","ProductIndex":111370}
{"itemId":"B0027P9BYW","ProductIndex":41660}
{"itemId":"B0014PL5EK","ProductIndex":92981}
{"itemId":"B00004TZJO","ProductIndex":132419}
{"itemId":"B0028TEQKG","ProductIndex":129245}
{"itemId":"B0091UYNR6","ProductIndex":65291}
{"itemId":"B00065DGYQ","ProductIndex":20304}
{"itemId":"B008PIIM6S","ProductIndex":75512}
{"itemId":"B000W89OP2","ProductIndex":62210}
{"itemId":"B00863L3KY","ProductIndex":133752}
{"itemId":"B009KG8TXA","ProductIndex":48171}
{"itemId":"B000GISJX6","ProductIndex":143398}
{"itemId":"B001TDKPNO","ProductIndex":115113}
{"itemId":"B00006HMGI","ProductIndex":67431}
{"itemId":"B00022VZ1O","ProductIndex":36763}
{"itemId":"B0067PDUD6","ProductIndex":77138}
{"itemId":"B00E20263S","ProductIndex":45119}
{"itemId":"B0014C0HGK","ProductIndex":44768}
{"itemId":"B0050Z3P16","ProductIndex":43412}
{"itemId":"B004BU8F6G","ProductIndex":41630}
{"itemId":"B004ALYSNK","ProductIndex":53907}
{"itemId":"B003Y5WZ5G","ProductIndex":71636}
{"itemId":"B00825G0Z4","ProductIndex":130944}
{"itemId":"B0056C6BDW","ProductIndex":147910}
{"itemId":"B001HOHWEK","ProductIndex":129280}
{"itemId":"B00141AYR8","ProductIndex":71303}
{"itemId":"B00E5OULBA","ProductIndex":151354}
{"itemId":"B000CFBYQM","ProductIndex":68018}
{"itemId":"B000ZMY24I","ProductIndex":70322}
{"itemId":"B003V9QDXK","ProductIndex":57001}
{"itemId":"B003UT0SNC","ProductIndex":109862}
{"itemId":"B000RZF6VG","ProductIndex":62123}
{"itemId":"B004W2YBFM","ProductIndex":84325}
{"itemId":"B0069S2M9E","ProductIndex":69436}
{"itemId":"B004NM75PE","ProductIndex":155029}
{"itemId":"B002N95XXU","ProductIndex":108308}
{"itemId":"B00BG49S84","ProductIndex":62292}
{"itemId":"B0007TC38Q","ProductIndex":64059}
{"itemId":"B0000ABPKX","ProductIndex":195166}
{"itemId":"B00006IZUJ","ProductIndex":197165}
{"itemId":"B003FSTAO6","ProductIndex":142474}
{"itemId":"B00651CCVS","ProductIndex":123492}
{"itemId":"B003I1CR1I","ProductIndex":168320}
{"itemId":"B002Q6PUN8","ProductIndex":151605}
{"itemId":"B0000D8IWZ","ProductIndex":92259}
{"itemId":"B00ATM3V50","ProductIndex":121846}
{"itemId":"B00028CBCU","ProductIndex":164962}
{"itemId":"B001EYYJ30","ProductIndex":84874}
{"itemId":"B0002QPCOQ","ProductIndex":103369}
{"itemId":"B0000E6S0Y","ProductIndex":73870}
{"itemId":"B00076AGJC","ProductIndex":135433}
{"itemId":"B00HSFMV6G","ProductIndex":108166}
{"itemId":"B0017T4VCQ","ProductIndex":71232}
{"itemId":"B00J39GERW","ProductIndex":135103}
{"itemId":"B000OSEI06","ProductIndex":87136}
{"itemId":"B000KZ80NY","ProductIndex":170376}
{"itemId":"B002HO7ATQ","ProductIndex":172224}
{"itemId":"B005OIFRHY","ProductIndex":63924}
{"itemId":"B007L0MKQ4","ProductIndex":145562}
{"itemId":"B00770Z3DU","ProductIndex":69857}
{"itemId":"B0002HBLL8","ProductIndex":153108}
{"itemId":"B0007XXRIM","ProductIndex":139390}
{"itemId":"B0030FI3W4","ProductIndex":131471}
{"itemId":"B006YGOZVE","ProductIndex":70703}
{"itemId":"B000233ZY8","ProductIndex":76891}
{"itemId":"B007OVFG84","ProductIndex":204670}
{"itemId":"B00005QVGW","ProductIndex":64717}
{"itemId":"B001QYLC7O","ProductIndex":150804}
{"itemId":"B00E4T8XZC","ProductIndex":62157}
{"itemId":"B002FKQGD8","ProductIndex":116713}
{"itemId":"B007W6WLFW","ProductIndex":80371}
{"itemId":"B00005T3KE","ProductIndex":196887}
{"itemId":"B001T9O5UC","ProductIndex":132091}
{"itemId":"B008AZVRQ8","ProductIndex":43668}
{"itemId":"B002ZDJSRQ","ProductIndex":58748}
{"itemId":"B001HQ90FC","ProductIndex":101027}
{"itemId":"B002DHQ4XA","ProductIndex":53614}
{"itemId":"B0041ORN8I","ProductIndex":166594}
{"itemId":"B005DIBHDS","ProductIndex":43031}
{"itemId":"B00AJ1YSTO","ProductIndex":61369}
{"itemId":"B003UKH8HU","ProductIndex":64609}
{"itemId":"B007P0FZNA","ProductIndex":43481}
{"itemId":"B003QNYMF2","ProductIndex":111304}
{"itemId":"B000GE8FIO","ProductIndex":121405}
{"itemId":"B001M4HTH0","ProductIndex":43627}
{"itemId":"B0044QFDD0","ProductIndex":107851}
{"itemId":"B000UU46W8","ProductIndex":42974}
{"itemId":"B0006OCEPE","ProductIndex":130388}
{"itemId":"B00CQUGAPG","ProductIndex":137930}
{"itemId":"B002A4GTDG","ProductIndex":153347}
{"itemId":"B003U8K4RS","ProductIndex":62787}
{"itemId":"B0032HOH0W","ProductIndex":20324}
{"itemId":"B004M18EHE","ProductIndex":138935}
{"itemId":"B00A2UK60W","ProductIndex":43858}
{"itemId":"B00FTRV7EC","ProductIndex":82550}
{"itemId":"B004NVT7BK","ProductIndex":137531}
{"itemId":"B000K2K5AS","ProductIndex":143515}
{"itemId":"B00009NFOK","ProductIndex":104611}
{"itemId":"B002BBACD6","ProductIndex":123482}
{"itemId":"B000JV7Y2W","ProductIndex":123095}
{"itemId":"B0081NAZNU","ProductIndex":48754}
{"itemId":"B002WG8Z4S","ProductIndex":92612}
{"itemId":"B001RB1XJ8","ProductIndex":46259}
{"itemId":"B000COVZD0","ProductIndex":44613}
{"itemId":"B008CXTYI6","ProductIndex":123823}
{"itemId":"B00BNJ43YQ","ProductIndex":123486}
{"itemId":"9985609034","ProductIndex":52389}
{"itemId":"B0082CG2G4","ProductIndex":95578}
{"itemId":"B000TH4O7O","ProductIndex":167181}
{"itemId":"B00GDIMMJU","ProductIndex":118502}
{"itemId":"B000I6UVA0","ProductIndex":78997}
{"itemId":"B009942AWE","ProductIndex":147231}
{"itemId":"B00C360Y3W","ProductIndex":129084}
{"itemId":"B000050FGK","ProductIndex":168733}
{"itemId":"B002ME663C","ProductIndex":137558}
{"itemId":"B008DI2RDY","ProductIndex":120778}
{"itemId":"B003MUSENK","ProductIndex":86247}
{"itemId":"B00EB1ODNO","ProductIndex":70110}
{"itemId":"B0045KDHDS","ProductIndex":152267}
{"itemId":"B00006JHZ1","ProductIndex":40513}
{"itemId":"B004UOCV18","ProductIndex":159641}
{"itemId":"B001OQGE0Y","ProductIndex":72192}
{"itemId":"B007MD7AWE","ProductIndex":92406}
{"itemId":"B000I20UIW","ProductIndex":107484}
{"itemId":"B000N7IPUW","ProductIndex":199283}
{"itemId":"B005XJOB30","ProductIndex":69766}
{"itemId":"B009EPSK1I","ProductIndex":42511}
{"itemId":"B001BBR1KE","ProductIndex":84845}
{"itemId":"B00DP5KZQ6","ProductIndex":120577}
{"itemId":"B00385XYV6","ProductIndex":97224}
{"itemId":"B000GYW9O0","ProductIndex":92674}
{"itemId":"B0026MRVX4","ProductIndex":185157}
{"itemId":"B0000E6RVX","ProductIndex":121085}
{"itemId":"B004OR15K4","ProductIndex":73361}
{"itemId":"B004WK3SY4","ProductIndex":169969}
{"itemId":"B000063Y7F","ProductIndex":47288}
{"itemId":"B0090F9VZQ","ProductIndex":159429}
{"itemId":"B00B0MMTUQ","ProductIndex":75001}
{"itemId":"B00AC4YAUU","ProductIndex":171749}
{"itemId":"B002B2C63Y","ProductIndex":131524}
{"itemId":"B0091BUY0U","ProductIndex":111062}
{"itemId":"B00CEL2H54","ProductIndex":82489}
{"itemId":"B004S62U1E","ProductIndex":144613}
{"itemId":"B00BYFKVZ4","ProductIndex":192397}
{"itemId":"B0082PRAVC","ProductIndex":142285}
{"itemId":"B006T7QUAW","ProductIndex":78332}
{"itemId":"B00006B7VA","ProductIndex":158968}
{"itemId":"B0078GCMGY","ProductIndex":44543}
{"itemId":"B000NMAZUK","ProductIndex":64726}
{"itemId":"B001TK3E44","ProductIndex":56361}
{"itemId":"B00A13I3FU","ProductIndex":196717}
{"itemId":"B00EEO4WWA","ProductIndex":141899}
{"itemId":"B00DHE202C","ProductIndex":86277}
{"itemId":"B0089V56AG","ProductIndex":188945}
{"itemId":"B005IOLQLU","ProductIndex":161735}
{"itemId":"B00B5L9KDQ","ProductIndex":132751}
{"itemId":"B006G2FVM8","ProductIndex":52083}
{"itemId":"B001UWKP0M","ProductIndex":143811}
{"itemId":"B00ART1CGK","ProductIndex":106461}
{"itemId":"B0047WUZ7K","ProductIndex":134420}
{"itemId":"B001JT0ALU","ProductIndex":70013}
{"itemId":"B00BUINM2O","ProductIndex":138938}
{"itemId":"B00EOD7JXA","ProductIndex":29701}
{"itemId":"B009FD4VRQ","ProductIndex":79339}
{"itemId":"B004L7NJVA","ProductIndex":103014}
{"itemId":"B003SROD00","ProductIndex":190335}
{"itemId":"B00C5R8B0W","ProductIndex":150924}
{"itemId":"B000CR7RV6","ProductIndex":73488}
{"itemId":"B00BXVFM3K","ProductIndex":42045}
{"itemId":"B00C817VUQ","ProductIndex":170730}
{"itemId":"B002NU5UZ0","ProductIndex":141930}
{"itemId":"B004RGSF7I","ProductIndex":85100}
{"itemId":"B00004TYBO","ProductIndex":162725}
{"itemId":"B00CIQU69Y","ProductIndex":107126}
{"itemId":"B000VY4G0A","ProductIndex":80429}
{"itemId":"B008JBFWUA","ProductIndex":197909}
{"itemId":"B004B3CNBG","ProductIndex":110862}
{"itemId":"B001SH2AZ2","ProductIndex":174985}
{"itemId":"B009PTROEC","ProductIndex":118338}
{"itemId":"B00EZB5TB0","ProductIndex":132555}
{"itemId":"B00448PMF2","ProductIndex":141221}
{"itemId":"B00CLW49H0","ProductIndex":147503}
{"itemId":"B0048WL384","ProductIndex":113974}
{"itemId":"B006OVQN32","ProductIndex":153237}
{"itemId":"B000N2N23C","ProductIndex":110489}
{"itemId":"B001AMWHNK","ProductIndex":49711}
{"itemId":"B000NGQFTQ","ProductIndex":134017}
{"itemId":"B0001E4240","ProductIndex":124837}
{"itemId":"B004T0N7NO","ProductIndex":110711}
{"itemId":"B00154QB1M","ProductIndex":145588}
{"itemId":"B00GP4EBI2","ProductIndex":122892}
{"itemId":"B001TIRKLE","ProductIndex":159483}
{"itemId":"B00A4NPJA4","ProductIndex":52860}
{"itemId":"B00HQYNQSQ","ProductIndex":131400}
{"itemId":"B0036TGKWE","ProductIndex":39929}
{"itemId":"B00542RNHM","ProductIndex":31639}
{"itemId":"B0019J8F6W","ProductIndex":47519}
{"itemId":"B0082D9Y0E","ProductIndex":105615}
{"itemId":"B003I4QIXI","ProductIndex":143457}
{"itemId":"B003WCX1L8","ProductIndex":64839}
{"itemId":"B002QXUU5E","ProductIndex":152493}
{"itemId":"B00A3YKPBM","ProductIndex":189131}
{"itemId":"B001QWTR3M","ProductIndex":99715}
{"itemId":"B001QJLY6I","ProductIndex":120564}
{"itemId":"B001BETJDS","ProductIndex":123939}
{"itemId":"B007TPXL46","ProductIndex":112493}
{"itemId":"B007QY7QSW","ProductIndex":120650}
{"itemId":"B00BXO56C4","ProductIndex":164604}
{"itemId":"B005H0O6N0","ProductIndex":103009}
{"itemId":"B004DAORNO","ProductIndex":186721}
{"itemId":"B00GIEWJLA","ProductIndex":175337}
{"itemId":"B00E80LONK","ProductIndex":77126}
{"itemId":"B007VXWX8G","ProductIndex":190325}
{"itemId":"B0007QS6U8","ProductIndex":143069}
{"itemId":"B001BU5PVC","ProductIndex":185612}
{"itemId":"B008DYIJO4","ProductIndex":166311}
{"itemId":"B008S7BUGA","ProductIndex":135671}
{"itemId":"B000VYKD6Q","ProductIndex":146245}
{"itemId":"B00008E00J","ProductIndex":130918}
{"itemId":"B004J0YFUS","ProductIndex":100911}
{"itemId":"B001V3DZD4","ProductIndex":101483}
{"itemId":"B00EFF18ZW","ProductIndex":49397}
{"itemId":"B008AB68MU","ProductIndex":137955}
{"itemId":"B0006IQVGS","ProductIndex":73454}
{"itemId":"B000PWQZ98","ProductIndex":118627}
{"itemId":"B004OSV0YE","ProductIndex":195229}
{"itemId":"B008BBI7HS","ProductIndex":104489}
{"itemId":"B00F3F3FC2","ProductIndex":88360}
{"itemId":"B0095IDTFQ","ProductIndex":131902}
{"itemId":"B00666YWHO","ProductIndex":72197}
{"itemId":"B001BZQKDY","ProductIndex":130870}
{"itemId":"B000U1IX76","ProductIndex":77423}
{"itemId":"B0002J6H42","ProductIndex":142753}
{"itemId":"B000SDYXNO","ProductIndex":45942}
{"itemId":"B007740E4O","ProductIndex":114633}
{"itemId":"B001MQ36T8","ProductIndex":59252}
{"itemId":"B0071OU76U","ProductIndex":94547}
{"itemId":"B0054NCXHG","ProductIndex":69264}
{"itemId":"B003QQYFLA","ProductIndex":141558}
{"itemId":"B000056SL6","ProductIndex":204254}
{"itemId":"B0035371TM","ProductIndex":163145}
{"itemId":"B004D06XJ0","ProductIndex":197212}
{"itemId":"B0006BC5OW","ProductIndex":90615}
{"itemId":"B00DR66OSG","ProductIndex":111813}
{"itemId":"B000HE8JA2","ProductIndex":105292}
{"itemId":"B00164GU94","ProductIndex":83545}
{"itemId":"B00HETABZY","ProductIndex":94414}
{"itemId":"B002R8CG4G","ProductIndex":154003}
{"itemId":"B007GB9AK2","ProductIndex":197697}
{"itemId":"B002HOY1TS","ProductIndex":197563}
{"itemId":"B00AE9FY4O","ProductIndex":142861}
{"itemId":"B007VECLPA","ProductIndex":82417}
{"itemId":"B000NNK9LY","ProductIndex":204914}
{"itemId":"B004H1VHZK","ProductIndex":102659}
{"itemId":"B00005QFYM","ProductIndex":122526}
{"itemId":"B00C10UJV2","ProductIndex":113860}
{"itemId":"B008I61W1O","ProductIndex":94230}
{"itemId":"B001F0RPMK","ProductIndex":159835}
{"itemId":"B005EV2KZS","ProductIndex":108895}
{"itemId":"B000P731XQ","ProductIndex":91498}
{"itemId":"B006IJAJW6","ProductIndex":185050}
{"itemId":"B003TY9SES","ProductIndex":42608}
{"itemId":"B00466HU3Y","ProductIndex":106428}
{"itemId":"B007L0LI76","ProductIndex":130576}
{"itemId":"B003HGMLJC","ProductIndex":121461}
{"itemId":"B001DO9ED6","ProductIndex":84235}
{"itemId":"B007NXFMK0","ProductIndex":67580}
{"itemId":"B00D9SY4TS","ProductIndex":104670}
{"itemId":"B002UG7T8S","ProductIndex":92607}
{"itemId":"B00K02G80E","ProductIndex":87082}
{"itemId":"B00AQ8ED5E","ProductIndex":152092}
{"itemId":"B0077QDO4O","ProductIndex":99983}
{"itemId":"B003H96XMA","ProductIndex":109655}
{"itemId":"B000023VXA","ProductIndex":174855}
{"itemId":"B0002DFK3C","ProductIndex":110841}
{"itemId":"B00009NFEQ","ProductIndex":198103}
{"itemId":"B00FHDZ3GG","ProductIndex":72320}
{"itemId":"B00E8M2RBG","ProductIndex":172497}
{"itemId":"B003YCONWW","ProductIndex":182400}
{"itemId":"B0050JCBIU","ProductIndex":125629}
{"itemId":"B00GGO98BG","ProductIndex":167032}
{"itemId":"B000HDOO1Q","ProductIndex":156744}
{"itemId":"B004YUHF5U","ProductIndex":116901}
{"itemId":"B005HJAB30","ProductIndex":118620}
{"itemId":"B00ADJESX8","ProductIndex":144652}
{"itemId":"B009SU0JC2","ProductIndex":109084}
{"itemId":"B000CFZZN0","ProductIndex":120681}
{"itemId":"B00A16222W","ProductIndex":101961}
{"itemId":"B003PXPQA8","ProductIndex":134854}
{"itemId":"B00D8JFNO8","ProductIndex":96554}
{"itemId":"B005D5LZF6","ProductIndex":126226}
{"itemId":"B009657RZQ","ProductIndex":111033}
{"itemId":"B0007PO5N6","ProductIndex":167145}
{"itemId":"B002MXJ86K","ProductIndex":195206}
{"itemId":"B007ST1BPE","ProductIndex":180182}
{"itemId":"B007RTD090","ProductIndex":88024}
{"itemId":"B00DR9IMNI","ProductIndex":155183}
{"itemId":"B000MUPH7O","ProductIndex":160562}
{"itemId":"B0084IEKVK","ProductIndex":194566}
{"itemId":"B00000J4GI","ProductIndex":122888}
{"itemId":"B002KVD9VO","ProductIndex":134401}
{"itemId":"B000I3Z3E2","ProductIndex":98919}
{"itemId":"B008U9D4NS","ProductIndex":158509}
{"itemId":"B0078TBV3G","ProductIndex":166270}
{"itemId":"B00C4QVTNU","ProductIndex":93223}
{"itemId":"B001GCUW18","ProductIndex":109217}
{"itemId":"B002OHDJPK","ProductIndex":79363}
{"itemId":"B000QRZUQQ","ProductIndex":136273}
{"itemId":"B005BRPVFQ","ProductIndex":199140}
{"itemId":"B00H6XYKWS","ProductIndex":159985}
{"itemId":"B007MS3488","ProductIndex":100763}
{"itemId":"B0007RR7Z2","ProductIndex":165669}
{"itemId":"B0001Y7PU8","ProductIndex":71534}
{"itemId":"B005AZJVTG","ProductIndex":123605}
{"itemId":"B004SBU3F4","ProductIndex":122246}
{"itemId":"B0002X7V20","ProductIndex":161936}
{"itemId":"B00BW9727W","ProductIndex":122746}
{"itemId":"B000CRAQX2","ProductIndex":135647}
{"itemId":"B0054I9V8U","ProductIndex":129698}
{"itemId":"B004INZPXW","ProductIndex":71490}
{"itemId":"B000VPFQH6","ProductIndex":155496}
{"itemId":"B00513MFK4","ProductIndex":146559}
{"itemId":"B00748GCGM","ProductIndex":74621}
{"itemId":"B00006HXMK","ProductIndex":169718}
{"itemId":"B002VM7GO8","ProductIndex":108603}
{"itemId":"B004O26KLS","ProductIndex":153796}
{"itemId":"B0069GYSYI","ProductIndex":122779}
{"itemId":"B0089L6XZ8","ProductIndex":173402}
{"itemId":"B000068V2W","ProductIndex":144742}
{"itemId":"B0009FUSB2","ProductIndex":132585}
{"itemId":"B00AZ5A5HI","ProductIndex":113562}
{"itemId":"B00BRD8J1G","ProductIndex":207549}
{"itemId":"B004XCC8ZQ","ProductIndex":92521}
{"itemId":"B003VOAGEC","ProductIndex":81656}
{"itemId":"B004AJ5CFU","ProductIndex":135973}
{"itemId":"B001F2XTK0","ProductIndex":169229}
{"itemId":"B003U8EQMW","ProductIndex":101868}
{"itemId":"B00AUP1WIO","ProductIndex":117368}
{"itemId":"B0096E0506","ProductIndex":94114}
{"itemId":"B0085E6FDY","ProductIndex":145460}
{"itemId":"B007OZNURO","ProductIndex":183667}
{"itemId":"B0030MHEGS","ProductIndex":115670}
{"itemId":"B000Y06YYC","ProductIndex":115392}
{"itemId":"B004VQECF8","ProductIndex":164846}
{"itemId":"B00DIF4CKI","ProductIndex":118802}
{"itemId":"B000FIS91E","ProductIndex":196109}
{"itemId":"B00BXHHL1U","ProductIndex":98562}
{"itemId":"B002P3KNNY","ProductIndex":93140}
{"itemId":"B0046SJEU4","ProductIndex":166887}
{"itemId":"B0000ZOLMI","ProductIndex":106276}
{"itemId":"B003SVK9F4","ProductIndex":169303}
{"itemId":"B005HR84VS","ProductIndex":51924}
{"itemId":"B00GYFRYBS","ProductIndex":159288}
{"itemId":"B00A16W920","ProductIndex":54531}
{"itemId":"B001B1KG7O","ProductIndex":173786}
{"itemId":"B001F0MBEW","ProductIndex":194052}
{"itemId":"B007WMSDVC","ProductIndex":123748}
{"itemId":"B005KM2056","ProductIndex":137733}
{"itemId":"B004XV5YIU","ProductIndex":201389}
{"itemId":"B0031OD4OQ","ProductIndex":83985}
{"itemId":"B001N8CR54","ProductIndex":131238}
{"itemId":"B001N87Y2A","ProductIndex":172230}
{"itemId":"B00F6N53HQ","ProductIndex":107528}
{"itemId":"B001769L24","ProductIndex":81700}
{"itemId":"B00DJLMSUW","ProductIndex":96971}
{"itemId":"B002TEX8WM","ProductIndex":161390}
{"itemId":"B00526TV4I","ProductIndex":101499}
{"itemId":"B00CQ9YLS0","ProductIndex":172496}
{"itemId":"B0016OUA3G","ProductIndex":117546}
{"itemId":"B00003CYN8","ProductIndex":97168}
{"itemId":"B003CYL7LW","ProductIndex":147294}
{"itemId":"B002BK4JZO","ProductIndex":81886}
{"itemId":"B000UJHD24","ProductIndex":147104}
{"itemId":"B000UO9VVU","ProductIndex":172941}
{"itemId":"B00A3LQSHA","ProductIndex":118935}
{"itemId":"B007XOJWUK","ProductIndex":149694}
{"itemId":"B00021REUQ","ProductIndex":122935}
{"itemId":"B001BAJD3I","ProductIndex":164743}
{"itemId":"B008R3WJNI","ProductIndex":197745}
{"itemId":"B00009UT0Q","ProductIndex":102941}
{"itemId":"B00453P7K6","ProductIndex":87601}
{"itemId":"B0055MKCVA","ProductIndex":123999}
{"itemId":"B0029NRRC0","ProductIndex":108762}
{"itemId":"B004CG5DAA","ProductIndex":142045}
{"itemId":"B003UBFAKQ","ProductIndex":73237}
{"itemId":"B00CUTJ7EE","ProductIndex":118282}
{"itemId":"B00AMN7K62","ProductIndex":166726}
{"itemId":"B00GUV1K6Q","ProductIndex":176867}
{"itemId":"B004E3ZRA2","ProductIndex":124924}
{"itemId":"B005B8S9D6","ProductIndex":207645}
{"itemId":"B00BQHFRM2","ProductIndex":185061}
{"itemId":"B00DOSUGUO","ProductIndex":141721}
{"itemId":"B00006RZ42","ProductIndex":156273}
{"itemId":"B001D0G550","ProductIndex":162099}
{"itemId":"B0007TJDDE","ProductIndex":163367}
{"itemId":"B0076BUMA4","ProductIndex":153488}
{"itemId":"B002MZZRBS","ProductIndex":174051}
{"itemId":"B003ILE14E","ProductIndex":123451}
{"itemId":"B000RT1QLG","ProductIndex":132061}
{"itemId":"B0050K3LJC","ProductIndex":148941}
{"itemId":"B005HP3OBK","ProductIndex":161493}
{"itemId":"B00B3TDTTQ","ProductIndex":168832}
{"itemId":"B009YY5ESQ","ProductIndex":107009}
{"itemId":"B009SATI3I","ProductIndex":137171}
{"itemId":"B00GJYQ6BI","ProductIndex":160435}
{"itemId":"B005K0IMAK","ProductIndex":162228}
{"itemId":"B0002259FW","ProductIndex":185472}
{"itemId":"B000BBAL2A","ProductIndex":141447}
{"itemId":"B002ALV9T8","ProductIndex":171215}
{"itemId":"B00A2QJTP4","ProductIndex":192336}
{"itemId":"B001DABBV8","ProductIndex":75910}
{"itemId":"B004FLOX1C","ProductIndex":128568}
{"itemId":"B009Q81LY6","ProductIndex":68734}
{"itemId":"B00006BBEM","ProductIndex":160247}
{"itemId":"B00HU7TD18","ProductIndex":177308}
{"itemId":"B0001AGMME","ProductIndex":148886}
{"itemId":"B0009H9PKK","ProductIndex":109651}
{"itemId":"B00D8BBFZM","ProductIndex":202787}
{"itemId":"B0088L2QUA","ProductIndex":195070}
{"itemId":"B004RJJYCU","ProductIndex":144868}
{"itemId":"B0032GO1G8","ProductIndex":131024}
{"itemId":"B0015YVXTW","ProductIndex":96461}
{"itemId":"B008PC9ZR4","ProductIndex":162563}
{"itemId":"B001BMIM4C","ProductIndex":158411}
{"itemId":"B00FE21L4S","ProductIndex":188864}
{"itemId":"B0021AFYPS","ProductIndex":41953}
{"itemId":"B008I65D96","ProductIndex":106980}
{"itemId":"B0027WYFE6","ProductIndex":151519}
{"itemId":"B0016NPORY","ProductIndex":168005}
{"itemId":"B000JD1HOG","ProductIndex":171850}
{"itemId":"B0000V1AIK","ProductIndex":158893}
{"itemId":"B00008N6YB","ProductIndex":104105}
{"itemId":"B00746TZ86","ProductIndex":155540}
{"itemId":"B0013OFJ4E","ProductIndex":174652}
{"itemId":"B007M8SH58","ProductIndex":124400}
{"itemId":"B000RV602E","ProductIndex":115125}
{"itemId":"B000WVBI7G","ProductIndex":94814}
{"itemId":"B0009V9OSE","ProductIndex":207149}
{"itemId":"B004I6OCR4","ProductIndex":136239}
{"itemId":"B0002OTIJI","ProductIndex":112548}
{"itemId":"B0077QL3U6","ProductIndex":110589}
{"itemId":"B00744RF0S","ProductIndex":199194}
{"itemId":"B00B7LQ03M","ProductIndex":170083}
{"itemId":"B0073GLGOS","ProductIndex":170204}
{"itemId":"B003EWMOFU","ProductIndex":114299}
{"itemId":"B003LRDKMY","ProductIndex":194084}
{"itemId":"B0015AB7TW","ProductIndex":157511}
{"itemId":"B0091100LI","ProductIndex":98427}
{"itemId":"B002BTONR4","ProductIndex":139034}
{"itemId":"B004JM9RY0","ProductIndex":140359}
{"itemId":"B001LGAK8O","ProductIndex":132758}
{"itemId":"B003VQS44O","ProductIndex":180455}
{"itemId":"B00GKD8DVY","ProductIndex":117595}
{"itemId":"B0007V3O32","ProductIndex":185060}
{"itemId":"B0038ZOU8C","ProductIndex":177931}
{"itemId":"B000RWGH6W","ProductIndex":146690}
{"itemId":"B005CWL4KG","ProductIndex":161736}
{"itemId":"B0031M9UEG","ProductIndex":175480}
{"itemId":"B001GXR026","ProductIndex":123768}
{"itemId":"B002XNN4WI","ProductIndex":168594}
{"itemId":"B0071I0EL4","ProductIndex":164722}
{"itemId":"B00COZNK1K","ProductIndex":106248}
{"itemId":"B002PAQY9O","ProductIndex":149419}
{"itemId":"B00359EXYC","ProductIndex":192299}
{"itemId":"B004H05V7Q","ProductIndex":130810}
{"itemId":"B000H0VY4E","ProductIndex":169971}
{"itemId":"B000LRHXR0","ProductIndex":120571}
{"itemId":"B00004VVUL","ProductIndex":140238}
{"itemId":"B00460BKGI","ProductIndex":123537}
{"itemId":"B004UNGXMM","ProductIndex":183933}
{"itemId":"B000C0L50C","ProductIndex":122982}
{"itemId":"B0001W01MY","ProductIndex":149523}
{"itemId":"B008OPC3XK","ProductIndex":191043}
{"itemId":"B00466HU2A","ProductIndex":103282}
{"itemId":"B004Q2I47E","ProductIndex":181504}
{"itemId":"B0016ODPI8","ProductIndex":115191}
{"itemId":"B00720GB5E","ProductIndex":153471}
{"itemId":"B00GPWE2YW","ProductIndex":184277}
{"itemId":"B0096ZGBQ2","ProductIndex":203310}
{"itemId":"B00472O5B2","ProductIndex":175685}
{"itemId":"B00104HBC0","ProductIndex":108387}
{"itemId":"B0053D9SZW","ProductIndex":179507}
{"itemId":"B000H7MGVM","ProductIndex":159808}
{"itemId":"B001FOUJ74","ProductIndex":157486}
{"itemId":"B00DWGB4N6","ProductIndex":137710}
{"itemId":"B003UY7OMU","ProductIndex":130871}
{"itemId":"B00AJ2YN48","ProductIndex":112296}
{"itemId":"B0056CEMMY","ProductIndex":200993}
{"itemId":"B00008A5XF","ProductIndex":187974}
{"itemId":"B00CS8WAO6","ProductIndex":167915}
{"itemId":"B002AV8GLM","ProductIndex":171619}
{"itemId":"B0038CDH2A","ProductIndex":170852}
{"itemId":"B005OS46MQ","ProductIndex":189881}
{"itemId":"B00020CQF0","ProductIndex":101990}
{"itemId":"B007KFT23Y","ProductIndex":196852}
{"itemId":"B004XIRU0S","ProductIndex":142158}
{"itemId":"B00ABEPWZS","ProductIndex":195689}
{"itemId":"B001MYKZM6","ProductIndex":127202}
{"itemId":"B006DJUEIU","ProductIndex":197002}
{"itemId":"B00AWV50TI","ProductIndex":131912}
{"itemId":"B000P6INOO","ProductIndex":90425}
{"itemId":"B007Q6P7XG","ProductIndex":168468}
{"itemId":"B000NIB8DM","ProductIndex":174480}
{"itemId":"B003ULP5MY","ProductIndex":174931}
{"itemId":"B001UQ6E4O","ProductIndex":126929}
{"itemId":"B00DHM4H16","ProductIndex":153121}
{"itemId":"B00004U8G4","ProductIndex":144279}
{"itemId":"B000UU9UWE","ProductIndex":174833}
{"itemId":"B00450S558","ProductIndex":85945}
{"itemId":"B007PENF06","ProductIndex":124018}
{"itemId":"B003MOMK9A","ProductIndex":107569}
{"itemId":"B003V1NS9A","ProductIndex":153382}
{"itemId":"B002ULLH3Q","ProductIndex":206253}
{"itemId":"B007O33S5U","ProductIndex":122068}
{"itemId":"B000VCTGB6","ProductIndex":143297}
{"itemId":"B0030EPVZ2","ProductIndex":146818}
{"itemId":"B00006B8G3","ProductIndex":155765}
{"itemId":"B003FMRHTM","ProductIndex":198720}
{"itemId":"B004TLZZAQ","ProductIndex":158293}
{"itemId":"B00DPF1GZ0","ProductIndex":130898}
{"itemId":"B003O9OH4O","ProductIndex":109785}
{"itemId":"B001GNBG1W","ProductIndex":135027}
{"itemId":"B008FBNOPY","ProductIndex":190521}
{"itemId":"B0049PN9NC","ProductIndex":184707}
{"itemId":"B000FS9DP0","ProductIndex":182721}
{"itemId":"B00004Z70F","ProductIndex":189682}
{"itemId":"B000P3XWI4","ProductIndex":161779}
{"itemId":"B002C7NC7C","ProductIndex":205313}
{"itemId":"B000KDY4WM","ProductIndex":155870}
{"itemId":"B002N2GEXK","ProductIndex":147515}
{"itemId":"B0065FN0BA","ProductIndex":155333}
{"itemId":"B00B54IJDU","ProductIndex":200316}
{"itemId":"B00A9XH74K","ProductIndex":139431}
{"itemId":"B000PGMSN6","ProductIndex":189502}
{"itemId":"B002C3TT0U","ProductIndex":85128}
{"itemId":"B00JKPIWGA","ProductIndex":194998}
{"itemId":"B004W33MJ2","ProductIndex":176015}
{"itemId":"B0057QQSRG","ProductIndex":162304}
{"itemId":"B004USEHSY","ProductIndex":137475}
{"itemId":"B00553X9JQ","ProductIndex":148513}
{"itemId":"B000OTIHPW","ProductIndex":145645}
{"itemId":"B007V4ORI4","ProductIndex":172818}
{"itemId":"B007ZDLYBE","ProductIndex":185632}
{"itemId":"B00006HYYU","ProductIndex":201022}
{"itemId":"B0043XPYXI","ProductIndex":158046}
{"itemId":"B001ANRODM","ProductIndex":180701}
{"itemId":"B006OI2EPQ","ProductIndex":147662}
{"itemId":"B002B22XPK","ProductIndex":199259}
{"itemId":"B00C32E798","ProductIndex":143183}
{"itemId":"B004FHCLBK","ProductIndex":119078}
{"itemId":"B004DIBTIW","ProductIndex":197422}
{"itemId":"B0009K95UW","ProductIndex":164839}
{"itemId":"B0028T0RC2","ProductIndex":150235}
{"itemId":"B007619HGO","ProductIndex":162478}
{"itemId":"B00F3ZNZBI","ProductIndex":155678}
{"itemId":"B0090Q6AHW","ProductIndex":194729}
{"itemId":"B0038K91AO","ProductIndex":110171}
{"itemId":"B008UJ431U","ProductIndex":133774}
{"itemId":"B00BGYQVI4","ProductIndex":197852}
{"itemId":"B00H58CNPA","ProductIndex":175730}
{"itemId":"B00CMJ3996","ProductIndex":197427}
{"itemId":"B00B7JU1Y8","ProductIndex":102834}
{"itemId":"B00ATZ6DIY","ProductIndex":186338}
{"itemId":"B00G299Y1Y","ProductIndex":202538}
{"itemId":"B00AY6OPUQ","ProductIndex":200695}
{"itemId":"B00HPYZ0CM","ProductIndex":171141}
{"itemId":"B000065BNT","ProductIndex":204237}
{"itemId":"B008VDKIFA","ProductIndex":188492}
{"itemId":"B000YHR57A","ProductIndex":156619}
{"itemId":"B001ADN29C","ProductIndex":176007}
{"itemId":"B00BGLYV66","ProductIndex":204646}
{"itemId":"B001282962","ProductIndex":148638}
{"itemId":"B001UL7U88","ProductIndex":182817}
{"itemId":"B005GDZWMW","ProductIndex":188148}
{"itemId":"B009ZHHOI0","ProductIndex":158521}
{"itemId":"B000BTBMU2","ProductIndex":140008}
{"itemId":"B002VEBZ6G","ProductIndex":162282}
{"itemId":"B004QJRCHK","ProductIndex":204192}
{"itemId":"B00320IEPS","ProductIndex":140163}
{"itemId":"B002VT1GZ6","ProductIndex":109784}
{"itemId":"B00GQNEJFM","ProductIndex":180506}
{"itemId":"B005E2XY3E","ProductIndex":170448}
{"itemId":"B009BK3L24","ProductIndex":172699}
{"itemId":"B000CFFQJ8","ProductIndex":201238}
{"itemId":"B009D4E4ZG","ProductIndex":191182}
{"itemId":"B003P994ZA","ProductIndex":190613}
{"itemId":"B002DEM9EQ","ProductIndex":171342}
{"itemId":"B007Q9BZQ6","ProductIndex":139824}
{"itemId":"B0013EMVGS","ProductIndex":134584}
{"itemId":"B001QTXLHI","ProductIndex":159754}
{"itemId":"B000928LM8","ProductIndex":198879}
{"itemId":"B000FZVPCM","ProductIndex":155520}
{"itemId":"B003H9M982","ProductIndex":181409}
{"itemId":"B005SEN08C","ProductIndex":193587}
{"itemId":"B008I62JCU","ProductIndex":152055}
{"itemId":"B00E6JYAFC","ProductIndex":195791}
{"itemId":"B008FRID6S","ProductIndex":190222}
{"itemId":"B00DF1VEF6","ProductIndex":202163}
{"itemId":"B00AN8WZWK","ProductIndex":176117}
{"itemId":"B00EPD45GI","ProductIndex":135850}
{"itemId":"B0032YYJY4","ProductIndex":136333}
{"itemId":"B001582SJ2","ProductIndex":190990}
{"itemId":"B004L90718","ProductIndex":204302}
{"itemId":"B000EXJGLC","ProductIndex":170503}
{"itemId":"B00BMIAK2W","ProductIndex":182786}
{"itemId":"B007IS3N10","ProductIndex":183564}
{"itemId":"B000SSQGDE","ProductIndex":197761}
{"itemId":"B00269YK72","ProductIndex":200191}
{"itemId":"B003MATN62","ProductIndex":176052}
{"itemId":"B00CIFLT8W","ProductIndex":189852}
{"itemId":"B000UC7OYI","ProductIndex":148879}
{"itemId":"B00368CDGC","ProductIndex":184475}
{"itemId":"B009BQ51JY","ProductIndex":191344}
{"itemId":"B00913O206","ProductIndex":186985}
{"itemId":"B00B5R80DG","ProductIndex":193670}
{"itemId":"B000FH9UMM","ProductIndex":203000}
{"itemId":"B00A7PXRGM","ProductIndex":196435}
{"itemId":"B004FP57FO","ProductIndex":193250}
{"itemId":"B008JH0XH6","ProductIndex":144182}
{"itemId":"B004CHVVHI","ProductIndex":183632}
{"itemId":"B00067C7EY","ProductIndex":186608}
{"itemId":"B004GGODOS","ProductIndex":170923}
{"itemId":"B00427DFKE","ProductIndex":186161}
{"itemId":"B0081MC4NA","ProductIndex":148006}
{"itemId":"B0049H16KS","ProductIndex":198712}
{"itemId":"B008FXDWE0","ProductIndex":201196}
{"itemId":"B001FBIR08","ProductIndex":190333}
{"itemId":"B00722ZQNK","ProductIndex":186647}
{"itemId":"B005CRKSCQ","ProductIndex":184654}
{"itemId":"B003F6GBAE","ProductIndex":199190}
{"itemId":"B008X8Y426","ProductIndex":147481}
{"itemId":"B001707XIO","ProductIndex":175885}
{"itemId":"B000SMOGL4","ProductIndex":196744}
{"itemId":"B00JSCVLWW","ProductIndex":181294}
{"itemId":"B000IEYZ04","ProductIndex":179246}
{"itemId":"B006Q6PAWU","ProductIndex":161786}
{"itemId":"B007Y9J4IE","ProductIndex":179657}
{"itemId":"B001E6RX2C","ProductIndex":200245}
{"itemId":"B000OUHRZW","ProductIndex":178151}
{"itemId":"B00A9TNGKI","ProductIndex":189122}
{"itemId":"B00519DPLQ","ProductIndex":207190}
{"itemId":"B005PNJPGW","ProductIndex":207761}
{"itemId":"B005XJ3FK0","ProductIndex":205948}
{"itemId":"B00284ADYO","ProductIndex":181191}
{"itemId":"B001079DA0","ProductIndex":201083}
{"itemId":"B00008I9IR","ProductIndex":179683}
{"itemId":"B00080LCI6","ProductIndex":193536}
{"itemId":"B00FKEAKMO","ProductIndex":176731}
{"itemId":"B00B0GR61Y","ProductIndex":185894}
