{"itemId":"B003Y60DZO","ProductIndex":433}
{"itemId":"B001JJRDVU","ProductIndex":3222}
{"itemId":"B0021AFWL4","ProductIndex":1902}
{"itemId":"B0051PMWY6","ProductIndex":6056}
{"itemId":"B007JPCL88","ProductIndex":1056}
{"itemId":"B007X48QZ2","ProductIndex":157369}
{"itemId":"B000TNFAQ2","ProductIndex":13796}
{"itemId":"B0084LG97K","ProductIndex":111887}
{"itemId":"B004QYW87O","ProductIndex":99598}
{"itemId":"B00DDZYS6Q","ProductIndex":43204}
{"itemId":"B000EMPPBS","ProductIndex":29722}
{"itemId":"B005PS20E6","ProductIndex":91280}
{"itemId":"B008VGN75U","ProductIndex":2241}
{"itemId":"B003DZ167K","ProductIndex":2287}
{"itemId":"B008M11XO6","ProductIndex":17018}
{"itemId":"B00054NM4M","ProductIndex":70323}
{"itemId":"B003CVQ9YK","ProductIndex":6960}
{"itemId":"B00FR3LI0G","ProductIndex":70520}
{"itemId":"B000FFQ1VM","ProductIndex":6986}
{"itemId":"B0000222MY","ProductIndex":21166}
{"itemId":"B0026K5T6M","ProductIndex":92634}
{"itemId":"B007TG5EG8","ProductIndex":9343}
{"itemId":"B000WKPHHO","ProductIndex":3367}
{"itemId":"B0009JR460","ProductIndex":131449}
{"itemId":"B004HFG0WG","ProductIndex":125073}
{"itemId":"B000PDR27G","ProductIndex":10744}
{"itemId":"B008UGDG1G","ProductIndex":17446}
{"itemId":"B005KELR3A","ProductIndex":6952}
{"itemId":"B00007AKC1","ProductIndex":24151}
{"itemId":"B0001N3ZRQ","ProductIndex":5134}
{"itemId":"B000HAOVC6","ProductIndex":4223}
{"itemId":"B00DHW4HXY","ProductIndex":1934}
{"itemId":"B001G4NBOG","ProductIndex":94149}
{"itemId":"B0046SQ8VW","ProductIndex":3429}
{"itemId":"B0085P2DQ6","ProductIndex":92708}
{"itemId":"B007I5BRIE","ProductIndex":22783}
{"itemId":"B00EDSI7QO","ProductIndex":1896}
{"itemId":"B003VGUGBS","ProductIndex":2577}
{"itemId":"B005HTL15C","ProductIndex":25946}
{"itemId":"B005NYOKJU","ProductIndex":44638}
{"itemId":"B000OBLARC","ProductIndex":3865}
{"itemId":"B0009TQB00","ProductIndex":7017}
{"itemId":"B001HQDFAS","ProductIndex":14983}
{"itemId":"B001544KF6","ProductIndex":172692}
{"itemId":"B0028AD0ZC","ProductIndex":26062}
{"itemId":"B0046A8R78","ProductIndex":65406}
{"itemId":"B003KGBBRW","ProductIndex":5180}
{"itemId":"B000BM8RFM","ProductIndex":2903}
{"itemId":"B0002229JQ","ProductIndex":21715}
{"itemId":"B003YA0BT8","ProductIndex":14695}
{"itemId":"B009T0NNRO","ProductIndex":13281}
{"itemId":"B008ILJZRC","ProductIndex":43574}
{"itemId":"B00BQH8UEY","ProductIndex":1123}
{"itemId":"B004NO0L4O","ProductIndex":26149}
{"itemId":"B00A3LQTDS","ProductIndex":8324}
{"itemId":"B00CFCTDMC","ProductIndex":16080}
{"itemId":"B001MUHTFG","ProductIndex":74983}
{"itemId":"B0045Y1IMQ","ProductIndex":6854}
{"itemId":"B004C4ZQI6","ProductIndex":24656}
{"itemId":"B0035EFZPI","ProductIndex":21925}
{"itemId":"B0039XQL2G","ProductIndex":13819}
{"itemId":"B000ARSLB8","ProductIndex":5133}
{"itemId":"B006Q4MBZQ","ProductIndex":39076}
{"itemId":"B00007FWP2","ProductIndex":7117}
{"itemId":"B009YG7FPY","ProductIndex":16381}
{"itemId":"B00383LN2A","ProductIndex":204307}
{"itemId":"B0089WLYII","ProductIndex":7887}
{"itemId":"B000B8FRF4","ProductIndex":54730}
{"itemId":"B000JEUOB2","ProductIndex":22685}
{"itemId":"B004ZMG55I","ProductIndex":4082}
{"itemId":"B00CB0HZAU","ProductIndex":53401}
{"itemId":"B000QEN00C","ProductIndex":61792}
{"itemId":"B009WS2NGK","ProductIndex":17777}
{"itemId":"B004RIZG3C","ProductIndex":92469}
{"itemId":"B001129GGK","ProductIndex":62278}
{"itemId":"B00DMS9QRU","ProductIndex":3810}
{"itemId":"B008CXTX5U","ProductIndex":25513}
{"itemId":"B008G2SD4E","ProductIndex":110064}
{"itemId":"B00CLVNEXQ","ProductIndex":81238}
{"itemId":"B00CFEV1LQ","ProductIndex":30247}
{"itemId":"B002IKKF5K","ProductIndex":15550}
{"itemId":"B003TQUFJ8","ProductIndex":104074}
{"itemId":"B002ICN1GS","ProductIndex":8218}
{"itemId":"B0011TS8LM","ProductIndex":694}
{"itemId":"B008HUAVHW","ProductIndex":55140}
{"itemId":"B00AM4DKYC","ProductIndex":35914}
{"itemId":"B00EALR73S","ProductIndex":160002}
{"itemId":"B004HO59Z6","ProductIndex":11458}
{"itemId":"B00BAYNJLW","ProductIndex":154687}
{"itemId":"B001VJ465O","ProductIndex":19800}
{"itemId":"B008AVWQ1W","ProductIndex":61491}
{"itemId":"B003AVMRPM","ProductIndex":9908}
{"itemId":"B001D0IVL6","ProductIndex":129398}
{"itemId":"B0013FFOBG","ProductIndex":16220}
{"itemId":"B001BVSGSU","ProductIndex":61623}
{"itemId":"B0014CV92G","ProductIndex":21996}
{"itemId":"B004BLK24S","ProductIndex":2309}
{"itemId":"B000O2KIKG","ProductIndex":31815}
{"itemId":"B000RAPAOE","ProductIndex":25515}
{"itemId":"B005OY3S9M","ProductIndex":52031}
{"itemId":"B000MDY7K4","ProductIndex":11042}
{"itemId":"B002Q42R9K","ProductIndex":39296}
{"itemId":"B002MSNS4S","ProductIndex":7342}
{"itemId":"B0002IG356","ProductIndex":11130}
{"itemId":"B0035JKJB8","ProductIndex":55132}
{"itemId":"B00GOUBT6E","ProductIndex":4772}
{"itemId":"B00HMREOLK","ProductIndex":9239}
{"itemId":"B007HBTHVI","ProductIndex":39480}
{"itemId":"B006G7BC5S","ProductIndex":86274}
{"itemId":"B007JPVT8G","ProductIndex":1967}
{"itemId":"B0031ANZPS","ProductIndex":9629}
{"itemId":"B003WGMVL0","ProductIndex":21471}
{"itemId":"B0030I37PY","ProductIndex":36287}
{"itemId":"B004HAX7OU","ProductIndex":45050}
{"itemId":"B00009X7VE","ProductIndex":56964}
{"itemId":"B0084IKDS4","ProductIndex":12422}
{"itemId":"B00115EP7M","ProductIndex":18929}
{"itemId":"B008PWN0I4","ProductIndex":47165}
{"itemId":"B004U2LC7E","ProductIndex":59139}
{"itemId":"B000GW5CNW","ProductIndex":72362}
{"itemId":"B009W7ZVS8","ProductIndex":24249}
{"itemId":"B009LJM68U","ProductIndex":48482}
{"itemId":"B001O92JFK","ProductIndex":2562}
{"itemId":"B00CZ7O3H2","ProductIndex":36119}
{"itemId":"B00B7SP7IE","ProductIndex":45736}
{"itemId":"B003BWWLWY","ProductIndex":27271}
{"itemId":"B0088K7QUQ","ProductIndex":21482}
{"itemId":"B0032GV0XK","ProductIndex":27450}
{"itemId":"B003YFHE9I","ProductIndex":9392}
{"itemId":"B003WGHN7M","ProductIndex":24422}
{"itemId":"B001FBOC3O","ProductIndex":106955}
{"itemId":"B00E4LGVYA","ProductIndex":92894}
{"itemId":"B0031AK5CE","ProductIndex":57763}
{"itemId":"B00BFRS1MQ","ProductIndex":170400}
{"itemId":"B001MQ2ZP4","ProductIndex":25940}
{"itemId":"B002KCVPF0","ProductIndex":72908}
{"itemId":"B0044C5AQY","ProductIndex":19326}
{"itemId":"B0009WRUZ2","ProductIndex":46824}
{"itemId":"B0016RO20U","ProductIndex":113492}
{"itemId":"B005ZKFXL6","ProductIndex":25494}
{"itemId":"B004XYG0V2","ProductIndex":12691}
{"itemId":"B009K5WSNI","ProductIndex":8072}
{"itemId":"B0006VHVB4","ProductIndex":33812}
{"itemId":"B003JQLPYC","ProductIndex":23337}
{"itemId":"B004N1FHQ4","ProductIndex":36338}
{"itemId":"B000F5PM7Q","ProductIndex":71344}
{"itemId":"B005F9QJ6U","ProductIndex":157084}
{"itemId":"B004DUMUAG","ProductIndex":85546}
{"itemId":"B004XNNZPM","ProductIndex":121208}
{"itemId":"B00B865DKW","ProductIndex":100458}
{"itemId":"B000NPZ4D0","ProductIndex":15889}
{"itemId":"B0010K6TUO","ProductIndex":50067}
{"itemId":"B001I23XR6","ProductIndex":24118}
{"itemId":"B003E3029Y","ProductIndex":10263}
{"itemId":"B000TII90G","ProductIndex":38968}
{"itemId":"B004RD9CAA","ProductIndex":47942}
{"itemId":"B00CMNZ45Y","ProductIndex":96318}
{"itemId":"B00007FHDR","ProductIndex":91260}
{"itemId":"B000Y2KI6K","ProductIndex":35524}
{"itemId":"B0030NL6FW","ProductIndex":21357}
{"itemId":"B0002UHUME","ProductIndex":32477}
{"itemId":"B00DPA28R0","ProductIndex":99638}
{"itemId":"B0035LD5P8","ProductIndex":103732}
{"itemId":"B007R4UZK2","ProductIndex":139307}
{"itemId":"B006G2J8V8","ProductIndex":14849}
{"itemId":"B00000K2YR","ProductIndex":2255}
{"itemId":"B00BQA5BWU","ProductIndex":11443}
{"itemId":"B0001GGXQI","ProductIndex":13876}
{"itemId":"B001IEXOFK","ProductIndex":29711}
{"itemId":"B00564YYWU","ProductIndex":124619}
{"itemId":"B002XQP0AY","ProductIndex":106254}
{"itemId":"B0002YE5KK","ProductIndex":160936}
{"itemId":"B002BH4NFS","ProductIndex":97788}
{"itemId":"B00AR5FJNQ","ProductIndex":34413}
{"itemId":"B00C46DX4S","ProductIndex":41993}
{"itemId":"B009C52W5K","ProductIndex":87739}
{"itemId":"B001FAAH6Q","ProductIndex":88470}
{"itemId":"B002TSL258","ProductIndex":65996}
{"itemId":"B009XN5N7A","ProductIndex":51362}
{"itemId":"B00IX2VGFA","ProductIndex":4821}
{"itemId":"B002VAQDVM","ProductIndex":46986}
{"itemId":"B004FEEZIA","ProductIndex":43169}
{"itemId":"B00BL9WDI6","ProductIndex":57852}
{"itemId":"B009AF5BJQ","ProductIndex":37184}
{"itemId":"B001J8V5JC","ProductIndex":195926}
{"itemId":"B0042JEAJ2","ProductIndex":71570}
{"itemId":"B0017TXE56","ProductIndex":34402}
{"itemId":"B000A40M22","ProductIndex":34132}
{"itemId":"B00D94DLLY","ProductIndex":33570}
{"itemId":"B008ER32W4","ProductIndex":10244}
{"itemId":"B005PM58DM","ProductIndex":12136}
{"itemId":"B001I2GY1I","ProductIndex":53089}
{"itemId":"B003QAGBBI","ProductIndex":36879}
{"itemId":"B0098O9TRO","ProductIndex":7345}
{"itemId":"B001JID8CY","ProductIndex":173150}
{"itemId":"B005OOSKXG","ProductIndex":9311}
{"itemId":"B003R7KMQU","ProductIndex":49790}
{"itemId":"B000JQ36Z6","ProductIndex":27843}
{"itemId":"B009IJMLGA","ProductIndex":9555}
{"itemId":"B003UVCSZ6","ProductIndex":7426}
{"itemId":"B007763B42","ProductIndex":40571}
{"itemId":"B000V2NUD6","ProductIndex":31345}
{"itemId":"B003UIXG9G","ProductIndex":127295}
{"itemId":"B000IF9OVS","ProductIndex":102852}
{"itemId":"B00BI4JX2I","ProductIndex":22742}
{"itemId":"B001F83YC2","ProductIndex":68323}
{"itemId":"B007XCRPQA","ProductIndex":66021}
{"itemId":"B000KHQKM0","ProductIndex":53650}
{"itemId":"B00015GYT0","ProductIndex":62526}
{"itemId":"B008RHZNY6","ProductIndex":44365}
{"itemId":"B002Y64NDI","ProductIndex":126966}
{"itemId":"B004YIFOZK","ProductIndex":6882}
{"itemId":"B00F86RO96","ProductIndex":38197}
{"itemId":"B008915L2O","ProductIndex":13253}
{"itemId":"B00068YUPM","ProductIndex":4887}
{"itemId":"B00AYUZARY","ProductIndex":18831}
{"itemId":"B008PWU6HM","ProductIndex":46186}
{"itemId":"B000B9SKQG","ProductIndex":188460}
{"itemId":"B003DVXAAA","ProductIndex":139148}
{"itemId":"B0041G62SI","ProductIndex":17366}
{"itemId":"B0052FR8BW","ProductIndex":204933}
{"itemId":"B001Q6DQT4","ProductIndex":16986}
{"itemId":"B00187FP54","ProductIndex":81153}
{"itemId":"B0046FMRGA","ProductIndex":11743}
{"itemId":"B00K6O0H2Q","ProductIndex":177841}
{"itemId":"B007F41CCY","ProductIndex":26465}
{"itemId":"B0007WRQQ2","ProductIndex":21648}
{"itemId":"B0051MMKA0","ProductIndex":59611}
{"itemId":"B0074ND9ZE","ProductIndex":116085}
{"itemId":"B0089NWYBI","ProductIndex":108473}
{"itemId":"B000PCQ4EY","ProductIndex":78238}
{"itemId":"B0002MRO2S","ProductIndex":14073}
{"itemId":"B008DCOYH2","ProductIndex":44018}
{"itemId":"B000NTK73S","ProductIndex":38350}
{"itemId":"B003V4VD0S","ProductIndex":14131}
{"itemId":"B0001DHHI4","ProductIndex":47769}
{"itemId":"B002PIFLVS","ProductIndex":75393}
{"itemId":"B009EN23ZE","ProductIndex":76861}
{"itemId":"B0009VE21S","ProductIndex":59424}
{"itemId":"B00ENE6MY2","ProductIndex":174692}
{"itemId":"B0002KR1LO","ProductIndex":47845}
{"itemId":"B0013AG3DY","ProductIndex":27185}
{"itemId":"B002P8M8HS","ProductIndex":21329}
{"itemId":"B007Q2ISKO","ProductIndex":34234}
{"itemId":"B007EZIF3S","ProductIndex":84538}
{"itemId":"B004NROYUI","ProductIndex":90270}
{"itemId":"B00BENH4L0","ProductIndex":32212}
{"itemId":"B0098QJGYI","ProductIndex":76139}
{"itemId":"B00768HP3Y","ProductIndex":96558}
{"itemId":"B005R3UFQO","ProductIndex":45126}
{"itemId":"B002TSLYVK","ProductIndex":128670}
{"itemId":"B005O6LWG6","ProductIndex":123700}
{"itemId":"B008J127XK","ProductIndex":16725}
{"itemId":"B003Z6QF32","ProductIndex":163709}
{"itemId":"B005QBK74M","ProductIndex":197380}
{"itemId":"B003Q6CUD0","ProductIndex":7948}
{"itemId":"B001HR5G18","ProductIndex":73056}
{"itemId":"B0000CEJUO","ProductIndex":35295}
{"itemId":"B002LITT5Q","ProductIndex":15298}
{"itemId":"B004J79I6C","ProductIndex":55249}
{"itemId":"B00HPQGTI4","ProductIndex":38166}
{"itemId":"B004XM9S7C","ProductIndex":47217}
{"itemId":"B00006IFT1","ProductIndex":82507}
{"itemId":"B00605NMYA","ProductIndex":70355}
{"itemId":"B00GRDLR8I","ProductIndex":116805}
{"itemId":"B004FN1BJ2","ProductIndex":109222}
{"itemId":"B0011ZNDH0","ProductIndex":50870}
{"itemId":"B000MT6AA8","ProductIndex":48360}
{"itemId":"B00G9UXDXG","ProductIndex":36888}
{"itemId":"B001AALJ2M","ProductIndex":12796}
{"itemId":"B000ENQT1W","ProductIndex":19833}
{"itemId":"B003IMAEL2","ProductIndex":74498}
{"itemId":"B00004YN0E","ProductIndex":144585}
{"itemId":"B004Q7I9EW","ProductIndex":48275}
{"itemId":"B0034UWL50","ProductIndex":123640}
{"itemId":"B000EVQ3PQ","ProductIndex":33387}
{"itemId":"B00CTHQQD2","ProductIndex":62025}
{"itemId":"B007PREO62","ProductIndex":59187}
{"itemId":"B003JMLXDE","ProductIndex":57412}
{"itemId":"B001B6EAOY","ProductIndex":24024}
{"itemId":"B0015AHRR8","ProductIndex":23857}
{"itemId":"B000P6R45S","ProductIndex":53147}
{"itemId":"B005HJD5BU","ProductIndex":171451}
{"itemId":"B0045ORC26","ProductIndex":133812}
{"itemId":"B003CNYMHO","ProductIndex":77532}
{"itemId":"B0034BWR4O","ProductIndex":185442}
{"itemId":"B002ED98RW","ProductIndex":147387}
{"itemId":"B007W1M6WK","ProductIndex":21396}
{"itemId":"B000N5UW96","ProductIndex":62391}
{"itemId":"B004M3UKL0","ProductIndex":157714}
{"itemId":"B0009F3MQK","ProductIndex":57211}
{"itemId":"B003XCHBH2","ProductIndex":30802}
{"itemId":"B003EM2WAW","ProductIndex":49878}
{"itemId":"B001BO4INY","ProductIndex":62607}
{"itemId":"B0069RZ102","ProductIndex":104774}
{"itemId":"B000PHS8HK","ProductIndex":146206}
{"itemId":"B004XNLLQM","ProductIndex":34792}
{"itemId":"B0011EAYO6","ProductIndex":40810}
{"itemId":"B004RJFTKG","ProductIndex":11538}
{"itemId":"B00400NGOI","ProductIndex":43955}
{"itemId":"B00007AJ8B","ProductIndex":126605}
{"itemId":"B003JCN5BM","ProductIndex":163921}
{"itemId":"B0034NGZWM","ProductIndex":16235}
{"itemId":"B002RSQ732","ProductIndex":20570}
{"itemId":"B009W65IZA","ProductIndex":86663}
{"itemId":"B000WDW6G6","ProductIndex":59082}
{"itemId":"B000243DFI","ProductIndex":80145}
{"itemId":"B0053QSDB4","ProductIndex":154603}
{"itemId":"B004D7K5LA","ProductIndex":91123}
{"itemId":"B0069RYQQC","ProductIndex":39610}
{"itemId":"B00DYI3NCC","ProductIndex":184893}
{"itemId":"B004NNRRN8","ProductIndex":131402}
{"itemId":"B0002MK82G","ProductIndex":62498}
{"itemId":"B00BCS25ZM","ProductIndex":58833}
{"itemId":"B003E2VUTQ","ProductIndex":68188}
{"itemId":"B001R6NGG6","ProductIndex":26875}
{"itemId":"B000TDENTW","ProductIndex":94439}
{"itemId":"B003BLLQP8","ProductIndex":148880}
{"itemId":"B0056X78UG","ProductIndex":62022}
{"itemId":"B00FFXWJJM","ProductIndex":187078}
{"itemId":"B001UHOR4W","ProductIndex":38283}
{"itemId":"B005P1ZLAI","ProductIndex":133999}
{"itemId":"B004LCN0XW","ProductIndex":100607}
{"itemId":"B0054EPPVQ","ProductIndex":31292}
{"itemId":"B0000AE6BS","ProductIndex":57567}
{"itemId":"B000PELWOE","ProductIndex":108294}
{"itemId":"B0009UZ4I4","ProductIndex":164883}
{"itemId":"B002N2Z332","ProductIndex":71038}
{"itemId":"B00007GQLT","ProductIndex":30265}
{"itemId":"B0058TMLLY","ProductIndex":159585}
{"itemId":"B005JW7FMU","ProductIndex":148813}
{"itemId":"B005BCPLRY","ProductIndex":155001}
{"itemId":"B00DQZSAXU","ProductIndex":38800}
{"itemId":"B003I86PIM","ProductIndex":14810}
{"itemId":"B0002V240G","ProductIndex":105356}
{"itemId":"B00AQCQ4SE","ProductIndex":203985}
{"itemId":"B007N6RNMW","ProductIndex":194501}
{"itemId":"B005ONDZ9Q","ProductIndex":87702}
{"itemId":"B008IEGSGK","ProductIndex":67793}
{"itemId":"B000HA7HU4","ProductIndex":70514}
{"itemId":"B0011YNUOM","ProductIndex":55131}
{"itemId":"B00CO8KTDY","ProductIndex":168467}
{"itemId":"B000RLBX30","ProductIndex":33714}
{"itemId":"B009WTPYK6","ProductIndex":27293}
{"itemId":"B00006IRXW","ProductIndex":124769}
{"itemId":"B004VO8N9G","ProductIndex":80140}
{"itemId":"B002HHMIX6","ProductIndex":42878}
{"itemId":"B0000304ZO","ProductIndex":105796}
{"itemId":"B001HA51Z6","ProductIndex":75645}
{"itemId":"B002HWYHI0","ProductIndex":135321}
{"itemId":"B0001JSSKY","ProductIndex":66655}
{"itemId":"B001Q967TM","ProductIndex":59322}
{"itemId":"B0058LXY3G","ProductIndex":195525}
{"itemId":"B004GKM5DA","ProductIndex":92309}
{"itemId":"B002JFEZU0","ProductIndex":160048}
{"itemId":"B00A0140JG","ProductIndex":123352}
{"itemId":"B00659KR76","ProductIndex":56671}
{"itemId":"B004BOG762","ProductIndex":74340}
{"itemId":"B005H3QHUC","ProductIndex":161943}
{"itemId":"B0009JR5KA","ProductIndex":60007}
{"itemId":"B0016GAKDY","ProductIndex":58854}
{"itemId":"B001B01318","ProductIndex":146060}
{"itemId":"B001B8PIKC","ProductIndex":145802}
{"itemId":"B004W58IOO","ProductIndex":107027}
{"itemId":"B00126GFAU","ProductIndex":105725}
{"itemId":"B0081YPYE4","ProductIndex":155607}
{"itemId":"B008RDWLIG","ProductIndex":151917}
{"itemId":"B0001GRTWA","ProductIndex":98464}
{"itemId":"B004SC4V3I","ProductIndex":66744}
{"itemId":"B00000J4C9","ProductIndex":59981}
{"itemId":"B002BH4NPI","ProductIndex":60752}
{"itemId":"B006ZPPD92","ProductIndex":94626}
{"itemId":"B00204U42I","ProductIndex":189345}
{"itemId":"B0002KQZR0","ProductIndex":59188}
{"itemId":"B006DRDO84","ProductIndex":205358}
{"itemId":"B009YCWAQC","ProductIndex":19654}
{"itemId":"B008TBWJ60","ProductIndex":168851}
{"itemId":"B0053QROCS","ProductIndex":181185}
{"itemId":"B002D35S6S","ProductIndex":103523}
{"itemId":"B00D8T886S","ProductIndex":14227}
{"itemId":"B003N3WH70","ProductIndex":78291}
{"itemId":"B004S7WTJQ","ProductIndex":16073}
{"itemId":"B003PB22FW","ProductIndex":101859}
{"itemId":"B0010NPSWQ","ProductIndex":136673}
{"itemId":"B0080E1JOE","ProductIndex":130854}
{"itemId":"B00A7J2RPA","ProductIndex":16761}
{"itemId":"B001TH9Y64","ProductIndex":79028}
{"itemId":"B003WFBFEA","ProductIndex":127708}
{"itemId":"B007Z33SYA","ProductIndex":63937}
{"itemId":"B0054C3BO6","ProductIndex":64267}
{"itemId":"B003EQXVMG","ProductIndex":172803}
{"itemId":"B008ATU2X8","ProductIndex":75539}
{"itemId":"B00I0I4IGQ","ProductIndex":50302}
{"itemId":"B0000YCFEK","ProductIndex":34336}
{"itemId":"B00008MOPH","ProductIndex":102835}
{"itemId":"B006GTDPYM","ProductIndex":26688}
{"itemId":"B00DMLTQMW","ProductIndex":49344}
{"itemId":"B00009W3U8","ProductIndex":50945}
{"itemId":"B00E40L7S6","ProductIndex":37473}
{"itemId":"B005AER6WG","ProductIndex":57205}
{"itemId":"B006RAXKYA","ProductIndex":51086}
{"itemId":"B007NEZIJ4","ProductIndex":75843}
{"itemId":"B003FMUPA0","ProductIndex":11850}
{"itemId":"B000NDZEFK","ProductIndex":135199}
{"itemId":"B00004SD9O","ProductIndex":76953}
{"itemId":"B007BK4U4Y","ProductIndex":158011}
{"itemId":"B003UYKGOS","ProductIndex":103671}
{"itemId":"B000S6NYW2","ProductIndex":56451}
{"itemId":"B001KZH6LA","ProductIndex":72234}
{"itemId":"B000ARIT5G","ProductIndex":27757}
{"itemId":"B00918N4A0","ProductIndex":34147}
{"itemId":"0594012015","ProductIndex":198952}
{"itemId":"B001U9SEUS","ProductIndex":61159}
{"itemId":"B00CX4ALGO","ProductIndex":76815}
{"itemId":"B004AUR568","ProductIndex":168288}
{"itemId":"B0033PROLM","ProductIndex":53932}
{"itemId":"B008Z789NU","ProductIndex":95207}
{"itemId":"B001TH78TO","ProductIndex":137433}
{"itemId":"B000KZA1OU","ProductIndex":57261}
{"itemId":"B0001XGQ0E","ProductIndex":92786}
{"itemId":"B002107HBC","ProductIndex":12568}
{"itemId":"B003L1LPJU","ProductIndex":134037}
{"itemId":"B00A39ENCO","ProductIndex":58373}
{"itemId":"B003W1SHU4","ProductIndex":112469}
{"itemId":"B0067Z6BNC","ProductIndex":49014}
{"itemId":"B004SIZL04","ProductIndex":141933}
{"itemId":"B001KBZ3Q4","ProductIndex":106215}
{"itemId":"B005GQ6D2C","ProductIndex":56960}
{"itemId":"B003M5AD9S","ProductIndex":87471}
{"itemId":"B001WNL2VA","ProductIndex":154357}
{"itemId":"B00BD8T5HM","ProductIndex":96464}
{"itemId":"B000NUVST4","ProductIndex":120045}
{"itemId":"B00GSV6TCI","ProductIndex":101886}
{"itemId":"B0067XTV4K","ProductIndex":72396}
{"itemId":"B00352LTK0","ProductIndex":113246}
{"itemId":"B007BTAMRY","ProductIndex":23497}
{"itemId":"B0001LS35M","ProductIndex":25675}
{"itemId":"B0030LOH3C","ProductIndex":196138}
{"itemId":"B00GX05NDU","ProductIndex":17926}
{"itemId":"B0011W4YNK","ProductIndex":39191}
{"itemId":"B005BKH7UA","ProductIndex":36632}
{"itemId":"B00DB9OONG","ProductIndex":58251}
{"itemId":"B00BMXH25U","ProductIndex":26432}
{"itemId":"B00B4FPCVC","ProductIndex":23734}
{"itemId":"B000CPR2ZY","ProductIndex":109507}
{"itemId":"B003LUFPIS","ProductIndex":75596}
{"itemId":"B000K52JLI","ProductIndex":199454}
{"itemId":"B002PA7QMI","ProductIndex":107279}
{"itemId":"B004T11M4E","ProductIndex":135998}
{"itemId":"B002ZXOXD0","ProductIndex":192350}
{"itemId":"B007P75APG","ProductIndex":87017}
{"itemId":"B007D8J4S6","ProductIndex":157058}
{"itemId":"B0002KR7FY","ProductIndex":29534}
{"itemId":"B00FEM9GA4","ProductIndex":104510}
{"itemId":"B002P8CZ3A","ProductIndex":42778}
{"itemId":"B0093HYWDC","ProductIndex":133856}
{"itemId":"B000KL0M98","ProductIndex":67319}
{"itemId":"B0096WBK1Q","ProductIndex":102087}
{"itemId":"B001N84MVG","ProductIndex":17584}
{"itemId":"B005HQFMK0","ProductIndex":48679}
{"itemId":"B003UYT3YW","ProductIndex":112475}
{"itemId":"B00563P2FO","ProductIndex":171933}
{"itemId":"B0000XMTW4","ProductIndex":125389}
{"itemId":"B008QUC1AS","ProductIndex":162439}
{"itemId":"B000UTFEAW","ProductIndex":67827}
{"itemId":"B0016SMQHU","ProductIndex":175454}
{"itemId":"B0015VS28U","ProductIndex":57490}
{"itemId":"B0012UGJNY","ProductIndex":70261}
{"itemId":"B00006346V","ProductIndex":182743}
{"itemId":"B0047E3GJM","ProductIndex":36224}
{"itemId":"B004813AXG","ProductIndex":32963}
{"itemId":"B001Q450KO","ProductIndex":69843}
{"itemId":"B000EIUAGC","ProductIndex":103228}
{"itemId":"B0002PCSYE","ProductIndex":63380}
{"itemId":"B00D1CBLGQ","ProductIndex":165725}
{"itemId":"B00A9LI2J6","ProductIndex":93248}
{"itemId":"B000MT7BBU","ProductIndex":114521}
{"itemId":"B00FPNVFAG","ProductIndex":175396}
{"itemId":"B00HRXSLF4","ProductIndex":101450}
{"itemId":"B005DBOPD4","ProductIndex":108375}
{"itemId":"B00006RVTR","ProductIndex":69919}
{"itemId":"B004O8NZBU","ProductIndex":205692}
{"itemId":"B000YN0VWU","ProductIndex":46206}
{"itemId":"B005PUZQ04","ProductIndex":98271}
{"itemId":"B005CZD8HA","ProductIndex":58543}
{"itemId":"B0043AANM8","ProductIndex":142344}
{"itemId":"B00008IOUE","ProductIndex":32671}
{"itemId":"B007JLDGA4","ProductIndex":96289}
{"itemId":"B0018MU0EA","ProductIndex":160608}
{"itemId":"B00AJYCAGE","ProductIndex":139199}
{"itemId":"B004FN0T5E","ProductIndex":100650}
{"itemId":"B002HNY23O","ProductIndex":40442}
{"itemId":"B000FS6MZO","ProductIndex":108755}
{"itemId":"B0044ZXFFO","ProductIndex":69942}
{"itemId":"B001Q9ER5I","ProductIndex":133146}
{"itemId":"B004GUT33A","ProductIndex":39448}
{"itemId":"B003D1CBY6","ProductIndex":104730}
{"itemId":"B00FXRZZA0","ProductIndex":81596}
{"itemId":"B008O37ELI","ProductIndex":45531}
{"itemId":"B004M9A1TU","ProductIndex":81557}
{"itemId":"B0043IA5K0","ProductIndex":131293}
{"itemId":"B008B136Q0","ProductIndex":102296}
{"itemId":"B0041J562S","ProductIndex":185433}
{"itemId":"B000GH01HY","ProductIndex":113342}
{"itemId":"B0060NOYUI","ProductIndex":49648}
{"itemId":"B005H2CN38","ProductIndex":72265}
{"itemId":"B0009GU4GA","ProductIndex":135600}
{"itemId":"B000LRLIG2","ProductIndex":117738}
{"itemId":"B00CCSF6OI","ProductIndex":73489}
{"itemId":"B00AMXMV3O","ProductIndex":91101}
{"itemId":"B003NNLAMI","ProductIndex":32268}
{"itemId":"B00178NHLI","ProductIndex":160874}
{"itemId":"B0000DBMMM","ProductIndex":113916}
{"itemId":"B001PID9C2","ProductIndex":133734}
{"itemId":"B002UWIBT8","ProductIndex":91546}
{"itemId":"B00C5AWLU0","ProductIndex":31928}
{"itemId":"B00JLAPFGE","ProductIndex":146458}
{"itemId":"B000E873QM","ProductIndex":42040}
{"itemId":"B008VJTROC","ProductIndex":39137}
{"itemId":"B001EW2UJM","ProductIndex":97804}
{"itemId":"B00009R8OE","ProductIndex":88319}
{"itemId":"B00CIELUKU","ProductIndex":105360}
{"itemId":"B003I7N7K2","ProductIndex":77640}
{"itemId":"B0045WD46G","ProductIndex":163525}
{"itemId":"B006FBJ2MU","ProductIndex":108397}
{"itemId":"B003K1L85C","ProductIndex":83496}
{"itemId":"B00004Z5N3","ProductIndex":164988}
{"itemId":"B00K962E0O","ProductIndex":98339}
{"itemId":"B008G4SFJA","ProductIndex":133246}
{"itemId":"B00B1UYFUE","ProductIndex":123554}
{"itemId":"B007XAG45U","ProductIndex":83403}
{"itemId":"B002USMTWC","ProductIndex":39053}
{"itemId":"B009R7DS4C","ProductIndex":60959}
{"itemId":"B0041O5ZCO","ProductIndex":159075}
{"itemId":"B005FRI3IE","ProductIndex":35187}
{"itemId":"B0009JR47E","ProductIndex":74080}
{"itemId":"B0081WPKOK","ProductIndex":147804}
{"itemId":"B000F1N0KQ","ProductIndex":143178}
{"itemId":"B004WLK4K4","ProductIndex":82371}
{"itemId":"B003VRS2BI","ProductIndex":175484}
{"itemId":"B0000SWJ3S","ProductIndex":150566}
{"itemId":"B00495XKU4","ProductIndex":90382}
{"itemId":"B002BUJE8G","ProductIndex":171290}
{"itemId":"B002RL8IHM","ProductIndex":49228}
{"itemId":"B000ZLXXL2","ProductIndex":102984}
{"itemId":"B00004Z97S","ProductIndex":90752}
{"itemId":"B00004SD8X","ProductIndex":156694}
{"itemId":"B002Z39YG6","ProductIndex":195016}
{"itemId":"B002PDH4EU","ProductIndex":155632}
{"itemId":"B00425I2YU","ProductIndex":38530}
{"itemId":"B000MYMO2Q","ProductIndex":150927}
{"itemId":"B00005T3FO","ProductIndex":21164}
{"itemId":"B0032HOL4E","ProductIndex":80955}
{"itemId":"B001N87XVW","ProductIndex":82766}
{"itemId":"B000BAZFGS","ProductIndex":44662}
{"itemId":"B0012BWMKW","ProductIndex":57347}
{"itemId":"B007ZL0PI4","ProductIndex":49709}
{"itemId":"B00H4J7Z3K","ProductIndex":120782}
{"itemId":"B005BOMYWC","ProductIndex":43843}
{"itemId":"B0079TAK5K","ProductIndex":34813}
{"itemId":"B000EBLAB8","ProductIndex":63039}
{"itemId":"B004ECGDVA","ProductIndex":160805}
{"itemId":"B007STD6M0","ProductIndex":114123}
{"itemId":"B001TH8OSI","ProductIndex":84160}
{"itemId":"B00000J05Y","ProductIndex":202608}
{"itemId":"B00005RD8O","ProductIndex":174056}
{"itemId":"B004UNUMR4","ProductIndex":117954}
{"itemId":"B00BQUWZ56","ProductIndex":49388}
{"itemId":"B0009STGX0","ProductIndex":62452}
{"itemId":"B00166V2WC","ProductIndex":133733}
{"itemId":"B004TGYC28","ProductIndex":106039}
{"itemId":"B0088QE3DS","ProductIndex":107395}
{"itemId":"B0036DDXTS","ProductIndex":135455}
{"itemId":"B00CYSOL06","ProductIndex":87892}
{"itemId":"B00AQ2RLEK","ProductIndex":71286}
{"itemId":"B007NMP5OE","ProductIndex":206423}
{"itemId":"B007GNMMNM","ProductIndex":186172}
{"itemId":"B000S66KZ0","ProductIndex":149131}
{"itemId":"B002MUAC5E","ProductIndex":62673}
{"itemId":"B008D74UN0","ProductIndex":106468}
{"itemId":"B00493TFI2","ProductIndex":63939}
{"itemId":"B003Z4VVLU","ProductIndex":98037}
{"itemId":"B000HJ7S90","ProductIndex":111645}
{"itemId":"B006RQKWTU","ProductIndex":25504}
{"itemId":"B003QAHKCW","ProductIndex":57857}
{"itemId":"B007NDA3VS","ProductIndex":180721}
{"itemId":"B008UVIT7M","ProductIndex":42299}
{"itemId":"B005Z07XU0","ProductIndex":47155}
{"itemId":"B004LB5AQI","ProductIndex":77778}
{"itemId":"B008RUYD94","ProductIndex":51007}
{"itemId":"B003U4P2DI","ProductIndex":107228}
{"itemId":"B003E1U9GC","ProductIndex":88641}
{"itemId":"B000N7VPLS","ProductIndex":171957}
{"itemId":"B000J1CCG0","ProductIndex":106859}
{"itemId":"B00069QTMI","ProductIndex":90981}
{"itemId":"B000LJU28A","ProductIndex":121986}
{"itemId":"B009EMFXGQ","ProductIndex":55065}
{"itemId":"B00ARA74B6","ProductIndex":39691}
{"itemId":"B004NF2PEC","ProductIndex":192092}
{"itemId":"B003JUNS2A","ProductIndex":136200}
{"itemId":"B000H46OD6","ProductIndex":76418}
{"itemId":"B00006BSTZ","ProductIndex":174559}
{"itemId":"B00AW54ZF4","ProductIndex":33472}
{"itemId":"B003VTZE6M","ProductIndex":79273}
{"itemId":"B007PPEQI0","ProductIndex":72504}
{"itemId":"B008PUML7W","ProductIndex":171303}
{"itemId":"B0083KGX1Y","ProductIndex":32127}
{"itemId":"B006YGS9RK","ProductIndex":172082}
{"itemId":"B001PTHRL0","ProductIndex":70214}
{"itemId":"B0038OH8EG","ProductIndex":51826}
{"itemId":"B003SFVQV6","ProductIndex":48670}
{"itemId":"B000EGEWZY","ProductIndex":66931}
{"itemId":"B00BWK56W4","ProductIndex":181606}
{"itemId":"B000ECAW66","ProductIndex":56170}
{"itemId":"B000ECB4EK","ProductIndex":53910}
{"itemId":"B002K8VVV2","ProductIndex":129621}
{"itemId":"B0046TGWAS","ProductIndex":116139}
{"itemId":"B0019CGDWM","ProductIndex":97217}
{"itemId":"B004TNLWJC","ProductIndex":94675}
{"itemId":"B0049ZAPPW","ProductIndex":108315}
{"itemId":"B00825QQVC","ProductIndex":202021}
{"itemId":"B000TIBLF6","ProductIndex":68959}
{"itemId":"B000GEB6L2","ProductIndex":71702}
{"itemId":"B0007U0IAU","ProductIndex":103934}
{"itemId":"B006YURPS0","ProductIndex":104801}
{"itemId":"B009MP3MBS","ProductIndex":87641}
{"itemId":"B00D8BBKAW","ProductIndex":159660}
{"itemId":"B005SNRFJS","ProductIndex":75583}
{"itemId":"B002XUQYZ0","ProductIndex":177364}
{"itemId":"B0038L2GOG","ProductIndex":64780}
{"itemId":"B00B7YP0J4","ProductIndex":87476}
{"itemId":"B006NPNE6S","ProductIndex":199701}
{"itemId":"B002PK154S","ProductIndex":100945}
{"itemId":"B003FNIKQK","ProductIndex":151595}
{"itemId":"B004DU7V64","ProductIndex":83710}
{"itemId":"B0017K9F44","ProductIndex":94495}
{"itemId":"B007ZLGWC2","ProductIndex":170286}
{"itemId":"B00CBNVI50","ProductIndex":98947}
{"itemId":"B004FL2RYM","ProductIndex":103462}
{"itemId":"B001SV33F4","ProductIndex":195296}
{"itemId":"B003Y5MJZM","ProductIndex":135949}
{"itemId":"B0001FI51U","ProductIndex":41866}
{"itemId":"B00476USLO","ProductIndex":128104}
{"itemId":"B005ARF5OY","ProductIndex":130486}
{"itemId":"B005B28DPG","ProductIndex":92016}
{"itemId":"B00009R6SS","ProductIndex":187127}
{"itemId":"B006QQ1MGS","ProductIndex":170974}
{"itemId":"B004Z4UAJ8","ProductIndex":101201}
{"itemId":"B001BWBF5A","ProductIndex":44563}
{"itemId":"B000KBBKKI","ProductIndex":51900}
{"itemId":"B005TMTT24","ProductIndex":81424}
{"itemId":"B005NGO7IC","ProductIndex":106609}
{"itemId":"B001MRX2TQ","ProductIndex":64489}
{"itemId":"B001MQ8EB8","ProductIndex":62974}
{"itemId":"B005M3WLHA","ProductIndex":32950}
{"itemId":"B004KS8NWU","ProductIndex":65940}
{"itemId":"B002BY2DP8","ProductIndex":147092}
{"itemId":"B0009O140C","ProductIndex":86487}
{"itemId":"B000U23GTU","ProductIndex":154742}
{"itemId":"B0043TNXD0","ProductIndex":65150}
{"itemId":"B003ZZB8SU","ProductIndex":204976}
{"itemId":"B007RKQCO4","ProductIndex":45768}
{"itemId":"B001MQ4JI0","ProductIndex":193043}
{"itemId":"B002825WNI","ProductIndex":86486}
{"itemId":"B000VC857C","ProductIndex":78287}
{"itemId":"B00BQ46XZU","ProductIndex":167573}
{"itemId":"B0009HND94","ProductIndex":118278}
{"itemId":"B00CP04S4C","ProductIndex":113489}
{"itemId":"B007JZ9S4I","ProductIndex":81536}
{"itemId":"B000FAN2KK","ProductIndex":171142}
{"itemId":"B007UID2Z0","ProductIndex":124418}
{"itemId":"B0007CZ3BW","ProductIndex":113496}
{"itemId":"B007TFXRCC","ProductIndex":66163}
{"itemId":"B0002KR7BS","ProductIndex":89304}
{"itemId":"B00CI2MBE6","ProductIndex":161839}
{"itemId":"B004D30IPM","ProductIndex":108744}
{"itemId":"B00IO45CRU","ProductIndex":145176}
{"itemId":"B000KEX38M","ProductIndex":76728}
{"itemId":"B00B2CYPHY","ProductIndex":45961}
{"itemId":"B002YKU2E8","ProductIndex":71094}
{"itemId":"B0071I0N9M","ProductIndex":176858}
{"itemId":"B0018CZ52W","ProductIndex":75523}
{"itemId":"B00AFEJYBM","ProductIndex":116912}
{"itemId":"B001VNTQ64","ProductIndex":97145}
{"itemId":"B00CF5IBHM","ProductIndex":203775}
{"itemId":"B000E0ZQFK","ProductIndex":87829}
{"itemId":"B004W47HJ2","ProductIndex":117620}
{"itemId":"B0026110FK","ProductIndex":114843}
{"itemId":"B001AQVTWQ","ProductIndex":57404}
{"itemId":"B00B4KFF3C","ProductIndex":91570}
{"itemId":"B00008VFCR","ProductIndex":48871}
{"itemId":"B001QWTQRY","ProductIndex":47604}
{"itemId":"B0014D485A","ProductIndex":150601}
{"itemId":"B003ZAAFZW","ProductIndex":149049}
{"itemId":"B00004SD84","ProductIndex":108682}
{"itemId":"B00155BS28","ProductIndex":89080}
{"itemId":"B001AULN1Y","ProductIndex":106629}
{"itemId":"B003B4EQRA","ProductIndex":48884}
{"itemId":"B007RTA0G6","ProductIndex":132665}
{"itemId":"B004U2VNOG","ProductIndex":155879}
{"itemId":"B004HJIYMG","ProductIndex":124445}
{"itemId":"B0050FYLDM","ProductIndex":80795}
{"itemId":"B003W2TZUE","ProductIndex":111971}
{"itemId":"B00477I2NO","ProductIndex":202053}
{"itemId":"B00CHHCASY","ProductIndex":136069}
{"itemId":"B002P6DIT2","ProductIndex":189543}
{"itemId":"B008KE5EOA","ProductIndex":30378}
{"itemId":"B000XJM9GG","ProductIndex":170155}
{"itemId":"B00B8PKG46","ProductIndex":121915}
{"itemId":"B004EC1ZJ0","ProductIndex":84450}
{"itemId":"B00BG5C48Y","ProductIndex":168379}
{"itemId":"B006587TIW","ProductIndex":99963}
{"itemId":"B005FDEG7U","ProductIndex":89887}
{"itemId":"B000ZEN0UI","ProductIndex":152010}
{"itemId":"B00BD0NXYG","ProductIndex":160250}
{"itemId":"B00D1VX2HS","ProductIndex":63574}
{"itemId":"B00CS9CES2","ProductIndex":63946}
{"itemId":"B007Q30OHS","ProductIndex":123771}
{"itemId":"B000P343RI","ProductIndex":148093}
{"itemId":"B000MPNWN0","ProductIndex":160502}
{"itemId":"B003IFZMXE","ProductIndex":143344}
{"itemId":"B009IESECA","ProductIndex":141796}
{"itemId":"B00005YV4H","ProductIndex":181064}
{"itemId":"B004TDOKRS","ProductIndex":177420}
{"itemId":"B00AZ6I4OI","ProductIndex":96327}
{"itemId":"B003FCL1X0","ProductIndex":183185}
{"itemId":"B00763Y2D0","ProductIndex":189709}
{"itemId":"B004D2PM0Y","ProductIndex":101802}
{"itemId":"B005Z8PFZM","ProductIndex":175157}
{"itemId":"B00B4ZQS06","ProductIndex":126069}
{"itemId":"B00I4VVN2G","ProductIndex":197271}
{"itemId":"B003CFAHQC","ProductIndex":134811}
{"itemId":"B004I8ZBPY","ProductIndex":180099}
{"itemId":"B007R0WZPY","ProductIndex":70553}
{"itemId":"B0019BGDPA","ProductIndex":115278}
{"itemId":"B00744R51C","ProductIndex":176293}
{"itemId":"B00C32SNK2","ProductIndex":80689}
{"itemId":"B00502OG3U","ProductIndex":94733}
{"itemId":"B004T8EW08","ProductIndex":94927}
{"itemId":"B005NJNY9M","ProductIndex":60747}
{"itemId":"B005FVFL9E","ProductIndex":203320}
{"itemId":"B000ZZS0XY","ProductIndex":106071}
{"itemId":"B001MRVHV6","ProductIndex":120480}
{"itemId":"B00HRLSTSK","ProductIndex":201015}
{"itemId":"B004ELM5HW","ProductIndex":92485}
{"itemId":"B004SQ52UA","ProductIndex":133849}
{"itemId":"B003VNKN1O","ProductIndex":93739}
{"itemId":"B006MO0IY6","ProductIndex":143026}
{"itemId":"B000P1KLGM","ProductIndex":200862}
{"itemId":"B004V4L7MQ","ProductIndex":71100}
{"itemId":"B003FCPHMG","ProductIndex":119626}
{"itemId":"B000FSQ6EG","ProductIndex":138618}
{"itemId":"B0064L8L1Y","ProductIndex":54122}
{"itemId":"B0014BJIFC","ProductIndex":148041}
{"itemId":"B0000944ZW","ProductIndex":166864}
{"itemId":"B002O0KQ9E","ProductIndex":190504}
{"itemId":"B00ECQ7GQE","ProductIndex":140652}
{"itemId":"B002FVWKQ4","ProductIndex":81992}
{"itemId":"B000LOAQWC","ProductIndex":114436}
{"itemId":"B006FAJW8A","ProductIndex":116458}
{"itemId":"B00DG1646Y","ProductIndex":113744}
{"itemId":"B000B63KSC","ProductIndex":134907}
{"itemId":"B009VPPGJA","ProductIndex":207526}
{"itemId":"B007NOT3JK","ProductIndex":121616}
{"itemId":"B009EQJA5C","ProductIndex":119742}
{"itemId":"B001W2GAAY","ProductIndex":105000}
{"itemId":"B003YTAVYE","ProductIndex":190342}
{"itemId":"B00GJYPYNE","ProductIndex":143976}
{"itemId":"B006KAP4OQ","ProductIndex":128638}
{"itemId":"B002NPCD8M","ProductIndex":107650}
{"itemId":"B002AQDPB8","ProductIndex":100083}
{"itemId":"B008BBRVW0","ProductIndex":133278}
{"itemId":"B003CYM88S","ProductIndex":187213}
{"itemId":"B000NI8CL8","ProductIndex":132992}
{"itemId":"B00CJYQ2NE","ProductIndex":37735}
{"itemId":"B006QRQIWK","ProductIndex":65924}
{"itemId":"B002XJ2180","ProductIndex":105829}
{"itemId":"B009EJD4TC","ProductIndex":177394}
{"itemId":"B00064FXSY","ProductIndex":99627}
{"itemId":"B009NEIJOS","ProductIndex":87810}
{"itemId":"B00449FSFA","ProductIndex":154006}
{"itemId":"B003EW2ITW","ProductIndex":84559}
{"itemId":"B000065SP6","ProductIndex":134235}
{"itemId":"B0000W4U36","ProductIndex":116428}
{"itemId":"B00007G351","ProductIndex":170990}
{"itemId":"B001P935EI","ProductIndex":195903}
{"itemId":"B00007KQK2","ProductIndex":132372}
{"itemId":"B00CD665OE","ProductIndex":146443}
{"itemId":"B00GR4M7GI","ProductIndex":55374}
{"itemId":"B000V72AUA","ProductIndex":160646}
{"itemId":"B0047HNP36","ProductIndex":35241}
{"itemId":"B000YM3FWY","ProductIndex":121783}
{"itemId":"B009UG53X4","ProductIndex":159665}
{"itemId":"B003KLQNFM","ProductIndex":171754}
{"itemId":"B007ZYUWQG","ProductIndex":181310}
{"itemId":"B005MT9J60","ProductIndex":85599}
{"itemId":"B002V63G7K","ProductIndex":66948}
{"itemId":"B004O0CXAW","ProductIndex":189376}
{"itemId":"B009JC7X0K","ProductIndex":126903}
{"itemId":"B002B8WGQU","ProductIndex":137945}
{"itemId":"B00D6NH498","ProductIndex":128996}
{"itemId":"B000QCMOQK","ProductIndex":90845}
{"itemId":"B005NYIYWE","ProductIndex":194547}
{"itemId":"B001DXONOW","ProductIndex":75536}
{"itemId":"B000069L6H","ProductIndex":124260}
{"itemId":"B00GBRV52S","ProductIndex":59537}
{"itemId":"B00BENZ8VS","ProductIndex":178296}
{"itemId":"B004AWDH8G","ProductIndex":150774}
{"itemId":"B002PMN8C8","ProductIndex":163254}
{"itemId":"B00009OYA3","ProductIndex":90974}
{"itemId":"B007A3JG8C","ProductIndex":94969}
{"itemId":"B001TK7WOC","ProductIndex":106083}
{"itemId":"B00DGIITC4","ProductIndex":201692}
{"itemId":"B00A8RM84G","ProductIndex":113840}
{"itemId":"B00BGBR85M","ProductIndex":122636}
{"itemId":"B003XDU6EQ","ProductIndex":62108}
{"itemId":"B00BTN1BG4","ProductIndex":114151}
{"itemId":"B002KI9TWA","ProductIndex":124580}
{"itemId":"B00FHTGI5U","ProductIndex":128313}
{"itemId":"B00D8IPMMC","ProductIndex":138554}
{"itemId":"B008Q004KW","ProductIndex":110575}
{"itemId":"B005FJEKG6","ProductIndex":84286}
{"itemId":"B002JTZTY2","ProductIndex":59240}
{"itemId":"B004ZK1KAK","ProductIndex":175197}
{"itemId":"B001Q8WI6Y","ProductIndex":176133}
{"itemId":"B009QXFFZM","ProductIndex":121629}
{"itemId":"B00F4RASK6","ProductIndex":107606}
{"itemId":"B0095I7MR2","ProductIndex":118867}
{"itemId":"B00BWIDKJC","ProductIndex":73173}
{"itemId":"B0089MTP7K","ProductIndex":68318}
{"itemId":"B007KCUCWM","ProductIndex":130979}
{"itemId":"B003GRSLD2","ProductIndex":163668}
{"itemId":"B000I1BF8M","ProductIndex":63592}
{"itemId":"B003C1VANU","ProductIndex":85693}
{"itemId":"B001KI5YAM","ProductIndex":113175}
{"itemId":"B005SEADSW","ProductIndex":158550}
{"itemId":"B00524WJH6","ProductIndex":52056}
{"itemId":"B000BDG9F6","ProductIndex":142883}
{"itemId":"B000LPWFZM","ProductIndex":143620}
{"itemId":"B0002YBXGO","ProductIndex":144914}
{"itemId":"B003KVBQGS","ProductIndex":206437}
{"itemId":"B002JH446S","ProductIndex":166573}
{"itemId":"B005CSOODY","ProductIndex":56949}
{"itemId":"B005XDLELI","ProductIndex":108350}
{"itemId":"B007QEF0EO","ProductIndex":190309}
{"itemId":"B006ZLJRO8","ProductIndex":70367}
{"itemId":"B0017XLCYC","ProductIndex":94691}
{"itemId":"B009GXZ6G0","ProductIndex":114665}
{"itemId":"B0012VRBHQ","ProductIndex":169279}
{"itemId":"B0016ZWRYA","ProductIndex":168969}
{"itemId":"B001EPL6JY","ProductIndex":169073}
{"itemId":"B0068V23KA","ProductIndex":203725}
{"itemId":"B003YKWAMY","ProductIndex":92196}
{"itemId":"B004CGYBRG","ProductIndex":189747}
{"itemId":"B000WUVVOC","ProductIndex":205060}
{"itemId":"B00157MH58","ProductIndex":77991}
{"itemId":"B009JXR8Z4","ProductIndex":92348}
{"itemId":"B007D5SM1O","ProductIndex":146392}
{"itemId":"B000063XJ6","ProductIndex":142821}
{"itemId":"B00GTU7GS4","ProductIndex":169805}
{"itemId":"B000ANH1EA","ProductIndex":206724}
{"itemId":"B004FQX0NO","ProductIndex":54203}
{"itemId":"B00AW18F90","ProductIndex":189160}
{"itemId":"B002JF7NRC","ProductIndex":195415}
{"itemId":"B00ALL3SHA","ProductIndex":154137}
{"itemId":"B007AMI71K","ProductIndex":169183}
{"itemId":"B00B5FTK7I","ProductIndex":206306}
{"itemId":"B00ARCQ78A","ProductIndex":107054}
{"itemId":"B001UHGUTM","ProductIndex":184105}
{"itemId":"B002HJVZ9W","ProductIndex":142869}
{"itemId":"B008KN1ADU","ProductIndex":199793}
{"itemId":"B00990T756","ProductIndex":115115}
{"itemId":"B007BIYF96","ProductIndex":165715}
{"itemId":"B001JJ8IZU","ProductIndex":208001}
{"itemId":"B0060AF8ZG","ProductIndex":194115}
{"itemId":"B000MMXA1C","ProductIndex":162359}
{"itemId":"B000S57QH2","ProductIndex":128465}
{"itemId":"B00ICDABYC","ProductIndex":72143}
{"itemId":"B009GMGBNI","ProductIndex":158673}
{"itemId":"B008NEK30C","ProductIndex":182052}
{"itemId":"B00834SJLC","ProductIndex":134791}
{"itemId":"B0065EVL1W","ProductIndex":101434}
{"itemId":"B004E2YYKC","ProductIndex":136605}
{"itemId":"B0054I5QA2","ProductIndex":133687}
{"itemId":"B004Z3WK2E","ProductIndex":69922}
{"itemId":"B001UAGRXI","ProductIndex":188670}
{"itemId":"B005E4KXTA","ProductIndex":98107}
{"itemId":"B008Z84N0W","ProductIndex":111988}
{"itemId":"B00AAMWLVO","ProductIndex":170435}
{"itemId":"B000M90EF0","ProductIndex":165427}
{"itemId":"B0089Y914A","ProductIndex":121788}
{"itemId":"B0020JUA5O","ProductIndex":131299}
{"itemId":"B002N25JKO","ProductIndex":148283}
{"itemId":"B000B7VB3W","ProductIndex":90558}
{"itemId":"B0080M3RIW","ProductIndex":143438}
{"itemId":"B0013EXPTA","ProductIndex":146421}
{"itemId":"B002ROARHS","ProductIndex":94317}
{"itemId":"B003KS8BRI","ProductIndex":200802}
{"itemId":"B00511AANU","ProductIndex":179142}
{"itemId":"B0014JE5Q6","ProductIndex":151389}
{"itemId":"B002UDUMM6","ProductIndex":204257}
{"itemId":"B003BM5V5I","ProductIndex":120455}
{"itemId":"B00JVVU8O2","ProductIndex":156988}
{"itemId":"B00HTTKSZC","ProductIndex":103355}
{"itemId":"B00DDV116K","ProductIndex":163037}
{"itemId":"B004SNLA0Y","ProductIndex":78958}
{"itemId":"B00H45TA64","ProductIndex":151709}
{"itemId":"B0000AAAN2","ProductIndex":79547}
{"itemId":"B000WH93W2","ProductIndex":122793}
{"itemId":"B004WI8PB2","ProductIndex":203199}
{"itemId":"B006OFZPHI","ProductIndex":59857}
{"itemId":"B005EV5MNU","ProductIndex":165936}
{"itemId":"B002SOKFMO","ProductIndex":66523}
{"itemId":"B00HGM4M5O","ProductIndex":205536}
{"itemId":"B00147ZSVY","ProductIndex":166922}
{"itemId":"B0081HP2BQ","ProductIndex":175425}
{"itemId":"B00EFE0MQY","ProductIndex":123117}
{"itemId":"B0002SZF96","ProductIndex":148683}
{"itemId":"B004QILJ02","ProductIndex":189432}
{"itemId":"B006M6SW1A","ProductIndex":200697}
{"itemId":"B0096CVBWO","ProductIndex":139621}
{"itemId":"B005PAJW68","ProductIndex":114018}
{"itemId":"B000XVI5AS","ProductIndex":160376}
{"itemId":"B002LC6NJW","ProductIndex":116366}
{"itemId":"B00FPI1HQ8","ProductIndex":192880}
{"itemId":"B000BTPROO","ProductIndex":143291}
{"itemId":"B000IVRJE6","ProductIndex":137392}
{"itemId":"B003H8YOZO","ProductIndex":152678}
{"itemId":"B005A2AZVC","ProductIndex":116315}
{"itemId":"B0040723A4","ProductIndex":136511}
{"itemId":"B00012IIVA","ProductIndex":200084}
{"itemId":"B00361ET02","ProductIndex":79118}
{"itemId":"B0088LJYDW","ProductIndex":119916}
{"itemId":"B00CNVZDBK","ProductIndex":160381}
{"itemId":"B000AFY48O","ProductIndex":133626}
{"itemId":"B004QUN6EM","ProductIndex":93397}
{"itemId":"B000QUZDRO","ProductIndex":115927}
{"itemId":"B007ME8ASG","ProductIndex":150863}
{"itemId":"B007QUVPYW","ProductIndex":113706}
{"itemId":"B006MGPDSU","ProductIndex":119618}
{"itemId":"B00009EFRB","ProductIndex":80862}
{"itemId":"B00AFYGG36","ProductIndex":169290}
{"itemId":"B005FNVGQY","ProductIndex":125509}
{"itemId":"B007261BDK","ProductIndex":137700}
{"itemId":"B006OCCY1G","ProductIndex":147103}
{"itemId":"B00CWF7ZSQ","ProductIndex":130970}
{"itemId":"B000N93R3K","ProductIndex":149076}
{"itemId":"B004ZP757M","ProductIndex":171864}
{"itemId":"B00452V25Q","ProductIndex":96618}
{"itemId":"B000VQY0X6","ProductIndex":174297}
{"itemId":"B00FY1TWK4","ProductIndex":151900}
{"itemId":"B001F8DYOA","ProductIndex":135594}
{"itemId":"B00FY8O3EC","ProductIndex":150921}
{"itemId":"B0046W2MAO","ProductIndex":171643}
{"itemId":"B003UR9XQ2","ProductIndex":164441}
{"itemId":"B00867ECMG","ProductIndex":191433}
{"itemId":"B004LSRG90","ProductIndex":196924}
{"itemId":"B003D7CIPM","ProductIndex":151465}
{"itemId":"B00EWLYKCC","ProductIndex":195264}
{"itemId":"B003EENZQK","ProductIndex":203492}
{"itemId":"B003MEVLC2","ProductIndex":109294}
{"itemId":"B0061VVS12","ProductIndex":185216}
{"itemId":"B000FBLRI8","ProductIndex":202172}
{"itemId":"B009QYD80U","ProductIndex":182933}
{"itemId":"B0002H3TZE","ProductIndex":183418}
{"itemId":"B00000J4O2","ProductIndex":155106}
{"itemId":"B002MZZR7M","ProductIndex":97054}
{"itemId":"B0009Y8I42","ProductIndex":82380}
{"itemId":"B006JJ933Q","ProductIndex":169057}
{"itemId":"B000029708","ProductIndex":183217}
{"itemId":"B0046W0RNS","ProductIndex":182170}
{"itemId":"B00DVW432K","ProductIndex":196488}
{"itemId":"B004NTAEVY","ProductIndex":149424}
{"itemId":"B008WRT9IW","ProductIndex":150192}
{"itemId":"B004FWE3CA","ProductIndex":183745}
{"itemId":"B002TI0PLU","ProductIndex":125544}
{"itemId":"B00GFGF2OW","ProductIndex":207975}
{"itemId":"B00D7ARWCY","ProductIndex":108995}
{"itemId":"B0031MYI3E","ProductIndex":185921}
{"itemId":"B001N3DEG0","ProductIndex":113394}
{"itemId":"B00401ZDHA","ProductIndex":156194}
{"itemId":"B00006AGQZ","ProductIndex":159099}
{"itemId":"B00B40GDJM","ProductIndex":194356}
{"itemId":"B0013Z3U4E","ProductIndex":180995}
{"itemId":"B001TM6A5M","ProductIndex":117894}
{"itemId":"B003R6DRW2","ProductIndex":186604}
{"itemId":"B004H1PE68","ProductIndex":154289}
{"itemId":"B001Q2AUMO","ProductIndex":184182}
{"itemId":"B000BO0Z96","ProductIndex":129188}
{"itemId":"B00GXUR0AY","ProductIndex":193821}
{"itemId":"B001FL42M0","ProductIndex":107841}
{"itemId":"B00068RVZS","ProductIndex":130591}
{"itemId":"B002AGJEWM","ProductIndex":191284}
{"itemId":"B00126W14O","ProductIndex":120509}
{"itemId":"B000WBL2CW","ProductIndex":132480}
{"itemId":"B003MK0RW6","ProductIndex":180202}
{"itemId":"B003R7KJUY","ProductIndex":122002}
{"itemId":"B005DDDISA","ProductIndex":120830}
{"itemId":"B00A89Q1L0","ProductIndex":96904}
{"itemId":"B005EMGZVC","ProductIndex":170337}
{"itemId":"B003RG7XZO","ProductIndex":171096}
{"itemId":"B0010MLV2S","ProductIndex":102273}
{"itemId":"B000SMGFGS","ProductIndex":119319}
{"itemId":"B0027CSL8W","ProductIndex":158479}
{"itemId":"B008RN4I32","ProductIndex":197033}
{"itemId":"B00IV4QE2A","ProductIndex":100728}
{"itemId":"B0095OLTDO","ProductIndex":166926}
{"itemId":"B003TQ31XU","ProductIndex":188462}
{"itemId":"B00925LYVI","ProductIndex":166185}
{"itemId":"B000A4AVW8","ProductIndex":78147}
{"itemId":"B00004T1XL","ProductIndex":169185}
{"itemId":"B000051TI5","ProductIndex":111585}
{"itemId":"B000087LI3","ProductIndex":167156}
{"itemId":"B000E7N87Q","ProductIndex":169979}
{"itemId":"B001ULCW8G","ProductIndex":168209}
{"itemId":"B0050C1A48","ProductIndex":185058}
{"itemId":"B0009JXVLM","ProductIndex":170026}
{"itemId":"B0002EXI4Y","ProductIndex":206519}
{"itemId":"B00JOBXRQU","ProductIndex":195273}
{"itemId":"B009BV8X7G","ProductIndex":160289}
{"itemId":"B00BOUWHX8","ProductIndex":180686}
{"itemId":"B00CUJI90W","ProductIndex":123403}
{"itemId":"B000VPBA44","ProductIndex":184429}
{"itemId":"B00006IS5L","ProductIndex":100208}
{"itemId":"B001GV00ZC","ProductIndex":103226}
{"itemId":"B003U8EKZ0","ProductIndex":181101}
{"itemId":"B00ID8O66U","ProductIndex":186094}
{"itemId":"B00156ESQA","ProductIndex":196211}
{"itemId":"B000MKKTNG","ProductIndex":187321}
{"itemId":"B001CJMORK","ProductIndex":108903}
{"itemId":"B00249EOUC","ProductIndex":187008}
{"itemId":"B00CYA3CYU","ProductIndex":135766}
{"itemId":"B0044UB8RQ","ProductIndex":204057}
{"itemId":"B00AJJL0VK","ProductIndex":140595}
{"itemId":"B004X2ZICQ","ProductIndex":160332}
{"itemId":"B0050YYMG4","ProductIndex":191015}
{"itemId":"B002DQV0MQ","ProductIndex":194968}
{"itemId":"B00CHHCBVK","ProductIndex":203778}
{"itemId":"B005CJKF0Y","ProductIndex":194397}
{"itemId":"B00ET5IXZQ","ProductIndex":136255}
{"itemId":"B00CO2L5RY","ProductIndex":139760}
{"itemId":"B0088XAWSG","ProductIndex":132003}
{"itemId":"B00425MU9S","ProductIndex":176821}
{"itemId":"B003AILEGI","ProductIndex":150592}
{"itemId":"B000QCKJDU","ProductIndex":136440}
{"itemId":"B00BXER4YW","ProductIndex":177936}
{"itemId":"B003WTU9CU","ProductIndex":141325}
{"itemId":"B002MAPSDK","ProductIndex":173527}
{"itemId":"B006QWAUJW","ProductIndex":161810}
{"itemId":"B005E443YQ","ProductIndex":163814}
{"itemId":"B004H28GW6","ProductIndex":168534}
{"itemId":"B000XJRZA6","ProductIndex":154693}
{"itemId":"B001ARJIO6","ProductIndex":118734}
{"itemId":"B007WLR65C","ProductIndex":170593}
{"itemId":"B008Z823YU","ProductIndex":197367}
{"itemId":"B0000BVDZC","ProductIndex":165251}
{"itemId":"B00266222A","ProductIndex":193266}
{"itemId":"B0002J1GES","ProductIndex":144020}
{"itemId":"B001518SXE","ProductIndex":203045}
{"itemId":"B00BSF10MI","ProductIndex":193476}
{"itemId":"B000ERVHGK","ProductIndex":122123}
{"itemId":"B0060RUSEK","ProductIndex":192804}
{"itemId":"B00GJMEUY0","ProductIndex":202155}
{"itemId":"B0016Y7WPU","ProductIndex":167059}
{"itemId":"B001BP1YXU","ProductIndex":206938}
{"itemId":"B00AF3IGBC","ProductIndex":207107}
{"itemId":"B007R67M06","ProductIndex":182421}
{"itemId":"B006A2K246","ProductIndex":197137}
{"itemId":"B0039N52JE","ProductIndex":162417}
{"itemId":"B0000CCSPZ","ProductIndex":113884}
{"itemId":"B003TPO9TQ","ProductIndex":181225}
{"itemId":"B004BK55LY","ProductIndex":172227}
{"itemId":"B002Q12WK2","ProductIndex":187391}
{"itemId":"B00022I8IW","ProductIndex":198497}
{"itemId":"B0000520JB","ProductIndex":189649}
{"itemId":"B005T5R4DC","ProductIndex":191403}
{"itemId":"B00A36AKQA","ProductIndex":164716}
{"itemId":"B007KR1VB8","ProductIndex":203809}
{"itemId":"B00014QFS6","ProductIndex":176270}
{"itemId":"B004AZR6WQ","ProductIndex":183146}
{"itemId":"B002JFGA8U","ProductIndex":171860}
{"itemId":"B000CRKVZ0","ProductIndex":194199}
{"itemId":"B00EZJR9RO","ProductIndex":205497}
{"itemId":"B00122PMTE","ProductIndex":143795}
{"itemId":"B000FRBQC4","ProductIndex":196264}
{"itemId":"B003FCU21C","ProductIndex":202435}
{"itemId":"B002RL84LC","ProductIndex":186684}
{"itemId":"B00AW61TKM","ProductIndex":207786}
{"itemId":"B009GU99YI","ProductIndex":199696}
{"itemId":"B001HPUISG","ProductIndex":206475}
{"itemId":"B0006I09O8","ProductIndex":179069}
{"itemId":"B00E3R0PLU","ProductIndex":185453}
{"itemId":"B006N3QD2W","ProductIndex":194015}
{"itemId":"B000BSHMKW","ProductIndex":178381}
{"itemId":"B00009V38M","ProductIndex":100691}
{"itemId":"B0090YENCI","ProductIndex":183973}
{"itemId":"B008BMLXAU","ProductIndex":201639}
{"itemId":"B009HVQJBW","ProductIndex":152634}
{"itemId":"B008809VIG","ProductIndex":178283}
{"itemId":"B00ENZSPBO","ProductIndex":163622}
{"itemId":"B0000AE6GH","ProductIndex":186130}
{"itemId":"B006CQRZ4K","ProductIndex":153476}
{"itemId":"B003TLS928","ProductIndex":118953}
{"itemId":"B003D8Z8VC","ProductIndex":190427}
{"itemId":"B001IB6OLY","ProductIndex":205019}
{"itemId":"B009XMPZCE","ProductIndex":203868}
{"itemId":"B0007Z9CES","ProductIndex":176710}
{"itemId":"B004YMCST6","ProductIndex":204970}
{"itemId":"B00KB9VBCQ","ProductIndex":176548}
{"itemId":"B00GWXK3CE","ProductIndex":183563}
{"itemId":"B00FSAHH5I","ProductIndex":206042}
{"itemId":"B003TOLK6W","ProductIndex":183423}
{"itemId":"B009O6WXOC","ProductIndex":186217}
{"itemId":"B005FQ7VTM","ProductIndex":201824}
{"itemId":"B000U911A4","ProductIndex":202010}
{"itemId":"B00BQS83PE","ProductIndex":190641}
