{"itemId":"B0013CGNGY","ProductIndex":20443}
{"itemId":"B004M8RPBS","ProductIndex":14144}
{"itemId":"B00834SJNA","ProductIndex":79}
{"itemId":"B004Y3FG9E","ProductIndex":11860}
{"itemId":"B00D6ZVNUC","ProductIndex":3184}
{"itemId":"B00CVKR2TE","ProductIndex":23234}
{"itemId":"B002MCAX1K","ProductIndex":43253}
{"itemId":"B00DJERMRS","ProductIndex":9344}
{"itemId":"B000HWNGX4","ProductIndex":168250}
{"itemId":"B0018DQYQ2","ProductIndex":265}
{"itemId":"B0009SUEXG","ProductIndex":35030}
{"itemId":"B004IXZDHK","ProductIndex":203379}
{"itemId":"B00003OPEV","ProductIndex":59918}
{"itemId":"B0000996BN","ProductIndex":47246}
{"itemId":"B0072KN5ZS","ProductIndex":2191}
{"itemId":"B001GCAFPG","ProductIndex":6132}
{"itemId":"B002DGTGNG","ProductIndex":4249}
{"itemId":"B000HWTZVG","ProductIndex":35557}
{"itemId":"B00AXMT3M6","ProductIndex":22072}
{"itemId":"B005BCAKO8","ProductIndex":2227}
{"itemId":"B00ARB5E8U","ProductIndex":12053}
{"itemId":"B0043M667M","ProductIndex":20641}
{"itemId":"B009M27MB2","ProductIndex":1444}
{"itemId":"B008P8FE6Y","ProductIndex":45051}
{"itemId":"B0012Q777K","ProductIndex":62952}
{"itemId":"B000B9O83A","ProductIndex":3277}
{"itemId":"B0028ACYMC","ProductIndex":6930}
{"itemId":"B0026ZPFBG","ProductIndex":9017}
{"itemId":"B00E9QK2MW","ProductIndex":1537}
{"itemId":"B0054VNHSW","ProductIndex":3232}
{"itemId":"B000UCJ85G","ProductIndex":62676}
{"itemId":"B00BG2BBSG","ProductIndex":21302}
{"itemId":"B000YQ6DIS","ProductIndex":13014}
{"itemId":"B002GHBTNC","ProductIndex":27280}
{"itemId":"B00BWLL9N8","ProductIndex":1489}
{"itemId":"B00328HR7G","ProductIndex":9650}
{"itemId":"B0006VXWE4","ProductIndex":79650}
{"itemId":"B00IX6D0EQ","ProductIndex":70138}
{"itemId":"B008ZSICT0","ProductIndex":14735}
{"itemId":"B000JLTXOO","ProductIndex":66334}
{"itemId":"B0002ER2OG","ProductIndex":21560}
{"itemId":"B007F9XHBI","ProductIndex":1281}
{"itemId":"B001CJNWX0","ProductIndex":22353}
{"itemId":"B0012MMW7E","ProductIndex":618}
{"itemId":"B007UMLEWO","ProductIndex":2037}
{"itemId":"B002K46DOG","ProductIndex":103493}
{"itemId":"B003I7YDQ4","ProductIndex":4832}
{"itemId":"B004QPAKSW","ProductIndex":12102}
{"itemId":"B0036RDP9C","ProductIndex":32878}
{"itemId":"B007ILFFS6","ProductIndex":4823}
{"itemId":"B000I5OJOU","ProductIndex":9487}
{"itemId":"B0078SMKT6","ProductIndex":28047}
{"itemId":"B007SXJ13E","ProductIndex":2030}
{"itemId":"B004BFXBXI","ProductIndex":6608}
{"itemId":"B00ERVP4C2","ProductIndex":11375}
{"itemId":"B003ZT5HWO","ProductIndex":29988}
{"itemId":"B007POYCPI","ProductIndex":103048}
{"itemId":"B0027JML5O","ProductIndex":74571}
{"itemId":"B00D12OASW","ProductIndex":34793}
{"itemId":"B006JO232E","ProductIndex":7665}
{"itemId":"B00B2AEZEE","ProductIndex":95437}
{"itemId":"B004SBDQGM","ProductIndex":18519}
{"itemId":"B000KUQ8FG","ProductIndex":2914}
{"itemId":"B001S2PL3A","ProductIndex":182736}
{"itemId":"B000BJ3BRO","ProductIndex":15812}
{"itemId":"B004PW04B4","ProductIndex":2383}
{"itemId":"B007E9J9E8","ProductIndex":22537}
{"itemId":"B000NUXPN6","ProductIndex":94949}
{"itemId":"B002KDQPWM","ProductIndex":11037}
{"itemId":"B007O0ZJKA","ProductIndex":79350}
{"itemId":"B0035FZJIA","ProductIndex":12678}
{"itemId":"B004QMETLY","ProductIndex":44390}
{"itemId":"B000063Y7E","ProductIndex":35538}
{"itemId":"B00966IU4M","ProductIndex":3083}
{"itemId":"B000065UDU","ProductIndex":6016}
{"itemId":"B00BMHUZOQ","ProductIndex":92814}
{"itemId":"B007KFVQXI","ProductIndex":2930}
{"itemId":"B00003CWDU","ProductIndex":59651}
{"itemId":"B000ARD9PG","ProductIndex":22653}
{"itemId":"B000UNRSZM","ProductIndex":9869}
{"itemId":"B00HWMPRKW","ProductIndex":3869}
{"itemId":"B004VGB6XO","ProductIndex":83398}
{"itemId":"B008HK3Y5S","ProductIndex":4869}
{"itemId":"B00BWBEL1U","ProductIndex":42788}
{"itemId":"B001GAOYCS","ProductIndex":4475}
{"itemId":"B005ARQLQK","ProductIndex":35577}
{"itemId":"B007019HJW","ProductIndex":22648}
{"itemId":"B000WAHFC4","ProductIndex":25131}
{"itemId":"B0035CIO3A","ProductIndex":75457}
{"itemId":"B000Y4AH3C","ProductIndex":9175}
{"itemId":"B004798MKA","ProductIndex":28075}
{"itemId":"B000GGOKN6","ProductIndex":19219}
{"itemId":"B005JK63RA","ProductIndex":5942}
{"itemId":"B00BWX2OU8","ProductIndex":15266}
{"itemId":"B00GNBGRIO","ProductIndex":201009}
{"itemId":"B000053HC5","ProductIndex":4240}
{"itemId":"B001GGRVYU","ProductIndex":46340}
{"itemId":"B00DLKE7OQ","ProductIndex":28515}
{"itemId":"B000QEFA9G","ProductIndex":22481}
{"itemId":"B0013UTW0U","ProductIndex":9246}
{"itemId":"B003FJGYRQ","ProductIndex":85616}
{"itemId":"B000U0HBR0","ProductIndex":67762}
{"itemId":"B00I2ZBD1U","ProductIndex":1654}
{"itemId":"B0015B0Y68","ProductIndex":28436}
{"itemId":"B00IKNDDNK","ProductIndex":29736}
{"itemId":"B00BP54KNM","ProductIndex":11771}
{"itemId":"B001KJD084","ProductIndex":50229}
{"itemId":"B00ACBO7RE","ProductIndex":14979}
{"itemId":"B000NW2DE6","ProductIndex":10024}
{"itemId":"B0079MX4Q4","ProductIndex":2868}
{"itemId":"B00006JPDF","ProductIndex":14467}
{"itemId":"B001CHHS6E","ProductIndex":191786}
{"itemId":"B004DDJ7X6","ProductIndex":99876}
{"itemId":"B000W7OEA8","ProductIndex":164142}
{"itemId":"B007XPSVMY","ProductIndex":32620}
{"itemId":"B0035ZU64C","ProductIndex":37268}
{"itemId":"B005LEH54Y","ProductIndex":38956}
{"itemId":"B00BJ744F0","ProductIndex":28539}
{"itemId":"B00660H6KU","ProductIndex":4864}
{"itemId":"B001OOZ1X2","ProductIndex":5460}
{"itemId":"B0097FQTDQ","ProductIndex":118942}
{"itemId":"B00BMVQEM4","ProductIndex":51663}
{"itemId":"B00B0CQCK4","ProductIndex":27728}
{"itemId":"B00BONJHNI","ProductIndex":21306}
{"itemId":"B0012Z3MKW","ProductIndex":6063}
{"itemId":"B003MY3F0I","ProductIndex":30792}
{"itemId":"B0091DQ8G2","ProductIndex":29053}
{"itemId":"B005NWP91K","ProductIndex":155097}
{"itemId":"B00CE2CXCA","ProductIndex":151546}
{"itemId":"B005I5KK2A","ProductIndex":39592}
{"itemId":"B00A21DBKI","ProductIndex":65444}
{"itemId":"B00836XRZ8","ProductIndex":14684}
{"itemId":"B0007LQ286","ProductIndex":23666}
{"itemId":"B001BJ8A9W","ProductIndex":7540}
{"itemId":"B001Q9TTE2","ProductIndex":44473}
{"itemId":"B00065XUQK","ProductIndex":145122}
{"itemId":"B0066BSOQY","ProductIndex":66459}
{"itemId":"B00K7807MQ","ProductIndex":109803}
{"itemId":"B005JCZ1O4","ProductIndex":77328}
{"itemId":"B00006I53X","ProductIndex":2631}
{"itemId":"B002IT1BFO","ProductIndex":5998}
{"itemId":"B000X39TFG","ProductIndex":76348}
{"itemId":"B009E9KKGW","ProductIndex":150776}
{"itemId":"B001BP1YEE","ProductIndex":15565}
{"itemId":"B005F770AQ","ProductIndex":42630}
{"itemId":"B000AXQXXU","ProductIndex":40087}
{"itemId":"B005CPI0JQ","ProductIndex":48004}
{"itemId":"B000EUJ2LE","ProductIndex":44330}
{"itemId":"B00392CI7E","ProductIndex":6984}
{"itemId":"B00ED3JE70","ProductIndex":19596}
{"itemId":"B007IV7DWW","ProductIndex":163433}
{"itemId":"B005DMZKZA","ProductIndex":43564}
{"itemId":"B0041PIGPG","ProductIndex":176944}
{"itemId":"B00A2890G0","ProductIndex":63254}
{"itemId":"B00545JSNG","ProductIndex":15638}
{"itemId":"B00BQ4H31S","ProductIndex":149460}
{"itemId":"B0096TK9N4","ProductIndex":35692}
{"itemId":"B000WCNA3A","ProductIndex":81991}
{"itemId":"B00019FSPM","ProductIndex":120270}
{"itemId":"B0069MB6A6","ProductIndex":122159}
{"itemId":"B001KMWOJ2","ProductIndex":12793}
{"itemId":"B00HXR0RYM","ProductIndex":149825}
{"itemId":"B009RZ8PB0","ProductIndex":45440}
{"itemId":"B002746WPE","ProductIndex":111160}
{"itemId":"B0002EXJJ8","ProductIndex":33627}
{"itemId":"B000P3NZ68","ProductIndex":136369}
{"itemId":"B000JZ8238","ProductIndex":52618}
{"itemId":"B004E9SWOE","ProductIndex":48241}
{"itemId":"B005DLABE6","ProductIndex":69146}
{"itemId":"B00099I1F8","ProductIndex":37997}
{"itemId":"B0016WFDKI","ProductIndex":119192}
{"itemId":"B000JWTQLI","ProductIndex":24540}
{"itemId":"B001859UXY","ProductIndex":127851}
{"itemId":"B001N4NLO4","ProductIndex":53781}
{"itemId":"B001P7LE0M","ProductIndex":57625}
{"itemId":"B001TGROEE","ProductIndex":32267}
{"itemId":"B0026S91DG","ProductIndex":33669}
{"itemId":"B0009AG95Q","ProductIndex":38009}
{"itemId":"B002CN1FPM","ProductIndex":9586}
{"itemId":"B0036YNMRK","ProductIndex":179034}
{"itemId":"B004FD5JAY","ProductIndex":50892}
{"itemId":"B003N9FGCW","ProductIndex":130729}
{"itemId":"B004QY7M3Y","ProductIndex":33878}
{"itemId":"B00DIH4F12","ProductIndex":14549}
{"itemId":"B0058S7GWO","ProductIndex":193349}
{"itemId":"B003LLEG5A","ProductIndex":69201}
{"itemId":"B00064OO84","ProductIndex":102900}
{"itemId":"B00007MMNS","ProductIndex":30591}
{"itemId":"B008K6FQV4","ProductIndex":47481}
{"itemId":"B000A8DSY2","ProductIndex":46268}
{"itemId":"B00EO8L5TE","ProductIndex":21006}
{"itemId":"B00GUKE028","ProductIndex":39089}
{"itemId":"B001ET6P8M","ProductIndex":9605}
{"itemId":"B00843DD2M","ProductIndex":175211}
{"itemId":"B002A7DKDK","ProductIndex":169752}
{"itemId":"B00AZW4MYI","ProductIndex":34851}
{"itemId":"B00GRG6RC6","ProductIndex":117182}
{"itemId":"B000F41EFG","ProductIndex":49431}
{"itemId":"B0043IBSX8","ProductIndex":84066}
{"itemId":"B009E562VS","ProductIndex":38555}
{"itemId":"B00BT7HVTQ","ProductIndex":41427}
{"itemId":"B003R70OA4","ProductIndex":23340}
{"itemId":"B004WL9P54","ProductIndex":127372}
{"itemId":"B00AA3R3E8","ProductIndex":128133}
{"itemId":"B00006B7T7","ProductIndex":17854}
{"itemId":"B0058VUYF2","ProductIndex":115634}
{"itemId":"B0085ZF95S","ProductIndex":87270}
{"itemId":"B002Q8HJ1C","ProductIndex":126817}
{"itemId":"B0062CTZ10","ProductIndex":68670}
{"itemId":"B006YVH066","ProductIndex":18371}
{"itemId":"B000FEDRN8","ProductIndex":14074}
{"itemId":"B0033UUN6K","ProductIndex":35354}
{"itemId":"B00FRHU2Q8","ProductIndex":53243}
{"itemId":"B0016CC3GK","ProductIndex":120667}
{"itemId":"B000VXED54","ProductIndex":10052}
{"itemId":"B00AQU972Q","ProductIndex":168149}
{"itemId":"B00368ADQO","ProductIndex":172896}
{"itemId":"B0007PEOKK","ProductIndex":110200}
{"itemId":"B00022OBD8","ProductIndex":33504}
{"itemId":"B005G306UK","ProductIndex":54912}
{"itemId":"B0033JGJDW","ProductIndex":69914}
{"itemId":"B0016ALWRS","ProductIndex":76903}
{"itemId":"B00G5FDI08","ProductIndex":198118}
{"itemId":"B0002J6GLG","ProductIndex":41340}
{"itemId":"B003E4RPNY","ProductIndex":34934}
{"itemId":"B004UJMIYI","ProductIndex":48654}
{"itemId":"B007VA78HA","ProductIndex":28910}
{"itemId":"B004IAKGBG","ProductIndex":166438}
{"itemId":"B004Q7F030","ProductIndex":35916}
{"itemId":"B003709OUW","ProductIndex":73458}
{"itemId":"B0026MBP22","ProductIndex":50366}
{"itemId":"B000FKQ8LA","ProductIndex":6707}
{"itemId":"B000RZ83LG","ProductIndex":45572}
{"itemId":"B00HEIG2IU","ProductIndex":102253}
{"itemId":"B000G7PLD8","ProductIndex":106193}
{"itemId":"B002JLZLK2","ProductIndex":150665}
{"itemId":"B000B88UFI","ProductIndex":47542}
{"itemId":"B000E5FQSC","ProductIndex":32382}
{"itemId":"B000MW45RA","ProductIndex":61755}
{"itemId":"B00006I5L6","ProductIndex":63311}
{"itemId":"B00BYQ0B6M","ProductIndex":57703}
{"itemId":"B000EX1TGC","ProductIndex":24090}
{"itemId":"B003DRMKXW","ProductIndex":8742}
{"itemId":"B0049UXI5G","ProductIndex":69190}
{"itemId":"B005M1QP7O","ProductIndex":5760}
{"itemId":"B005BZNDCG","ProductIndex":15418}
{"itemId":"B00009R9BJ","ProductIndex":61400}
{"itemId":"B006NPYUDO","ProductIndex":56453}
{"itemId":"B0087FJY2U","ProductIndex":41773}
{"itemId":"B0039YP0XQ","ProductIndex":12258}
{"itemId":"B00AAVEXLG","ProductIndex":74430}
{"itemId":"B00D9I47L8","ProductIndex":55460}
{"itemId":"B001BYJFBY","ProductIndex":33515}
{"itemId":"B0056AHTDA","ProductIndex":165180}
{"itemId":"B002P370AI","ProductIndex":11523}
{"itemId":"B005FN5DJA","ProductIndex":13379}
{"itemId":"B006A2K1Z6","ProductIndex":58849}
{"itemId":"B000ALLMII","ProductIndex":18358}
{"itemId":"B002RE87UC","ProductIndex":65984}
{"itemId":"B000OEN0G8","ProductIndex":46405}
{"itemId":"B005255P5I","ProductIndex":13069}
{"itemId":"B00439G3XC","ProductIndex":64174}
{"itemId":"B006ITOZF8","ProductIndex":62225}
{"itemId":"B007A72AR2","ProductIndex":88885}
{"itemId":"B005I746IC","ProductIndex":174528}
{"itemId":"B005SGIILO","ProductIndex":15185}
{"itemId":"B00008J639","ProductIndex":35847}
{"itemId":"B007R8U5RG","ProductIndex":23968}
{"itemId":"B007ZUI3HK","ProductIndex":132718}
{"itemId":"B003JOA0U4","ProductIndex":111655}
{"itemId":"B003V4VHV8","ProductIndex":51880}
{"itemId":"B007NXFMLE","ProductIndex":115812}
{"itemId":"B002C76W4C","ProductIndex":8101}
{"itemId":"B003QIFKHG","ProductIndex":133521}
{"itemId":"B00926C4I4","ProductIndex":18363}
{"itemId":"B00EO8X91Q","ProductIndex":101187}
{"itemId":"B0012LUPD8","ProductIndex":56128}
{"itemId":"B00069JLCS","ProductIndex":111737}
{"itemId":"B0036FCW98","ProductIndex":66745}
{"itemId":"B00478UN3A","ProductIndex":54732}
{"itemId":"B002IXTVMK","ProductIndex":93460}
{"itemId":"B007474Y04","ProductIndex":21532}
{"itemId":"B006U4BD1A","ProductIndex":19120}
{"itemId":"B002Q7Q9KA","ProductIndex":167998}
{"itemId":"B009OAZXYU","ProductIndex":64850}
{"itemId":"B007EICZTU","ProductIndex":9230}
{"itemId":"B0002JFM3Y","ProductIndex":61290}
{"itemId":"B000Z0K7VC","ProductIndex":64738}
{"itemId":"B000096B00","ProductIndex":93064}
{"itemId":"B006TZGCDE","ProductIndex":60289}
{"itemId":"B00230P7YE","ProductIndex":83013}
{"itemId":"B0031RGKYE","ProductIndex":61548}
{"itemId":"B007ODZYRK","ProductIndex":23726}
{"itemId":"B000ZHZSXW","ProductIndex":44103}
{"itemId":"B00076QVQ4","ProductIndex":53334}
{"itemId":"B002I9OBQA","ProductIndex":38828}
{"itemId":"B001JHVEVW","ProductIndex":103712}
{"itemId":"B000CSIHW8","ProductIndex":22928}
{"itemId":"B004Y4ZG5W","ProductIndex":52373}
{"itemId":"B0075D1MJI","ProductIndex":100182}
{"itemId":"B0001UQ1FW","ProductIndex":167873}
{"itemId":"B000PEBBK4","ProductIndex":61261}
{"itemId":"B001QRCZ7C","ProductIndex":43581}
{"itemId":"B004OFDBH6","ProductIndex":78784}
{"itemId":"B004SVIQVM","ProductIndex":80913}
{"itemId":"B000RQ3QF8","ProductIndex":43080}
{"itemId":"B003QIGT44","ProductIndex":22560}
{"itemId":"B004GVJIU2","ProductIndex":151270}
{"itemId":"B000J5ICB0","ProductIndex":159076}
{"itemId":"B009RUM46C","ProductIndex":138171}
{"itemId":"B000YAX13Y","ProductIndex":21944}
{"itemId":"B001HX4AH8","ProductIndex":57285}
{"itemId":"B00KHR4ZL6","ProductIndex":21566}
{"itemId":"B000VDZ35I","ProductIndex":129060}
{"itemId":"B004JYAYU4","ProductIndex":177169}
{"itemId":"B004TUX9V4","ProductIndex":94666}
{"itemId":"B00006ANXP","ProductIndex":68732}
{"itemId":"B001MS2QAQ","ProductIndex":60700}
{"itemId":"B00D4MQ0UU","ProductIndex":32490}
{"itemId":"B000O3OFC2","ProductIndex":129401}
{"itemId":"B00G8X6YF8","ProductIndex":50293}
{"itemId":"B002MZZR54","ProductIndex":23316}
{"itemId":"B0062BS09O","ProductIndex":25874}
{"itemId":"B005H7TMA0","ProductIndex":75194}
{"itemId":"B004JXVLM0","ProductIndex":42968}
{"itemId":"B008K3N7F4","ProductIndex":135788}
{"itemId":"B001MRUIK2","ProductIndex":143342}
{"itemId":"B003VSE964","ProductIndex":99266}
{"itemId":"B0018MJ9ZG","ProductIndex":65692}
{"itemId":"B0072ZQGIG","ProductIndex":44492}
{"itemId":"B0000AE6AK","ProductIndex":72392}
{"itemId":"B00CAXVJP0","ProductIndex":30097}
{"itemId":"B0078T8346","ProductIndex":29170}
{"itemId":"B003960FH0","ProductIndex":73647}
{"itemId":"B000F5CW8S","ProductIndex":103513}
{"itemId":"B0044GCDAG","ProductIndex":51859}
{"itemId":"B000F1WNAO","ProductIndex":125169}
{"itemId":"B00876GH3I","ProductIndex":70599}
{"itemId":"B000MSQ8YM","ProductIndex":40385}
{"itemId":"B005UA65YK","ProductIndex":17403}
{"itemId":"B002HOFH3M","ProductIndex":174575}
{"itemId":"B003I8GFNW","ProductIndex":10032}
{"itemId":"B001C4R7OA","ProductIndex":59283}
{"itemId":"B001HGBXT8","ProductIndex":177976}
{"itemId":"B00B3A9S8Q","ProductIndex":101910}
{"itemId":"B003XWUX40","ProductIndex":156321}
{"itemId":"B001AQQ5IO","ProductIndex":92973}
{"itemId":"B001IZZ7RC","ProductIndex":65237}
{"itemId":"B009OXZ0OU","ProductIndex":13815}
{"itemId":"B0006N41CO","ProductIndex":84918}
{"itemId":"B0078IWPLE","ProductIndex":56326}
{"itemId":"B008DYIF70","ProductIndex":158263}
{"itemId":"B006OTL2GM","ProductIndex":134832}
{"itemId":"B000COB5CG","ProductIndex":56203}
{"itemId":"B002XG8ZEW","ProductIndex":49813}
{"itemId":"B0007GIXR4","ProductIndex":25775}
{"itemId":"B00659JCC2","ProductIndex":45314}
{"itemId":"B000VUP2IY","ProductIndex":24487}
{"itemId":"B0099HBWKC","ProductIndex":39525}
{"itemId":"B003QO2KBO","ProductIndex":137951}
{"itemId":"B00007FKBG","ProductIndex":48564}
{"itemId":"B003TFDOLK","ProductIndex":24630}
{"itemId":"B004GCHLNC","ProductIndex":106987}
{"itemId":"B007Z5A1ZW","ProductIndex":197183}
{"itemId":"B009L87GSG","ProductIndex":44957}
{"itemId":"B00BDW6D7I","ProductIndex":15834}
{"itemId":"B005EDL2XW","ProductIndex":31919}
{"itemId":"B003ZUXX3S","ProductIndex":10686}
{"itemId":"B005HYI15U","ProductIndex":71021}
{"itemId":"B00004SSRP","ProductIndex":164432}
{"itemId":"B00004THCY","ProductIndex":30151}
{"itemId":"B00BCQDCAQ","ProductIndex":146539}
{"itemId":"B00004Y7MT","ProductIndex":58082}
{"itemId":"B001QWKDO4","ProductIndex":22621}
{"itemId":"B00BAZOCNA","ProductIndex":167516}
{"itemId":"B00004Y7LQ","ProductIndex":118699}
{"itemId":"B00HFMNR4M","ProductIndex":172687}
{"itemId":"B00CWRXEVG","ProductIndex":25739}
{"itemId":"B0064A2N6Y","ProductIndex":47530}
{"itemId":"B0038BM7F4","ProductIndex":16082}
{"itemId":"B008XHFN40","ProductIndex":170309}
{"itemId":"B002RT8LJO","ProductIndex":15675}
{"itemId":"B003ZDNY0C","ProductIndex":55423}
{"itemId":"B002DDVWTK","ProductIndex":78543}
{"itemId":"B00IDUD61Y","ProductIndex":104715}
{"itemId":"B000BNY0XY","ProductIndex":76769}
{"itemId":"B00004THAJ","ProductIndex":114120}
{"itemId":"B001HN6CGK","ProductIndex":171198}
{"itemId":"B005FJNBJS","ProductIndex":26554}
{"itemId":"B00ERCAMM8","ProductIndex":74199}
{"itemId":"B00ANIH2TG","ProductIndex":24081}
{"itemId":"B003GHIWN6","ProductIndex":155753}
{"itemId":"B007RNAC8S","ProductIndex":50319}
{"itemId":"B001RNHIYK","ProductIndex":57958}
{"itemId":"B00GU9UG9A","ProductIndex":61143}
{"itemId":"B000XUE4OU","ProductIndex":164548}
{"itemId":"B005I7HS0K","ProductIndex":42147}
{"itemId":"B004RQB0CA","ProductIndex":89195}
{"itemId":"B001AEBZOA","ProductIndex":49185}
{"itemId":"B000ETTG2A","ProductIndex":85713}
{"itemId":"B003BVA8ES","ProductIndex":194031}
{"itemId":"B00DEH6UFK","ProductIndex":60849}
{"itemId":"B000FVIHY0","ProductIndex":35860}
{"itemId":"B009N06CVY","ProductIndex":44944}
{"itemId":"B00005B2QO","ProductIndex":73463}
{"itemId":"B009RNP6RI","ProductIndex":73136}
{"itemId":"B009NNPZT6","ProductIndex":95017}
{"itemId":"B000KLGWYW","ProductIndex":110774}
{"itemId":"B00D7KOMVS","ProductIndex":28216}
{"itemId":"B000VLC538","ProductIndex":74608}
{"itemId":"B000SDZ38I","ProductIndex":131375}
{"itemId":"B000068NZK","ProductIndex":53342}
{"itemId":"B008MAZHW6","ProductIndex":79883}
{"itemId":"B0056AQW4M","ProductIndex":65069}
{"itemId":"B00FQT2BN4","ProductIndex":95350}
{"itemId":"B000OQ2ZBC","ProductIndex":55917}
{"itemId":"B0009EXWKW","ProductIndex":78361}
{"itemId":"B0049B769O","ProductIndex":111591}
{"itemId":"B003TDLWOS","ProductIndex":143351}
{"itemId":"B00AYFGWSK","ProductIndex":124097}
{"itemId":"B000B7NCRA","ProductIndex":43683}
{"itemId":"B000BSJGD8","ProductIndex":129974}
{"itemId":"B00EIPYLD0","ProductIndex":177879}
{"itemId":"B00005N5XO","ProductIndex":73145}
{"itemId":"B007XJ7E5K","ProductIndex":23819}
{"itemId":"B004T5H9UQ","ProductIndex":78516}
{"itemId":"B001TKFIOI","ProductIndex":39322}
{"itemId":"B00292BT4I","ProductIndex":81624}
{"itemId":"B00IOTZK54","ProductIndex":103869}
{"itemId":"B00987STOK","ProductIndex":97519}
{"itemId":"B0014TK2AY","ProductIndex":189929}
{"itemId":"B004GCK6JS","ProductIndex":113942}
{"itemId":"B00BHUXR16","ProductIndex":203998}
{"itemId":"B00BAWSNI8","ProductIndex":54899}
{"itemId":"B0078ZAE06","ProductIndex":70830}
{"itemId":"B00FP6A55O","ProductIndex":49799}
{"itemId":"B002N7KTXQ","ProductIndex":67308}
{"itemId":"B004XANKVY","ProductIndex":30333}
{"itemId":"B0054TD5JA","ProductIndex":195564}
{"itemId":"B0015VW3GW","ProductIndex":45764}
{"itemId":"B0044YC6DM","ProductIndex":128290}
{"itemId":"B0086TAU2A","ProductIndex":145615}
{"itemId":"B00005118D","ProductIndex":131181}
{"itemId":"B0049AKWOQ","ProductIndex":181973}
{"itemId":"B001PLEHRA","ProductIndex":45568}
{"itemId":"B004AXGPFM","ProductIndex":73794}
{"itemId":"B00DMI6A1U","ProductIndex":116213}
{"itemId":"B0000BZ407","ProductIndex":73970}
{"itemId":"B00564Z56E","ProductIndex":129593}
{"itemId":"B000BWYTA4","ProductIndex":53868}
{"itemId":"B0099XQGQQ","ProductIndex":47937}
{"itemId":"B003TYDP9C","ProductIndex":105715}
{"itemId":"B00ECV62P0","ProductIndex":139554}
{"itemId":"B00CFSSDZY","ProductIndex":73494}
{"itemId":"B002DTWEPU","ProductIndex":91087}
{"itemId":"B007G91Y1M","ProductIndex":128978}
{"itemId":"B000BY9CV8","ProductIndex":41978}
{"itemId":"B001DT0LSI","ProductIndex":83143}
{"itemId":"B0000DHQ23","ProductIndex":128087}
{"itemId":"B002TWOGZ2","ProductIndex":38365}
{"itemId":"B005KR15HU","ProductIndex":38701}
{"itemId":"B0043L1MPO","ProductIndex":175134}
{"itemId":"B008BTYBMU","ProductIndex":75471}
{"itemId":"B000KZH3OG","ProductIndex":171578}
{"itemId":"B001BFS0H8","ProductIndex":40729}
{"itemId":"B00006JO7H","ProductIndex":109428}
{"itemId":"B0039PPMG0","ProductIndex":161742}
{"itemId":"B0013FFN4E","ProductIndex":71917}
{"itemId":"B000RT8FAQ","ProductIndex":63647}
{"itemId":"B0013OJLBG","ProductIndex":29632}
{"itemId":"B00HFVZIQ8","ProductIndex":113104}
{"itemId":"B001ELQ2RE","ProductIndex":88752}
{"itemId":"B00FJE758W","ProductIndex":48251}
{"itemId":"B007QEEVXU","ProductIndex":159066}
{"itemId":"B008FWB9XW","ProductIndex":88150}
{"itemId":"B0071CCP6W","ProductIndex":120404}
{"itemId":"B000NW12D4","ProductIndex":95970}
{"itemId":"B001OMH1N2","ProductIndex":62374}
{"itemId":"B00E964RQO","ProductIndex":45587}
{"itemId":"B00BTG0NLU","ProductIndex":125439}
{"itemId":"B007ZQ8MAW","ProductIndex":203115}
{"itemId":"B001GQY166","ProductIndex":78973}
{"itemId":"B0078ES8TG","ProductIndex":130551}
{"itemId":"B004S6QFJW","ProductIndex":80608}
{"itemId":"B004NQSEHS","ProductIndex":100057}
{"itemId":"B0009VE236","ProductIndex":32955}
{"itemId":"B000KIV43E","ProductIndex":93396}
{"itemId":"B00009LI53","ProductIndex":84219}
{"itemId":"B003Z5BHHW","ProductIndex":108982}
{"itemId":"B005PL5WAW","ProductIndex":41632}
{"itemId":"B005WGC60Y","ProductIndex":167158}
{"itemId":"B0026N8F24","ProductIndex":130066}
{"itemId":"B00456XSI6","ProductIndex":164217}
{"itemId":"B00008VF6F","ProductIndex":42913}
{"itemId":"B000UW3KVE","ProductIndex":103229}
{"itemId":"B001UJJNNA","ProductIndex":118626}
{"itemId":"B00744R2J2","ProductIndex":91478}
{"itemId":"B007RNBJZ8","ProductIndex":182702}
{"itemId":"B002QYGBI8","ProductIndex":48499}
{"itemId":"B00ALSNDM8","ProductIndex":61649}
{"itemId":"B0011FV3TU","ProductIndex":62245}
{"itemId":"B00D7GDRZE","ProductIndex":139176}
{"itemId":"B0002BEQX4","ProductIndex":56883}
{"itemId":"B00006911A","ProductIndex":154252}
{"itemId":"B004UC2N7M","ProductIndex":46220}
{"itemId":"B004PAO63I","ProductIndex":154692}
{"itemId":"B0000ALKF6","ProductIndex":86975}
{"itemId":"B0000DZFVT","ProductIndex":39758}
{"itemId":"B000065946","ProductIndex":115399}
{"itemId":"B0000YCFCC","ProductIndex":55005}
{"itemId":"B00003CWE5","ProductIndex":51494}
{"itemId":"B00B3B7E04","ProductIndex":159788}
{"itemId":"B005TKH2PC","ProductIndex":73347}
{"itemId":"B006DJSIY2","ProductIndex":109754}
{"itemId":"B009O5AXV8","ProductIndex":74036}
{"itemId":"B000065UWB","ProductIndex":147869}
{"itemId":"B003H3L6V4","ProductIndex":28433}
{"itemId":"B00C34G8MA","ProductIndex":162460}
{"itemId":"B001ANZPZQ","ProductIndex":46366}
{"itemId":"B008POHL1Y","ProductIndex":61393}
{"itemId":"B00ANDWIS6","ProductIndex":126696}
{"itemId":"B0013FBFFU","ProductIndex":68469}
{"itemId":"B00148Z9Y4","ProductIndex":52844}
{"itemId":"B004K0QTLA","ProductIndex":92388}
{"itemId":"B00GTLN1BO","ProductIndex":23467}
{"itemId":"B0000ULGQ2","ProductIndex":153973}
{"itemId":"B001R6NGHU","ProductIndex":160201}
{"itemId":"B0043GKY1W","ProductIndex":57127}
{"itemId":"B006NYQCB8","ProductIndex":42118}
{"itemId":"B004LB5B0S","ProductIndex":181834}
{"itemId":"B00884TJRA","ProductIndex":122961}
{"itemId":"B004U8SU00","ProductIndex":39571}
{"itemId":"B00C6FRPIC","ProductIndex":114918}
{"itemId":"B005Z44BK6","ProductIndex":117439}
{"itemId":"B001MQ4KJI","ProductIndex":79299}
{"itemId":"B00007GPHR","ProductIndex":90377}
{"itemId":"B000G2BHTU","ProductIndex":65190}
{"itemId":"B002ARFJY8","ProductIndex":139150}
{"itemId":"B0084C39PO","ProductIndex":68580}
{"itemId":"B004LV1GPC","ProductIndex":108096}
{"itemId":"B008E183U6","ProductIndex":131860}
{"itemId":"B002JH4LPC","ProductIndex":83874}
{"itemId":"B004KVK4ZQ","ProductIndex":118307}
{"itemId":"B004BW5VJS","ProductIndex":55624}
{"itemId":"B007703QDO","ProductIndex":127044}
{"itemId":"B0018Y8NA6","ProductIndex":177137}
{"itemId":"B000VEMOA4","ProductIndex":117194}
{"itemId":"B008BZAUBU","ProductIndex":97494}
{"itemId":"B0000BVDKK","ProductIndex":112368}
{"itemId":"B00004Z9FF","ProductIndex":27217}
{"itemId":"B006MXNPUQ","ProductIndex":84576}
{"itemId":"B001284BKY","ProductIndex":157463}
{"itemId":"B007RPQ0M8","ProductIndex":90422}
{"itemId":"B008P8ES5M","ProductIndex":42485}
{"itemId":"B002R04K9S","ProductIndex":76299}
{"itemId":"B0044BXQUC","ProductIndex":180020}
{"itemId":"B00E4OCECU","ProductIndex":184418}
{"itemId":"B00744R5PI","ProductIndex":65163}
{"itemId":"B000OY0B10","ProductIndex":77089}
{"itemId":"B006ZN4SP4","ProductIndex":85125}
{"itemId":"B00EHSLYTM","ProductIndex":50222}
{"itemId":"B008AG4IV8","ProductIndex":81859}
{"itemId":"B005W8NK0W","ProductIndex":69796}
{"itemId":"B003HC9EKU","ProductIndex":75991}
{"itemId":"B006RAXKR2","ProductIndex":79647}
{"itemId":"B000M57VKA","ProductIndex":155158}
{"itemId":"B005IC5Q9U","ProductIndex":130415}
{"itemId":"B0026K9CCY","ProductIndex":165168}
{"itemId":"B000BSJC6Y","ProductIndex":86245}
{"itemId":"B002A4CP16","ProductIndex":129618}
{"itemId":"B004WZNGA0","ProductIndex":60636}
{"itemId":"B0059BZF2S","ProductIndex":112101}
{"itemId":"B00CUN53NY","ProductIndex":129684}
{"itemId":"B001CLYM6Y","ProductIndex":54265}
{"itemId":"B001HJ5QAW","ProductIndex":199287}
{"itemId":"B003L9WPUU","ProductIndex":70394}
{"itemId":"B00GKTVOPK","ProductIndex":206985}
{"itemId":"B003ZGWO8M","ProductIndex":33416}
{"itemId":"B009P975FK","ProductIndex":33547}
{"itemId":"B0050VKPZE","ProductIndex":195913}
{"itemId":"B0051PQC38","ProductIndex":207899}
{"itemId":"B005GNWH6G","ProductIndex":131387}
{"itemId":"B000FL95X2","ProductIndex":56520}
{"itemId":"B005U85XKE","ProductIndex":30556}
{"itemId":"B002E16WBE","ProductIndex":98233}
{"itemId":"B001MQ30S0","ProductIndex":41394}
{"itemId":"B007O31T9W","ProductIndex":109048}
{"itemId":"B005LT2SKU","ProductIndex":122282}
{"itemId":"B000OXKMAG","ProductIndex":65067}
{"itemId":"B00009R8CX","ProductIndex":64204}
{"itemId":"B00436SADG","ProductIndex":53173}
{"itemId":"B000M9N542","ProductIndex":108146}
{"itemId":"B004K6M922","ProductIndex":71626}
{"itemId":"B000A1ESI4","ProductIndex":103284}
{"itemId":"B004AHJQ36","ProductIndex":139960}
{"itemId":"B000JFE7PK","ProductIndex":154812}
{"itemId":"B003NR5A2K","ProductIndex":109781}
{"itemId":"B001JQ6O4A","ProductIndex":48734}
{"itemId":"B0009GH13Y","ProductIndex":154756}
{"itemId":"B000BQQ2JQ","ProductIndex":79852}
{"itemId":"B001AZVOUO","ProductIndex":124721}
{"itemId":"B007R72QQA","ProductIndex":173158}
{"itemId":"B007ECI7MA","ProductIndex":166609}
{"itemId":"B003HMRO5C","ProductIndex":88604}
{"itemId":"B00371IAOC","ProductIndex":141243}
{"itemId":"B00J0825H4","ProductIndex":197614}
{"itemId":"B007H4ZUZC","ProductIndex":166210}
{"itemId":"B000BMHERE","ProductIndex":106063}
{"itemId":"B00D3TCDQE","ProductIndex":64540}
{"itemId":"B004HMCJ0Q","ProductIndex":94915}
{"itemId":"B000VSWHIO","ProductIndex":49263}
{"itemId":"B00ATPW8B0","ProductIndex":78500}
{"itemId":"B0000CFYNP","ProductIndex":93887}
{"itemId":"B007PPYXNS","ProductIndex":69797}
{"itemId":"B00IP6C3T2","ProductIndex":153454}
{"itemId":"B0015HSNWE","ProductIndex":45058}
{"itemId":"B004CUIIQW","ProductIndex":45988}
{"itemId":"B000068IGO","ProductIndex":47084}
{"itemId":"B0028QZARW","ProductIndex":86706}
{"itemId":"B009289F02","ProductIndex":53234}
{"itemId":"B002G1YO26","ProductIndex":133991}
{"itemId":"B007A5U0EE","ProductIndex":159074}
{"itemId":"B00929FJPQ","ProductIndex":48662}
{"itemId":"B003DR4X32","ProductIndex":68947}
{"itemId":"B00279UK3O","ProductIndex":62186}
{"itemId":"B000RY0QB2","ProductIndex":158691}
{"itemId":"B0036FFNN0","ProductIndex":41261}
{"itemId":"B000E8J3YC","ProductIndex":139125}
{"itemId":"B000YPBDOS","ProductIndex":121861}
{"itemId":"B007JGB4VC","ProductIndex":84578}
{"itemId":"B001KEIYSK","ProductIndex":104551}
{"itemId":"B001U6YILK","ProductIndex":85004}
{"itemId":"B004GVFRQG","ProductIndex":136828}
{"itemId":"B00CXN1IZS","ProductIndex":106332}
{"itemId":"B009FLGWVQ","ProductIndex":143879}
{"itemId":"B00HFW1DWK","ProductIndex":158278}
{"itemId":"B004AYD35Q","ProductIndex":134703}
{"itemId":"B00FE2G79C","ProductIndex":188500}
{"itemId":"B0018MI1KK","ProductIndex":175215}
{"itemId":"B000MFRXNU","ProductIndex":65494}
{"itemId":"B00AVKCNQS","ProductIndex":48280}
{"itemId":"B0000YTXHC","ProductIndex":133202}
{"itemId":"B00B2ZAF52","ProductIndex":164711}
{"itemId":"B00B5CX72A","ProductIndex":92418}
{"itemId":"B001MYL1C4","ProductIndex":54712}
{"itemId":"B00COQGHXM","ProductIndex":88959}
{"itemId":"B00B1MTZPM","ProductIndex":55146}
{"itemId":"B0038KLF2G","ProductIndex":88444}
{"itemId":"B006C0S9AK","ProductIndex":42766}
{"itemId":"B00F9VPDIY","ProductIndex":126390}
{"itemId":"B00763WQ10","ProductIndex":64948}
{"itemId":"B000CO9NTI","ProductIndex":80849}
{"itemId":"B00466HUBG","ProductIndex":97083}
{"itemId":"B000EN3VK4","ProductIndex":78840}
{"itemId":"B001C1TBGA","ProductIndex":205566}
{"itemId":"B0058QSY2C","ProductIndex":42351}
{"itemId":"B003E2YA70","ProductIndex":100020}
{"itemId":"B00003CWG3","ProductIndex":75448}
{"itemId":"B00B23RD5O","ProductIndex":193775}
{"itemId":"B00996WUTA","ProductIndex":139020}
{"itemId":"B0092T085C","ProductIndex":100715}
{"itemId":"B00A42E7W6","ProductIndex":160573}
{"itemId":"B004PE07R8","ProductIndex":116627}
{"itemId":"B007C7X4D4","ProductIndex":121723}
{"itemId":"B003ARSPFM","ProductIndex":71594}
{"itemId":"B0024R57E6","ProductIndex":55920}
{"itemId":"B00H9UHD0E","ProductIndex":122130}
{"itemId":"B00H3QWY8K","ProductIndex":164158}
{"itemId":"B0041SY5CG","ProductIndex":151726}
{"itemId":"B0053WG2A2","ProductIndex":64062}
{"itemId":"B003SR4ZS0","ProductIndex":170013}
{"itemId":"B004U9L6EQ","ProductIndex":151341}
{"itemId":"B004Y504XK","ProductIndex":192913}
{"itemId":"B0058OQ8TK","ProductIndex":207471}
{"itemId":"B00187AI6K","ProductIndex":28108}
{"itemId":"B0000649CH","ProductIndex":164677}
{"itemId":"B00DWFQ42I","ProductIndex":191896}
{"itemId":"B009JQOL06","ProductIndex":206929}
{"itemId":"B00006HNY1","ProductIndex":45908}
{"itemId":"B008ATPS00","ProductIndex":90010}
{"itemId":"B009S8RF1W","ProductIndex":185083}
{"itemId":"B0086558I0","ProductIndex":117492}
{"itemId":"B0008090W6","ProductIndex":165997}
{"itemId":"B0000950RZ","ProductIndex":94879}
{"itemId":"B003CN5O26","ProductIndex":115754}
{"itemId":"B004TY1WQY","ProductIndex":70301}
{"itemId":"B00009ENAD","ProductIndex":140947}
{"itemId":"B005LS96OC","ProductIndex":182290}
{"itemId":"B0027XEM5M","ProductIndex":164623}
{"itemId":"B000DZDQ26","ProductIndex":61633}
{"itemId":"B00D5Z7GEU","ProductIndex":107750}
{"itemId":"B005XRHA8U","ProductIndex":171044}
{"itemId":"B00004SWKX","ProductIndex":141624}
{"itemId":"B004TGTYDK","ProductIndex":148425}
{"itemId":"B009QJC7OI","ProductIndex":74566}
{"itemId":"B00005LEP9","ProductIndex":129999}
{"itemId":"B00DQIST6A","ProductIndex":136379}
{"itemId":"B0015MFTH6","ProductIndex":165956}
{"itemId":"B0019K3UAC","ProductIndex":140299}
{"itemId":"B0097C4WTM","ProductIndex":132095}
{"itemId":"B0040720PC","ProductIndex":117631}
{"itemId":"B0071LB74E","ProductIndex":119277}
{"itemId":"B001U7W8O8","ProductIndex":76085}
{"itemId":"B00AS9AEJK","ProductIndex":143603}
{"itemId":"B001F4N87M","ProductIndex":187967}
{"itemId":"B004KTMP46","ProductIndex":124101}
{"itemId":"B0013PZW40","ProductIndex":95977}
{"itemId":"B008NGNFSW","ProductIndex":121693}
{"itemId":"B000REWXAY","ProductIndex":139386}
{"itemId":"B002QS9MKI","ProductIndex":62698}
{"itemId":"B005MF0ZYO","ProductIndex":128052}
{"itemId":"B000276L2W","ProductIndex":139929}
{"itemId":"B0009KMMRK","ProductIndex":140870}
{"itemId":"B00AVYM5YY","ProductIndex":144170}
{"itemId":"B000EANQDY","ProductIndex":199784}
{"itemId":"B000271M0S","ProductIndex":164477}
{"itemId":"B002HEWA1E","ProductIndex":78162}
{"itemId":"B007PENO8E","ProductIndex":85827}
{"itemId":"B00007KQJP","ProductIndex":171162}
{"itemId":"B00AOCGVJI","ProductIndex":104477}
{"itemId":"B008JG1KIS","ProductIndex":121868}
{"itemId":"B004S0X68G","ProductIndex":107877}
{"itemId":"B003U4P2HO","ProductIndex":69317}
{"itemId":"B00B6ZBTZS","ProductIndex":90503}
{"itemId":"B003VTZ0AC","ProductIndex":42406}
{"itemId":"B001J8BG64","ProductIndex":97775}
{"itemId":"B004S0BWAK","ProductIndex":168434}
{"itemId":"B002BBAA4C","ProductIndex":166945}
{"itemId":"B00D6DOYEQ","ProductIndex":99061}
{"itemId":"B002TRVKGA","ProductIndex":111055}
{"itemId":"B005DUW2LC","ProductIndex":206781}
{"itemId":"B005OQKME4","ProductIndex":120013}
{"itemId":"B00005T3RD","ProductIndex":198050}
{"itemId":"B00APOPKUQ","ProductIndex":205413}
{"itemId":"B00BWA1JBQ","ProductIndex":192771}
{"itemId":"B004KSBP4I","ProductIndex":153804}
{"itemId":"B00BJRXIOI","ProductIndex":180275}
{"itemId":"B000JJT8GE","ProductIndex":77959}
{"itemId":"B002FKIYVK","ProductIndex":177157}
{"itemId":"B003H3EDXM","ProductIndex":57450}
{"itemId":"B00DXYDBRO","ProductIndex":118687}
{"itemId":"B0041X2RBW","ProductIndex":99073}
{"itemId":"B0030H1NVU","ProductIndex":129594}
{"itemId":"B007X6V54Y","ProductIndex":156062}
{"itemId":"B001P05MB6","ProductIndex":149745}
{"itemId":"B008V5HU68","ProductIndex":201550}
{"itemId":"B009QZRSRS","ProductIndex":192388}
{"itemId":"B002SXMRKS","ProductIndex":109810}
{"itemId":"B001NACBDU","ProductIndex":131202}
{"itemId":"B001204SBY","ProductIndex":140930}
{"itemId":"B000QZ545K","ProductIndex":147996}
{"itemId":"B005N54VXE","ProductIndex":181762}
{"itemId":"B00009V3RX","ProductIndex":106968}
{"itemId":"B0001MBLNC","ProductIndex":153122}
{"itemId":"B00578NU98","ProductIndex":128594}
{"itemId":"B0028X6BGO","ProductIndex":165939}
{"itemId":"B00KGF0ZD6","ProductIndex":116308}
{"itemId":"B000068O47","ProductIndex":99104}
{"itemId":"B0044HWNWS","ProductIndex":100812}
{"itemId":"B003U4RVQY","ProductIndex":161274}
{"itemId":"B00I6DLK3O","ProductIndex":68775}
{"itemId":"B002HF8WYW","ProductIndex":105071}
{"itemId":"B004S30G8G","ProductIndex":97624}
{"itemId":"B008418KXQ","ProductIndex":127797}
{"itemId":"B00EQ1WXOA","ProductIndex":158310}
{"itemId":"B00EQ2FJXG","ProductIndex":189930}
{"itemId":"B00K4NLF2K","ProductIndex":168017}
{"itemId":"B006J41VO0","ProductIndex":172571}
{"itemId":"B000SQK588","ProductIndex":73665}
{"itemId":"B000NOQDOA","ProductIndex":171744}
{"itemId":"B0064LWJ3U","ProductIndex":120325}
{"itemId":"B001QMUM04","ProductIndex":152215}
{"itemId":"B00004U55K","ProductIndex":186212}
{"itemId":"B00A524BD0","ProductIndex":134300}
{"itemId":"B00A610D32","ProductIndex":116789}
{"itemId":"B000OP4YNK","ProductIndex":141111}
{"itemId":"B003EME7MI","ProductIndex":183452}
{"itemId":"B004I4R5NY","ProductIndex":143320}
{"itemId":"B001GSZAO6","ProductIndex":75240}
{"itemId":"B002V3SWZE","ProductIndex":202307}
{"itemId":"B00763XX3K","ProductIndex":196795}
{"itemId":"B003J3759O","ProductIndex":173761}
{"itemId":"B002ROFTKS","ProductIndex":94331}
{"itemId":"B0086IQCSM","ProductIndex":194203}
{"itemId":"B003N3A86C","ProductIndex":150087}
{"itemId":"B00CJ7QHO0","ProductIndex":108310}
{"itemId":"B0073IWEWO","ProductIndex":188750}
{"itemId":"B00DRAQW02","ProductIndex":185168}
{"itemId":"B00001ZULD","ProductIndex":159780}
{"itemId":"B001PLVATI","ProductIndex":191327}
{"itemId":"B001G45XLU","ProductIndex":94719}
{"itemId":"B008FKX6RQ","ProductIndex":203880}
{"itemId":"B00CKHGB7C","ProductIndex":91959}
{"itemId":"B000MDZGJK","ProductIndex":82621}
{"itemId":"B00542EUS2","ProductIndex":109783}
{"itemId":"B00763Y370","ProductIndex":155922}
{"itemId":"B007L7973Q","ProductIndex":138504}
{"itemId":"B0002FCDNA","ProductIndex":87442}
{"itemId":"B003DXV9O2","ProductIndex":119604}
{"itemId":"B0009PQE2O","ProductIndex":195004}
{"itemId":"B000L47ADK","ProductIndex":124434}
{"itemId":"B001US4RWI","ProductIndex":181028}
{"itemId":"B00002NDRF","ProductIndex":66319}
{"itemId":"B0077E6GUU","ProductIndex":167980}
{"itemId":"B00ATANUTE","ProductIndex":74091}
{"itemId":"B0012RAQJK","ProductIndex":136186}
{"itemId":"B00005B8M0","ProductIndex":117652}
{"itemId":"B0067DGU8K","ProductIndex":182299}
{"itemId":"B009O3XZLU","ProductIndex":72224}
{"itemId":"B005EH06DA","ProductIndex":149214}
{"itemId":"B000FSS4JG","ProductIndex":151911}
{"itemId":"B004DUMU88","ProductIndex":55987}
{"itemId":"B005CGGW1S","ProductIndex":106960}
{"itemId":"B003UGJFWK","ProductIndex":105504}
{"itemId":"B0057LA87C","ProductIndex":154997}
{"itemId":"B000MVVFK6","ProductIndex":153839}
{"itemId":"B009LNJXJQ","ProductIndex":167275}
{"itemId":"B00C59W2YG","ProductIndex":144185}
{"itemId":"B006PIZ87G","ProductIndex":74402}
{"itemId":"B00GZQWI6C","ProductIndex":84981}
{"itemId":"B00061W8RQ","ProductIndex":138357}
{"itemId":"B0009JFFJS","ProductIndex":196646}
{"itemId":"B0078W4T2I","ProductIndex":193881}
{"itemId":"B0054EA4HG","ProductIndex":196934}
{"itemId":"B0009N5OCW","ProductIndex":205772}
{"itemId":"B0063K5K74","ProductIndex":97075}
{"itemId":"B008MHV33G","ProductIndex":123206}
{"itemId":"B004KJEUWG","ProductIndex":201579}
{"itemId":"B0013FBP32","ProductIndex":188882}
{"itemId":"B00EZJVR2M","ProductIndex":189063}
{"itemId":"B007ZW1ZU0","ProductIndex":138539}
{"itemId":"B0015KB6K2","ProductIndex":177318}
{"itemId":"B000BVAPLM","ProductIndex":192997}
{"itemId":"B00AMJR6T2","ProductIndex":160270}
{"itemId":"B00068NF0S","ProductIndex":111086}
{"itemId":"B0057RB4IS","ProductIndex":106750}
{"itemId":"B0000E2Y7Q","ProductIndex":88243}
{"itemId":"B00A1AJ712","ProductIndex":176362}
{"itemId":"B004L3INL0","ProductIndex":200527}
{"itemId":"B00555336I","ProductIndex":158359}
{"itemId":"B001I2ERS0","ProductIndex":175036}
{"itemId":"B008ASQ2EC","ProductIndex":154656}
{"itemId":"B008BZBMO4","ProductIndex":72136}
{"itemId":"B0065SHGFI","ProductIndex":155080}
{"itemId":"B000BH50UM","ProductIndex":194331}
{"itemId":"B004318FEK","ProductIndex":163834}
{"itemId":"B002KCTQYC","ProductIndex":163922}
{"itemId":"B009G4MMKM","ProductIndex":90982}
{"itemId":"B006QTE1KO","ProductIndex":73911}
{"itemId":"B0025WEERQ","ProductIndex":124942}
{"itemId":"B00563ZZ4M","ProductIndex":87379}
{"itemId":"B0058FAFTI","ProductIndex":170505}
{"itemId":"B000069J8K","ProductIndex":88070}
{"itemId":"B000NRJAYM","ProductIndex":159823}
{"itemId":"B004H1MHT0","ProductIndex":103439}
{"itemId":"B00CCEIUNG","ProductIndex":135438}
{"itemId":"B0026NBYZO","ProductIndex":202799}
{"itemId":"B009Z3WR4U","ProductIndex":186155}
{"itemId":"B0085RNNJU","ProductIndex":145814}
{"itemId":"B005TMLT7W","ProductIndex":143124}
{"itemId":"B00K3QBZCS","ProductIndex":201629}
{"itemId":"B00E4XKA4U","ProductIndex":193882}
{"itemId":"B001BKVRJQ","ProductIndex":168740}
{"itemId":"B001SB7R38","ProductIndex":173277}
{"itemId":"B0018SW3WQ","ProductIndex":134137}
{"itemId":"B008U7YEIY","ProductIndex":92213}
{"itemId":"B00JFQQHTI","ProductIndex":179561}
{"itemId":"B002Q0WNGG","ProductIndex":197804}
{"itemId":"B00CI6TV36","ProductIndex":191528}
{"itemId":"B004609K06","ProductIndex":98003}
{"itemId":"B000WQ4SF0","ProductIndex":182741}
{"itemId":"B0000AZJXV","ProductIndex":46069}
{"itemId":"B000NIQMG0","ProductIndex":112049}
{"itemId":"B00903BNEK","ProductIndex":207844}
{"itemId":"B000FERNHE","ProductIndex":139003}
{"itemId":"B005DDLCL0","ProductIndex":186146}
{"itemId":"B002S51WYI","ProductIndex":171038}
{"itemId":"B00009V7MV","ProductIndex":127834}
{"itemId":"B004UM762O","ProductIndex":106006}
{"itemId":"B000KL2NRM","ProductIndex":108041}
{"itemId":"B0013AZZGU","ProductIndex":205127}
{"itemId":"B007S0WV16","ProductIndex":186364}
{"itemId":"B000YJ3ZPY","ProductIndex":118596}
{"itemId":"B00410J68M","ProductIndex":160246}
{"itemId":"B00BD65YIS","ProductIndex":150603}
{"itemId":"B00BF6K260","ProductIndex":172752}
{"itemId":"B000E8TOTQ","ProductIndex":192261}
{"itemId":"B004N61MJ0","ProductIndex":129796}
{"itemId":"B003PRWZBC","ProductIndex":208176}
{"itemId":"B000K00Q7C","ProductIndex":109955}
{"itemId":"B00825QHXY","ProductIndex":204756}
{"itemId":"B004V3R62M","ProductIndex":116541}
{"itemId":"B007HALUSC","ProductIndex":144534}
{"itemId":"B000KMRFY2","ProductIndex":122247}
{"itemId":"B00344E5DW","ProductIndex":153088}
{"itemId":"B005QUQPX0","ProductIndex":162350}
{"itemId":"B0009FIVZ2","ProductIndex":105508}
{"itemId":"B00DZI8UDS","ProductIndex":160394}
{"itemId":"B0012DAD1U","ProductIndex":143559}
{"itemId":"B00398B6RQ","ProductIndex":161592}
{"itemId":"B00DBVZSI4","ProductIndex":146653}
{"itemId":"B009SK599U","ProductIndex":78005}
{"itemId":"B007UK1U4S","ProductIndex":192328}
{"itemId":"B007KG8N42","ProductIndex":145725}
{"itemId":"B00170MVCW","ProductIndex":160144}
{"itemId":"B001UQ6CGO","ProductIndex":113209}
{"itemId":"B0083EAUSW","ProductIndex":142800}
{"itemId":"B00FFACCN8","ProductIndex":178476}
{"itemId":"B000V5Z8RO","ProductIndex":200926}
{"itemId":"B007G524LU","ProductIndex":155829}
{"itemId":"B007JE3C9Q","ProductIndex":159033}
{"itemId":"B004QMAGHU","ProductIndex":177337}
{"itemId":"B0043PHNIA","ProductIndex":141586}
{"itemId":"B001UG2VA0","ProductIndex":196411}
{"itemId":"B005T6NFAW","ProductIndex":204706}
{"itemId":"B002V17ONM","ProductIndex":161227}
{"itemId":"B003DRBA5G","ProductIndex":145136}
{"itemId":"B003EYV3PU","ProductIndex":190096}
{"itemId":"B001334H7U","ProductIndex":148082}
{"itemId":"B008HUQK1I","ProductIndex":95525}
{"itemId":"B000WHLDMK","ProductIndex":127686}
{"itemId":"B00HC3498M","ProductIndex":153406}
{"itemId":"B0009N8I3Y","ProductIndex":204951}
{"itemId":"B007BFZ2U0","ProductIndex":164336}
{"itemId":"B0002NMS0U","ProductIndex":165127}
{"itemId":"B009PCKHLG","ProductIndex":155316}
{"itemId":"B000I1A0HY","ProductIndex":186925}
{"itemId":"B001B8OXLC","ProductIndex":151331}
{"itemId":"B000E145CE","ProductIndex":187478}
{"itemId":"B000NHNKR0","ProductIndex":87186}
{"itemId":"B008VHUIQK","ProductIndex":195265}
{"itemId":"B001EZYMYK","ProductIndex":157592}
{"itemId":"B001IWOBNG","ProductIndex":152810}
{"itemId":"B004FE20M8","ProductIndex":179830}
{"itemId":"B0000A2U4Y","ProductIndex":199545}
{"itemId":"B003UNNNLW","ProductIndex":87966}
{"itemId":"B004CCINMY","ProductIndex":184297}
{"itemId":"B0050OS6ZW","ProductIndex":88280}
{"itemId":"B003XRCY38","ProductIndex":136556}
{"itemId":"B00000J1S0","ProductIndex":190418}
{"itemId":"B003XDU2WM","ProductIndex":186337}
{"itemId":"B0013KYJ4Y","ProductIndex":147007}
{"itemId":"B007O328TM","ProductIndex":124680}
{"itemId":"B00B75HUN2","ProductIndex":178489}
{"itemId":"B00DBVZVIQ","ProductIndex":189615}
{"itemId":"B006VMSWCY","ProductIndex":174066}
{"itemId":"B006DIK6P2","ProductIndex":203049}
{"itemId":"B00B7WMVHK","ProductIndex":160682}
{"itemId":"B00CQ80XZQ","ProductIndex":105408}
{"itemId":"B0006GWY4S","ProductIndex":181030}
{"itemId":"B0071MW91S","ProductIndex":151756}
{"itemId":"B005DEW32G","ProductIndex":208366}
{"itemId":"B004U4GD58","ProductIndex":114496}
{"itemId":"B002TQO7CU","ProductIndex":169849}
{"itemId":"B000ALZMJ8","ProductIndex":174668}
{"itemId":"B00EAKALU0","ProductIndex":197235}
{"itemId":"B002R5AO1G","ProductIndex":189963}
{"itemId":"B0027CTPAU","ProductIndex":112676}
{"itemId":"B00435PDU0","ProductIndex":206022}
{"itemId":"B000E57DVA","ProductIndex":148329}
{"itemId":"B004K6ZOYW","ProductIndex":161209}
{"itemId":"B004VTCCF2","ProductIndex":199890}
{"itemId":"B00AAQDAZ6","ProductIndex":145789}
{"itemId":"B0006U6G98","ProductIndex":201133}
{"itemId":"B0002UAO0O","ProductIndex":163959}
{"itemId":"B004X2Z6TQ","ProductIndex":190354}
{"itemId":"B0001EZN3O","ProductIndex":186920}
{"itemId":"B004KZG0TG","ProductIndex":158331}
{"itemId":"B00005135C","ProductIndex":152989}
{"itemId":"B00AI1A2S6","ProductIndex":176544}
{"itemId":"B001N3UOKY","ProductIndex":169437}
{"itemId":"B002V1CQVW","ProductIndex":204167}
{"itemId":"B00EM7L5JW","ProductIndex":188790}
{"itemId":"B000LROGNO","ProductIndex":194299}
{"itemId":"B00GBUEU9K","ProductIndex":146856}
{"itemId":"B00AWKFTB8","ProductIndex":177599}
{"itemId":"B000095SA2","ProductIndex":143855}
{"itemId":"B003DQVW00","ProductIndex":167974}
{"itemId":"B00011CS4O","ProductIndex":119496}
{"itemId":"B0050GLA26","ProductIndex":162033}
{"itemId":"B007MPKKLA","ProductIndex":144769}
{"itemId":"B00JYNN3JO","ProductIndex":187209}
{"itemId":"B003Y5T4A0","ProductIndex":162724}
{"itemId":"B00ATE9L2K","ProductIndex":185464}
{"itemId":"B000KB2QJC","ProductIndex":194502}
{"itemId":"B00BKMXPBS","ProductIndex":193415}
{"itemId":"B00B0YJUPQ","ProductIndex":190892}
{"itemId":"B0052NMM0Q","ProductIndex":183316}
{"itemId":"B004AFIY86","ProductIndex":191813}
{"itemId":"B00FDNAQEE","ProductIndex":194131}
{"itemId":"B007ENBBLS","ProductIndex":201181}
{"itemId":"B003DJ2RJW","ProductIndex":187727}
{"itemId":"B004467N9M","ProductIndex":165514}
{"itemId":"B002KAPCV0","ProductIndex":197592}
{"itemId":"B00CPDYUFG","ProductIndex":163574}
{"itemId":"B000W5QNXG","ProductIndex":180396}
{"itemId":"B007QTAWYC","ProductIndex":174944}
{"itemId":"B004Y8MGYM","ProductIndex":199536}
{"itemId":"B009D4AN42","ProductIndex":185772}
{"itemId":"B0029Z9RIK","ProductIndex":183211}
{"itemId":"B00GRS897A","ProductIndex":190348}
{"itemId":"B005J6DU0C","ProductIndex":205758}
{"itemId":"B001GQ39N2","ProductIndex":169374}
{"itemId":"B003U8HT5S","ProductIndex":182512}
{"itemId":"B0026K4468","ProductIndex":196320}
{"itemId":"B00B545NPC","ProductIndex":177472}
{"itemId":"B002PQD0LI","ProductIndex":207696}
{"itemId":"B003TP8L22","ProductIndex":189436}
{"itemId":"B001V7R4VY","ProductIndex":187635}
{"itemId":"B002YPJC0S","ProductIndex":187260}
{"itemId":"B000DZH92E","ProductIndex":192100}
{"itemId":"B001PKUURM","ProductIndex":181245}
{"itemId":"B008MWI0M8","ProductIndex":183352}
{"itemId":"B0088QA1B6","ProductIndex":187257}
{"itemId":"B008RGLE3Q","ProductIndex":176035}
{"itemId":"B0094IVCRO","ProductIndex":198556}
{"itemId":"B004307PRE","ProductIndex":197586}
{"itemId":"B003UT0SDC","ProductIndex":178871}
{"itemId":"B000VD3A6W","ProductIndex":203434}
{"itemId":"B0041F5X7K","ProductIndex":188355}
{"itemId":"B001HS9HPI","ProductIndex":207827}
{"itemId":"B003EV6OTS","ProductIndex":194080}
{"itemId":"B00336G7RI","ProductIndex":197465}
{"itemId":"B005WG4FEY","ProductIndex":198964}
{"itemId":"B008RS0P7K","ProductIndex":188581}
{"itemId":"B0083Q3OUQ","ProductIndex":201621}
{"itemId":"B000A7W3PS","ProductIndex":194621}
{"itemId":"B001C4DBS6","ProductIndex":198680}
{"itemId":"B003E2O99Y","ProductIndex":199591}
