{"itemId":"B001E63B78","ProductIndex":59206}
{"itemId":"B005GI19HY","ProductIndex":1409}
{"itemId":"B000ID37EA","ProductIndex":8762}
{"itemId":"B00126KFVU","ProductIndex":25727}
{"itemId":"B002PY7M7I","ProductIndex":104783}
{"itemId":"B00009UTZJ","ProductIndex":25230}
{"itemId":"B0000AG92Z","ProductIndex":9576}
{"itemId":"B00C4ZBM38","ProductIndex":26130}
{"itemId":"B009F1JL5A","ProductIndex":5328}
{"itemId":"B0080K6WIG","ProductIndex":47240}
{"itemId":"B00EB82KUK","ProductIndex":27398}
{"itemId":"B0083Z6R4W","ProductIndex":9940}
{"itemId":"B0040X4IBU","ProductIndex":57764}
{"itemId":"B003TTKC1Q","ProductIndex":151817}
{"itemId":"B0048IATQ0","ProductIndex":703}
{"itemId":"B000E8VS1S","ProductIndex":131775}
{"itemId":"B000VDPCT0","ProductIndex":10813}
{"itemId":"B000UUF6LS","ProductIndex":126571}
{"itemId":"B004B1BR24","ProductIndex":23407}
{"itemId":"B006379D0W","ProductIndex":42785}
{"itemId":"B000TD8XES","ProductIndex":21161}
{"itemId":"B000IMYIBM","ProductIndex":16681}
{"itemId":"B00GZ1TZEK","ProductIndex":32117}
{"itemId":"B0009Z66QI","ProductIndex":35967}
{"itemId":"B003FGWL44","ProductIndex":63216}
{"itemId":"B000NK6INU","ProductIndex":2062}
{"itemId":"B001OOXBBG","ProductIndex":15358}
{"itemId":"B003VS9UP4","ProductIndex":2913}
{"itemId":"B008OILV3A","ProductIndex":62938}
{"itemId":"B000T8THL6","ProductIndex":4495}
{"itemId":"B005F20756","ProductIndex":16197}
{"itemId":"B0049IJL22","ProductIndex":92304}
{"itemId":"B0097JLQVC","ProductIndex":4404}
{"itemId":"B00DAPNP68","ProductIndex":105686}
{"itemId":"B0014DURIW","ProductIndex":4228}
{"itemId":"B004S5CCP4","ProductIndex":5318}
{"itemId":"B00GUPB6T8","ProductIndex":173557}
{"itemId":"B002XOLT7Y","ProductIndex":39363}
{"itemId":"B0091UZCPI","ProductIndex":6699}
{"itemId":"B001V6PVY2","ProductIndex":65226}
{"itemId":"B007XDFO9E","ProductIndex":89436}
{"itemId":"B000HD3RGE","ProductIndex":39080}
{"itemId":"B0029WFADO","ProductIndex":80876}
{"itemId":"B0009WRIDQ","ProductIndex":165825}
{"itemId":"B009NXFLWW","ProductIndex":1168}
{"itemId":"B005GGSKR8","ProductIndex":31110}
{"itemId":"B00B3TVYAW","ProductIndex":8213}
{"itemId":"B0041ULKW2","ProductIndex":48649}
{"itemId":"B001U0IQYQ","ProductIndex":84216}
{"itemId":"B0045DO716","ProductIndex":78804}
{"itemId":"B003N3GG0Y","ProductIndex":28608}
{"itemId":"B004WR125O","ProductIndex":1346}
{"itemId":"B006OFZPL4","ProductIndex":71040}
{"itemId":"B001P06Q0C","ProductIndex":65869}
{"itemId":"B000P0U708","ProductIndex":54579}
{"itemId":"B00E1XI6N0","ProductIndex":3273}
{"itemId":"B006GU3UJ6","ProductIndex":158744}
{"itemId":"B00CH5U24A","ProductIndex":7608}
{"itemId":"B008V4TFDK","ProductIndex":14491}
{"itemId":"B000K52DVY","ProductIndex":18106}
{"itemId":"B003EX0BVS","ProductIndex":25323}
{"itemId":"B00006B90H","ProductIndex":71641}
{"itemId":"B009P83HXK","ProductIndex":61706}
{"itemId":"B00013UXRQ","ProductIndex":34374}
{"itemId":"B005DTS41K","ProductIndex":25879}
{"itemId":"B00448SNN0","ProductIndex":44845}
{"itemId":"B002IV7FPM","ProductIndex":19963}
{"itemId":"B0039BPG4M","ProductIndex":3387}
{"itemId":"B0069LROOE","ProductIndex":101396}
{"itemId":"B003B4BBFK","ProductIndex":2949}
{"itemId":"B007X4TGXI","ProductIndex":4319}
{"itemId":"B000FGD2HM","ProductIndex":25809}
{"itemId":"B00339X3GS","ProductIndex":123674}
{"itemId":"B000EW8074","ProductIndex":2286}
{"itemId":"B0002OD3JY","ProductIndex":7148}
{"itemId":"B009JZ04A8","ProductIndex":20342}
{"itemId":"B00065ANY2","ProductIndex":6872}
{"itemId":"B00DL4BMRC","ProductIndex":55746}
{"itemId":"B0043SEMMW","ProductIndex":69809}
{"itemId":"B004UC8JU2","ProductIndex":132318}
{"itemId":"B000HATNH4","ProductIndex":5705}
{"itemId":"B00275G118","ProductIndex":114936}
{"itemId":"B004P20FTU","ProductIndex":19139}
{"itemId":"B000JL8QHE","ProductIndex":96588}
{"itemId":"B00AZO0F4C","ProductIndex":96624}
{"itemId":"B007Y2NELE","ProductIndex":56397}
{"itemId":"B003964HWO","ProductIndex":15294}
{"itemId":"B003MB780E","ProductIndex":86759}
{"itemId":"B004616OIQ","ProductIndex":6125}
{"itemId":"B003AVN6DY","ProductIndex":39673}
{"itemId":"B0056XEMKK","ProductIndex":93184}
{"itemId":"B0021AG038","ProductIndex":145785}
{"itemId":"B00166VDKS","ProductIndex":12625}
{"itemId":"B00BPCLMCM","ProductIndex":66989}
{"itemId":"B00CXTASTE","ProductIndex":136649}
{"itemId":"B000JKWXYW","ProductIndex":70559}
{"itemId":"B003FMUL7M","ProductIndex":11861}
{"itemId":"B001RQ1R8U","ProductIndex":24288}
{"itemId":"B0030BBH5I","ProductIndex":17336}
{"itemId":"B0011FTKFY","ProductIndex":18052}
{"itemId":"B007ZT9W6W","ProductIndex":26140}
{"itemId":"B0000UUXBQ","ProductIndex":60582}
{"itemId":"B000EVOP6A","ProductIndex":18133}
{"itemId":"B00358MSOK","ProductIndex":45413}
{"itemId":"B00006B8BJ","ProductIndex":29749}
{"itemId":"B007RM0X38","ProductIndex":6865}
{"itemId":"B003LD1YFI","ProductIndex":183842}
{"itemId":"B00DL1JCMM","ProductIndex":180097}
{"itemId":"B005UA65YA","ProductIndex":20272}
{"itemId":"B006QFZ2QA","ProductIndex":8219}
{"itemId":"B000IF9QW0","ProductIndex":24493}
{"itemId":"B005FDOG7A","ProductIndex":30951}
{"itemId":"B005D84SDO","ProductIndex":8541}
{"itemId":"B00387EJB8","ProductIndex":125886}
{"itemId":"B0002MQGOK","ProductIndex":783}
{"itemId":"B009OX06ZI","ProductIndex":131938}
{"itemId":"B00DNUBN78","ProductIndex":13420}
{"itemId":"B008I64R5W","ProductIndex":30013}
{"itemId":"B000ELSXFY","ProductIndex":8217}
{"itemId":"B00EFILVQU","ProductIndex":16432}
{"itemId":"B0055QYKQE","ProductIndex":12564}
{"itemId":"B008PYVXYK","ProductIndex":122523}
{"itemId":"B007ZREFCA","ProductIndex":29281}
{"itemId":"B0009JY6RU","ProductIndex":144320}
{"itemId":"B002TO40MO","ProductIndex":18956}
{"itemId":"B007VWXAQ6","ProductIndex":201493}
{"itemId":"B00004WLJ4","ProductIndex":26391}
{"itemId":"B001CK96QG","ProductIndex":45969}
{"itemId":"B004H1SILQ","ProductIndex":45608}
{"itemId":"B00B7X2OV2","ProductIndex":8382}
{"itemId":"B004WMCX2U","ProductIndex":100820}
{"itemId":"B007Z92RGE","ProductIndex":7835}
{"itemId":"B00658AS6M","ProductIndex":23050}
{"itemId":"B001UGNKQE","ProductIndex":9133}
{"itemId":"B001AXIX32","ProductIndex":59880}
{"itemId":"B000NEJYVO","ProductIndex":16254}
{"itemId":"B007S71NZO","ProductIndex":123168}
{"itemId":"B001I4KNN6","ProductIndex":79910}
{"itemId":"B00CIYBXD4","ProductIndex":72881}
{"itemId":"B00AJFV7US","ProductIndex":160632}
{"itemId":"B000UP6RXO","ProductIndex":37039}
{"itemId":"B00BXCN54M","ProductIndex":33003}
{"itemId":"B0009DVTXU","ProductIndex":132133}
{"itemId":"B005HY4UH8","ProductIndex":18691}
{"itemId":"B0006BFSBO","ProductIndex":54624}
{"itemId":"B005IGVXYS","ProductIndex":33004}
{"itemId":"B00476JANQ","ProductIndex":124329}
{"itemId":"B009DXVVLW","ProductIndex":142658}
{"itemId":"B002BRYDT4","ProductIndex":96151}
{"itemId":"B00AOX0NBY","ProductIndex":7553}
{"itemId":"B0006JMJOU","ProductIndex":133457}
{"itemId":"B00BRI4U5K","ProductIndex":84602}
{"itemId":"B004C1TSME","ProductIndex":68983}
{"itemId":"B005PT2CJS","ProductIndex":32595}
{"itemId":"B006NTM5H8","ProductIndex":70478}
{"itemId":"B00DYNQR4S","ProductIndex":42023}
{"itemId":"B00000J4LQ","ProductIndex":58874}
{"itemId":"B004A7Z3G0","ProductIndex":174880}
{"itemId":"B006WBMXLK","ProductIndex":48165}
{"itemId":"B0011ZCCCW","ProductIndex":82123}
{"itemId":"B000DEMMFY","ProductIndex":172358}
{"itemId":"B00891XD2E","ProductIndex":62290}
{"itemId":"B00EXCRPPO","ProductIndex":10402}
{"itemId":"B00KHA2DQM","ProductIndex":21961}
{"itemId":"B005OTYXV4","ProductIndex":100501}
{"itemId":"B000OOMCEO","ProductIndex":87045}
{"itemId":"B005H3KUC8","ProductIndex":13618}
{"itemId":"B00005B13M","ProductIndex":79795}
{"itemId":"B0007KQWFK","ProductIndex":46088}
{"itemId":"B000UZJ0O2","ProductIndex":17811}
{"itemId":"B00005K2R0","ProductIndex":54491}
{"itemId":"B0012MV3QA","ProductIndex":39355}
{"itemId":"B000NJDO4C","ProductIndex":100146}
{"itemId":"B00008XL1I","ProductIndex":52190}
{"itemId":"B002HWRKA2","ProductIndex":14889}
{"itemId":"B004KZ9U98","ProductIndex":37050}
{"itemId":"B005GM8MKW","ProductIndex":190250}
{"itemId":"B007B5Q5HY","ProductIndex":52319}
{"itemId":"B005ILJIN6","ProductIndex":57791}
{"itemId":"B0009WWUIE","ProductIndex":107897}
{"itemId":"B000S95RWE","ProductIndex":17328}
{"itemId":"B001AEB1DK","ProductIndex":35817}
{"itemId":"B001L62INY","ProductIndex":55085}
{"itemId":"B000SKQOCK","ProductIndex":79845}
{"itemId":"B000E8T8SS","ProductIndex":29482}
{"itemId":"B00292XT2I","ProductIndex":7134}
{"itemId":"B0036WT3JI","ProductIndex":26793}
{"itemId":"B001ASDHI8","ProductIndex":17042}
{"itemId":"B004QNPO1M","ProductIndex":48088}
{"itemId":"B005HI7YEK","ProductIndex":14494}
{"itemId":"B000BEZTR4","ProductIndex":195121}
{"itemId":"B0015ASMHC","ProductIndex":24614}
{"itemId":"B000MN8QR4","ProductIndex":32455}
{"itemId":"B00BKXCKRC","ProductIndex":18485}
{"itemId":"B005EN32RG","ProductIndex":21844}
{"itemId":"B00B5JUYOM","ProductIndex":28368}
{"itemId":"B0029L057Q","ProductIndex":64088}
{"itemId":"B00CF7E0R0","ProductIndex":10309}
{"itemId":"B0043QD62G","ProductIndex":16079}
{"itemId":"B001S074EQ","ProductIndex":29779}
{"itemId":"B001QGE7TW","ProductIndex":18604}
{"itemId":"B000P6I4XO","ProductIndex":36462}
{"itemId":"B001S0I26K","ProductIndex":19005}
{"itemId":"B000J6Y934","ProductIndex":77174}
{"itemId":"B006K556B2","ProductIndex":33793}
{"itemId":"B003BYRLF4","ProductIndex":66809}
{"itemId":"B00GG2D9ZE","ProductIndex":175496}
{"itemId":"B00GG2D5TY","ProductIndex":143355}
{"itemId":"B002WGJFJM","ProductIndex":58936}
{"itemId":"B004DMU416","ProductIndex":73531}
{"itemId":"B009DJEKJG","ProductIndex":35985}
{"itemId":"B001XUR5GS","ProductIndex":65379}
{"itemId":"B0035A7VBS","ProductIndex":15359}
{"itemId":"B0037NZA0M","ProductIndex":19990}
{"itemId":"B001VEI2KO","ProductIndex":7418}
{"itemId":"B001VFP9O0","ProductIndex":62893}
{"itemId":"B000GLHQ14","ProductIndex":45967}
{"itemId":"B009RJF5MI","ProductIndex":89806}
{"itemId":"B003E2XYVI","ProductIndex":40738}
{"itemId":"B004EP5OJE","ProductIndex":132977}
{"itemId":"B0015ZA5WC","ProductIndex":26516}
{"itemId":"B008PQAE98","ProductIndex":30604}
{"itemId":"B0019FP528","ProductIndex":115308}
{"itemId":"B0009XQPJI","ProductIndex":36715}
{"itemId":"B00001ZT4H","ProductIndex":25517}
{"itemId":"B003ZXGNFA","ProductIndex":15708}
{"itemId":"B000FD46IO","ProductIndex":50333}
{"itemId":"B00004YKHT","ProductIndex":34548}
{"itemId":"B00322PYWM","ProductIndex":64721}
{"itemId":"B0006BHHF4","ProductIndex":32909}
{"itemId":"B001OXZ1IS","ProductIndex":17764}
{"itemId":"B0018AK3AS","ProductIndex":185267}
{"itemId":"B0002D0ROO","ProductIndex":40763}
{"itemId":"B000A3N6O4","ProductIndex":24213}
{"itemId":"B006012QAA","ProductIndex":58190}
{"itemId":"B00E4HF2TY","ProductIndex":50908}
{"itemId":"B0009WSB2S","ProductIndex":109012}
{"itemId":"B0016XIQ1U","ProductIndex":13317}
{"itemId":"B004NP3D4S","ProductIndex":61928}
{"itemId":"B004FEEV3Y","ProductIndex":133241}
{"itemId":"B0007KPRYW","ProductIndex":91192}
{"itemId":"B0031RGKVC","ProductIndex":15945}
{"itemId":"B00026C4GA","ProductIndex":50177}
{"itemId":"B000PB4D3E","ProductIndex":17364}
{"itemId":"9985600266","ProductIndex":140132}
{"itemId":"B004NBY4DG","ProductIndex":41288}
{"itemId":"B001NXDQD6","ProductIndex":28099}
{"itemId":"B005MZ5AKI","ProductIndex":109720}
{"itemId":"B005FDOG66","ProductIndex":34945}
{"itemId":"B0080L9NZ4","ProductIndex":98106}
{"itemId":"B0092KZ9AA","ProductIndex":33958}
{"itemId":"B0061OVOQI","ProductIndex":41226}
{"itemId":"B001SH5OL4","ProductIndex":167639}
{"itemId":"B000QFSO5M","ProductIndex":169620}
{"itemId":"B003ZY8IPC","ProductIndex":62748}
{"itemId":"B000O1RDN2","ProductIndex":71763}
{"itemId":"B002WOD824","ProductIndex":26958}
{"itemId":"B0000DCW2V","ProductIndex":21987}
{"itemId":"B00019H5W6","ProductIndex":96764}
{"itemId":"B004H4IEI0","ProductIndex":32210}
{"itemId":"B00AFTDWVA","ProductIndex":31528}
{"itemId":"B00AFYBTSI","ProductIndex":13690}
{"itemId":"B000E3VNIG","ProductIndex":72000}
{"itemId":"B00690REM2","ProductIndex":62217}
{"itemId":"B001LQRL2M","ProductIndex":132845}
{"itemId":"B0039XRJ68","ProductIndex":15201}
{"itemId":"B0028Y4FWK","ProductIndex":25283}
{"itemId":"B006ZTNDQI","ProductIndex":46950}
{"itemId":"B008B14TQ6","ProductIndex":10835}
{"itemId":"B005Z455F6","ProductIndex":114326}
{"itemId":"B000B9SL1K","ProductIndex":147255}
{"itemId":"B004UAK2A4","ProductIndex":69329}
{"itemId":"B0013FFM5Y","ProductIndex":63750}
{"itemId":"B000HDMVFW","ProductIndex":32359}
{"itemId":"B000FB44VA","ProductIndex":20815}
{"itemId":"B000HZXX0W","ProductIndex":27518}
{"itemId":"B0002423W2","ProductIndex":108287}
{"itemId":"B003HC89LU","ProductIndex":38153}
{"itemId":"B00508YT6S","ProductIndex":111200}
{"itemId":"B000BP8AL0","ProductIndex":162596}
{"itemId":"B0046TCOO6","ProductIndex":65636}
{"itemId":"B005H3D8J0","ProductIndex":177624}
{"itemId":"B003D8OSEA","ProductIndex":40626}
{"itemId":"B004G8QOMK","ProductIndex":52620}
{"itemId":"B0001DJSYU","ProductIndex":24683}
{"itemId":"B00AE4U6T2","ProductIndex":40278}
{"itemId":"B000CSF6MM","ProductIndex":65568}
{"itemId":"B002UVN5F4","ProductIndex":164416}
{"itemId":"B004NPND20","ProductIndex":8419}
{"itemId":"B001AS3328","ProductIndex":52961}
{"itemId":"B000F2P0ZS","ProductIndex":66526}
{"itemId":"B0045JCL22","ProductIndex":23601}
{"itemId":"B001MVAHE0","ProductIndex":128430}
{"itemId":"B00BUL59HM","ProductIndex":33195}
{"itemId":"B003NPYON8","ProductIndex":63096}
{"itemId":"B004HNYBOC","ProductIndex":128843}
{"itemId":"B00IL7BQYI","ProductIndex":103931}
{"itemId":"B00FJVE7FO","ProductIndex":153939}
{"itemId":"B00DG18TCG","ProductIndex":89202}
{"itemId":"B00005B9A0","ProductIndex":84868}
{"itemId":"B001NXSS9S","ProductIndex":51272}
{"itemId":"B001WFRI16","ProductIndex":85874}
{"itemId":"B0029SC720","ProductIndex":54870}
{"itemId":"B00ESYC854","ProductIndex":120420}
{"itemId":"B000C1VABU","ProductIndex":94249}
{"itemId":"B00AVQ4XDS","ProductIndex":64200}
{"itemId":"B0082N9AX0","ProductIndex":57681}
{"itemId":"B005IDV3JQ","ProductIndex":158129}
{"itemId":"B008N7SE1Y","ProductIndex":84524}
{"itemId":"B00315OUYI","ProductIndex":26751}
{"itemId":"B005TMSN4E","ProductIndex":19718}
{"itemId":"B0058MY2TA","ProductIndex":175277}
{"itemId":"B004M905TQ","ProductIndex":82221}
{"itemId":"B0038M3YM8","ProductIndex":8984}
{"itemId":"B004XYJJ9W","ProductIndex":41506}
{"itemId":"B003X1DE88","ProductIndex":34731}
{"itemId":"B00FFVYUKU","ProductIndex":101384}
{"itemId":"B000P71WMI","ProductIndex":208046}
{"itemId":"B002MU24DC","ProductIndex":25376}
{"itemId":"B005CELTWM","ProductIndex":59395}
{"itemId":"B0089NMP2G","ProductIndex":137271}
{"itemId":"B00KDR870K","ProductIndex":91394}
{"itemId":"B00IOVSIVU","ProductIndex":186707}
{"itemId":"B00AR4Z284","ProductIndex":114027}
{"itemId":"B00659KQSG","ProductIndex":28240}
{"itemId":"B005DD6UUI","ProductIndex":86004}
{"itemId":"B00BGRMED2","ProductIndex":169460}
{"itemId":"B00B1IEILW","ProductIndex":193969}
{"itemId":"B00FJF8KQ2","ProductIndex":80369}
{"itemId":"B005JAGMVC","ProductIndex":52043}
{"itemId":"B0039ZNLFY","ProductIndex":122682}
{"itemId":"B005ODJ5YU","ProductIndex":24392}
{"itemId":"B002GENZXW","ProductIndex":11469}
{"itemId":"B002JM5IOA","ProductIndex":100904}
{"itemId":"B00000J064","ProductIndex":95082}
{"itemId":"B001KAY7BM","ProductIndex":19162}
{"itemId":"B0058LIZFS","ProductIndex":138005}
{"itemId":"B005HHSFLC","ProductIndex":56491}
{"itemId":"B004ECHAXA","ProductIndex":145444}
{"itemId":"B00FK4INCS","ProductIndex":62438}
{"itemId":"B004Q2BQ5G","ProductIndex":173815}
{"itemId":"B00232YLPS","ProductIndex":95463}
{"itemId":"B003KN2TEY","ProductIndex":15931}
{"itemId":"B001F2G2GI","ProductIndex":46752}
{"itemId":"B000Z31GGE","ProductIndex":102972}
{"itemId":"B00HNP0S02","ProductIndex":39264}
{"itemId":"B000J45K1Q","ProductIndex":86594}
{"itemId":"B00GM8D35I","ProductIndex":167004}
{"itemId":"B00B2TYA0O","ProductIndex":134696}
{"itemId":"B00A76BN4E","ProductIndex":139899}
{"itemId":"B00D766NZ0","ProductIndex":65197}
{"itemId":"B000GEBEDM","ProductIndex":23152}
{"itemId":"B00587T5NI","ProductIndex":37372}
{"itemId":"B00092DZ6U","ProductIndex":35590}
{"itemId":"B002VUFGRE","ProductIndex":132037}
{"itemId":"B000E8P7Z6","ProductIndex":24358}
{"itemId":"B00I8S6B86","ProductIndex":175386}
{"itemId":"B007N90KXI","ProductIndex":39377}
{"itemId":"B001DNY5G8","ProductIndex":110844}
{"itemId":"B007JJXELM","ProductIndex":69501}
{"itemId":"B004QHS9VU","ProductIndex":32613}
{"itemId":"B005HIS6JM","ProductIndex":121599}
{"itemId":"B004MKNJD4","ProductIndex":64983}
{"itemId":"B000RN2KRQ","ProductIndex":34913}
{"itemId":"B00G4TVTDS","ProductIndex":27339}
{"itemId":"B003XSSX82","ProductIndex":67840}
{"itemId":"B0000AKKQB","ProductIndex":195842}
{"itemId":"B000P0RPVW","ProductIndex":39211}
{"itemId":"B007HSC2OA","ProductIndex":104930}
{"itemId":"B0054RJDVG","ProductIndex":46357}
{"itemId":"B00494948W","ProductIndex":204742}
{"itemId":"B00007E8YT","ProductIndex":37880}
{"itemId":"B0088C6YTS","ProductIndex":63720}
{"itemId":"B000BK42WG","ProductIndex":43750}
{"itemId":"B003FMVPG8","ProductIndex":107412}
{"itemId":"B000WMHHL6","ProductIndex":61912}
{"itemId":"B0058DX9T8","ProductIndex":156415}
{"itemId":"B00460NFXO","ProductIndex":207072}
{"itemId":"B002M78EPW","ProductIndex":34079}
{"itemId":"B00385XUBU","ProductIndex":45149}
{"itemId":"B00EYWEH2C","ProductIndex":89577}
{"itemId":"B005130BFA","ProductIndex":28178}
{"itemId":"B0060RUVBA","ProductIndex":53204}
{"itemId":"B0011ZH0CO","ProductIndex":111419}
{"itemId":"B006LX2IU0","ProductIndex":25551}
{"itemId":"B006JHA4TK","ProductIndex":110726}
{"itemId":"B008SHYATO","ProductIndex":45040}
{"itemId":"B004ZRZFT0","ProductIndex":123401}
{"itemId":"B00F72SIMS","ProductIndex":46401}
{"itemId":"B008ITMTTK","ProductIndex":96879}
{"itemId":"B004TL3N2S","ProductIndex":108255}
{"itemId":"B00526TV2U","ProductIndex":32178}
{"itemId":"B006VCOYLW","ProductIndex":163952}
{"itemId":"B004XH0YVG","ProductIndex":127614}
{"itemId":"B00CJ2GIAS","ProductIndex":190944}
{"itemId":"B00ECOPKQ4","ProductIndex":118434}
{"itemId":"B004XNLQAS","ProductIndex":110046}
{"itemId":"B002DMZZQM","ProductIndex":40831}
{"itemId":"B00DOL0CYQ","ProductIndex":199674}
{"itemId":"B009AEPBY2","ProductIndex":138913}
{"itemId":"B004EPQQ14","ProductIndex":105313}
{"itemId":"B0009SIQDQ","ProductIndex":133436}
{"itemId":"B004AFOK2U","ProductIndex":38822}
{"itemId":"B00CHPQ2IA","ProductIndex":51597}
{"itemId":"B00ASQQPGY","ProductIndex":130069}
{"itemId":"B005H8MWS8","ProductIndex":35852}
{"itemId":"B00DAXIACO","ProductIndex":49895}
{"itemId":"B000GHG8SA","ProductIndex":152330}
{"itemId":"B007PCP1XC","ProductIndex":57054}
{"itemId":"B00CXIY468","ProductIndex":40698}
{"itemId":"B004AGXHKK","ProductIndex":34111}
{"itemId":"B004CYE6V4","ProductIndex":31438}
{"itemId":"B004TD92YE","ProductIndex":193582}
{"itemId":"B002QQ3UL2","ProductIndex":62530}
{"itemId":"B000E36R8W","ProductIndex":46933}
{"itemId":"B000BB78TY","ProductIndex":105869}
{"itemId":"B003ICWAV4","ProductIndex":65717}
{"itemId":"B00077IPGM","ProductIndex":53699}
{"itemId":"B0066130CM","ProductIndex":20652}
{"itemId":"B005EQSA9S","ProductIndex":26908}
{"itemId":"B0083J3TCQ","ProductIndex":73984}
{"itemId":"B003YJ1CRO","ProductIndex":41043}
{"itemId":"B002RL8IF4","ProductIndex":63285}
{"itemId":"B00ACO7KHU","ProductIndex":106280}
{"itemId":"B00GRLXRBK","ProductIndex":98782}
{"itemId":"B006DAC95A","ProductIndex":100671}
{"itemId":"B00850JLD4","ProductIndex":43897}
{"itemId":"B007EUWE4E","ProductIndex":143732}
{"itemId":"B002ZIZIMA","ProductIndex":158647}
{"itemId":"B008FUCSGG","ProductIndex":73278}
{"itemId":"B00006IJO7","ProductIndex":56513}
{"itemId":"B004GMSH80","ProductIndex":93250}
{"itemId":"B0036VC3UU","ProductIndex":110731}
{"itemId":"B005GVC7O0","ProductIndex":64701}
{"itemId":"B0044DEKAK","ProductIndex":51919}
{"itemId":"B006320TWS","ProductIndex":155727}
{"itemId":"B001QYLOA4","ProductIndex":70795}
{"itemId":"B005EPBSTS","ProductIndex":109795}
{"itemId":"B007XYB622","ProductIndex":56898}
{"itemId":"B0080E1JIA","ProductIndex":144847}
{"itemId":"B000BF54AA","ProductIndex":117690}
{"itemId":"B0096YOQEM","ProductIndex":21103}
{"itemId":"B00BTFRB4S","ProductIndex":29295}
{"itemId":"B004SGGOPW","ProductIndex":135984}
{"itemId":"B000VUILYQ","ProductIndex":130896}
{"itemId":"B004L5W6R0","ProductIndex":41686}
{"itemId":"B002OTAKGO","ProductIndex":171363}
{"itemId":"B005XJCXMQ","ProductIndex":44553}
{"itemId":"B002U5MKLK","ProductIndex":71066}
{"itemId":"B00JD1R1CC","ProductIndex":168684}
{"itemId":"B009AF5AEM","ProductIndex":90950}
{"itemId":"B001MKA9YY","ProductIndex":100454}
{"itemId":"B00BSBF5IW","ProductIndex":199324}
{"itemId":"B004E2PIV6","ProductIndex":95398}
{"itemId":"B00FOBTQXW","ProductIndex":80468}
{"itemId":"B000117DH6","ProductIndex":94690}
{"itemId":"B000FOP0EW","ProductIndex":165054}
{"itemId":"B00BA63762","ProductIndex":64067}
{"itemId":"B003F1VUDM","ProductIndex":69746}
{"itemId":"B0087BFEWI","ProductIndex":178131}
{"itemId":"B00B7BGAXW","ProductIndex":121005}
{"itemId":"B004I53EX8","ProductIndex":50649}
{"itemId":"B004YUB04W","ProductIndex":125150}
{"itemId":"B005J7YD8E","ProductIndex":54218}
{"itemId":"B000I963JA","ProductIndex":146346}
{"itemId":"B0046IAETO","ProductIndex":123779}
{"itemId":"B00A93Z2WO","ProductIndex":155776}
{"itemId":"B00HNJWVO4","ProductIndex":48144}
{"itemId":"B009H1BHY6","ProductIndex":46185}
{"itemId":"B004GSH9KQ","ProductIndex":93315}
{"itemId":"B008FXPA6I","ProductIndex":196760}
{"itemId":"B00EE940IG","ProductIndex":138723}
{"itemId":"B004ODKJQY","ProductIndex":65495}
{"itemId":"B001TNW2VW","ProductIndex":132316}
{"itemId":"B00E3QUSBS","ProductIndex":77396}
{"itemId":"B00C63Z7WK","ProductIndex":45543}
{"itemId":"B000K71SHW","ProductIndex":59534}
{"itemId":"B00022PTV6","ProductIndex":64325}
{"itemId":"B001ORR9Y8","ProductIndex":174685}
{"itemId":"B000VEMJFY","ProductIndex":43925}
{"itemId":"B003TJ17E2","ProductIndex":127691}
{"itemId":"B0031QZTQA","ProductIndex":40417}
{"itemId":"B0049CF6Q8","ProductIndex":169470}
{"itemId":"B00AGAONZ2","ProductIndex":125453}
{"itemId":"B00GQQO8FA","ProductIndex":41377}
{"itemId":"B00A7IZNNO","ProductIndex":196636}
{"itemId":"B000BSEA6G","ProductIndex":51898}
{"itemId":"B000HI93T4","ProductIndex":47374}
{"itemId":"B000FEO23M","ProductIndex":128284}
{"itemId":"B0057P13I6","ProductIndex":167792}
{"itemId":"B009MA716K","ProductIndex":176422}
{"itemId":"B00000J4J8","ProductIndex":124342}
{"itemId":"B0093I4KRO","ProductIndex":101809}
{"itemId":"9981739677","ProductIndex":96184}
{"itemId":"B000668BKY","ProductIndex":29618}
{"itemId":"B00EK8THU2","ProductIndex":35539}
{"itemId":"B0025ZKAK8","ProductIndex":170323}
{"itemId":"B001MQ6CX0","ProductIndex":138397}
{"itemId":"B005GM76GS","ProductIndex":149111}
{"itemId":"B000A4AWBS","ProductIndex":77541}
{"itemId":"B001DT3X74","ProductIndex":64293}
{"itemId":"B003MQLSNW","ProductIndex":101931}
{"itemId":"B006JWJX9W","ProductIndex":94315}
{"itemId":"B000N5MR0S","ProductIndex":99688}
{"itemId":"B00B1AEHZC","ProductIndex":54778}
{"itemId":"B007U5S1B8","ProductIndex":120858}
{"itemId":"B004UJ7T74","ProductIndex":76028}
{"itemId":"B006KEGR20","ProductIndex":184374}
{"itemId":"B008TYF0F4","ProductIndex":114528}
{"itemId":"B001ANPPVA","ProductIndex":60277}
{"itemId":"B00CQQND5K","ProductIndex":122521}
{"itemId":"B004DM4KMK","ProductIndex":118604}
{"itemId":"B0007WW6AI","ProductIndex":140699}
{"itemId":"B007CTA1DS","ProductIndex":152210}
{"itemId":"B00GWFE102","ProductIndex":168942}
{"itemId":"B0043PGY76","ProductIndex":71909}
{"itemId":"B00GO0MMBK","ProductIndex":121710}
{"itemId":"B003VNKN2I","ProductIndex":143060}
{"itemId":"B000FBK3RE","ProductIndex":33581}
{"itemId":"B000246T5O","ProductIndex":131401}
{"itemId":"B00006B8DB","ProductIndex":68074}
{"itemId":"B000021YTK","ProductIndex":192173}
{"itemId":"B00006JHTQ","ProductIndex":68078}
{"itemId":"B000J509CK","ProductIndex":59610}
{"itemId":"B004D4R1CO","ProductIndex":95738}
{"itemId":"B001FA09Y6","ProductIndex":110130}
{"itemId":"B000FNCTR4","ProductIndex":161021}
{"itemId":"B003ZL93LI","ProductIndex":61558}
{"itemId":"B0000CD05D","ProductIndex":49358}
{"itemId":"B005CXMWK6","ProductIndex":197578}
{"itemId":"B00A2RJHVY","ProductIndex":171950}
{"itemId":"B00D30UX8I","ProductIndex":37424}
{"itemId":"B007I881AS","ProductIndex":76854}
{"itemId":"B003QR0J2I","ProductIndex":139049}
{"itemId":"B008E07DN0","ProductIndex":169542}
{"itemId":"B003CYM91E","ProductIndex":140960}
{"itemId":"B003S7K6DI","ProductIndex":104580}
{"itemId":"B002OEBIMO","ProductIndex":153164}
{"itemId":"B007JGB6V0","ProductIndex":25347}
{"itemId":"B006K2004S","ProductIndex":174323}
{"itemId":"B00005V9GR","ProductIndex":98008}
{"itemId":"B003UOJ9MS","ProductIndex":49712}
{"itemId":"B003VX1F4S","ProductIndex":137360}
{"itemId":"B008574VNW","ProductIndex":207328}
{"itemId":"B009PPP67S","ProductIndex":80400}
{"itemId":"B001TK3BAQ","ProductIndex":130715}
{"itemId":"B0001H4D00","ProductIndex":133370}
{"itemId":"B000X22YTK","ProductIndex":41164}
{"itemId":"B00JTI4X3E","ProductIndex":35213}
{"itemId":"B000Q1N54Q","ProductIndex":84609}
{"itemId":"B00009V2XC","ProductIndex":196446}
{"itemId":"B0042HYLWU","ProductIndex":134082}
{"itemId":"B003960EYO","ProductIndex":77453}
{"itemId":"B004KQEBLO","ProductIndex":188654}
{"itemId":"B00456DKDE","ProductIndex":75930}
{"itemId":"B0063HB8DM","ProductIndex":84700}
{"itemId":"B0062W800M","ProductIndex":76913}
{"itemId":"B0043UWRSG","ProductIndex":52924}
{"itemId":"B004AMNNZI","ProductIndex":124455}
{"itemId":"B004ZSF4X6","ProductIndex":71233}
{"itemId":"B00657EPX0","ProductIndex":176784}
{"itemId":"B00CMC5EK0","ProductIndex":74633}
{"itemId":"B00CMUZ7O0","ProductIndex":126745}
{"itemId":"B00DHBLAFS","ProductIndex":139026}
{"itemId":"B00005AY9T","ProductIndex":175607}
{"itemId":"B003MQWH14","ProductIndex":109773}
{"itemId":"B00B00ASZG","ProductIndex":75042}
{"itemId":"B00006HUL8","ProductIndex":118243}
{"itemId":"B00EAHK6Z8","ProductIndex":118533}
{"itemId":"B005KM0KXK","ProductIndex":54227}
{"itemId":"B00B0177LS","ProductIndex":48503}
{"itemId":"B006YZVOK0","ProductIndex":150314}
{"itemId":"B000FGQOFO","ProductIndex":40477}
{"itemId":"B004MYZ8U2","ProductIndex":68400}
{"itemId":"B001FXNJHC","ProductIndex":119915}
{"itemId":"B00A91GKDQ","ProductIndex":73963}
{"itemId":"B0009MFJMI","ProductIndex":157448}
{"itemId":"B0000AI1GY","ProductIndex":74739}
{"itemId":"B000ACURFG","ProductIndex":105097}
{"itemId":"B005CX9U7O","ProductIndex":160003}
{"itemId":"B00ADI0M48","ProductIndex":144379}
{"itemId":"B001RJLFGQ","ProductIndex":142237}
{"itemId":"B00008VIIY","ProductIndex":103656}
{"itemId":"B005OKPW7W","ProductIndex":94086}
{"itemId":"B003LPUTIO","ProductIndex":85576}
{"itemId":"B0021ZQK6A","ProductIndex":70482}
{"itemId":"B0036WT47Y","ProductIndex":86260}
{"itemId":"B001LK7Z7O","ProductIndex":170783}
{"itemId":"B00CROC9JC","ProductIndex":28384}
{"itemId":"B00466HU8O","ProductIndex":124457}
{"itemId":"B000G0G6I4","ProductIndex":73412}
{"itemId":"B002BSKCF2","ProductIndex":98302}
{"itemId":"B000EIED4W","ProductIndex":132528}
{"itemId":"B009O7YZAG","ProductIndex":45913}
{"itemId":"B000O6GIIS","ProductIndex":96363}
{"itemId":"B003AILWH4","ProductIndex":122117}
{"itemId":"B002DTA0SS","ProductIndex":116359}
{"itemId":"B005SYKRXI","ProductIndex":120892}
{"itemId":"B0083E7SIC","ProductIndex":194474}
{"itemId":"B002Q1WPM2","ProductIndex":117029}
{"itemId":"B00019G3D8","ProductIndex":169682}
{"itemId":"B00AZU3IMC","ProductIndex":110273}
{"itemId":"B0030CLTU0","ProductIndex":162191}
{"itemId":"B000CS5ZXC","ProductIndex":58194}
{"itemId":"B000X37ZT8","ProductIndex":95727}
{"itemId":"B003BQ2GW0","ProductIndex":143859}
{"itemId":"B0033CTNZA","ProductIndex":67071}
{"itemId":"B0073P6FGS","ProductIndex":93209}
{"itemId":"B0098PPB2K","ProductIndex":135506}
{"itemId":"B00BCQX2EC","ProductIndex":132935}
{"itemId":"B0007UVYO4","ProductIndex":82775}
{"itemId":"B008L34NMY","ProductIndex":195343}
{"itemId":"B004Z538IC","ProductIndex":166340}
{"itemId":"B00DIBTDSI","ProductIndex":93678}
{"itemId":"B006GAERYS","ProductIndex":203472}
{"itemId":"B00009W5RK","ProductIndex":147080}
{"itemId":"B009YCN5D4","ProductIndex":110729}
{"itemId":"B001ULZT2M","ProductIndex":160847}
{"itemId":"B002GQ1NPW","ProductIndex":134662}
{"itemId":"B0059208KQ","ProductIndex":78340}
{"itemId":"B004P354L8","ProductIndex":57961}
{"itemId":"B00E3A1QWY","ProductIndex":148474}
{"itemId":"B0002GOJBS","ProductIndex":124865}
{"itemId":"B00COXAG1Y","ProductIndex":173617}
{"itemId":"B0000WM2K4","ProductIndex":77439}
{"itemId":"B00G7S73OK","ProductIndex":186900}
{"itemId":"B008MM3L72","ProductIndex":141555}
{"itemId":"B0034ZZ4UY","ProductIndex":138314}
{"itemId":"B007I547CW","ProductIndex":172409}
{"itemId":"B00I82C08W","ProductIndex":118562}
{"itemId":"B001A11V1K","ProductIndex":110819}
{"itemId":"B0082463VG","ProductIndex":161177}
{"itemId":"B00I9KZXXM","ProductIndex":158201}
{"itemId":"B00006FDR1","ProductIndex":95115}
{"itemId":"B00JWXXCBU","ProductIndex":134211}
{"itemId":"B00934CQ42","ProductIndex":88476}
{"itemId":"B00CPDZ096","ProductIndex":154302}
{"itemId":"B001TPO0MY","ProductIndex":82697}
{"itemId":"B004J453UU","ProductIndex":87313}
{"itemId":"B0071C5VC2","ProductIndex":81998}
{"itemId":"B00FDQQIJI","ProductIndex":119614}
{"itemId":"B00009RUI6","ProductIndex":76266}
{"itemId":"B009VIWEHO","ProductIndex":204422}
{"itemId":"B004V4VKNM","ProductIndex":108171}
{"itemId":"B00IEJU2IE","ProductIndex":149810}
{"itemId":"B002RIQMMI","ProductIndex":123555}
{"itemId":"B001NGPL2C","ProductIndex":68738}
{"itemId":"B00EE43ASW","ProductIndex":146822}
{"itemId":"B005VPPOTQ","ProductIndex":88172}
{"itemId":"B006P60GJI","ProductIndex":41026}
{"itemId":"B001RCUGNQ","ProductIndex":197357}
{"itemId":"B003RUFL7M","ProductIndex":127179}
{"itemId":"B00BJ6XZEM","ProductIndex":61394}
{"itemId":"B00CM35YQS","ProductIndex":81452}
{"itemId":"B006HAK0GQ","ProductIndex":68408}
{"itemId":"B000MTELL8","ProductIndex":135458}
{"itemId":"B00KNPUYCQ","ProductIndex":169143}
{"itemId":"B0001FFMBQ","ProductIndex":92869}
{"itemId":"B00J7UHVHE","ProductIndex":175041}
{"itemId":"B0000A1G07","ProductIndex":63723}
{"itemId":"B00EFBIU0C","ProductIndex":86844}
{"itemId":"B0043TJGV8","ProductIndex":155585}
{"itemId":"B0019M6GQA","ProductIndex":90449}
{"itemId":"B002VEBZ48","ProductIndex":194010}
{"itemId":"B005LELI7Y","ProductIndex":96196}
{"itemId":"B0072HO0SC","ProductIndex":83830}
{"itemId":"B00EOGGUIW","ProductIndex":155405}
{"itemId":"B0051IICBA","ProductIndex":158423}
{"itemId":"B0016E3O3Y","ProductIndex":101630}
{"itemId":"B002LHW5KS","ProductIndex":71251}
{"itemId":"B004G7U5LC","ProductIndex":40246}
{"itemId":"B000092OXS","ProductIndex":138339}
{"itemId":"B000MVJ1P2","ProductIndex":72463}
{"itemId":"B007LVICB0","ProductIndex":155702}
{"itemId":"B002NY1K78","ProductIndex":136342}
{"itemId":"B001CXXD2Q","ProductIndex":142249}
{"itemId":"B002VLYJVM","ProductIndex":99631}
{"itemId":"B004BB1NSC","ProductIndex":96307}
{"itemId":"B000E5YZ20","ProductIndex":78028}
{"itemId":"B00004Z6ZK","ProductIndex":58509}
{"itemId":"B002D48GRA","ProductIndex":135895}
{"itemId":"B003TYSEDO","ProductIndex":200132}
{"itemId":"B00005T3VB","ProductIndex":178572}
{"itemId":"B009DF2PQU","ProductIndex":143274}
{"itemId":"B000HKGUZ2","ProductIndex":205909}
{"itemId":"B00DNFK5TK","ProductIndex":118999}
{"itemId":"B004XY0QHG","ProductIndex":90858}
{"itemId":"B000AMEMO8","ProductIndex":193586}
{"itemId":"B00A7LE9SQ","ProductIndex":142152}
{"itemId":"B004TM7HVK","ProductIndex":79450}
{"itemId":"B008CHIGLS","ProductIndex":90417}
{"itemId":"B007841794","ProductIndex":110187}
{"itemId":"B001ISU00S","ProductIndex":150172}
{"itemId":"B00FXD3AK6","ProductIndex":171275}
{"itemId":"B000FAFKZU","ProductIndex":109472}
{"itemId":"B00AFSOTC2","ProductIndex":112230}
{"itemId":"B003XQNRKI","ProductIndex":173099}
{"itemId":"B009ELULUU","ProductIndex":93122}
{"itemId":"B0020J3Z1K","ProductIndex":150777}
{"itemId":"B00822J3M4","ProductIndex":104435}
{"itemId":"B001UDTF02","ProductIndex":140435}
{"itemId":"B00A43XGWW","ProductIndex":116290}
{"itemId":"B004CCZ0EI","ProductIndex":202833}
{"itemId":"B004MKMHJ6","ProductIndex":127886}
{"itemId":"B003IDEZE8","ProductIndex":170087}
{"itemId":"B00308T6OU","ProductIndex":100981}
{"itemId":"B002L0U9X0","ProductIndex":186753}
{"itemId":"B002L6GDN4","ProductIndex":137484}
{"itemId":"B006OU7WXI","ProductIndex":123369}
{"itemId":"B005VAOSI4","ProductIndex":116330}
{"itemId":"B009GULHES","ProductIndex":137483}
{"itemId":"B003QM2PCU","ProductIndex":181518}
{"itemId":"B0006FK42I","ProductIndex":181228}
{"itemId":"B007XJUD8A","ProductIndex":123135}
{"itemId":"B00889O0JW","ProductIndex":203557}
{"itemId":"B007UZH85I","ProductIndex":107946}
{"itemId":"B001H98VUO","ProductIndex":155983}
{"itemId":"B004HAPO9G","ProductIndex":116820}
{"itemId":"B006GCD4J0","ProductIndex":202910}
{"itemId":"B001BP2YUM","ProductIndex":197791}
{"itemId":"B00GKGLKES","ProductIndex":144890}
{"itemId":"B003LQTNLC","ProductIndex":103956}
{"itemId":"B000L3X60M","ProductIndex":167991}
{"itemId":"B0035F96G6","ProductIndex":150363}
{"itemId":"B007PZBGKQ","ProductIndex":68457}
{"itemId":"B00658I3S2","ProductIndex":124634}
{"itemId":"B007EZX7AY","ProductIndex":141317}
{"itemId":"B002TUTMMG","ProductIndex":111479}
{"itemId":"B004U909XU","ProductIndex":123791}
{"itemId":"B004TLIJRM","ProductIndex":169494}
{"itemId":"B001H7SJLC","ProductIndex":117812}
{"itemId":"B00006JQKH","ProductIndex":183033}
{"itemId":"B0071STEGA","ProductIndex":101156}
{"itemId":"B001RF6CXG","ProductIndex":114471}
{"itemId":"B0080IM912","ProductIndex":149406}
{"itemId":"B009V1OLM2","ProductIndex":83804}
{"itemId":"B005N2WHDI","ProductIndex":144342}
{"itemId":"B0053ORUGU","ProductIndex":140639}
{"itemId":"B00005852N","ProductIndex":77760}
{"itemId":"B007MSA7GK","ProductIndex":149269}
{"itemId":"B0094ADXVA","ProductIndex":137774}
{"itemId":"B00A2F6YKS","ProductIndex":92640}
{"itemId":"B0001YMCLA","ProductIndex":178065}
{"itemId":"B0009JFFK2","ProductIndex":183766}
{"itemId":"B006FR133K","ProductIndex":170756}
{"itemId":"B009FX7D12","ProductIndex":69817}
{"itemId":"B00C4MT274","ProductIndex":139612}
{"itemId":"B00004TBDI","ProductIndex":97058}
{"itemId":"B0058LIRWO","ProductIndex":205689}
{"itemId":"B007Q3NVQE","ProductIndex":161771}
{"itemId":"B008D5EUMS","ProductIndex":110199}
{"itemId":"B00829J01Q","ProductIndex":49742}
{"itemId":"B00GWY3JSS","ProductIndex":181062}
{"itemId":"B000TK6QZE","ProductIndex":110850}
{"itemId":"B005HQ4QTI","ProductIndex":122310}
{"itemId":"B0072L5P6Y","ProductIndex":122050}
{"itemId":"B004VJJZ0W","ProductIndex":101039}
{"itemId":"B00004TB3K","ProductIndex":190440}
{"itemId":"B0007SMQL6","ProductIndex":180805}
{"itemId":"B004H1XCC6","ProductIndex":120465}
{"itemId":"B0029ZA3Q0","ProductIndex":191031}
{"itemId":"B000QGNXJI","ProductIndex":64173}
{"itemId":"B0026ZPFJS","ProductIndex":178354}
{"itemId":"B00009V37M","ProductIndex":180649}
{"itemId":"B004XESKEC","ProductIndex":133564}
{"itemId":"B005QRAMAA","ProductIndex":162029}
{"itemId":"B000246ZI0","ProductIndex":117458}
{"itemId":"B002QZH91U","ProductIndex":175707}
{"itemId":"B005XEDY9C","ProductIndex":152921}
{"itemId":"B00FKDQ1EG","ProductIndex":125710}
{"itemId":"B005U2VAXY","ProductIndex":129825}
{"itemId":"B009TDO95Q","ProductIndex":165646}
{"itemId":"B0041EQGZE","ProductIndex":166678}
{"itemId":"B0056I46KQ","ProductIndex":157684}
{"itemId":"B00178UWXE","ProductIndex":164261}
{"itemId":"B005CSPJ74","ProductIndex":156091}
{"itemId":"B0030F4QKW","ProductIndex":189683}
{"itemId":"B00B8PV56O","ProductIndex":133551}
{"itemId":"B003DV78AI","ProductIndex":172226}
{"itemId":"B004R7671S","ProductIndex":113255}
{"itemId":"B0040ZI2HY","ProductIndex":98131}
{"itemId":"B003N0T6JU","ProductIndex":154456}
{"itemId":"B000XPSE1O","ProductIndex":198544}
{"itemId":"B00BFWWDO8","ProductIndex":181223}
{"itemId":"B001OBVLN4","ProductIndex":140125}
{"itemId":"B00740ODDE","ProductIndex":158144}
{"itemId":"B00K4PAP06","ProductIndex":107344}
{"itemId":"B000NDRU70","ProductIndex":191025}
{"itemId":"B005CVGK9W","ProductIndex":168454}
{"itemId":"B00A784PTW","ProductIndex":186312}
{"itemId":"B005I79E1Q","ProductIndex":149970}
{"itemId":"B00875ANH0","ProductIndex":100403}
{"itemId":"B0033Y8EV2","ProductIndex":142145}
{"itemId":"B009A4XMD4","ProductIndex":77130}
{"itemId":"B006R3FKXG","ProductIndex":112223}
{"itemId":"B000V53UV0","ProductIndex":95268}
{"itemId":"B0012N0ANQ","ProductIndex":165299}
{"itemId":"B000GIOA5C","ProductIndex":131156}
{"itemId":"B00AFX35OU","ProductIndex":115296}
{"itemId":"B00BFK8I44","ProductIndex":67783}
{"itemId":"B0027DS53C","ProductIndex":179364}
{"itemId":"B000HFUVP2","ProductIndex":145921}
{"itemId":"B0056OJ0K6","ProductIndex":196613}
{"itemId":"B0002BPCHI","ProductIndex":195094}
{"itemId":"B0000C8627","ProductIndex":117673}
{"itemId":"B000066IWY","ProductIndex":201514}
{"itemId":"B0079TALFO","ProductIndex":175893}
{"itemId":"B0039QDAB8","ProductIndex":139870}
{"itemId":"B0000683ED","ProductIndex":191536}
{"itemId":"B00BGGIZ2W","ProductIndex":76018}
{"itemId":"B004YE9KVI","ProductIndex":198119}
{"itemId":"B000HKIJ88","ProductIndex":55042}
{"itemId":"B001E032KU","ProductIndex":112748}
{"itemId":"B002TEN2BE","ProductIndex":159776}
{"itemId":"B004VPFU28","ProductIndex":87917}
{"itemId":"B004JBDO1I","ProductIndex":179054}
{"itemId":"B0041SL6Z0","ProductIndex":181089}
{"itemId":"B002KJDL14","ProductIndex":107042}
{"itemId":"B000GCA7IM","ProductIndex":204578}
{"itemId":"B002NGH88G","ProductIndex":131811}
{"itemId":"B0010L0AI0","ProductIndex":201047}
{"itemId":"B00AE7V10W","ProductIndex":121649}
{"itemId":"B001LJOTRO","ProductIndex":183718}
{"itemId":"B000X4OO4Q","ProductIndex":198565}
{"itemId":"B00B408H64","ProductIndex":152955}
{"itemId":"B009O7JZCE","ProductIndex":154128}
{"itemId":"B006JVTXK2","ProductIndex":122261}
{"itemId":"B00EY6AV3W","ProductIndex":98972}
{"itemId":"B001DWNP6A","ProductIndex":175987}
{"itemId":"B0002J1QRA","ProductIndex":135274}
{"itemId":"B00EJ9NAKA","ProductIndex":114070}
{"itemId":"B000ZYQ4M4","ProductIndex":116208}
{"itemId":"B00434Z0XG","ProductIndex":112326}
{"itemId":"B003IT1H1Q","ProductIndex":204504}
{"itemId":"B001M0MNVG","ProductIndex":106697}
{"itemId":"B00E98G0RQ","ProductIndex":145543}
{"itemId":"B00062LOXY","ProductIndex":207493}
{"itemId":"B003E6FMXC","ProductIndex":199754}
{"itemId":"B001DHHWPK","ProductIndex":100032}
{"itemId":"B008XQRCYK","ProductIndex":193840}
{"itemId":"B00097A3XI","ProductIndex":180692}
{"itemId":"B009AEM690","ProductIndex":110342}
{"itemId":"B003C3V6PA","ProductIndex":183410}
{"itemId":"B0055OY2S2","ProductIndex":187563}
{"itemId":"B00HPR7K8Q","ProductIndex":115873}
{"itemId":"B0041RT08G","ProductIndex":163329}
{"itemId":"B002AGJET0","ProductIndex":152842}
{"itemId":"B004FOLI5S","ProductIndex":149445}
{"itemId":"B0002VQKZQ","ProductIndex":206496}
{"itemId":"B005XIIL0U","ProductIndex":142167}
{"itemId":"B00172OEIE","ProductIndex":104821}
{"itemId":"B000083J0H","ProductIndex":188768}
{"itemId":"B002YF4AEQ","ProductIndex":165001}
{"itemId":"B00BTFIEJO","ProductIndex":174096}
{"itemId":"B003E2Q0CI","ProductIndex":152669}
{"itemId":"B001A5V1KW","ProductIndex":151247}
{"itemId":"B0058DX9VG","ProductIndex":141965}
{"itemId":"B009UPT570","ProductIndex":95191}
{"itemId":"B000N2KSTS","ProductIndex":208322}
{"itemId":"B001NSTXM4","ProductIndex":113076}
{"itemId":"B008L2RZES","ProductIndex":152599}
{"itemId":"B002IOL12C","ProductIndex":107534}
{"itemId":"B00956AQLS","ProductIndex":183059}
{"itemId":"B00K7DYAMO","ProductIndex":192115}
{"itemId":"B00DOE6KMG","ProductIndex":187745}
{"itemId":"B009QEUMB8","ProductIndex":101681}
{"itemId":"B00I7JV1Y0","ProductIndex":96855}
{"itemId":"B005TCDNO4","ProductIndex":134916}
{"itemId":"B00004YMY8","ProductIndex":160652}
{"itemId":"B00897FXGM","ProductIndex":163414}
{"itemId":"B000RNQBZS","ProductIndex":158847}
{"itemId":"B0032JSF0S","ProductIndex":146395}
{"itemId":"B0055WJXDI","ProductIndex":141657}
{"itemId":"B001T5C0O4","ProductIndex":147987}
{"itemId":"B000UV3GV4","ProductIndex":120062}
{"itemId":"B000EPO34A","ProductIndex":141843}
{"itemId":"B0017627PC","ProductIndex":178695}
{"itemId":"B00A82PAJ6","ProductIndex":120536}
{"itemId":"B00EIMX7Y2","ProductIndex":132044}
{"itemId":"B003BTUTC6","ProductIndex":156475}
{"itemId":"B0069VYBEU","ProductIndex":180809}
{"itemId":"B0029LHUT2","ProductIndex":114450}
{"itemId":"B0007LI9J6","ProductIndex":146293}
{"itemId":"B0074GTKY0","ProductIndex":205824}
{"itemId":"B007295818","ProductIndex":206293}
{"itemId":"B0001NBG4A","ProductIndex":103511}
{"itemId":"B00KXWDXNG","ProductIndex":188242}
{"itemId":"B002L16KV4","ProductIndex":165468}
{"itemId":"B004MNBKXC","ProductIndex":180314}
{"itemId":"B0051BUFVC","ProductIndex":157639}
{"itemId":"B001BPJ44Q","ProductIndex":194198}
{"itemId":"B002YFR2WI","ProductIndex":141631}
{"itemId":"B00A3BUCK4","ProductIndex":199748}
{"itemId":"B005HXXBJM","ProductIndex":170734}
{"itemId":"B00000J1Q3","ProductIndex":190941}
{"itemId":"B007N72YMA","ProductIndex":185479}
{"itemId":"B00008Y1A7","ProductIndex":109499}
{"itemId":"B002W5V64A","ProductIndex":119294}
{"itemId":"B00AM1RU96","ProductIndex":161696}
{"itemId":"B009GKMD5K","ProductIndex":155078}
{"itemId":"B00000JHWT","ProductIndex":170490}
{"itemId":"B00GM0IRMU","ProductIndex":156424}
{"itemId":"B00IPT4YYG","ProductIndex":186447}
{"itemId":"B00005TNV1","ProductIndex":208032}
{"itemId":"B0031PXJW2","ProductIndex":125696}
{"itemId":"B004MKN3V2","ProductIndex":157989}
{"itemId":"B008JH7JU0","ProductIndex":113006}
{"itemId":"B000NE2MZ4","ProductIndex":157469}
{"itemId":"B00COOM8UK","ProductIndex":137211}
{"itemId":"B0015AQLES","ProductIndex":158361}
{"itemId":"B00273BC78","ProductIndex":183489}
{"itemId":"B004TMHUSU","ProductIndex":206749}
{"itemId":"B00DQY9W9C","ProductIndex":127495}
{"itemId":"B00HSYS3EG","ProductIndex":150295}
{"itemId":"B004UAOPI4","ProductIndex":142240}
{"itemId":"B003QAH41O","ProductIndex":151306}
{"itemId":"B007A2MM6G","ProductIndex":181801}
{"itemId":"B004E9WOA2","ProductIndex":109976}
{"itemId":"B00214BUN4","ProductIndex":172841}
{"itemId":"B003OKBWIM","ProductIndex":164970}
{"itemId":"B000X4FD3W","ProductIndex":145303}
{"itemId":"B004FKMMT8","ProductIndex":205624}
{"itemId":"B000BBOVS0","ProductIndex":203314}
{"itemId":"B009RRA8AO","ProductIndex":160697}
{"itemId":"B002V82V4C","ProductIndex":120131}
{"itemId":"B006VGBZYW","ProductIndex":148855}
{"itemId":"B002F9MFUC","ProductIndex":182658}
{"itemId":"B003IDVISY","ProductIndex":131019}
{"itemId":"B00AF7SHXU","ProductIndex":168121}
{"itemId":"B008OZZXJG","ProductIndex":184949}
{"itemId":"B0019T8EFE","ProductIndex":151831}
{"itemId":"B000077W16","ProductIndex":130777}
{"itemId":"B007740EK8","ProductIndex":206978}
{"itemId":"B003YL9F5S","ProductIndex":199102}
{"itemId":"B0034RXA8K","ProductIndex":190530}
{"itemId":"B0067D2YZS","ProductIndex":181631}
{"itemId":"B00CD316VY","ProductIndex":194733}
{"itemId":"B000X4LID6","ProductIndex":207505}
{"itemId":"B00GSIRHEU","ProductIndex":143722}
{"itemId":"B00DWHWAU6","ProductIndex":186827}
{"itemId":"B0025QWFN2","ProductIndex":139863}
{"itemId":"B00BGZU61Q","ProductIndex":144514}
{"itemId":"B004UGROPY","ProductIndex":187121}
{"itemId":"B00B4KHDV4","ProductIndex":177461}
{"itemId":"B002K3Z3GG","ProductIndex":121985}
{"itemId":"B002KG0HOG","ProductIndex":177808}
{"itemId":"B001CTYHWK","ProductIndex":206256}
{"itemId":"B00BBHD9HM","ProductIndex":189140}
{"itemId":"B0007KIW0I","ProductIndex":167398}
{"itemId":"B002JTX8T0","ProductIndex":183465}
{"itemId":"B0051WYXM8","ProductIndex":190885}
{"itemId":"B00G8WYQUY","ProductIndex":155023}
{"itemId":"B00AARA134","ProductIndex":134846}
{"itemId":"B006UN0SM6","ProductIndex":169369}
{"itemId":"B00AKXM0JG","ProductIndex":190383}
{"itemId":"B004977XRI","ProductIndex":172768}
{"itemId":"B004OPTRRE","ProductIndex":149601}
{"itemId":"B0000B10T3","ProductIndex":199882}
{"itemId":"B004LUL216","ProductIndex":133216}
{"itemId":"B000GHF2Z0","ProductIndex":181539}
{"itemId":"B00F17RRMQ","ProductIndex":139975}
{"itemId":"B0002BERQU","ProductIndex":176457}
{"itemId":"B001JN61AU","ProductIndex":198604}
{"itemId":"B00102C460","ProductIndex":164657}
{"itemId":"B00GH472AO","ProductIndex":178355}
{"itemId":"B00000JFMH","ProductIndex":205239}
{"itemId":"B004HLXWF8","ProductIndex":192484}
{"itemId":"B00B598GGA","ProductIndex":137825}
{"itemId":"B00BS7A61M","ProductIndex":146611}
{"itemId":"B002MAEUI4","ProductIndex":144598}
{"itemId":"B003E2OC96","ProductIndex":207865}
{"itemId":"B009IXSUTS","ProductIndex":120946}
{"itemId":"B009WF0G8U","ProductIndex":184473}
{"itemId":"B00GNJBTVG","ProductIndex":180376}
{"itemId":"B003N9YWDQ","ProductIndex":159151}
{"itemId":"B00CSJFY5M","ProductIndex":168007}
{"itemId":"B00115Y8F6","ProductIndex":202513}
{"itemId":"B003CKEARO","ProductIndex":183840}
{"itemId":"B0076EHPMY","ProductIndex":144638}
{"itemId":"B00FIVJT9Y","ProductIndex":183469}
{"itemId":"B003LIQWW8","ProductIndex":195120}
{"itemId":"B00D3QU2X8","ProductIndex":184972}
{"itemId":"B004FR9SIO","ProductIndex":177459}
{"itemId":"B0083CU7SW","ProductIndex":203842}
{"itemId":"B001K2MTZQ","ProductIndex":117437}
{"itemId":"B00702N4QI","ProductIndex":172700}
{"itemId":"B00B9G4YYC","ProductIndex":184148}
{"itemId":"B00123WDTA","ProductIndex":182827}
{"itemId":"B0048B4GFW","ProductIndex":160629}
{"itemId":"B001NAC900","ProductIndex":176801}
{"itemId":"B0072MRGZQ","ProductIndex":176348}
{"itemId":"B0009E7BOU","ProductIndex":173742}
{"itemId":"B00A8FUWUA","ProductIndex":195474}
{"itemId":"B00004Y7E5","ProductIndex":188318}
{"itemId":"B00BKLDTZQ","ProductIndex":194375}
{"itemId":"B00DL4960W","ProductIndex":173108}
{"itemId":"B0006VHZHY","ProductIndex":169234}
{"itemId":"B004VYBSNY","ProductIndex":198690}
{"itemId":"B004YYMBDM","ProductIndex":180165}
{"itemId":"B001G6YCGU","ProductIndex":196673}
{"itemId":"B00A467PAI","ProductIndex":199320}
{"itemId":"B002PAQYAI","ProductIndex":149722}
{"itemId":"B0001W2Y3S","ProductIndex":177479}
{"itemId":"B0043TAY5A","ProductIndex":203746}
{"itemId":"B00A7L3YV4","ProductIndex":199981}
{"itemId":"B004XJYI2K","ProductIndex":192846}
{"itemId":"B00BRY7PZ6","ProductIndex":201464}
{"itemId":"B001FVKM7E","ProductIndex":202212}
{"itemId":"B003TNUYCY","ProductIndex":145219}
{"itemId":"B004W0EJZG","ProductIndex":149780}
{"itemId":"B000MXMREM","ProductIndex":200226}
{"itemId":"B006O3M4L0","ProductIndex":178880}
{"itemId":"B0051CLBSW","ProductIndex":200693}
{"itemId":"B007PCIF26","ProductIndex":176865}
{"itemId":"B00HRYJ1BQ","ProductIndex":196307}
{"itemId":"B007U84AOC","ProductIndex":183884}
{"itemId":"B0039S487G","ProductIndex":175787}
{"itemId":"B004QKEGJG","ProductIndex":197478}
{"itemId":"B00IZJRBX2","ProductIndex":185088}
{"itemId":"B005F79HEI","ProductIndex":196430}
{"itemId":"B002BS10DU","ProductIndex":190608}
{"itemId":"B000H44I8Y","ProductIndex":192116}
{"itemId":"B007CNG50C","ProductIndex":207836}
{"itemId":"B00004T12M","ProductIndex":206901}
{"itemId":"B001TA6XPG","ProductIndex":195626}
{"itemId":"B0032V5TJQ","ProductIndex":206495}
{"itemId":"B00CBJYLRG","ProductIndex":201396}
{"itemId":"B00006B9CO","ProductIndex":206866}
{"itemId":"B00746W5EM","ProductIndex":197261}
{"itemId":"B008DKF51S","ProductIndex":197879}
